INFO - 2026-02-22 00:21:07 --> Session: Class initialized using 'CodeIgniter\Session\Handlers\FileHandler' driver.
WARNING - 2026-02-22 00:21:07 --> [DEPRECATED] Creation of dynamic property CodeIgniter\HTTP\IncomingRequest::$user is deprecated in APPPATH\Filters\JwtAuthWeb.php on line 32.
 1 SYSTEMPATH\Filters\Filters.php(182): App\Filters\JwtAuthWeb->before(Object(CodeIgniter\HTTP\IncomingRequest), null)
 2 SYSTEMPATH\CodeIgniter.php(475): CodeIgniter\Filters\Filters->run('setting/dashboard-page', 'before')
 3 SYSTEMPATH\CodeIgniter.php(361): CodeIgniter\CodeIgniter->handleRequest(null, Object(Config\Cache), false)
 4 FCPATH\index.php(79): CodeIgniter\CodeIgniter->run()
WARNING - 2026-02-22 00:21:08 --> [DEPRECATED] Creation of dynamic property CodeIgniter\HTTP\IncomingRequest::$user is deprecated in APPPATH\Filters\JwtAuth.php on line 47.
 1 SYSTEMPATH\Filters\Filters.php(182): App\Filters\JwtAuth->before(Object(CodeIgniter\HTTP\IncomingRequest), null)
 2 SYSTEMPATH\CodeIgniter.php(475): CodeIgniter\Filters\Filters->run('api/profile', 'before')
 3 SYSTEMPATH\CodeIgniter.php(361): CodeIgniter\CodeIgniter->handleRequest(null, Object(Config\Cache), false)
 4 FCPATH\index.php(79): CodeIgniter\CodeIgniter->run()
INFO - 2026-02-22 15:25:34 --> Session: Class initialized using 'CodeIgniter\Session\Handlers\FileHandler' driver.
INFO - 2026-02-22 15:25:36 --> Session: Class initialized using 'CodeIgniter\Session\Handlers\FileHandler' driver.
WARNING - 2026-02-22 15:25:36 --> [DEPRECATED] Creation of dynamic property CodeIgniter\HTTP\IncomingRequest::$user is deprecated in APPPATH\Filters\JwtAuthWeb.php on line 32.
 1 SYSTEMPATH\Filters\Filters.php(182): App\Filters\JwtAuthWeb->before(Object(CodeIgniter\HTTP\IncomingRequest), null)
 2 SYSTEMPATH\CodeIgniter.php(475): CodeIgniter\Filters\Filters->run('setting/dashboard-page', 'before')
 3 SYSTEMPATH\CodeIgniter.php(361): CodeIgniter\CodeIgniter->handleRequest(null, Object(Config\Cache), false)
 4 FCPATH\index.php(79): CodeIgniter\CodeIgniter->run()
WARNING - 2026-02-22 15:25:37 --> [DEPRECATED] Creation of dynamic property CodeIgniter\HTTP\IncomingRequest::$user is deprecated in APPPATH\Filters\JwtAuth.php on line 47.
 1 SYSTEMPATH\Filters\Filters.php(182): App\Filters\JwtAuth->before(Object(CodeIgniter\HTTP\IncomingRequest), null)
 2 SYSTEMPATH\CodeIgniter.php(475): CodeIgniter\Filters\Filters->run('api/profile', 'before')
 3 SYSTEMPATH\CodeIgniter.php(361): CodeIgniter\CodeIgniter->handleRequest(null, Object(Config\Cache), false)
 4 FCPATH\index.php(79): CodeIgniter\CodeIgniter->run()
INFO - 2026-02-22 15:25:40 --> Session: Class initialized using 'CodeIgniter\Session\Handlers\FileHandler' driver.
WARNING - 2026-02-22 15:25:40 --> [DEPRECATED] Creation of dynamic property CodeIgniter\HTTP\IncomingRequest::$user is deprecated in APPPATH\Filters\JwtAuthWeb.php on line 32.
 1 SYSTEMPATH\Filters\Filters.php(182): App\Filters\JwtAuthWeb->before(Object(CodeIgniter\HTTP\IncomingRequest), null)
 2 SYSTEMPATH\CodeIgniter.php(475): CodeIgniter\Filters\Filters->run('service-page', 'before')
 3 SYSTEMPATH\CodeIgniter.php(361): CodeIgniter\CodeIgniter->handleRequest(null, Object(Config\Cache), false)
 4 FCPATH\index.php(79): CodeIgniter\CodeIgniter->run()
WARNING - 2026-02-22 15:25:40 --> [DEPRECATED] Creation of dynamic property CodeIgniter\HTTP\IncomingRequest::$user is deprecated in APPPATH\Filters\JwtAuth.php on line 47.
 1 SYSTEMPATH\Filters\Filters.php(182): App\Filters\JwtAuth->before(Object(CodeIgniter\HTTP\IncomingRequest), null)
 2 SYSTEMPATH\CodeIgniter.php(475): CodeIgniter\Filters\Filters->run('api/profile', 'before')
 3 SYSTEMPATH\CodeIgniter.php(361): CodeIgniter\CodeIgniter->handleRequest(null, Object(Config\Cache), false)
 4 FCPATH\index.php(79): CodeIgniter\CodeIgniter->run()
INFO - 2026-02-22 15:25:46 --> Session: Class initialized using 'CodeIgniter\Session\Handlers\FileHandler' driver.
WARNING - 2026-02-22 15:25:46 --> [DEPRECATED] Creation of dynamic property CodeIgniter\HTTP\IncomingRequest::$user is deprecated in APPPATH\Filters\JwtAuthWeb.php on line 32.
 1 SYSTEMPATH\Filters\Filters.php(182): App\Filters\JwtAuthWeb->before(Object(CodeIgniter\HTTP\IncomingRequest), null)
 2 SYSTEMPATH\CodeIgniter.php(475): CodeIgniter\Filters\Filters->run('cgReport', 'before')
 3 SYSTEMPATH\CodeIgniter.php(361): CodeIgniter\CodeIgniter->handleRequest(null, Object(Config\Cache), false)
 4 FCPATH\index.php(79): CodeIgniter\CodeIgniter->run()
WARNING - 2026-02-22 15:25:46 --> [DEPRECATED] Creation of dynamic property CodeIgniter\HTTP\IncomingRequest::$user is deprecated in APPPATH\Filters\JwtAuth.php on line 47.
 1 SYSTEMPATH\Filters\Filters.php(182): App\Filters\JwtAuth->before(Object(CodeIgniter\HTTP\IncomingRequest), null)
 2 SYSTEMPATH\CodeIgniter.php(475): CodeIgniter\Filters\Filters->run('api/profile', 'before')
 3 SYSTEMPATH\CodeIgniter.php(361): CodeIgniter\CodeIgniter->handleRequest(null, Object(Config\Cache), false)
 4 FCPATH\index.php(79): CodeIgniter\CodeIgniter->run()
INFO - 2026-02-22 15:27:53 --> Session: Class initialized using 'CodeIgniter\Session\Handlers\FileHandler' driver.
WARNING - 2026-02-22 15:27:53 --> [DEPRECATED] Creation of dynamic property CodeIgniter\HTTP\IncomingRequest::$user is deprecated in APPPATH\Filters\JwtAuthWeb.php on line 32.
 1 SYSTEMPATH\Filters\Filters.php(182): App\Filters\JwtAuthWeb->before(Object(CodeIgniter\HTTP\IncomingRequest), null)
 2 SYSTEMPATH\CodeIgniter.php(475): CodeIgniter\Filters\Filters->run('cgReport', 'before')
 3 SYSTEMPATH\CodeIgniter.php(361): CodeIgniter\CodeIgniter->handleRequest(null, Object(Config\Cache), false)
 4 FCPATH\index.php(79): CodeIgniter\CodeIgniter->run()
WARNING - 2026-02-22 15:27:56 --> [DEPRECATED] Creation of dynamic property CodeIgniter\HTTP\IncomingRequest::$user is deprecated in APPPATH\Filters\JwtAuth.php on line 47.
 1 SYSTEMPATH\Filters\Filters.php(182): App\Filters\JwtAuth->before(Object(CodeIgniter\HTTP\IncomingRequest), null)
 2 SYSTEMPATH\CodeIgniter.php(475): CodeIgniter\Filters\Filters->run('api/profile', 'before')
 3 SYSTEMPATH\CodeIgniter.php(361): CodeIgniter\CodeIgniter->handleRequest(null, Object(Config\Cache), false)
 4 FCPATH\index.php(79): CodeIgniter\CodeIgniter->run()
INFO - 2026-02-22 15:28:00 --> Session: Class initialized using 'CodeIgniter\Session\Handlers\FileHandler' driver.
WARNING - 2026-02-22 15:28:00 --> [DEPRECATED] Creation of dynamic property CodeIgniter\HTTP\IncomingRequest::$user is deprecated in APPPATH\Filters\JwtAuthWeb.php on line 32.
 1 SYSTEMPATH\Filters\Filters.php(182): App\Filters\JwtAuthWeb->before(Object(CodeIgniter\HTTP\IncomingRequest), null)
 2 SYSTEMPATH\CodeIgniter.php(475): CodeIgniter\Filters\Filters->run('cgReport', 'before')
 3 SYSTEMPATH\CodeIgniter.php(361): CodeIgniter\CodeIgniter->handleRequest(null, Object(Config\Cache), false)
 4 FCPATH\index.php(79): CodeIgniter\CodeIgniter->run()
WARNING - 2026-02-22 15:28:01 --> [DEPRECATED] Creation of dynamic property CodeIgniter\HTTP\IncomingRequest::$user is deprecated in APPPATH\Filters\JwtAuth.php on line 47.
 1 SYSTEMPATH\Filters\Filters.php(182): App\Filters\JwtAuth->before(Object(CodeIgniter\HTTP\IncomingRequest), null)
 2 SYSTEMPATH\CodeIgniter.php(475): CodeIgniter\Filters\Filters->run('api/profile', 'before')
 3 SYSTEMPATH\CodeIgniter.php(361): CodeIgniter\CodeIgniter->handleRequest(null, Object(Config\Cache), false)
 4 FCPATH\index.php(79): CodeIgniter\CodeIgniter->run()
INFO - 2026-02-22 15:37:39 --> Session: Class initialized using 'CodeIgniter\Session\Handlers\FileHandler' driver.
WARNING - 2026-02-22 15:37:39 --> [DEPRECATED] Creation of dynamic property CodeIgniter\HTTP\IncomingRequest::$user is deprecated in APPPATH\Filters\JwtAuthWeb.php on line 32.
 1 SYSTEMPATH\Filters\Filters.php(182): App\Filters\JwtAuthWeb->before(Object(CodeIgniter\HTTP\IncomingRequest), null)
 2 SYSTEMPATH\CodeIgniter.php(475): CodeIgniter\Filters\Filters->run('cgReport', 'before')
 3 SYSTEMPATH\CodeIgniter.php(361): CodeIgniter\CodeIgniter->handleRequest(null, Object(Config\Cache), false)
 4 FCPATH\index.php(79): CodeIgniter\CodeIgniter->run()
WARNING - 2026-02-22 15:37:40 --> [DEPRECATED] Creation of dynamic property CodeIgniter\HTTP\IncomingRequest::$user is deprecated in APPPATH\Filters\JwtAuth.php on line 47.
 1 SYSTEMPATH\Filters\Filters.php(182): App\Filters\JwtAuth->before(Object(CodeIgniter\HTTP\IncomingRequest), null)
 2 SYSTEMPATH\CodeIgniter.php(475): CodeIgniter\Filters\Filters->run('api/profile', 'before')
 3 SYSTEMPATH\CodeIgniter.php(361): CodeIgniter\CodeIgniter->handleRequest(null, Object(Config\Cache), false)
 4 FCPATH\index.php(79): CodeIgniter\CodeIgniter->run()
INFO - 2026-02-22 15:38:04 --> Session: Class initialized using 'CodeIgniter\Session\Handlers\FileHandler' driver.
WARNING - 2026-02-22 15:38:04 --> [DEPRECATED] Creation of dynamic property CodeIgniter\HTTP\IncomingRequest::$user is deprecated in APPPATH\Filters\JwtAuthWeb.php on line 32.
 1 SYSTEMPATH\Filters\Filters.php(182): App\Filters\JwtAuthWeb->before(Object(CodeIgniter\HTTP\IncomingRequest), null)
 2 SYSTEMPATH\CodeIgniter.php(475): CodeIgniter\Filters\Filters->run('cgReport', 'before')
 3 SYSTEMPATH\CodeIgniter.php(361): CodeIgniter\CodeIgniter->handleRequest(null, Object(Config\Cache), false)
 4 FCPATH\index.php(79): CodeIgniter\CodeIgniter->run()
WARNING - 2026-02-22 15:38:05 --> [DEPRECATED] Creation of dynamic property CodeIgniter\HTTP\IncomingRequest::$user is deprecated in APPPATH\Filters\JwtAuth.php on line 47.
 1 SYSTEMPATH\Filters\Filters.php(182): App\Filters\JwtAuth->before(Object(CodeIgniter\HTTP\IncomingRequest), null)
 2 SYSTEMPATH\CodeIgniter.php(475): CodeIgniter\Filters\Filters->run('api/profile', 'before')
 3 SYSTEMPATH\CodeIgniter.php(361): CodeIgniter\CodeIgniter->handleRequest(null, Object(Config\Cache), false)
 4 FCPATH\index.php(79): CodeIgniter\CodeIgniter->run()
INFO - 2026-02-22 15:38:24 --> Session: Class initialized using 'CodeIgniter\Session\Handlers\FileHandler' driver.
WARNING - 2026-02-22 15:38:24 --> [DEPRECATED] Creation of dynamic property CodeIgniter\HTTP\IncomingRequest::$user is deprecated in APPPATH\Filters\JwtAuthWeb.php on line 32.
 1 SYSTEMPATH\Filters\Filters.php(182): App\Filters\JwtAuthWeb->before(Object(CodeIgniter\HTTP\IncomingRequest), null)
 2 SYSTEMPATH\CodeIgniter.php(475): CodeIgniter\Filters\Filters->run('cgReport', 'before')
 3 SYSTEMPATH\CodeIgniter.php(361): CodeIgniter\CodeIgniter->handleRequest(null, Object(Config\Cache), false)
 4 FCPATH\index.php(79): CodeIgniter\CodeIgniter->run()
WARNING - 2026-02-22 15:38:25 --> [DEPRECATED] Creation of dynamic property CodeIgniter\HTTP\IncomingRequest::$user is deprecated in APPPATH\Filters\JwtAuth.php on line 47.
 1 SYSTEMPATH\Filters\Filters.php(182): App\Filters\JwtAuth->before(Object(CodeIgniter\HTTP\IncomingRequest), null)
 2 SYSTEMPATH\CodeIgniter.php(475): CodeIgniter\Filters\Filters->run('api/profile', 'before')
 3 SYSTEMPATH\CodeIgniter.php(361): CodeIgniter\CodeIgniter->handleRequest(null, Object(Config\Cache), false)
 4 FCPATH\index.php(79): CodeIgniter\CodeIgniter->run()
INFO - 2026-02-22 15:39:06 --> Session: Class initialized using 'CodeIgniter\Session\Handlers\FileHandler' driver.
WARNING - 2026-02-22 15:39:06 --> [DEPRECATED] Creation of dynamic property CodeIgniter\HTTP\IncomingRequest::$user is deprecated in APPPATH\Filters\JwtAuthWeb.php on line 32.
 1 SYSTEMPATH\Filters\Filters.php(182): App\Filters\JwtAuthWeb->before(Object(CodeIgniter\HTTP\IncomingRequest), null)
 2 SYSTEMPATH\CodeIgniter.php(475): CodeIgniter\Filters\Filters->run('cgReport', 'before')
 3 SYSTEMPATH\CodeIgniter.php(361): CodeIgniter\CodeIgniter->handleRequest(null, Object(Config\Cache), false)
 4 FCPATH\index.php(79): CodeIgniter\CodeIgniter->run()
WARNING - 2026-02-22 15:39:07 --> [DEPRECATED] Creation of dynamic property CodeIgniter\HTTP\IncomingRequest::$user is deprecated in APPPATH\Filters\JwtAuth.php on line 47.
 1 SYSTEMPATH\Filters\Filters.php(182): App\Filters\JwtAuth->before(Object(CodeIgniter\HTTP\IncomingRequest), null)
 2 SYSTEMPATH\CodeIgniter.php(475): CodeIgniter\Filters\Filters->run('api/profile', 'before')
 3 SYSTEMPATH\CodeIgniter.php(361): CodeIgniter\CodeIgniter->handleRequest(null, Object(Config\Cache), false)
 4 FCPATH\index.php(79): CodeIgniter\CodeIgniter->run()
INFO - 2026-02-22 15:39:23 --> Session: Class initialized using 'CodeIgniter\Session\Handlers\FileHandler' driver.
WARNING - 2026-02-22 15:39:23 --> [DEPRECATED] Creation of dynamic property CodeIgniter\HTTP\IncomingRequest::$user is deprecated in APPPATH\Filters\JwtAuthWeb.php on line 32.
 1 SYSTEMPATH\Filters\Filters.php(182): App\Filters\JwtAuthWeb->before(Object(CodeIgniter\HTTP\IncomingRequest), null)
 2 SYSTEMPATH\CodeIgniter.php(475): CodeIgniter\Filters\Filters->run('cgReport', 'before')
 3 SYSTEMPATH\CodeIgniter.php(361): CodeIgniter\CodeIgniter->handleRequest(null, Object(Config\Cache), false)
 4 FCPATH\index.php(79): CodeIgniter\CodeIgniter->run()
WARNING - 2026-02-22 15:39:23 --> [DEPRECATED] Creation of dynamic property CodeIgniter\HTTP\IncomingRequest::$user is deprecated in APPPATH\Filters\JwtAuth.php on line 47.
 1 SYSTEMPATH\Filters\Filters.php(182): App\Filters\JwtAuth->before(Object(CodeIgniter\HTTP\IncomingRequest), null)
 2 SYSTEMPATH\CodeIgniter.php(475): CodeIgniter\Filters\Filters->run('api/profile', 'before')
 3 SYSTEMPATH\CodeIgniter.php(361): CodeIgniter\CodeIgniter->handleRequest(null, Object(Config\Cache), false)
 4 FCPATH\index.php(79): CodeIgniter\CodeIgniter->run()
INFO - 2026-02-22 15:41:11 --> Session: Class initialized using 'CodeIgniter\Session\Handlers\FileHandler' driver.
WARNING - 2026-02-22 15:41:11 --> [DEPRECATED] Creation of dynamic property CodeIgniter\HTTP\IncomingRequest::$user is deprecated in APPPATH\Filters\JwtAuthWeb.php on line 32.
 1 SYSTEMPATH\Filters\Filters.php(182): App\Filters\JwtAuthWeb->before(Object(CodeIgniter\HTTP\IncomingRequest), null)
 2 SYSTEMPATH\CodeIgniter.php(475): CodeIgniter\Filters\Filters->run('setting/office-page', 'before')
 3 SYSTEMPATH\CodeIgniter.php(361): CodeIgniter\CodeIgniter->handleRequest(null, Object(Config\Cache), false)
 4 FCPATH\index.php(79): CodeIgniter\CodeIgniter->run()
WARNING - 2026-02-22 15:41:12 --> [DEPRECATED] Creation of dynamic property CodeIgniter\HTTP\IncomingRequest::$user is deprecated in APPPATH\Filters\JwtAuth.php on line 47.
 1 SYSTEMPATH\Filters\Filters.php(182): App\Filters\JwtAuth->before(Object(CodeIgniter\HTTP\IncomingRequest), null)
 2 SYSTEMPATH\CodeIgniter.php(475): CodeIgniter\Filters\Filters->run('api/profile', 'before')
 3 SYSTEMPATH\CodeIgniter.php(361): CodeIgniter\CodeIgniter->handleRequest(null, Object(Config\Cache), false)
 4 FCPATH\index.php(79): CodeIgniter\CodeIgniter->run()
INFO - 2026-02-22 15:41:12 --> Session: Class initialized using 'CodeIgniter\Session\Handlers\FileHandler' driver.
WARNING - 2026-02-22 15:41:12 --> [DEPRECATED] Creation of dynamic property CodeIgniter\HTTP\IncomingRequest::$user is deprecated in APPPATH\Filters\JwtAuthWeb.php on line 32.
 1 SYSTEMPATH\Filters\Filters.php(182): App\Filters\JwtAuthWeb->before(Object(CodeIgniter\HTTP\IncomingRequest), null)
 2 SYSTEMPATH\CodeIgniter.php(475): CodeIgniter\Filters\Filters->run('setting/getOffice', 'before')
 3 SYSTEMPATH\CodeIgniter.php(361): CodeIgniter\CodeIgniter->handleRequest(null, Object(Config\Cache), false)
 4 FCPATH\index.php(79): CodeIgniter\CodeIgniter->run()
INFO - 2026-02-22 15:43:51 --> Session: Class initialized using 'CodeIgniter\Session\Handlers\FileHandler' driver.
WARNING - 2026-02-22 15:43:51 --> [DEPRECATED] Creation of dynamic property CodeIgniter\HTTP\IncomingRequest::$user is deprecated in APPPATH\Filters\JwtAuthWeb.php on line 32.
 1 SYSTEMPATH\Filters\Filters.php(182): App\Filters\JwtAuthWeb->before(Object(CodeIgniter\HTTP\IncomingRequest), null)
 2 SYSTEMPATH\CodeIgniter.php(475): CodeIgniter\Filters\Filters->run('setting/office-page', 'before')
 3 SYSTEMPATH\CodeIgniter.php(361): CodeIgniter\CodeIgniter->handleRequest(null, Object(Config\Cache), false)
 4 FCPATH\index.php(79): CodeIgniter\CodeIgniter->run()
WARNING - 2026-02-22 15:43:52 --> [DEPRECATED] Creation of dynamic property CodeIgniter\HTTP\IncomingRequest::$user is deprecated in APPPATH\Filters\JwtAuth.php on line 47.
 1 SYSTEMPATH\Filters\Filters.php(182): App\Filters\JwtAuth->before(Object(CodeIgniter\HTTP\IncomingRequest), null)
 2 SYSTEMPATH\CodeIgniter.php(475): CodeIgniter\Filters\Filters->run('api/profile', 'before')
 3 SYSTEMPATH\CodeIgniter.php(361): CodeIgniter\CodeIgniter->handleRequest(null, Object(Config\Cache), false)
 4 FCPATH\index.php(79): CodeIgniter\CodeIgniter->run()
INFO - 2026-02-22 15:43:52 --> Session: Class initialized using 'CodeIgniter\Session\Handlers\FileHandler' driver.
WARNING - 2026-02-22 15:43:52 --> [DEPRECATED] Creation of dynamic property CodeIgniter\HTTP\IncomingRequest::$user is deprecated in APPPATH\Filters\JwtAuthWeb.php on line 32.
 1 SYSTEMPATH\Filters\Filters.php(182): App\Filters\JwtAuthWeb->before(Object(CodeIgniter\HTTP\IncomingRequest), null)
 2 SYSTEMPATH\CodeIgniter.php(475): CodeIgniter\Filters\Filters->run('setting/getOffice', 'before')
 3 SYSTEMPATH\CodeIgniter.php(361): CodeIgniter\CodeIgniter->handleRequest(null, Object(Config\Cache), false)
 4 FCPATH\index.php(79): CodeIgniter\CodeIgniter->run()
INFO - 2026-02-22 15:44:25 --> Session: Class initialized using 'CodeIgniter\Session\Handlers\FileHandler' driver.
WARNING - 2026-02-22 15:44:25 --> [DEPRECATED] Creation of dynamic property CodeIgniter\HTTP\IncomingRequest::$user is deprecated in APPPATH\Filters\JwtAuthWeb.php on line 32.
 1 SYSTEMPATH\Filters\Filters.php(182): App\Filters\JwtAuthWeb->before(Object(CodeIgniter\HTTP\IncomingRequest), null)
 2 SYSTEMPATH\CodeIgniter.php(475): CodeIgniter\Filters\Filters->run('setting/office-page', 'before')
 3 SYSTEMPATH\CodeIgniter.php(361): CodeIgniter\CodeIgniter->handleRequest(null, Object(Config\Cache), false)
 4 FCPATH\index.php(79): CodeIgniter\CodeIgniter->run()
WARNING - 2026-02-22 15:44:25 --> [DEPRECATED] Creation of dynamic property CodeIgniter\HTTP\IncomingRequest::$user is deprecated in APPPATH\Filters\JwtAuth.php on line 47.
 1 SYSTEMPATH\Filters\Filters.php(182): App\Filters\JwtAuth->before(Object(CodeIgniter\HTTP\IncomingRequest), null)
 2 SYSTEMPATH\CodeIgniter.php(475): CodeIgniter\Filters\Filters->run('api/profile', 'before')
 3 SYSTEMPATH\CodeIgniter.php(361): CodeIgniter\CodeIgniter->handleRequest(null, Object(Config\Cache), false)
 4 FCPATH\index.php(79): CodeIgniter\CodeIgniter->run()
INFO - 2026-02-22 15:44:25 --> Session: Class initialized using 'CodeIgniter\Session\Handlers\FileHandler' driver.
WARNING - 2026-02-22 15:44:25 --> [DEPRECATED] Creation of dynamic property CodeIgniter\HTTP\IncomingRequest::$user is deprecated in APPPATH\Filters\JwtAuthWeb.php on line 32.
 1 SYSTEMPATH\Filters\Filters.php(182): App\Filters\JwtAuthWeb->before(Object(CodeIgniter\HTTP\IncomingRequest), null)
 2 SYSTEMPATH\CodeIgniter.php(475): CodeIgniter\Filters\Filters->run('setting/getOffice', 'before')
 3 SYSTEMPATH\CodeIgniter.php(361): CodeIgniter\CodeIgniter->handleRequest(null, Object(Config\Cache), false)
 4 FCPATH\index.php(79): CodeIgniter\CodeIgniter->run()
INFO - 2026-02-22 15:47:18 --> Session: Class initialized using 'CodeIgniter\Session\Handlers\FileHandler' driver.
WARNING - 2026-02-22 15:47:18 --> [DEPRECATED] Creation of dynamic property CodeIgniter\HTTP\IncomingRequest::$user is deprecated in APPPATH\Filters\JwtAuthWeb.php on line 32.
 1 SYSTEMPATH\Filters\Filters.php(182): App\Filters\JwtAuthWeb->before(Object(CodeIgniter\HTTP\IncomingRequest), null)
 2 SYSTEMPATH\CodeIgniter.php(475): CodeIgniter\Filters\Filters->run('setting/office-page', 'before')
 3 SYSTEMPATH\CodeIgniter.php(361): CodeIgniter\CodeIgniter->handleRequest(null, Object(Config\Cache), false)
 4 FCPATH\index.php(79): CodeIgniter\CodeIgniter->run()
WARNING - 2026-02-22 15:47:19 --> [DEPRECATED] Creation of dynamic property CodeIgniter\HTTP\IncomingRequest::$user is deprecated in APPPATH\Filters\JwtAuth.php on line 47.
 1 SYSTEMPATH\Filters\Filters.php(182): App\Filters\JwtAuth->before(Object(CodeIgniter\HTTP\IncomingRequest), null)
 2 SYSTEMPATH\CodeIgniter.php(475): CodeIgniter\Filters\Filters->run('api/profile', 'before')
 3 SYSTEMPATH\CodeIgniter.php(361): CodeIgniter\CodeIgniter->handleRequest(null, Object(Config\Cache), false)
 4 FCPATH\index.php(79): CodeIgniter\CodeIgniter->run()
INFO - 2026-02-22 15:47:19 --> Session: Class initialized using 'CodeIgniter\Session\Handlers\FileHandler' driver.
WARNING - 2026-02-22 15:47:19 --> [DEPRECATED] Creation of dynamic property CodeIgniter\HTTP\IncomingRequest::$user is deprecated in APPPATH\Filters\JwtAuthWeb.php on line 32.
 1 SYSTEMPATH\Filters\Filters.php(182): App\Filters\JwtAuthWeb->before(Object(CodeIgniter\HTTP\IncomingRequest), null)
 2 SYSTEMPATH\CodeIgniter.php(475): CodeIgniter\Filters\Filters->run('setting/getOffice', 'before')
 3 SYSTEMPATH\CodeIgniter.php(361): CodeIgniter\CodeIgniter->handleRequest(null, Object(Config\Cache), false)
 4 FCPATH\index.php(79): CodeIgniter\CodeIgniter->run()
INFO - 2026-02-22 15:47:49 --> Session: Class initialized using 'CodeIgniter\Session\Handlers\FileHandler' driver.
WARNING - 2026-02-22 15:47:49 --> [DEPRECATED] Creation of dynamic property CodeIgniter\HTTP\IncomingRequest::$user is deprecated in APPPATH\Filters\JwtAuthWeb.php on line 32.
 1 SYSTEMPATH\Filters\Filters.php(182): App\Filters\JwtAuthWeb->before(Object(CodeIgniter\HTTP\IncomingRequest), null)
 2 SYSTEMPATH\CodeIgniter.php(475): CodeIgniter\Filters\Filters->run('setting/office-page', 'before')
 3 SYSTEMPATH\CodeIgniter.php(361): CodeIgniter\CodeIgniter->handleRequest(null, Object(Config\Cache), false)
 4 FCPATH\index.php(79): CodeIgniter\CodeIgniter->run()
WARNING - 2026-02-22 15:47:50 --> [DEPRECATED] Creation of dynamic property CodeIgniter\HTTP\IncomingRequest::$user is deprecated in APPPATH\Filters\JwtAuth.php on line 47.
 1 SYSTEMPATH\Filters\Filters.php(182): App\Filters\JwtAuth->before(Object(CodeIgniter\HTTP\IncomingRequest), null)
 2 SYSTEMPATH\CodeIgniter.php(475): CodeIgniter\Filters\Filters->run('api/profile', 'before')
 3 SYSTEMPATH\CodeIgniter.php(361): CodeIgniter\CodeIgniter->handleRequest(null, Object(Config\Cache), false)
 4 FCPATH\index.php(79): CodeIgniter\CodeIgniter->run()
INFO - 2026-02-22 15:47:50 --> Session: Class initialized using 'CodeIgniter\Session\Handlers\FileHandler' driver.
WARNING - 2026-02-22 15:47:50 --> [DEPRECATED] Creation of dynamic property CodeIgniter\HTTP\IncomingRequest::$user is deprecated in APPPATH\Filters\JwtAuthWeb.php on line 32.
 1 SYSTEMPATH\Filters\Filters.php(182): App\Filters\JwtAuthWeb->before(Object(CodeIgniter\HTTP\IncomingRequest), null)
 2 SYSTEMPATH\CodeIgniter.php(475): CodeIgniter\Filters\Filters->run('setting/getOffice', 'before')
 3 SYSTEMPATH\CodeIgniter.php(361): CodeIgniter\CodeIgniter->handleRequest(null, Object(Config\Cache), false)
 4 FCPATH\index.php(79): CodeIgniter\CodeIgniter->run()
INFO - 2026-02-22 15:50:13 --> Session: Class initialized using 'CodeIgniter\Session\Handlers\FileHandler' driver.
WARNING - 2026-02-22 15:50:13 --> [DEPRECATED] Creation of dynamic property CodeIgniter\HTTP\IncomingRequest::$user is deprecated in APPPATH\Filters\JwtAuthWeb.php on line 32.
 1 SYSTEMPATH\Filters\Filters.php(182): App\Filters\JwtAuthWeb->before(Object(CodeIgniter\HTTP\IncomingRequest), null)
 2 SYSTEMPATH\CodeIgniter.php(475): CodeIgniter\Filters\Filters->run('setting/office-page', 'before')
 3 SYSTEMPATH\CodeIgniter.php(361): CodeIgniter\CodeIgniter->handleRequest(null, Object(Config\Cache), false)
 4 FCPATH\index.php(79): CodeIgniter\CodeIgniter->run()
WARNING - 2026-02-22 15:50:14 --> [DEPRECATED] Creation of dynamic property CodeIgniter\HTTP\IncomingRequest::$user is deprecated in APPPATH\Filters\JwtAuth.php on line 47.
 1 SYSTEMPATH\Filters\Filters.php(182): App\Filters\JwtAuth->before(Object(CodeIgniter\HTTP\IncomingRequest), null)
 2 SYSTEMPATH\CodeIgniter.php(475): CodeIgniter\Filters\Filters->run('api/profile', 'before')
 3 SYSTEMPATH\CodeIgniter.php(361): CodeIgniter\CodeIgniter->handleRequest(null, Object(Config\Cache), false)
 4 FCPATH\index.php(79): CodeIgniter\CodeIgniter->run()
INFO - 2026-02-22 15:50:14 --> Session: Class initialized using 'CodeIgniter\Session\Handlers\FileHandler' driver.
WARNING - 2026-02-22 15:50:14 --> [DEPRECATED] Creation of dynamic property CodeIgniter\HTTP\IncomingRequest::$user is deprecated in APPPATH\Filters\JwtAuthWeb.php on line 32.
 1 SYSTEMPATH\Filters\Filters.php(182): App\Filters\JwtAuthWeb->before(Object(CodeIgniter\HTTP\IncomingRequest), null)
 2 SYSTEMPATH\CodeIgniter.php(475): CodeIgniter\Filters\Filters->run('setting/getOffice', 'before')
 3 SYSTEMPATH\CodeIgniter.php(361): CodeIgniter\CodeIgniter->handleRequest(null, Object(Config\Cache), false)
 4 FCPATH\index.php(79): CodeIgniter\CodeIgniter->run()
INFO - 2026-02-22 15:51:54 --> Session: Class initialized using 'CodeIgniter\Session\Handlers\FileHandler' driver.
WARNING - 2026-02-22 15:51:54 --> [DEPRECATED] Creation of dynamic property CodeIgniter\HTTP\IncomingRequest::$user is deprecated in APPPATH\Filters\JwtAuthWeb.php on line 32.
 1 SYSTEMPATH\Filters\Filters.php(182): App\Filters\JwtAuthWeb->before(Object(CodeIgniter\HTTP\IncomingRequest), null)
 2 SYSTEMPATH\CodeIgniter.php(475): CodeIgniter\Filters\Filters->run('setting/office-page', 'before')
 3 SYSTEMPATH\CodeIgniter.php(361): CodeIgniter\CodeIgniter->handleRequest(null, Object(Config\Cache), false)
 4 FCPATH\index.php(79): CodeIgniter\CodeIgniter->run()
WARNING - 2026-02-22 15:51:55 --> [DEPRECATED] Creation of dynamic property CodeIgniter\HTTP\IncomingRequest::$user is deprecated in APPPATH\Filters\JwtAuth.php on line 47.
 1 SYSTEMPATH\Filters\Filters.php(182): App\Filters\JwtAuth->before(Object(CodeIgniter\HTTP\IncomingRequest), null)
 2 SYSTEMPATH\CodeIgniter.php(475): CodeIgniter\Filters\Filters->run('api/profile', 'before')
 3 SYSTEMPATH\CodeIgniter.php(361): CodeIgniter\CodeIgniter->handleRequest(null, Object(Config\Cache), false)
 4 FCPATH\index.php(79): CodeIgniter\CodeIgniter->run()
INFO - 2026-02-22 15:51:55 --> Session: Class initialized using 'CodeIgniter\Session\Handlers\FileHandler' driver.
WARNING - 2026-02-22 15:51:55 --> [DEPRECATED] Creation of dynamic property CodeIgniter\HTTP\IncomingRequest::$user is deprecated in APPPATH\Filters\JwtAuthWeb.php on line 32.
 1 SYSTEMPATH\Filters\Filters.php(182): App\Filters\JwtAuthWeb->before(Object(CodeIgniter\HTTP\IncomingRequest), null)
 2 SYSTEMPATH\CodeIgniter.php(475): CodeIgniter\Filters\Filters->run('setting/getOffice', 'before')
 3 SYSTEMPATH\CodeIgniter.php(361): CodeIgniter\CodeIgniter->handleRequest(null, Object(Config\Cache), false)
 4 FCPATH\index.php(79): CodeIgniter\CodeIgniter->run()
INFO - 2026-02-22 15:53:12 --> Session: Class initialized using 'CodeIgniter\Session\Handlers\FileHandler' driver.
WARNING - 2026-02-22 15:53:12 --> [DEPRECATED] Creation of dynamic property CodeIgniter\HTTP\IncomingRequest::$user is deprecated in APPPATH\Filters\JwtAuthWeb.php on line 32.
 1 SYSTEMPATH\Filters\Filters.php(182): App\Filters\JwtAuthWeb->before(Object(CodeIgniter\HTTP\IncomingRequest), null)
 2 SYSTEMPATH\CodeIgniter.php(475): CodeIgniter\Filters\Filters->run('setting/office-page', 'before')
 3 SYSTEMPATH\CodeIgniter.php(361): CodeIgniter\CodeIgniter->handleRequest(null, Object(Config\Cache), false)
 4 FCPATH\index.php(79): CodeIgniter\CodeIgniter->run()
WARNING - 2026-02-22 15:53:13 --> [DEPRECATED] Creation of dynamic property CodeIgniter\HTTP\IncomingRequest::$user is deprecated in APPPATH\Filters\JwtAuth.php on line 47.
 1 SYSTEMPATH\Filters\Filters.php(182): App\Filters\JwtAuth->before(Object(CodeIgniter\HTTP\IncomingRequest), null)
 2 SYSTEMPATH\CodeIgniter.php(475): CodeIgniter\Filters\Filters->run('api/profile', 'before')
 3 SYSTEMPATH\CodeIgniter.php(361): CodeIgniter\CodeIgniter->handleRequest(null, Object(Config\Cache), false)
 4 FCPATH\index.php(79): CodeIgniter\CodeIgniter->run()
INFO - 2026-02-22 15:53:13 --> Session: Class initialized using 'CodeIgniter\Session\Handlers\FileHandler' driver.
WARNING - 2026-02-22 15:53:13 --> [DEPRECATED] Creation of dynamic property CodeIgniter\HTTP\IncomingRequest::$user is deprecated in APPPATH\Filters\JwtAuthWeb.php on line 32.
 1 SYSTEMPATH\Filters\Filters.php(182): App\Filters\JwtAuthWeb->before(Object(CodeIgniter\HTTP\IncomingRequest), null)
 2 SYSTEMPATH\CodeIgniter.php(475): CodeIgniter\Filters\Filters->run('setting/getOffice', 'before')
 3 SYSTEMPATH\CodeIgniter.php(361): CodeIgniter\CodeIgniter->handleRequest(null, Object(Config\Cache), false)
 4 FCPATH\index.php(79): CodeIgniter\CodeIgniter->run()
INFO - 2026-02-22 15:53:49 --> Session: Class initialized using 'CodeIgniter\Session\Handlers\FileHandler' driver.
WARNING - 2026-02-22 15:53:49 --> [DEPRECATED] Creation of dynamic property CodeIgniter\HTTP\IncomingRequest::$user is deprecated in APPPATH\Filters\JwtAuthWeb.php on line 32.
 1 SYSTEMPATH\Filters\Filters.php(182): App\Filters\JwtAuthWeb->before(Object(CodeIgniter\HTTP\IncomingRequest), null)
 2 SYSTEMPATH\CodeIgniter.php(475): CodeIgniter\Filters\Filters->run('setting/office-page', 'before')
 3 SYSTEMPATH\CodeIgniter.php(361): CodeIgniter\CodeIgniter->handleRequest(null, Object(Config\Cache), false)
 4 FCPATH\index.php(79): CodeIgniter\CodeIgniter->run()
WARNING - 2026-02-22 15:53:50 --> [DEPRECATED] Creation of dynamic property CodeIgniter\HTTP\IncomingRequest::$user is deprecated in APPPATH\Filters\JwtAuth.php on line 47.
 1 SYSTEMPATH\Filters\Filters.php(182): App\Filters\JwtAuth->before(Object(CodeIgniter\HTTP\IncomingRequest), null)
 2 SYSTEMPATH\CodeIgniter.php(475): CodeIgniter\Filters\Filters->run('api/profile', 'before')
 3 SYSTEMPATH\CodeIgniter.php(361): CodeIgniter\CodeIgniter->handleRequest(null, Object(Config\Cache), false)
 4 FCPATH\index.php(79): CodeIgniter\CodeIgniter->run()
INFO - 2026-02-22 15:53:50 --> Session: Class initialized using 'CodeIgniter\Session\Handlers\FileHandler' driver.
WARNING - 2026-02-22 15:53:50 --> [DEPRECATED] Creation of dynamic property CodeIgniter\HTTP\IncomingRequest::$user is deprecated in APPPATH\Filters\JwtAuthWeb.php on line 32.
 1 SYSTEMPATH\Filters\Filters.php(182): App\Filters\JwtAuthWeb->before(Object(CodeIgniter\HTTP\IncomingRequest), null)
 2 SYSTEMPATH\CodeIgniter.php(475): CodeIgniter\Filters\Filters->run('setting/getOffice', 'before')
 3 SYSTEMPATH\CodeIgniter.php(361): CodeIgniter\CodeIgniter->handleRequest(null, Object(Config\Cache), false)
 4 FCPATH\index.php(79): CodeIgniter\CodeIgniter->run()
INFO - 2026-02-22 15:53:51 --> Session: Class initialized using 'CodeIgniter\Session\Handlers\FileHandler' driver.
WARNING - 2026-02-22 15:53:51 --> [DEPRECATED] Creation of dynamic property CodeIgniter\HTTP\IncomingRequest::$user is deprecated in APPPATH\Filters\JwtAuthWeb.php on line 32.
 1 SYSTEMPATH\Filters\Filters.php(182): App\Filters\JwtAuthWeb->before(Object(CodeIgniter\HTTP\IncomingRequest), null)
 2 SYSTEMPATH\CodeIgniter.php(475): CodeIgniter\Filters\Filters->run('setting/office-page', 'before')
 3 SYSTEMPATH\CodeIgniter.php(361): CodeIgniter\CodeIgniter->handleRequest(null, Object(Config\Cache), false)
 4 FCPATH\index.php(79): CodeIgniter\CodeIgniter->run()
WARNING - 2026-02-22 15:53:52 --> [DEPRECATED] Creation of dynamic property CodeIgniter\HTTP\IncomingRequest::$user is deprecated in APPPATH\Filters\JwtAuth.php on line 47.
 1 SYSTEMPATH\Filters\Filters.php(182): App\Filters\JwtAuth->before(Object(CodeIgniter\HTTP\IncomingRequest), null)
 2 SYSTEMPATH\CodeIgniter.php(475): CodeIgniter\Filters\Filters->run('api/profile', 'before')
 3 SYSTEMPATH\CodeIgniter.php(361): CodeIgniter\CodeIgniter->handleRequest(null, Object(Config\Cache), false)
 4 FCPATH\index.php(79): CodeIgniter\CodeIgniter->run()
INFO - 2026-02-22 15:53:52 --> Session: Class initialized using 'CodeIgniter\Session\Handlers\FileHandler' driver.
WARNING - 2026-02-22 15:53:52 --> [DEPRECATED] Creation of dynamic property CodeIgniter\HTTP\IncomingRequest::$user is deprecated in APPPATH\Filters\JwtAuthWeb.php on line 32.
 1 SYSTEMPATH\Filters\Filters.php(182): App\Filters\JwtAuthWeb->before(Object(CodeIgniter\HTTP\IncomingRequest), null)
 2 SYSTEMPATH\CodeIgniter.php(475): CodeIgniter\Filters\Filters->run('setting/getOffice', 'before')
 3 SYSTEMPATH\CodeIgniter.php(361): CodeIgniter\CodeIgniter->handleRequest(null, Object(Config\Cache), false)
 4 FCPATH\index.php(79): CodeIgniter\CodeIgniter->run()
INFO - 2026-02-22 15:54:03 --> Session: Class initialized using 'CodeIgniter\Session\Handlers\FileHandler' driver.
WARNING - 2026-02-22 15:54:03 --> [DEPRECATED] Creation of dynamic property CodeIgniter\HTTP\IncomingRequest::$user is deprecated in APPPATH\Filters\JwtAuthWeb.php on line 32.
 1 SYSTEMPATH\Filters\Filters.php(182): App\Filters\JwtAuthWeb->before(Object(CodeIgniter\HTTP\IncomingRequest), null)
 2 SYSTEMPATH\CodeIgniter.php(475): CodeIgniter\Filters\Filters->run('setting/office-page', 'before')
 3 SYSTEMPATH\CodeIgniter.php(361): CodeIgniter\CodeIgniter->handleRequest(null, Object(Config\Cache), false)
 4 FCPATH\index.php(79): CodeIgniter\CodeIgniter->run()
WARNING - 2026-02-22 15:54:04 --> [DEPRECATED] Creation of dynamic property CodeIgniter\HTTP\IncomingRequest::$user is deprecated in APPPATH\Filters\JwtAuth.php on line 47.
 1 SYSTEMPATH\Filters\Filters.php(182): App\Filters\JwtAuth->before(Object(CodeIgniter\HTTP\IncomingRequest), null)
 2 SYSTEMPATH\CodeIgniter.php(475): CodeIgniter\Filters\Filters->run('api/profile', 'before')
 3 SYSTEMPATH\CodeIgniter.php(361): CodeIgniter\CodeIgniter->handleRequest(null, Object(Config\Cache), false)
 4 FCPATH\index.php(79): CodeIgniter\CodeIgniter->run()
INFO - 2026-02-22 15:54:04 --> Session: Class initialized using 'CodeIgniter\Session\Handlers\FileHandler' driver.
WARNING - 2026-02-22 15:54:04 --> [DEPRECATED] Creation of dynamic property CodeIgniter\HTTP\IncomingRequest::$user is deprecated in APPPATH\Filters\JwtAuthWeb.php on line 32.
 1 SYSTEMPATH\Filters\Filters.php(182): App\Filters\JwtAuthWeb->before(Object(CodeIgniter\HTTP\IncomingRequest), null)
 2 SYSTEMPATH\CodeIgniter.php(475): CodeIgniter\Filters\Filters->run('setting/getOffice', 'before')
 3 SYSTEMPATH\CodeIgniter.php(361): CodeIgniter\CodeIgniter->handleRequest(null, Object(Config\Cache), false)
 4 FCPATH\index.php(79): CodeIgniter\CodeIgniter->run()
INFO - 2026-02-22 15:54:19 --> Session: Class initialized using 'CodeIgniter\Session\Handlers\FileHandler' driver.
WARNING - 2026-02-22 15:54:19 --> [DEPRECATED] Creation of dynamic property CodeIgniter\HTTP\IncomingRequest::$user is deprecated in APPPATH\Filters\JwtAuthWeb.php on line 32.
 1 SYSTEMPATH\Filters\Filters.php(182): App\Filters\JwtAuthWeb->before(Object(CodeIgniter\HTTP\IncomingRequest), null)
 2 SYSTEMPATH\CodeIgniter.php(475): CodeIgniter\Filters\Filters->run('setting/office-page', 'before')
 3 SYSTEMPATH\CodeIgniter.php(361): CodeIgniter\CodeIgniter->handleRequest(null, Object(Config\Cache), false)
 4 FCPATH\index.php(79): CodeIgniter\CodeIgniter->run()
WARNING - 2026-02-22 15:54:19 --> [DEPRECATED] Creation of dynamic property CodeIgniter\HTTP\IncomingRequest::$user is deprecated in APPPATH\Filters\JwtAuth.php on line 47.
 1 SYSTEMPATH\Filters\Filters.php(182): App\Filters\JwtAuth->before(Object(CodeIgniter\HTTP\IncomingRequest), null)
 2 SYSTEMPATH\CodeIgniter.php(475): CodeIgniter\Filters\Filters->run('api/profile', 'before')
 3 SYSTEMPATH\CodeIgniter.php(361): CodeIgniter\CodeIgniter->handleRequest(null, Object(Config\Cache), false)
 4 FCPATH\index.php(79): CodeIgniter\CodeIgniter->run()
INFO - 2026-02-22 15:54:19 --> Session: Class initialized using 'CodeIgniter\Session\Handlers\FileHandler' driver.
WARNING - 2026-02-22 15:54:19 --> [DEPRECATED] Creation of dynamic property CodeIgniter\HTTP\IncomingRequest::$user is deprecated in APPPATH\Filters\JwtAuthWeb.php on line 32.
 1 SYSTEMPATH\Filters\Filters.php(182): App\Filters\JwtAuthWeb->before(Object(CodeIgniter\HTTP\IncomingRequest), null)
 2 SYSTEMPATH\CodeIgniter.php(475): CodeIgniter\Filters\Filters->run('setting/getOffice', 'before')
 3 SYSTEMPATH\CodeIgniter.php(361): CodeIgniter\CodeIgniter->handleRequest(null, Object(Config\Cache), false)
 4 FCPATH\index.php(79): CodeIgniter\CodeIgniter->run()
INFO - 2026-02-22 15:54:21 --> Session: Class initialized using 'CodeIgniter\Session\Handlers\FileHandler' driver.
WARNING - 2026-02-22 15:54:21 --> [DEPRECATED] Creation of dynamic property CodeIgniter\HTTP\IncomingRequest::$user is deprecated in APPPATH\Filters\JwtAuthWeb.php on line 32.
 1 SYSTEMPATH\Filters\Filters.php(182): App\Filters\JwtAuthWeb->before(Object(CodeIgniter\HTTP\IncomingRequest), null)
 2 SYSTEMPATH\CodeIgniter.php(475): CodeIgniter\Filters\Filters->run('setting/office-page', 'before')
 3 SYSTEMPATH\CodeIgniter.php(361): CodeIgniter\CodeIgniter->handleRequest(null, Object(Config\Cache), false)
 4 FCPATH\index.php(79): CodeIgniter\CodeIgniter->run()
WARNING - 2026-02-22 15:54:21 --> [DEPRECATED] Creation of dynamic property CodeIgniter\HTTP\IncomingRequest::$user is deprecated in APPPATH\Filters\JwtAuth.php on line 47.
 1 SYSTEMPATH\Filters\Filters.php(182): App\Filters\JwtAuth->before(Object(CodeIgniter\HTTP\IncomingRequest), null)
 2 SYSTEMPATH\CodeIgniter.php(475): CodeIgniter\Filters\Filters->run('api/profile', 'before')
 3 SYSTEMPATH\CodeIgniter.php(361): CodeIgniter\CodeIgniter->handleRequest(null, Object(Config\Cache), false)
 4 FCPATH\index.php(79): CodeIgniter\CodeIgniter->run()
INFO - 2026-02-22 15:54:21 --> Session: Class initialized using 'CodeIgniter\Session\Handlers\FileHandler' driver.
WARNING - 2026-02-22 15:54:21 --> [DEPRECATED] Creation of dynamic property CodeIgniter\HTTP\IncomingRequest::$user is deprecated in APPPATH\Filters\JwtAuthWeb.php on line 32.
 1 SYSTEMPATH\Filters\Filters.php(182): App\Filters\JwtAuthWeb->before(Object(CodeIgniter\HTTP\IncomingRequest), null)
 2 SYSTEMPATH\CodeIgniter.php(475): CodeIgniter\Filters\Filters->run('setting/getOffice', 'before')
 3 SYSTEMPATH\CodeIgniter.php(361): CodeIgniter\CodeIgniter->handleRequest(null, Object(Config\Cache), false)
 4 FCPATH\index.php(79): CodeIgniter\CodeIgniter->run()
INFO - 2026-02-22 15:54:56 --> Session: Class initialized using 'CodeIgniter\Session\Handlers\FileHandler' driver.
WARNING - 2026-02-22 15:54:56 --> [DEPRECATED] Creation of dynamic property CodeIgniter\HTTP\IncomingRequest::$user is deprecated in APPPATH\Filters\JwtAuthWeb.php on line 32.
 1 SYSTEMPATH\Filters\Filters.php(182): App\Filters\JwtAuthWeb->before(Object(CodeIgniter\HTTP\IncomingRequest), null)
 2 SYSTEMPATH\CodeIgniter.php(475): CodeIgniter\Filters\Filters->run('setting/office-page', 'before')
 3 SYSTEMPATH\CodeIgniter.php(361): CodeIgniter\CodeIgniter->handleRequest(null, Object(Config\Cache), false)
 4 FCPATH\index.php(79): CodeIgniter\CodeIgniter->run()
WARNING - 2026-02-22 15:54:57 --> [DEPRECATED] Creation of dynamic property CodeIgniter\HTTP\IncomingRequest::$user is deprecated in APPPATH\Filters\JwtAuth.php on line 47.
 1 SYSTEMPATH\Filters\Filters.php(182): App\Filters\JwtAuth->before(Object(CodeIgniter\HTTP\IncomingRequest), null)
 2 SYSTEMPATH\CodeIgniter.php(475): CodeIgniter\Filters\Filters->run('api/profile', 'before')
 3 SYSTEMPATH\CodeIgniter.php(361): CodeIgniter\CodeIgniter->handleRequest(null, Object(Config\Cache), false)
 4 FCPATH\index.php(79): CodeIgniter\CodeIgniter->run()
INFO - 2026-02-22 15:54:57 --> Session: Class initialized using 'CodeIgniter\Session\Handlers\FileHandler' driver.
WARNING - 2026-02-22 15:54:57 --> [DEPRECATED] Creation of dynamic property CodeIgniter\HTTP\IncomingRequest::$user is deprecated in APPPATH\Filters\JwtAuthWeb.php on line 32.
 1 SYSTEMPATH\Filters\Filters.php(182): App\Filters\JwtAuthWeb->before(Object(CodeIgniter\HTTP\IncomingRequest), null)
 2 SYSTEMPATH\CodeIgniter.php(475): CodeIgniter\Filters\Filters->run('setting/getOffice', 'before')
 3 SYSTEMPATH\CodeIgniter.php(361): CodeIgniter\CodeIgniter->handleRequest(null, Object(Config\Cache), false)
 4 FCPATH\index.php(79): CodeIgniter\CodeIgniter->run()
INFO - 2026-02-22 15:54:58 --> Session: Class initialized using 'CodeIgniter\Session\Handlers\FileHandler' driver.
WARNING - 2026-02-22 15:54:58 --> [DEPRECATED] Creation of dynamic property CodeIgniter\HTTP\IncomingRequest::$user is deprecated in APPPATH\Filters\JwtAuthWeb.php on line 32.
 1 SYSTEMPATH\Filters\Filters.php(182): App\Filters\JwtAuthWeb->before(Object(CodeIgniter\HTTP\IncomingRequest), null)
 2 SYSTEMPATH\CodeIgniter.php(475): CodeIgniter\Filters\Filters->run('setting/office-page', 'before')
 3 SYSTEMPATH\CodeIgniter.php(361): CodeIgniter\CodeIgniter->handleRequest(null, Object(Config\Cache), false)
 4 FCPATH\index.php(79): CodeIgniter\CodeIgniter->run()
WARNING - 2026-02-22 15:54:59 --> [DEPRECATED] Creation of dynamic property CodeIgniter\HTTP\IncomingRequest::$user is deprecated in APPPATH\Filters\JwtAuth.php on line 47.
 1 SYSTEMPATH\Filters\Filters.php(182): App\Filters\JwtAuth->before(Object(CodeIgniter\HTTP\IncomingRequest), null)
 2 SYSTEMPATH\CodeIgniter.php(475): CodeIgniter\Filters\Filters->run('api/profile', 'before')
 3 SYSTEMPATH\CodeIgniter.php(361): CodeIgniter\CodeIgniter->handleRequest(null, Object(Config\Cache), false)
 4 FCPATH\index.php(79): CodeIgniter\CodeIgniter->run()
INFO - 2026-02-22 15:54:59 --> Session: Class initialized using 'CodeIgniter\Session\Handlers\FileHandler' driver.
WARNING - 2026-02-22 15:54:59 --> [DEPRECATED] Creation of dynamic property CodeIgniter\HTTP\IncomingRequest::$user is deprecated in APPPATH\Filters\JwtAuthWeb.php on line 32.
 1 SYSTEMPATH\Filters\Filters.php(182): App\Filters\JwtAuthWeb->before(Object(CodeIgniter\HTTP\IncomingRequest), null)
 2 SYSTEMPATH\CodeIgniter.php(475): CodeIgniter\Filters\Filters->run('setting/getOffice', 'before')
 3 SYSTEMPATH\CodeIgniter.php(361): CodeIgniter\CodeIgniter->handleRequest(null, Object(Config\Cache), false)
 4 FCPATH\index.php(79): CodeIgniter\CodeIgniter->run()
INFO - 2026-02-22 15:55:02 --> Session: Class initialized using 'CodeIgniter\Session\Handlers\FileHandler' driver.
WARNING - 2026-02-22 15:55:02 --> [DEPRECATED] Creation of dynamic property CodeIgniter\HTTP\IncomingRequest::$user is deprecated in APPPATH\Filters\JwtAuthWeb.php on line 32.
 1 SYSTEMPATH\Filters\Filters.php(182): App\Filters\JwtAuthWeb->before(Object(CodeIgniter\HTTP\IncomingRequest), null)
 2 SYSTEMPATH\CodeIgniter.php(475): CodeIgniter\Filters\Filters->run('setting/office-page', 'before')
 3 SYSTEMPATH\CodeIgniter.php(361): CodeIgniter\CodeIgniter->handleRequest(null, Object(Config\Cache), false)
 4 FCPATH\index.php(79): CodeIgniter\CodeIgniter->run()
WARNING - 2026-02-22 15:55:02 --> [DEPRECATED] Creation of dynamic property CodeIgniter\HTTP\IncomingRequest::$user is deprecated in APPPATH\Filters\JwtAuth.php on line 47.
 1 SYSTEMPATH\Filters\Filters.php(182): App\Filters\JwtAuth->before(Object(CodeIgniter\HTTP\IncomingRequest), null)
 2 SYSTEMPATH\CodeIgniter.php(475): CodeIgniter\Filters\Filters->run('api/profile', 'before')
 3 SYSTEMPATH\CodeIgniter.php(361): CodeIgniter\CodeIgniter->handleRequest(null, Object(Config\Cache), false)
 4 FCPATH\index.php(79): CodeIgniter\CodeIgniter->run()
INFO - 2026-02-22 15:55:02 --> Session: Class initialized using 'CodeIgniter\Session\Handlers\FileHandler' driver.
WARNING - 2026-02-22 15:55:02 --> [DEPRECATED] Creation of dynamic property CodeIgniter\HTTP\IncomingRequest::$user is deprecated in APPPATH\Filters\JwtAuthWeb.php on line 32.
 1 SYSTEMPATH\Filters\Filters.php(182): App\Filters\JwtAuthWeb->before(Object(CodeIgniter\HTTP\IncomingRequest), null)
 2 SYSTEMPATH\CodeIgniter.php(475): CodeIgniter\Filters\Filters->run('setting/getOffice', 'before')
 3 SYSTEMPATH\CodeIgniter.php(361): CodeIgniter\CodeIgniter->handleRequest(null, Object(Config\Cache), false)
 4 FCPATH\index.php(79): CodeIgniter\CodeIgniter->run()
INFO - 2026-02-22 15:57:45 --> Session: Class initialized using 'CodeIgniter\Session\Handlers\FileHandler' driver.
WARNING - 2026-02-22 15:57:45 --> [DEPRECATED] Creation of dynamic property CodeIgniter\HTTP\IncomingRequest::$user is deprecated in APPPATH\Filters\JwtAuthWeb.php on line 32.
 1 SYSTEMPATH\Filters\Filters.php(182): App\Filters\JwtAuthWeb->before(Object(CodeIgniter\HTTP\IncomingRequest), null)
 2 SYSTEMPATH\CodeIgniter.php(475): CodeIgniter\Filters\Filters->run('setting/office-page', 'before')
 3 SYSTEMPATH\CodeIgniter.php(361): CodeIgniter\CodeIgniter->handleRequest(null, Object(Config\Cache), false)
 4 FCPATH\index.php(79): CodeIgniter\CodeIgniter->run()
WARNING - 2026-02-22 15:57:46 --> [DEPRECATED] Creation of dynamic property CodeIgniter\HTTP\IncomingRequest::$user is deprecated in APPPATH\Filters\JwtAuth.php on line 47.
 1 SYSTEMPATH\Filters\Filters.php(182): App\Filters\JwtAuth->before(Object(CodeIgniter\HTTP\IncomingRequest), null)
 2 SYSTEMPATH\CodeIgniter.php(475): CodeIgniter\Filters\Filters->run('api/profile', 'before')
 3 SYSTEMPATH\CodeIgniter.php(361): CodeIgniter\CodeIgniter->handleRequest(null, Object(Config\Cache), false)
 4 FCPATH\index.php(79): CodeIgniter\CodeIgniter->run()
INFO - 2026-02-22 15:57:46 --> Session: Class initialized using 'CodeIgniter\Session\Handlers\FileHandler' driver.
WARNING - 2026-02-22 15:57:46 --> [DEPRECATED] Creation of dynamic property CodeIgniter\HTTP\IncomingRequest::$user is deprecated in APPPATH\Filters\JwtAuthWeb.php on line 32.
 1 SYSTEMPATH\Filters\Filters.php(182): App\Filters\JwtAuthWeb->before(Object(CodeIgniter\HTTP\IncomingRequest), null)
 2 SYSTEMPATH\CodeIgniter.php(475): CodeIgniter\Filters\Filters->run('setting/getOffice', 'before')
 3 SYSTEMPATH\CodeIgniter.php(361): CodeIgniter\CodeIgniter->handleRequest(null, Object(Config\Cache), false)
 4 FCPATH\index.php(79): CodeIgniter\CodeIgniter->run()
INFO - 2026-02-22 15:59:31 --> Session: Class initialized using 'CodeIgniter\Session\Handlers\FileHandler' driver.
WARNING - 2026-02-22 15:59:31 --> [DEPRECATED] Creation of dynamic property CodeIgniter\HTTP\IncomingRequest::$user is deprecated in APPPATH\Filters\JwtAuthWeb.php on line 32.
 1 SYSTEMPATH\Filters\Filters.php(182): App\Filters\JwtAuthWeb->before(Object(CodeIgniter\HTTP\IncomingRequest), null)
 2 SYSTEMPATH\CodeIgniter.php(475): CodeIgniter\Filters\Filters->run('setting/office-page', 'before')
 3 SYSTEMPATH\CodeIgniter.php(361): CodeIgniter\CodeIgniter->handleRequest(null, Object(Config\Cache), false)
 4 FCPATH\index.php(79): CodeIgniter\CodeIgniter->run()
WARNING - 2026-02-22 15:59:32 --> [DEPRECATED] Creation of dynamic property CodeIgniter\HTTP\IncomingRequest::$user is deprecated in APPPATH\Filters\JwtAuth.php on line 47.
 1 SYSTEMPATH\Filters\Filters.php(182): App\Filters\JwtAuth->before(Object(CodeIgniter\HTTP\IncomingRequest), null)
 2 SYSTEMPATH\CodeIgniter.php(475): CodeIgniter\Filters\Filters->run('api/profile', 'before')
 3 SYSTEMPATH\CodeIgniter.php(361): CodeIgniter\CodeIgniter->handleRequest(null, Object(Config\Cache), false)
 4 FCPATH\index.php(79): CodeIgniter\CodeIgniter->run()
INFO - 2026-02-22 15:59:32 --> Session: Class initialized using 'CodeIgniter\Session\Handlers\FileHandler' driver.
WARNING - 2026-02-22 15:59:32 --> [DEPRECATED] Creation of dynamic property CodeIgniter\HTTP\IncomingRequest::$user is deprecated in APPPATH\Filters\JwtAuthWeb.php on line 32.
 1 SYSTEMPATH\Filters\Filters.php(182): App\Filters\JwtAuthWeb->before(Object(CodeIgniter\HTTP\IncomingRequest), null)
 2 SYSTEMPATH\CodeIgniter.php(475): CodeIgniter\Filters\Filters->run('setting/getOffice', 'before')
 3 SYSTEMPATH\CodeIgniter.php(361): CodeIgniter\CodeIgniter->handleRequest(null, Object(Config\Cache), false)
 4 FCPATH\index.php(79): CodeIgniter\CodeIgniter->run()
INFO - 2026-02-22 16:01:00 --> Session: Class initialized using 'CodeIgniter\Session\Handlers\FileHandler' driver.
WARNING - 2026-02-22 16:01:00 --> [DEPRECATED] Creation of dynamic property CodeIgniter\HTTP\IncomingRequest::$user is deprecated in APPPATH\Filters\JwtAuthWeb.php on line 32.
 1 SYSTEMPATH\Filters\Filters.php(182): App\Filters\JwtAuthWeb->before(Object(CodeIgniter\HTTP\IncomingRequest), null)
 2 SYSTEMPATH\CodeIgniter.php(475): CodeIgniter\Filters\Filters->run('setting/office-page', 'before')
 3 SYSTEMPATH\CodeIgniter.php(361): CodeIgniter\CodeIgniter->handleRequest(null, Object(Config\Cache), false)
 4 FCPATH\index.php(79): CodeIgniter\CodeIgniter->run()
WARNING - 2026-02-22 16:01:01 --> [DEPRECATED] Creation of dynamic property CodeIgniter\HTTP\IncomingRequest::$user is deprecated in APPPATH\Filters\JwtAuth.php on line 47.
 1 SYSTEMPATH\Filters\Filters.php(182): App\Filters\JwtAuth->before(Object(CodeIgniter\HTTP\IncomingRequest), null)
 2 SYSTEMPATH\CodeIgniter.php(475): CodeIgniter\Filters\Filters->run('api/profile', 'before')
 3 SYSTEMPATH\CodeIgniter.php(361): CodeIgniter\CodeIgniter->handleRequest(null, Object(Config\Cache), false)
 4 FCPATH\index.php(79): CodeIgniter\CodeIgniter->run()
INFO - 2026-02-22 16:01:01 --> Session: Class initialized using 'CodeIgniter\Session\Handlers\FileHandler' driver.
WARNING - 2026-02-22 16:01:01 --> [DEPRECATED] Creation of dynamic property CodeIgniter\HTTP\IncomingRequest::$user is deprecated in APPPATH\Filters\JwtAuthWeb.php on line 32.
 1 SYSTEMPATH\Filters\Filters.php(182): App\Filters\JwtAuthWeb->before(Object(CodeIgniter\HTTP\IncomingRequest), null)
 2 SYSTEMPATH\CodeIgniter.php(475): CodeIgniter\Filters\Filters->run('setting/getOffice', 'before')
 3 SYSTEMPATH\CodeIgniter.php(361): CodeIgniter\CodeIgniter->handleRequest(null, Object(Config\Cache), false)
 4 FCPATH\index.php(79): CodeIgniter\CodeIgniter->run()
INFO - 2026-02-22 16:01:02 --> Session: Class initialized using 'CodeIgniter\Session\Handlers\FileHandler' driver.
WARNING - 2026-02-22 16:01:02 --> [DEPRECATED] Creation of dynamic property CodeIgniter\HTTP\IncomingRequest::$user is deprecated in APPPATH\Filters\JwtAuthWeb.php on line 32.
 1 SYSTEMPATH\Filters\Filters.php(182): App\Filters\JwtAuthWeb->before(Object(CodeIgniter\HTTP\IncomingRequest), null)
 2 SYSTEMPATH\CodeIgniter.php(475): CodeIgniter\Filters\Filters->run('setting/office-page', 'before')
 3 SYSTEMPATH\CodeIgniter.php(361): CodeIgniter\CodeIgniter->handleRequest(null, Object(Config\Cache), false)
 4 FCPATH\index.php(79): CodeIgniter\CodeIgniter->run()
INFO - 2026-02-22 16:01:02 --> Session: Class initialized using 'CodeIgniter\Session\Handlers\FileHandler' driver.
WARNING - 2026-02-22 16:01:02 --> [DEPRECATED] Creation of dynamic property CodeIgniter\HTTP\IncomingRequest::$user is deprecated in APPPATH\Filters\JwtAuth.php on line 47.
 1 SYSTEMPATH\Filters\Filters.php(182): App\Filters\JwtAuth->before(Object(CodeIgniter\HTTP\IncomingRequest), null)
 2 SYSTEMPATH\CodeIgniter.php(475): CodeIgniter\Filters\Filters->run('api/profile', 'before')
 3 SYSTEMPATH\CodeIgniter.php(361): CodeIgniter\CodeIgniter->handleRequest(null, Object(Config\Cache), false)
 4 FCPATH\index.php(79): CodeIgniter\CodeIgniter->run()
WARNING - 2026-02-22 16:01:02 --> [DEPRECATED] Creation of dynamic property CodeIgniter\HTTP\IncomingRequest::$user is deprecated in APPPATH\Filters\JwtAuthWeb.php on line 32.
 1 SYSTEMPATH\Filters\Filters.php(182): App\Filters\JwtAuthWeb->before(Object(CodeIgniter\HTTP\IncomingRequest), null)
 2 SYSTEMPATH\CodeIgniter.php(475): CodeIgniter\Filters\Filters->run('setting/getOffice', 'before')
 3 SYSTEMPATH\CodeIgniter.php(361): CodeIgniter\CodeIgniter->handleRequest(null, Object(Config\Cache), false)
 4 FCPATH\index.php(79): CodeIgniter\CodeIgniter->run()
INFO - 2026-02-22 16:02:02 --> Session: Class initialized using 'CodeIgniter\Session\Handlers\FileHandler' driver.
WARNING - 2026-02-22 16:02:02 --> [DEPRECATED] Creation of dynamic property CodeIgniter\HTTP\IncomingRequest::$user is deprecated in APPPATH\Filters\JwtAuthWeb.php on line 32.
 1 SYSTEMPATH\Filters\Filters.php(182): App\Filters\JwtAuthWeb->before(Object(CodeIgniter\HTTP\IncomingRequest), null)
 2 SYSTEMPATH\CodeIgniter.php(475): CodeIgniter\Filters\Filters->run('setting/office-page', 'before')
 3 SYSTEMPATH\CodeIgniter.php(361): CodeIgniter\CodeIgniter->handleRequest(null, Object(Config\Cache), false)
 4 FCPATH\index.php(79): CodeIgniter\CodeIgniter->run()
WARNING - 2026-02-22 16:02:02 --> [DEPRECATED] Creation of dynamic property CodeIgniter\HTTP\IncomingRequest::$user is deprecated in APPPATH\Filters\JwtAuth.php on line 47.
 1 SYSTEMPATH\Filters\Filters.php(182): App\Filters\JwtAuth->before(Object(CodeIgniter\HTTP\IncomingRequest), null)
 2 SYSTEMPATH\CodeIgniter.php(475): CodeIgniter\Filters\Filters->run('api/profile', 'before')
 3 SYSTEMPATH\CodeIgniter.php(361): CodeIgniter\CodeIgniter->handleRequest(null, Object(Config\Cache), false)
 4 FCPATH\index.php(79): CodeIgniter\CodeIgniter->run()
INFO - 2026-02-22 16:02:02 --> Session: Class initialized using 'CodeIgniter\Session\Handlers\FileHandler' driver.
WARNING - 2026-02-22 16:02:02 --> [DEPRECATED] Creation of dynamic property CodeIgniter\HTTP\IncomingRequest::$user is deprecated in APPPATH\Filters\JwtAuthWeb.php on line 32.
 1 SYSTEMPATH\Filters\Filters.php(182): App\Filters\JwtAuthWeb->before(Object(CodeIgniter\HTTP\IncomingRequest), null)
 2 SYSTEMPATH\CodeIgniter.php(475): CodeIgniter\Filters\Filters->run('setting/getOffice', 'before')
 3 SYSTEMPATH\CodeIgniter.php(361): CodeIgniter\CodeIgniter->handleRequest(null, Object(Config\Cache), false)
 4 FCPATH\index.php(79): CodeIgniter\CodeIgniter->run()
INFO - 2026-02-22 16:03:57 --> Session: Class initialized using 'CodeIgniter\Session\Handlers\FileHandler' driver.
WARNING - 2026-02-22 16:03:57 --> [DEPRECATED] Creation of dynamic property CodeIgniter\HTTP\IncomingRequest::$user is deprecated in APPPATH\Filters\JwtAuthWeb.php on line 32.
 1 SYSTEMPATH\Filters\Filters.php(182): App\Filters\JwtAuthWeb->before(Object(CodeIgniter\HTTP\IncomingRequest), null)
 2 SYSTEMPATH\CodeIgniter.php(475): CodeIgniter\Filters\Filters->run('setting/office-page', 'before')
 3 SYSTEMPATH\CodeIgniter.php(361): CodeIgniter\CodeIgniter->handleRequest(null, Object(Config\Cache), false)
 4 FCPATH\index.php(79): CodeIgniter\CodeIgniter->run()
WARNING - 2026-02-22 16:03:58 --> [DEPRECATED] Creation of dynamic property CodeIgniter\HTTP\IncomingRequest::$user is deprecated in APPPATH\Filters\JwtAuth.php on line 47.
 1 SYSTEMPATH\Filters\Filters.php(182): App\Filters\JwtAuth->before(Object(CodeIgniter\HTTP\IncomingRequest), null)
 2 SYSTEMPATH\CodeIgniter.php(475): CodeIgniter\Filters\Filters->run('api/profile', 'before')
 3 SYSTEMPATH\CodeIgniter.php(361): CodeIgniter\CodeIgniter->handleRequest(null, Object(Config\Cache), false)
 4 FCPATH\index.php(79): CodeIgniter\CodeIgniter->run()
INFO - 2026-02-22 16:03:58 --> Session: Class initialized using 'CodeIgniter\Session\Handlers\FileHandler' driver.
WARNING - 2026-02-22 16:03:58 --> [DEPRECATED] Creation of dynamic property CodeIgniter\HTTP\IncomingRequest::$user is deprecated in APPPATH\Filters\JwtAuthWeb.php on line 32.
 1 SYSTEMPATH\Filters\Filters.php(182): App\Filters\JwtAuthWeb->before(Object(CodeIgniter\HTTP\IncomingRequest), null)
 2 SYSTEMPATH\CodeIgniter.php(475): CodeIgniter\Filters\Filters->run('setting/getOffice', 'before')
 3 SYSTEMPATH\CodeIgniter.php(361): CodeIgniter\CodeIgniter->handleRequest(null, Object(Config\Cache), false)
 4 FCPATH\index.php(79): CodeIgniter\CodeIgniter->run()
INFO - 2026-02-22 16:04:23 --> Session: Class initialized using 'CodeIgniter\Session\Handlers\FileHandler' driver.
WARNING - 2026-02-22 16:04:23 --> [DEPRECATED] Creation of dynamic property CodeIgniter\HTTP\IncomingRequest::$user is deprecated in APPPATH\Filters\JwtAuthWeb.php on line 32.
 1 SYSTEMPATH\Filters\Filters.php(182): App\Filters\JwtAuthWeb->before(Object(CodeIgniter\HTTP\IncomingRequest), null)
 2 SYSTEMPATH\CodeIgniter.php(475): CodeIgniter\Filters\Filters->run('setting/office-page', 'before')
 3 SYSTEMPATH\CodeIgniter.php(361): CodeIgniter\CodeIgniter->handleRequest(null, Object(Config\Cache), false)
 4 FCPATH\index.php(79): CodeIgniter\CodeIgniter->run()
WARNING - 2026-02-22 16:04:23 --> [DEPRECATED] Creation of dynamic property CodeIgniter\HTTP\IncomingRequest::$user is deprecated in APPPATH\Filters\JwtAuth.php on line 47.
 1 SYSTEMPATH\Filters\Filters.php(182): App\Filters\JwtAuth->before(Object(CodeIgniter\HTTP\IncomingRequest), null)
 2 SYSTEMPATH\CodeIgniter.php(475): CodeIgniter\Filters\Filters->run('api/profile', 'before')
 3 SYSTEMPATH\CodeIgniter.php(361): CodeIgniter\CodeIgniter->handleRequest(null, Object(Config\Cache), false)
 4 FCPATH\index.php(79): CodeIgniter\CodeIgniter->run()
INFO - 2026-02-22 16:04:23 --> Session: Class initialized using 'CodeIgniter\Session\Handlers\FileHandler' driver.
WARNING - 2026-02-22 16:04:23 --> [DEPRECATED] Creation of dynamic property CodeIgniter\HTTP\IncomingRequest::$user is deprecated in APPPATH\Filters\JwtAuthWeb.php on line 32.
 1 SYSTEMPATH\Filters\Filters.php(182): App\Filters\JwtAuthWeb->before(Object(CodeIgniter\HTTP\IncomingRequest), null)
 2 SYSTEMPATH\CodeIgniter.php(475): CodeIgniter\Filters\Filters->run('setting/getOffice', 'before')
 3 SYSTEMPATH\CodeIgniter.php(361): CodeIgniter\CodeIgniter->handleRequest(null, Object(Config\Cache), false)
 4 FCPATH\index.php(79): CodeIgniter\CodeIgniter->run()
INFO - 2026-02-22 16:04:50 --> Session: Class initialized using 'CodeIgniter\Session\Handlers\FileHandler' driver.
WARNING - 2026-02-22 16:04:50 --> [DEPRECATED] Creation of dynamic property CodeIgniter\HTTP\IncomingRequest::$user is deprecated in APPPATH\Filters\JwtAuthWeb.php on line 32.
 1 SYSTEMPATH\Filters\Filters.php(182): App\Filters\JwtAuthWeb->before(Object(CodeIgniter\HTTP\IncomingRequest), null)
 2 SYSTEMPATH\CodeIgniter.php(475): CodeIgniter\Filters\Filters->run('setting/office-page', 'before')
 3 SYSTEMPATH\CodeIgniter.php(361): CodeIgniter\CodeIgniter->handleRequest(null, Object(Config\Cache), false)
 4 FCPATH\index.php(79): CodeIgniter\CodeIgniter->run()
WARNING - 2026-02-22 16:04:51 --> [DEPRECATED] Creation of dynamic property CodeIgniter\HTTP\IncomingRequest::$user is deprecated in APPPATH\Filters\JwtAuth.php on line 47.
 1 SYSTEMPATH\Filters\Filters.php(182): App\Filters\JwtAuth->before(Object(CodeIgniter\HTTP\IncomingRequest), null)
 2 SYSTEMPATH\CodeIgniter.php(475): CodeIgniter\Filters\Filters->run('api/profile', 'before')
 3 SYSTEMPATH\CodeIgniter.php(361): CodeIgniter\CodeIgniter->handleRequest(null, Object(Config\Cache), false)
 4 FCPATH\index.php(79): CodeIgniter\CodeIgniter->run()
INFO - 2026-02-22 16:04:51 --> Session: Class initialized using 'CodeIgniter\Session\Handlers\FileHandler' driver.
WARNING - 2026-02-22 16:04:51 --> [DEPRECATED] Creation of dynamic property CodeIgniter\HTTP\IncomingRequest::$user is deprecated in APPPATH\Filters\JwtAuthWeb.php on line 32.
 1 SYSTEMPATH\Filters\Filters.php(182): App\Filters\JwtAuthWeb->before(Object(CodeIgniter\HTTP\IncomingRequest), null)
 2 SYSTEMPATH\CodeIgniter.php(475): CodeIgniter\Filters\Filters->run('setting/getOffice', 'before')
 3 SYSTEMPATH\CodeIgniter.php(361): CodeIgniter\CodeIgniter->handleRequest(null, Object(Config\Cache), false)
 4 FCPATH\index.php(79): CodeIgniter\CodeIgniter->run()
INFO - 2026-02-22 16:06:23 --> Session: Class initialized using 'CodeIgniter\Session\Handlers\FileHandler' driver.
WARNING - 2026-02-22 16:06:23 --> [DEPRECATED] Creation of dynamic property CodeIgniter\HTTP\IncomingRequest::$user is deprecated in APPPATH\Filters\JwtAuthWeb.php on line 32.
 1 SYSTEMPATH\Filters\Filters.php(182): App\Filters\JwtAuthWeb->before(Object(CodeIgniter\HTTP\IncomingRequest), null)
 2 SYSTEMPATH\CodeIgniter.php(475): CodeIgniter\Filters\Filters->run('setting/office-page', 'before')
 3 SYSTEMPATH\CodeIgniter.php(361): CodeIgniter\CodeIgniter->handleRequest(null, Object(Config\Cache), false)
 4 FCPATH\index.php(79): CodeIgniter\CodeIgniter->run()
WARNING - 2026-02-22 16:06:24 --> [DEPRECATED] Creation of dynamic property CodeIgniter\HTTP\IncomingRequest::$user is deprecated in APPPATH\Filters\JwtAuth.php on line 47.
 1 SYSTEMPATH\Filters\Filters.php(182): App\Filters\JwtAuth->before(Object(CodeIgniter\HTTP\IncomingRequest), null)
 2 SYSTEMPATH\CodeIgniter.php(475): CodeIgniter\Filters\Filters->run('api/profile', 'before')
 3 SYSTEMPATH\CodeIgniter.php(361): CodeIgniter\CodeIgniter->handleRequest(null, Object(Config\Cache), false)
 4 FCPATH\index.php(79): CodeIgniter\CodeIgniter->run()
INFO - 2026-02-22 16:06:24 --> Session: Class initialized using 'CodeIgniter\Session\Handlers\FileHandler' driver.
WARNING - 2026-02-22 16:06:24 --> [DEPRECATED] Creation of dynamic property CodeIgniter\HTTP\IncomingRequest::$user is deprecated in APPPATH\Filters\JwtAuthWeb.php on line 32.
 1 SYSTEMPATH\Filters\Filters.php(182): App\Filters\JwtAuthWeb->before(Object(CodeIgniter\HTTP\IncomingRequest), null)
 2 SYSTEMPATH\CodeIgniter.php(475): CodeIgniter\Filters\Filters->run('setting/getOffice', 'before')
 3 SYSTEMPATH\CodeIgniter.php(361): CodeIgniter\CodeIgniter->handleRequest(null, Object(Config\Cache), false)
 4 FCPATH\index.php(79): CodeIgniter\CodeIgniter->run()
INFO - 2026-02-22 16:06:30 --> Session: Class initialized using 'CodeIgniter\Session\Handlers\FileHandler' driver.
WARNING - 2026-02-22 16:06:30 --> [DEPRECATED] Creation of dynamic property CodeIgniter\HTTP\IncomingRequest::$user is deprecated in APPPATH\Filters\JwtAuthWeb.php on line 32.
 1 SYSTEMPATH\Filters\Filters.php(182): App\Filters\JwtAuthWeb->before(Object(CodeIgniter\HTTP\IncomingRequest), null)
 2 SYSTEMPATH\CodeIgniter.php(475): CodeIgniter\Filters\Filters->run('setting/office-page', 'before')
 3 SYSTEMPATH\CodeIgniter.php(361): CodeIgniter\CodeIgniter->handleRequest(null, Object(Config\Cache), false)
 4 FCPATH\index.php(79): CodeIgniter\CodeIgniter->run()
WARNING - 2026-02-22 16:06:31 --> [DEPRECATED] Creation of dynamic property CodeIgniter\HTTP\IncomingRequest::$user is deprecated in APPPATH\Filters\JwtAuth.php on line 47.
 1 SYSTEMPATH\Filters\Filters.php(182): App\Filters\JwtAuth->before(Object(CodeIgniter\HTTP\IncomingRequest), null)
 2 SYSTEMPATH\CodeIgniter.php(475): CodeIgniter\Filters\Filters->run('api/profile', 'before')
 3 SYSTEMPATH\CodeIgniter.php(361): CodeIgniter\CodeIgniter->handleRequest(null, Object(Config\Cache), false)
 4 FCPATH\index.php(79): CodeIgniter\CodeIgniter->run()
INFO - 2026-02-22 16:06:31 --> Session: Class initialized using 'CodeIgniter\Session\Handlers\FileHandler' driver.
WARNING - 2026-02-22 16:06:31 --> [DEPRECATED] Creation of dynamic property CodeIgniter\HTTP\IncomingRequest::$user is deprecated in APPPATH\Filters\JwtAuthWeb.php on line 32.
 1 SYSTEMPATH\Filters\Filters.php(182): App\Filters\JwtAuthWeb->before(Object(CodeIgniter\HTTP\IncomingRequest), null)
 2 SYSTEMPATH\CodeIgniter.php(475): CodeIgniter\Filters\Filters->run('setting/getOffice', 'before')
 3 SYSTEMPATH\CodeIgniter.php(361): CodeIgniter\CodeIgniter->handleRequest(null, Object(Config\Cache), false)
 4 FCPATH\index.php(79): CodeIgniter\CodeIgniter->run()
INFO - 2026-02-22 16:07:19 --> Session: Class initialized using 'CodeIgniter\Session\Handlers\FileHandler' driver.
WARNING - 2026-02-22 16:07:19 --> [DEPRECATED] Creation of dynamic property CodeIgniter\HTTP\IncomingRequest::$user is deprecated in APPPATH\Filters\JwtAuthWeb.php on line 32.
 1 SYSTEMPATH\Filters\Filters.php(182): App\Filters\JwtAuthWeb->before(Object(CodeIgniter\HTTP\IncomingRequest), null)
 2 SYSTEMPATH\CodeIgniter.php(475): CodeIgniter\Filters\Filters->run('setting/office-page', 'before')
 3 SYSTEMPATH\CodeIgniter.php(361): CodeIgniter\CodeIgniter->handleRequest(null, Object(Config\Cache), false)
 4 FCPATH\index.php(79): CodeIgniter\CodeIgniter->run()
WARNING - 2026-02-22 16:07:20 --> [DEPRECATED] Creation of dynamic property CodeIgniter\HTTP\IncomingRequest::$user is deprecated in APPPATH\Filters\JwtAuth.php on line 47.
 1 SYSTEMPATH\Filters\Filters.php(182): App\Filters\JwtAuth->before(Object(CodeIgniter\HTTP\IncomingRequest), null)
 2 SYSTEMPATH\CodeIgniter.php(475): CodeIgniter\Filters\Filters->run('api/profile', 'before')
 3 SYSTEMPATH\CodeIgniter.php(361): CodeIgniter\CodeIgniter->handleRequest(null, Object(Config\Cache), false)
 4 FCPATH\index.php(79): CodeIgniter\CodeIgniter->run()
INFO - 2026-02-22 16:07:20 --> Session: Class initialized using 'CodeIgniter\Session\Handlers\FileHandler' driver.
WARNING - 2026-02-22 16:07:20 --> [DEPRECATED] Creation of dynamic property CodeIgniter\HTTP\IncomingRequest::$user is deprecated in APPPATH\Filters\JwtAuthWeb.php on line 32.
 1 SYSTEMPATH\Filters\Filters.php(182): App\Filters\JwtAuthWeb->before(Object(CodeIgniter\HTTP\IncomingRequest), null)
 2 SYSTEMPATH\CodeIgniter.php(475): CodeIgniter\Filters\Filters->run('setting/getOffice', 'before')
 3 SYSTEMPATH\CodeIgniter.php(361): CodeIgniter\CodeIgniter->handleRequest(null, Object(Config\Cache), false)
 4 FCPATH\index.php(79): CodeIgniter\CodeIgniter->run()
INFO - 2026-02-22 16:08:00 --> Session: Class initialized using 'CodeIgniter\Session\Handlers\FileHandler' driver.
WARNING - 2026-02-22 16:08:00 --> [DEPRECATED] Creation of dynamic property CodeIgniter\HTTP\IncomingRequest::$user is deprecated in APPPATH\Filters\JwtAuthWeb.php on line 32.
 1 SYSTEMPATH\Filters\Filters.php(182): App\Filters\JwtAuthWeb->before(Object(CodeIgniter\HTTP\IncomingRequest), null)
 2 SYSTEMPATH\CodeIgniter.php(475): CodeIgniter\Filters\Filters->run('setting/office-page', 'before')
 3 SYSTEMPATH\CodeIgniter.php(361): CodeIgniter\CodeIgniter->handleRequest(null, Object(Config\Cache), false)
 4 FCPATH\index.php(79): CodeIgniter\CodeIgniter->run()
WARNING - 2026-02-22 16:08:01 --> [DEPRECATED] Creation of dynamic property CodeIgniter\HTTP\IncomingRequest::$user is deprecated in APPPATH\Filters\JwtAuth.php on line 47.
 1 SYSTEMPATH\Filters\Filters.php(182): App\Filters\JwtAuth->before(Object(CodeIgniter\HTTP\IncomingRequest), null)
 2 SYSTEMPATH\CodeIgniter.php(475): CodeIgniter\Filters\Filters->run('api/profile', 'before')
 3 SYSTEMPATH\CodeIgniter.php(361): CodeIgniter\CodeIgniter->handleRequest(null, Object(Config\Cache), false)
 4 FCPATH\index.php(79): CodeIgniter\CodeIgniter->run()
INFO - 2026-02-22 16:08:01 --> Session: Class initialized using 'CodeIgniter\Session\Handlers\FileHandler' driver.
WARNING - 2026-02-22 16:08:01 --> [DEPRECATED] Creation of dynamic property CodeIgniter\HTTP\IncomingRequest::$user is deprecated in APPPATH\Filters\JwtAuthWeb.php on line 32.
 1 SYSTEMPATH\Filters\Filters.php(182): App\Filters\JwtAuthWeb->before(Object(CodeIgniter\HTTP\IncomingRequest), null)
 2 SYSTEMPATH\CodeIgniter.php(475): CodeIgniter\Filters\Filters->run('setting/getOffice', 'before')
 3 SYSTEMPATH\CodeIgniter.php(361): CodeIgniter\CodeIgniter->handleRequest(null, Object(Config\Cache), false)
 4 FCPATH\index.php(79): CodeIgniter\CodeIgniter->run()
INFO - 2026-02-22 16:08:25 --> Session: Class initialized using 'CodeIgniter\Session\Handlers\FileHandler' driver.
WARNING - 2026-02-22 16:08:25 --> [DEPRECATED] Creation of dynamic property CodeIgniter\HTTP\IncomingRequest::$user is deprecated in APPPATH\Filters\JwtAuthWeb.php on line 32.
 1 SYSTEMPATH\Filters\Filters.php(182): App\Filters\JwtAuthWeb->before(Object(CodeIgniter\HTTP\IncomingRequest), null)
 2 SYSTEMPATH\CodeIgniter.php(475): CodeIgniter\Filters\Filters->run('setting/office-page', 'before')
 3 SYSTEMPATH\CodeIgniter.php(361): CodeIgniter\CodeIgniter->handleRequest(null, Object(Config\Cache), false)
 4 FCPATH\index.php(79): CodeIgniter\CodeIgniter->run()
WARNING - 2026-02-22 16:08:25 --> [DEPRECATED] Creation of dynamic property CodeIgniter\HTTP\IncomingRequest::$user is deprecated in APPPATH\Filters\JwtAuth.php on line 47.
 1 SYSTEMPATH\Filters\Filters.php(182): App\Filters\JwtAuth->before(Object(CodeIgniter\HTTP\IncomingRequest), null)
 2 SYSTEMPATH\CodeIgniter.php(475): CodeIgniter\Filters\Filters->run('api/profile', 'before')
 3 SYSTEMPATH\CodeIgniter.php(361): CodeIgniter\CodeIgniter->handleRequest(null, Object(Config\Cache), false)
 4 FCPATH\index.php(79): CodeIgniter\CodeIgniter->run()
INFO - 2026-02-22 16:08:25 --> Session: Class initialized using 'CodeIgniter\Session\Handlers\FileHandler' driver.
WARNING - 2026-02-22 16:08:25 --> [DEPRECATED] Creation of dynamic property CodeIgniter\HTTP\IncomingRequest::$user is deprecated in APPPATH\Filters\JwtAuthWeb.php on line 32.
 1 SYSTEMPATH\Filters\Filters.php(182): App\Filters\JwtAuthWeb->before(Object(CodeIgniter\HTTP\IncomingRequest), null)
 2 SYSTEMPATH\CodeIgniter.php(475): CodeIgniter\Filters\Filters->run('setting/getOffice', 'before')
 3 SYSTEMPATH\CodeIgniter.php(361): CodeIgniter\CodeIgniter->handleRequest(null, Object(Config\Cache), false)
 4 FCPATH\index.php(79): CodeIgniter\CodeIgniter->run()
INFO - 2026-02-22 16:09:23 --> Session: Class initialized using 'CodeIgniter\Session\Handlers\FileHandler' driver.
WARNING - 2026-02-22 16:09:23 --> [DEPRECATED] Creation of dynamic property CodeIgniter\HTTP\IncomingRequest::$user is deprecated in APPPATH\Filters\JwtAuthWeb.php on line 32.
 1 SYSTEMPATH\Filters\Filters.php(182): App\Filters\JwtAuthWeb->before(Object(CodeIgniter\HTTP\IncomingRequest), null)
 2 SYSTEMPATH\CodeIgniter.php(475): CodeIgniter\Filters\Filters->run('setting/office-page', 'before')
 3 SYSTEMPATH\CodeIgniter.php(361): CodeIgniter\CodeIgniter->handleRequest(null, Object(Config\Cache), false)
 4 FCPATH\index.php(79): CodeIgniter\CodeIgniter->run()
WARNING - 2026-02-22 16:09:24 --> [DEPRECATED] Creation of dynamic property CodeIgniter\HTTP\IncomingRequest::$user is deprecated in APPPATH\Filters\JwtAuth.php on line 47.
 1 SYSTEMPATH\Filters\Filters.php(182): App\Filters\JwtAuth->before(Object(CodeIgniter\HTTP\IncomingRequest), null)
 2 SYSTEMPATH\CodeIgniter.php(475): CodeIgniter\Filters\Filters->run('api/profile', 'before')
 3 SYSTEMPATH\CodeIgniter.php(361): CodeIgniter\CodeIgniter->handleRequest(null, Object(Config\Cache), false)
 4 FCPATH\index.php(79): CodeIgniter\CodeIgniter->run()
INFO - 2026-02-22 16:09:24 --> Session: Class initialized using 'CodeIgniter\Session\Handlers\FileHandler' driver.
WARNING - 2026-02-22 16:09:24 --> [DEPRECATED] Creation of dynamic property CodeIgniter\HTTP\IncomingRequest::$user is deprecated in APPPATH\Filters\JwtAuthWeb.php on line 32.
 1 SYSTEMPATH\Filters\Filters.php(182): App\Filters\JwtAuthWeb->before(Object(CodeIgniter\HTTP\IncomingRequest), null)
 2 SYSTEMPATH\CodeIgniter.php(475): CodeIgniter\Filters\Filters->run('setting/getOffice', 'before')
 3 SYSTEMPATH\CodeIgniter.php(361): CodeIgniter\CodeIgniter->handleRequest(null, Object(Config\Cache), false)
 4 FCPATH\index.php(79): CodeIgniter\CodeIgniter->run()
INFO - 2026-02-22 16:09:45 --> Session: Class initialized using 'CodeIgniter\Session\Handlers\FileHandler' driver.
WARNING - 2026-02-22 16:09:45 --> [DEPRECATED] Creation of dynamic property CodeIgniter\HTTP\IncomingRequest::$user is deprecated in APPPATH\Filters\JwtAuthWeb.php on line 32.
 1 SYSTEMPATH\Filters\Filters.php(182): App\Filters\JwtAuthWeb->before(Object(CodeIgniter\HTTP\IncomingRequest), null)
 2 SYSTEMPATH\CodeIgniter.php(475): CodeIgniter\Filters\Filters->run('setting/office-page', 'before')
 3 SYSTEMPATH\CodeIgniter.php(361): CodeIgniter\CodeIgniter->handleRequest(null, Object(Config\Cache), false)
 4 FCPATH\index.php(79): CodeIgniter\CodeIgniter->run()
WARNING - 2026-02-22 16:09:46 --> [DEPRECATED] Creation of dynamic property CodeIgniter\HTTP\IncomingRequest::$user is deprecated in APPPATH\Filters\JwtAuth.php on line 47.
 1 SYSTEMPATH\Filters\Filters.php(182): App\Filters\JwtAuth->before(Object(CodeIgniter\HTTP\IncomingRequest), null)
 2 SYSTEMPATH\CodeIgniter.php(475): CodeIgniter\Filters\Filters->run('api/profile', 'before')
 3 SYSTEMPATH\CodeIgniter.php(361): CodeIgniter\CodeIgniter->handleRequest(null, Object(Config\Cache), false)
 4 FCPATH\index.php(79): CodeIgniter\CodeIgniter->run()
INFO - 2026-02-22 16:09:46 --> Session: Class initialized using 'CodeIgniter\Session\Handlers\FileHandler' driver.
WARNING - 2026-02-22 16:09:46 --> [DEPRECATED] Creation of dynamic property CodeIgniter\HTTP\IncomingRequest::$user is deprecated in APPPATH\Filters\JwtAuthWeb.php on line 32.
 1 SYSTEMPATH\Filters\Filters.php(182): App\Filters\JwtAuthWeb->before(Object(CodeIgniter\HTTP\IncomingRequest), null)
 2 SYSTEMPATH\CodeIgniter.php(475): CodeIgniter\Filters\Filters->run('setting/getOffice', 'before')
 3 SYSTEMPATH\CodeIgniter.php(361): CodeIgniter\CodeIgniter->handleRequest(null, Object(Config\Cache), false)
 4 FCPATH\index.php(79): CodeIgniter\CodeIgniter->run()
CRITICAL - 2026-02-22 16:39:31 --> Error: Call to undefined method CodeIgniter\Router\RouteCollection::mathch()
in APPPATH\Config\Routes.php on line 57.
 1 SYSTEMPATH\Router\RouteCollection.php(779): CodeIgniter\Router\RouteCollection::{closure}(Object(CodeIgniter\Router\RouteCollection))
 2 APPPATH\Config\Routes.php(36): CodeIgniter\Router\RouteCollection->group('setting', [...], Object(Closure))
 3 SYSTEMPATH\Router\RouteCollection.php(345): require('D:\\xampp6\\htdocs\\project-jwt\\app\\Config\\Routes.php')
 4 SYSTEMPATH\CodeIgniter.php(811): CodeIgniter\Router\RouteCollection->loadRoutes()
 5 SYSTEMPATH\CodeIgniter.php(450): CodeIgniter\CodeIgniter->tryToRouteIt(null)
 6 SYSTEMPATH\CodeIgniter.php(361): CodeIgniter\CodeIgniter->handleRequest(null, Object(Config\Cache), false)
 7 FCPATH\index.php(79): CodeIgniter\CodeIgniter->run()
INFO - 2026-02-22 16:39:46 --> Session: Class initialized using 'CodeIgniter\Session\Handlers\FileHandler' driver.
WARNING - 2026-02-22 16:39:46 --> [DEPRECATED] Creation of dynamic property CodeIgniter\HTTP\IncomingRequest::$user is deprecated in APPPATH\Filters\JwtAuthWeb.php on line 32.
 1 SYSTEMPATH\Filters\Filters.php(182): App\Filters\JwtAuthWeb->before(Object(CodeIgniter\HTTP\IncomingRequest), null)
 2 SYSTEMPATH\CodeIgniter.php(475): CodeIgniter\Filters\Filters->run('setting/office-page', 'before')
 3 SYSTEMPATH\CodeIgniter.php(361): CodeIgniter\CodeIgniter->handleRequest(null, Object(Config\Cache), false)
 4 FCPATH\index.php(79): CodeIgniter\CodeIgniter->run()
WARNING - 2026-02-22 16:39:46 --> [DEPRECATED] Creation of dynamic property CodeIgniter\HTTP\IncomingRequest::$user is deprecated in APPPATH\Filters\JwtAuth.php on line 47.
 1 SYSTEMPATH\Filters\Filters.php(182): App\Filters\JwtAuth->before(Object(CodeIgniter\HTTP\IncomingRequest), null)
 2 SYSTEMPATH\CodeIgniter.php(475): CodeIgniter\Filters\Filters->run('api/profile', 'before')
 3 SYSTEMPATH\CodeIgniter.php(361): CodeIgniter\CodeIgniter->handleRequest(null, Object(Config\Cache), false)
 4 FCPATH\index.php(79): CodeIgniter\CodeIgniter->run()
INFO - 2026-02-22 16:39:46 --> Session: Class initialized using 'CodeIgniter\Session\Handlers\FileHandler' driver.
WARNING - 2026-02-22 16:39:46 --> [DEPRECATED] Creation of dynamic property CodeIgniter\HTTP\IncomingRequest::$user is deprecated in APPPATH\Filters\JwtAuthWeb.php on line 32.
 1 SYSTEMPATH\Filters\Filters.php(182): App\Filters\JwtAuthWeb->before(Object(CodeIgniter\HTTP\IncomingRequest), null)
 2 SYSTEMPATH\CodeIgniter.php(475): CodeIgniter\Filters\Filters->run('setting/getOffice', 'before')
 3 SYSTEMPATH\CodeIgniter.php(361): CodeIgniter\CodeIgniter->handleRequest(null, Object(Config\Cache), false)
 4 FCPATH\index.php(79): CodeIgniter\CodeIgniter->run()
INFO - 2026-02-22 16:42:02 --> Session: Class initialized using 'CodeIgniter\Session\Handlers\FileHandler' driver.
WARNING - 2026-02-22 16:42:02 --> [DEPRECATED] Creation of dynamic property CodeIgniter\HTTP\IncomingRequest::$user is deprecated in APPPATH\Filters\JwtAuthWeb.php on line 32.
 1 SYSTEMPATH\Filters\Filters.php(182): App\Filters\JwtAuthWeb->before(Object(CodeIgniter\HTTP\IncomingRequest), null)
 2 SYSTEMPATH\CodeIgniter.php(475): CodeIgniter\Filters\Filters->run('setting/office-page', 'before')
 3 SYSTEMPATH\CodeIgniter.php(361): CodeIgniter\CodeIgniter->handleRequest(null, Object(Config\Cache), false)
 4 FCPATH\index.php(79): CodeIgniter\CodeIgniter->run()
WARNING - 2026-02-22 16:42:03 --> [DEPRECATED] Creation of dynamic property CodeIgniter\HTTP\IncomingRequest::$user is deprecated in APPPATH\Filters\JwtAuth.php on line 47.
 1 SYSTEMPATH\Filters\Filters.php(182): App\Filters\JwtAuth->before(Object(CodeIgniter\HTTP\IncomingRequest), null)
 2 SYSTEMPATH\CodeIgniter.php(475): CodeIgniter\Filters\Filters->run('api/profile', 'before')
 3 SYSTEMPATH\CodeIgniter.php(361): CodeIgniter\CodeIgniter->handleRequest(null, Object(Config\Cache), false)
 4 FCPATH\index.php(79): CodeIgniter\CodeIgniter->run()
INFO - 2026-02-22 16:42:03 --> Session: Class initialized using 'CodeIgniter\Session\Handlers\FileHandler' driver.
WARNING - 2026-02-22 16:42:03 --> [DEPRECATED] Creation of dynamic property CodeIgniter\HTTP\IncomingRequest::$user is deprecated in APPPATH\Filters\JwtAuthWeb.php on line 32.
 1 SYSTEMPATH\Filters\Filters.php(182): App\Filters\JwtAuthWeb->before(Object(CodeIgniter\HTTP\IncomingRequest), null)
 2 SYSTEMPATH\CodeIgniter.php(475): CodeIgniter\Filters\Filters->run('setting/getOffice', 'before')
 3 SYSTEMPATH\CodeIgniter.php(361): CodeIgniter\CodeIgniter->handleRequest(null, Object(Config\Cache), false)
 4 FCPATH\index.php(79): CodeIgniter\CodeIgniter->run()
INFO - 2026-02-22 16:43:14 --> Session: Class initialized using 'CodeIgniter\Session\Handlers\FileHandler' driver.
WARNING - 2026-02-22 16:43:14 --> [DEPRECATED] Creation of dynamic property CodeIgniter\HTTP\IncomingRequest::$user is deprecated in APPPATH\Filters\JwtAuthWeb.php on line 32.
 1 SYSTEMPATH\Filters\Filters.php(182): App\Filters\JwtAuthWeb->before(Object(CodeIgniter\HTTP\IncomingRequest), null)
 2 SYSTEMPATH\CodeIgniter.php(475): CodeIgniter\Filters\Filters->run('setting/office-page', 'before')
 3 SYSTEMPATH\CodeIgniter.php(361): CodeIgniter\CodeIgniter->handleRequest(null, Object(Config\Cache), false)
 4 FCPATH\index.php(79): CodeIgniter\CodeIgniter->run()
WARNING - 2026-02-22 16:43:14 --> [DEPRECATED] Creation of dynamic property CodeIgniter\HTTP\IncomingRequest::$user is deprecated in APPPATH\Filters\JwtAuth.php on line 47.
 1 SYSTEMPATH\Filters\Filters.php(182): App\Filters\JwtAuth->before(Object(CodeIgniter\HTTP\IncomingRequest), null)
 2 SYSTEMPATH\CodeIgniter.php(475): CodeIgniter\Filters\Filters->run('api/profile', 'before')
 3 SYSTEMPATH\CodeIgniter.php(361): CodeIgniter\CodeIgniter->handleRequest(null, Object(Config\Cache), false)
 4 FCPATH\index.php(79): CodeIgniter\CodeIgniter->run()
INFO - 2026-02-22 16:43:14 --> Session: Class initialized using 'CodeIgniter\Session\Handlers\FileHandler' driver.
WARNING - 2026-02-22 16:43:14 --> [DEPRECATED] Creation of dynamic property CodeIgniter\HTTP\IncomingRequest::$user is deprecated in APPPATH\Filters\JwtAuthWeb.php on line 32.
 1 SYSTEMPATH\Filters\Filters.php(182): App\Filters\JwtAuthWeb->before(Object(CodeIgniter\HTTP\IncomingRequest), null)
 2 SYSTEMPATH\CodeIgniter.php(475): CodeIgniter\Filters\Filters->run('setting/getOffice', 'before')
 3 SYSTEMPATH\CodeIgniter.php(361): CodeIgniter\CodeIgniter->handleRequest(null, Object(Config\Cache), false)
 4 FCPATH\index.php(79): CodeIgniter\CodeIgniter->run()
INFO - 2026-02-22 16:43:21 --> Session: Class initialized using 'CodeIgniter\Session\Handlers\FileHandler' driver.
WARNING - 2026-02-22 16:43:21 --> [DEPRECATED] Creation of dynamic property CodeIgniter\HTTP\IncomingRequest::$user is deprecated in APPPATH\Filters\JwtAuthWeb.php on line 32.
 1 SYSTEMPATH\Filters\Filters.php(182): App\Filters\JwtAuthWeb->before(Object(CodeIgniter\HTTP\IncomingRequest), null)
 2 SYSTEMPATH\CodeIgniter.php(475): CodeIgniter\Filters\Filters->run('setting/add_setting', 'before')
 3 SYSTEMPATH\CodeIgniter.php(361): CodeIgniter\CodeIgniter->handleRequest(null, Object(Config\Cache), false)
 4 FCPATH\index.php(79): CodeIgniter\CodeIgniter->run()
ERROR - 2026-02-22 16:43:21 --> mysqli_sql_exception: Table 'ltcbase.ltc_settting' doesn't exist in D:\xampp6\htdocs\project-jwt\vendor\codeigniter4\framework\system\Database\MySQLi\Connection.php:306
Stack trace:
#0 D:\xampp6\htdocs\project-jwt\vendor\codeigniter4\framework\system\Database\MySQLi\Connection.php(306): mysqli->query('INSERT INTO `lt...', 0)
#1 D:\xampp6\htdocs\project-jwt\vendor\codeigniter4\framework\system\Database\BaseConnection.php(693): CodeIgniter\Database\MySQLi\Connection->execute('INSERT INTO `lt...')
#2 D:\xampp6\htdocs\project-jwt\vendor\codeigniter4\framework\system\Database\BaseConnection.php(607): CodeIgniter\Database\BaseConnection->simpleQuery('INSERT INTO `lt...')
#3 D:\xampp6\htdocs\project-jwt\vendor\codeigniter4\framework\system\Database\BaseBuilder.php(2307): CodeIgniter\Database\BaseConnection->query('INSERT INTO `lt...', Array, false)
#4 D:\xampp6\htdocs\project-jwt\vendor\codeigniter4\framework\system\Model.php(327): CodeIgniter\Database\BaseBuilder->insert()
#5 D:\xampp6\htdocs\project-jwt\vendor\codeigniter4\framework\system\BaseModel.php(805): CodeIgniter\Model->doInsert(Array)
#6 D:\xampp6\htdocs\project-jwt\vendor\codeigniter4\framework\system\Model.php(749): CodeIgniter\BaseModel->insert(Array, true)
#7 D:\xampp6\htdocs\project-jwt\app\Controllers\Admin.php(248): CodeIgniter\Model->insert(Array)
#8 D:\xampp6\htdocs\project-jwt\vendor\codeigniter4\framework\system\CodeIgniter.php(943): App\Controllers\Admin->add_setting()
#9 D:\xampp6\htdocs\project-jwt\vendor\codeigniter4\framework\system\CodeIgniter.php(503): CodeIgniter\CodeIgniter->runController(Object(App\Controllers\Admin))
#10 D:\xampp6\htdocs\project-jwt\vendor\codeigniter4\framework\system\CodeIgniter.php(361): CodeIgniter\CodeIgniter->handleRequest(NULL, Object(Config\Cache), false)
#11 D:\xampp6\htdocs\project-jwt\public\index.php(79): CodeIgniter\CodeIgniter->run()
#12 {main}
CRITICAL - 2026-02-22 16:43:21 --> CodeIgniter\Database\Exceptions\DatabaseException: Table 'ltcbase.ltc_settting' doesn't exist
in SYSTEMPATH\Database\BaseConnection.php on line 647.
 1 SYSTEMPATH\Database\BaseBuilder.php(2307): CodeIgniter\Database\BaseConnection->query('INSERT INTO `ltc_settting` (`type_pay`, `perhour`, `permonth`) VALUES (:type_pay:, :perhour:, :permonth:)', [...], false)
 2 SYSTEMPATH\Model.php(327): CodeIgniter\Database\BaseBuilder->insert()
 3 SYSTEMPATH\BaseModel.php(805): CodeIgniter\Model->doInsert([...])
 4 SYSTEMPATH\Model.php(749): CodeIgniter\BaseModel->insert([...], true)
 5 APPPATH\Controllers\Admin.php(248): CodeIgniter\Model->insert([...])
 6 SYSTEMPATH\CodeIgniter.php(943): App\Controllers\Admin->add_setting()
 7 SYSTEMPATH\CodeIgniter.php(503): CodeIgniter\CodeIgniter->runController(Object(App\Controllers\Admin))
 8 SYSTEMPATH\CodeIgniter.php(361): CodeIgniter\CodeIgniter->handleRequest(null, Object(Config\Cache), false)
 9 FCPATH\index.php(79): CodeIgniter\CodeIgniter->run()
CRITICAL - 2026-02-22 16:43:21 --> [Caused by] CodeIgniter\Database\Exceptions\DatabaseException: Table 'ltcbase.ltc_settting' doesn't exist
in SYSTEMPATH\Database\MySQLi\Connection.php on line 311.
 1 SYSTEMPATH\Database\BaseConnection.php(693): CodeIgniter\Database\MySQLi\Connection->execute('INSERT INTO `ltc_settting` (`type_pay`, `perhour`, `permonth`) VALUES (\'1\', \'\', \'3500\')')
 2 SYSTEMPATH\Database\BaseConnection.php(607): CodeIgniter\Database\BaseConnection->simpleQuery('INSERT INTO `ltc_settting` (`type_pay`, `perhour`, `permonth`) VALUES (\'1\', \'\', \'3500\')')
 3 SYSTEMPATH\Database\BaseBuilder.php(2307): CodeIgniter\Database\BaseConnection->query('INSERT INTO `ltc_settting` (`type_pay`, `perhour`, `permonth`) VALUES (:type_pay:, :perhour:, :permonth:)', [...], false)
 4 SYSTEMPATH\Model.php(327): CodeIgniter\Database\BaseBuilder->insert()
 5 SYSTEMPATH\BaseModel.php(805): CodeIgniter\Model->doInsert([...])
 6 SYSTEMPATH\Model.php(749): CodeIgniter\BaseModel->insert([...], true)
 7 APPPATH\Controllers\Admin.php(248): CodeIgniter\Model->insert([...])
 8 SYSTEMPATH\CodeIgniter.php(943): App\Controllers\Admin->add_setting()
 9 SYSTEMPATH\CodeIgniter.php(503): CodeIgniter\CodeIgniter->runController(Object(App\Controllers\Admin))
10 SYSTEMPATH\CodeIgniter.php(361): CodeIgniter\CodeIgniter->handleRequest(null, Object(Config\Cache), false)
11 FCPATH\index.php(79): CodeIgniter\CodeIgniter->run()
CRITICAL - 2026-02-22 16:43:21 --> [Caused by] mysqli_sql_exception: Table 'ltcbase.ltc_settting' doesn't exist
in SYSTEMPATH\Database\MySQLi\Connection.php on line 306.
 1 SYSTEMPATH\Database\MySQLi\Connection.php(306): mysqli->query('INSERT INTO `ltc_settting` (`type_pay`, `perhour`, `permonth`) VALUES (\'1\', \'\', \'3500\')', 0)
 2 SYSTEMPATH\Database\BaseConnection.php(693): CodeIgniter\Database\MySQLi\Connection->execute('INSERT INTO `ltc_settting` (`type_pay`, `perhour`, `permonth`) VALUES (\'1\', \'\', \'3500\')')
 3 SYSTEMPATH\Database\BaseConnection.php(607): CodeIgniter\Database\BaseConnection->simpleQuery('INSERT INTO `ltc_settting` (`type_pay`, `perhour`, `permonth`) VALUES (\'1\', \'\', \'3500\')')
 4 SYSTEMPATH\Database\BaseBuilder.php(2307): CodeIgniter\Database\BaseConnection->query('INSERT INTO `ltc_settting` (`type_pay`, `perhour`, `permonth`) VALUES (:type_pay:, :perhour:, :permonth:)', [...], false)
 5 SYSTEMPATH\Model.php(327): CodeIgniter\Database\BaseBuilder->insert()
 6 SYSTEMPATH\BaseModel.php(805): CodeIgniter\Model->doInsert([...])
 7 SYSTEMPATH\Model.php(749): CodeIgniter\BaseModel->insert([...], true)
 8 APPPATH\Controllers\Admin.php(248): CodeIgniter\Model->insert([...])
 9 SYSTEMPATH\CodeIgniter.php(943): App\Controllers\Admin->add_setting()
10 SYSTEMPATH\CodeIgniter.php(503): CodeIgniter\CodeIgniter->runController(Object(App\Controllers\Admin))
11 SYSTEMPATH\CodeIgniter.php(361): CodeIgniter\CodeIgniter->handleRequest(null, Object(Config\Cache), false)
12 FCPATH\index.php(79): CodeIgniter\CodeIgniter->run()
INFO - 2026-02-22 16:43:30 --> Session: Class initialized using 'CodeIgniter\Session\Handlers\FileHandler' driver.
WARNING - 2026-02-22 16:43:30 --> [DEPRECATED] Creation of dynamic property CodeIgniter\HTTP\IncomingRequest::$user is deprecated in APPPATH\Filters\JwtAuthWeb.php on line 32.
 1 SYSTEMPATH\Filters\Filters.php(182): App\Filters\JwtAuthWeb->before(Object(CodeIgniter\HTTP\IncomingRequest), null)
 2 SYSTEMPATH\CodeIgniter.php(475): CodeIgniter\Filters\Filters->run('setting/add_setting', 'before')
 3 SYSTEMPATH\CodeIgniter.php(361): CodeIgniter\CodeIgniter->handleRequest(null, Object(Config\Cache), false)
 4 FCPATH\index.php(79): CodeIgniter\CodeIgniter->run()
ERROR - 2026-02-22 16:43:30 --> mysqli_sql_exception: Table 'ltcbase.ltc_settting' doesn't exist in D:\xampp6\htdocs\project-jwt\vendor\codeigniter4\framework\system\Database\MySQLi\Connection.php:306
Stack trace:
#0 D:\xampp6\htdocs\project-jwt\vendor\codeigniter4\framework\system\Database\MySQLi\Connection.php(306): mysqli->query('INSERT INTO `lt...', 0)
#1 D:\xampp6\htdocs\project-jwt\vendor\codeigniter4\framework\system\Database\BaseConnection.php(693): CodeIgniter\Database\MySQLi\Connection->execute('INSERT INTO `lt...')
#2 D:\xampp6\htdocs\project-jwt\vendor\codeigniter4\framework\system\Database\BaseConnection.php(607): CodeIgniter\Database\BaseConnection->simpleQuery('INSERT INTO `lt...')
#3 D:\xampp6\htdocs\project-jwt\vendor\codeigniter4\framework\system\Database\BaseBuilder.php(2307): CodeIgniter\Database\BaseConnection->query('INSERT INTO `lt...', Array, false)
#4 D:\xampp6\htdocs\project-jwt\vendor\codeigniter4\framework\system\Model.php(327): CodeIgniter\Database\BaseBuilder->insert()
#5 D:\xampp6\htdocs\project-jwt\vendor\codeigniter4\framework\system\BaseModel.php(805): CodeIgniter\Model->doInsert(Array)
#6 D:\xampp6\htdocs\project-jwt\vendor\codeigniter4\framework\system\Model.php(749): CodeIgniter\BaseModel->insert(Array, true)
#7 D:\xampp6\htdocs\project-jwt\app\Controllers\Admin.php(248): CodeIgniter\Model->insert(Array)
#8 D:\xampp6\htdocs\project-jwt\vendor\codeigniter4\framework\system\CodeIgniter.php(943): App\Controllers\Admin->add_setting()
#9 D:\xampp6\htdocs\project-jwt\vendor\codeigniter4\framework\system\CodeIgniter.php(503): CodeIgniter\CodeIgniter->runController(Object(App\Controllers\Admin))
#10 D:\xampp6\htdocs\project-jwt\vendor\codeigniter4\framework\system\CodeIgniter.php(361): CodeIgniter\CodeIgniter->handleRequest(NULL, Object(Config\Cache), false)
#11 D:\xampp6\htdocs\project-jwt\public\index.php(79): CodeIgniter\CodeIgniter->run()
#12 {main}
CRITICAL - 2026-02-22 16:43:30 --> CodeIgniter\Database\Exceptions\DatabaseException: Table 'ltcbase.ltc_settting' doesn't exist
in SYSTEMPATH\Database\BaseConnection.php on line 647.
 1 SYSTEMPATH\Database\BaseBuilder.php(2307): CodeIgniter\Database\BaseConnection->query('INSERT INTO `ltc_settting` (`type_pay`, `perhour`, `permonth`) VALUES (:type_pay:, :perhour:, :permonth:)', [...], false)
 2 SYSTEMPATH\Model.php(327): CodeIgniter\Database\BaseBuilder->insert()
 3 SYSTEMPATH\BaseModel.php(805): CodeIgniter\Model->doInsert([...])
 4 SYSTEMPATH\Model.php(749): CodeIgniter\BaseModel->insert([...], true)
 5 APPPATH\Controllers\Admin.php(248): CodeIgniter\Model->insert([...])
 6 SYSTEMPATH\CodeIgniter.php(943): App\Controllers\Admin->add_setting()
 7 SYSTEMPATH\CodeIgniter.php(503): CodeIgniter\CodeIgniter->runController(Object(App\Controllers\Admin))
 8 SYSTEMPATH\CodeIgniter.php(361): CodeIgniter\CodeIgniter->handleRequest(null, Object(Config\Cache), false)
 9 FCPATH\index.php(79): CodeIgniter\CodeIgniter->run()
CRITICAL - 2026-02-22 16:43:30 --> [Caused by] CodeIgniter\Database\Exceptions\DatabaseException: Table 'ltcbase.ltc_settting' doesn't exist
in SYSTEMPATH\Database\MySQLi\Connection.php on line 311.
 1 SYSTEMPATH\Database\BaseConnection.php(693): CodeIgniter\Database\MySQLi\Connection->execute('INSERT INTO `ltc_settting` (`type_pay`, `perhour`, `permonth`) VALUES (NULL, NULL, NULL)')
 2 SYSTEMPATH\Database\BaseConnection.php(607): CodeIgniter\Database\BaseConnection->simpleQuery('INSERT INTO `ltc_settting` (`type_pay`, `perhour`, `permonth`) VALUES (NULL, NULL, NULL)')
 3 SYSTEMPATH\Database\BaseBuilder.php(2307): CodeIgniter\Database\BaseConnection->query('INSERT INTO `ltc_settting` (`type_pay`, `perhour`, `permonth`) VALUES (:type_pay:, :perhour:, :permonth:)', [...], false)
 4 SYSTEMPATH\Model.php(327): CodeIgniter\Database\BaseBuilder->insert()
 5 SYSTEMPATH\BaseModel.php(805): CodeIgniter\Model->doInsert([...])
 6 SYSTEMPATH\Model.php(749): CodeIgniter\BaseModel->insert([...], true)
 7 APPPATH\Controllers\Admin.php(248): CodeIgniter\Model->insert([...])
 8 SYSTEMPATH\CodeIgniter.php(943): App\Controllers\Admin->add_setting()
 9 SYSTEMPATH\CodeIgniter.php(503): CodeIgniter\CodeIgniter->runController(Object(App\Controllers\Admin))
10 SYSTEMPATH\CodeIgniter.php(361): CodeIgniter\CodeIgniter->handleRequest(null, Object(Config\Cache), false)
11 FCPATH\index.php(79): CodeIgniter\CodeIgniter->run()
CRITICAL - 2026-02-22 16:43:30 --> [Caused by] mysqli_sql_exception: Table 'ltcbase.ltc_settting' doesn't exist
in SYSTEMPATH\Database\MySQLi\Connection.php on line 306.
 1 SYSTEMPATH\Database\MySQLi\Connection.php(306): mysqli->query('INSERT INTO `ltc_settting` (`type_pay`, `perhour`, `permonth`) VALUES (NULL, NULL, NULL)', 0)
 2 SYSTEMPATH\Database\BaseConnection.php(693): CodeIgniter\Database\MySQLi\Connection->execute('INSERT INTO `ltc_settting` (`type_pay`, `perhour`, `permonth`) VALUES (NULL, NULL, NULL)')
 3 SYSTEMPATH\Database\BaseConnection.php(607): CodeIgniter\Database\BaseConnection->simpleQuery('INSERT INTO `ltc_settting` (`type_pay`, `perhour`, `permonth`) VALUES (NULL, NULL, NULL)')
 4 SYSTEMPATH\Database\BaseBuilder.php(2307): CodeIgniter\Database\BaseConnection->query('INSERT INTO `ltc_settting` (`type_pay`, `perhour`, `permonth`) VALUES (:type_pay:, :perhour:, :permonth:)', [...], false)
 5 SYSTEMPATH\Model.php(327): CodeIgniter\Database\BaseBuilder->insert()
 6 SYSTEMPATH\BaseModel.php(805): CodeIgniter\Model->doInsert([...])
 7 SYSTEMPATH\Model.php(749): CodeIgniter\BaseModel->insert([...], true)
 8 APPPATH\Controllers\Admin.php(248): CodeIgniter\Model->insert([...])
 9 SYSTEMPATH\CodeIgniter.php(943): App\Controllers\Admin->add_setting()
10 SYSTEMPATH\CodeIgniter.php(503): CodeIgniter\CodeIgniter->runController(Object(App\Controllers\Admin))
11 SYSTEMPATH\CodeIgniter.php(361): CodeIgniter\CodeIgniter->handleRequest(null, Object(Config\Cache), false)
12 FCPATH\index.php(79): CodeIgniter\CodeIgniter->run()
INFO - 2026-02-22 16:43:50 --> Session: Class initialized using 'CodeIgniter\Session\Handlers\FileHandler' driver.
WARNING - 2026-02-22 16:43:50 --> [DEPRECATED] Creation of dynamic property CodeIgniter\HTTP\IncomingRequest::$user is deprecated in APPPATH\Filters\JwtAuthWeb.php on line 32.
 1 SYSTEMPATH\Filters\Filters.php(182): App\Filters\JwtAuthWeb->before(Object(CodeIgniter\HTTP\IncomingRequest), null)
 2 SYSTEMPATH\CodeIgniter.php(475): CodeIgniter\Filters\Filters->run('setting/add_setting', 'before')
 3 SYSTEMPATH\CodeIgniter.php(361): CodeIgniter\CodeIgniter->handleRequest(null, Object(Config\Cache), false)
 4 FCPATH\index.php(79): CodeIgniter\CodeIgniter->run()
INFO - 2026-02-22 16:43:55 --> Session: Class initialized using 'CodeIgniter\Session\Handlers\FileHandler' driver.
WARNING - 2026-02-22 16:43:55 --> [DEPRECATED] Creation of dynamic property CodeIgniter\HTTP\IncomingRequest::$user is deprecated in APPPATH\Filters\JwtAuthWeb.php on line 32.
 1 SYSTEMPATH\Filters\Filters.php(182): App\Filters\JwtAuthWeb->before(Object(CodeIgniter\HTTP\IncomingRequest), null)
 2 SYSTEMPATH\CodeIgniter.php(475): CodeIgniter\Filters\Filters->run('setting/office-page', 'before')
 3 SYSTEMPATH\CodeIgniter.php(361): CodeIgniter\CodeIgniter->handleRequest(null, Object(Config\Cache), false)
 4 FCPATH\index.php(79): CodeIgniter\CodeIgniter->run()
WARNING - 2026-02-22 16:43:56 --> [DEPRECATED] Creation of dynamic property CodeIgniter\HTTP\IncomingRequest::$user is deprecated in APPPATH\Filters\JwtAuth.php on line 47.
 1 SYSTEMPATH\Filters\Filters.php(182): App\Filters\JwtAuth->before(Object(CodeIgniter\HTTP\IncomingRequest), null)
 2 SYSTEMPATH\CodeIgniter.php(475): CodeIgniter\Filters\Filters->run('api/profile', 'before')
 3 SYSTEMPATH\CodeIgniter.php(361): CodeIgniter\CodeIgniter->handleRequest(null, Object(Config\Cache), false)
 4 FCPATH\index.php(79): CodeIgniter\CodeIgniter->run()
INFO - 2026-02-22 16:43:56 --> Session: Class initialized using 'CodeIgniter\Session\Handlers\FileHandler' driver.
WARNING - 2026-02-22 16:43:56 --> [DEPRECATED] Creation of dynamic property CodeIgniter\HTTP\IncomingRequest::$user is deprecated in APPPATH\Filters\JwtAuthWeb.php on line 32.
 1 SYSTEMPATH\Filters\Filters.php(182): App\Filters\JwtAuthWeb->before(Object(CodeIgniter\HTTP\IncomingRequest), null)
 2 SYSTEMPATH\CodeIgniter.php(475): CodeIgniter\Filters\Filters->run('setting/getOffice', 'before')
 3 SYSTEMPATH\CodeIgniter.php(361): CodeIgniter\CodeIgniter->handleRequest(null, Object(Config\Cache), false)
 4 FCPATH\index.php(79): CodeIgniter\CodeIgniter->run()
INFO - 2026-02-22 16:44:14 --> Session: Class initialized using 'CodeIgniter\Session\Handlers\FileHandler' driver.
WARNING - 2026-02-22 16:44:14 --> [DEPRECATED] Creation of dynamic property CodeIgniter\HTTP\IncomingRequest::$user is deprecated in APPPATH\Filters\JwtAuthWeb.php on line 32.
 1 SYSTEMPATH\Filters\Filters.php(182): App\Filters\JwtAuthWeb->before(Object(CodeIgniter\HTTP\IncomingRequest), null)
 2 SYSTEMPATH\CodeIgniter.php(475): CodeIgniter\Filters\Filters->run('setting/office-page', 'before')
 3 SYSTEMPATH\CodeIgniter.php(361): CodeIgniter\CodeIgniter->handleRequest(null, Object(Config\Cache), false)
 4 FCPATH\index.php(79): CodeIgniter\CodeIgniter->run()
WARNING - 2026-02-22 16:44:14 --> [DEPRECATED] Creation of dynamic property CodeIgniter\HTTP\IncomingRequest::$user is deprecated in APPPATH\Filters\JwtAuth.php on line 47.
 1 SYSTEMPATH\Filters\Filters.php(182): App\Filters\JwtAuth->before(Object(CodeIgniter\HTTP\IncomingRequest), null)
 2 SYSTEMPATH\CodeIgniter.php(475): CodeIgniter\Filters\Filters->run('api/profile', 'before')
 3 SYSTEMPATH\CodeIgniter.php(361): CodeIgniter\CodeIgniter->handleRequest(null, Object(Config\Cache), false)
 4 FCPATH\index.php(79): CodeIgniter\CodeIgniter->run()
INFO - 2026-02-22 16:44:14 --> Session: Class initialized using 'CodeIgniter\Session\Handlers\FileHandler' driver.
WARNING - 2026-02-22 16:44:14 --> [DEPRECATED] Creation of dynamic property CodeIgniter\HTTP\IncomingRequest::$user is deprecated in APPPATH\Filters\JwtAuthWeb.php on line 32.
 1 SYSTEMPATH\Filters\Filters.php(182): App\Filters\JwtAuthWeb->before(Object(CodeIgniter\HTTP\IncomingRequest), null)
 2 SYSTEMPATH\CodeIgniter.php(475): CodeIgniter\Filters\Filters->run('setting/getOffice', 'before')
 3 SYSTEMPATH\CodeIgniter.php(361): CodeIgniter\CodeIgniter->handleRequest(null, Object(Config\Cache), false)
 4 FCPATH\index.php(79): CodeIgniter\CodeIgniter->run()
INFO - 2026-02-22 16:44:19 --> Session: Class initialized using 'CodeIgniter\Session\Handlers\FileHandler' driver.
WARNING - 2026-02-22 16:44:19 --> [DEPRECATED] Creation of dynamic property CodeIgniter\HTTP\IncomingRequest::$user is deprecated in APPPATH\Filters\JwtAuthWeb.php on line 32.
 1 SYSTEMPATH\Filters\Filters.php(182): App\Filters\JwtAuthWeb->before(Object(CodeIgniter\HTTP\IncomingRequest), null)
 2 SYSTEMPATH\CodeIgniter.php(475): CodeIgniter\Filters\Filters->run('setting/add_setting', 'before')
 3 SYSTEMPATH\CodeIgniter.php(361): CodeIgniter\CodeIgniter->handleRequest(null, Object(Config\Cache), false)
 4 FCPATH\index.php(79): CodeIgniter\CodeIgniter->run()
INFO - 2026-02-22 16:44:52 --> Session: Class initialized using 'CodeIgniter\Session\Handlers\FileHandler' driver.
WARNING - 2026-02-22 16:44:52 --> [DEPRECATED] Creation of dynamic property CodeIgniter\HTTP\IncomingRequest::$user is deprecated in APPPATH\Filters\JwtAuthWeb.php on line 32.
 1 SYSTEMPATH\Filters\Filters.php(182): App\Filters\JwtAuthWeb->before(Object(CodeIgniter\HTTP\IncomingRequest), null)
 2 SYSTEMPATH\CodeIgniter.php(475): CodeIgniter\Filters\Filters->run('setting/office-page', 'before')
 3 SYSTEMPATH\CodeIgniter.php(361): CodeIgniter\CodeIgniter->handleRequest(null, Object(Config\Cache), false)
 4 FCPATH\index.php(79): CodeIgniter\CodeIgniter->run()
WARNING - 2026-02-22 16:44:52 --> [DEPRECATED] Creation of dynamic property CodeIgniter\HTTP\IncomingRequest::$user is deprecated in APPPATH\Filters\JwtAuth.php on line 47.
 1 SYSTEMPATH\Filters\Filters.php(182): App\Filters\JwtAuth->before(Object(CodeIgniter\HTTP\IncomingRequest), null)
 2 SYSTEMPATH\CodeIgniter.php(475): CodeIgniter\Filters\Filters->run('api/profile', 'before')
 3 SYSTEMPATH\CodeIgniter.php(361): CodeIgniter\CodeIgniter->handleRequest(null, Object(Config\Cache), false)
 4 FCPATH\index.php(79): CodeIgniter\CodeIgniter->run()
INFO - 2026-02-22 16:44:52 --> Session: Class initialized using 'CodeIgniter\Session\Handlers\FileHandler' driver.
WARNING - 2026-02-22 16:44:52 --> [DEPRECATED] Creation of dynamic property CodeIgniter\HTTP\IncomingRequest::$user is deprecated in APPPATH\Filters\JwtAuthWeb.php on line 32.
 1 SYSTEMPATH\Filters\Filters.php(182): App\Filters\JwtAuthWeb->before(Object(CodeIgniter\HTTP\IncomingRequest), null)
 2 SYSTEMPATH\CodeIgniter.php(475): CodeIgniter\Filters\Filters->run('setting/getOffice', 'before')
 3 SYSTEMPATH\CodeIgniter.php(361): CodeIgniter\CodeIgniter->handleRequest(null, Object(Config\Cache), false)
 4 FCPATH\index.php(79): CodeIgniter\CodeIgniter->run()
INFO - 2026-02-22 16:44:57 --> Session: Class initialized using 'CodeIgniter\Session\Handlers\FileHandler' driver.
WARNING - 2026-02-22 16:44:57 --> [DEPRECATED] Creation of dynamic property CodeIgniter\HTTP\IncomingRequest::$user is deprecated in APPPATH\Filters\JwtAuthWeb.php on line 32.
 1 SYSTEMPATH\Filters\Filters.php(182): App\Filters\JwtAuthWeb->before(Object(CodeIgniter\HTTP\IncomingRequest), null)
 2 SYSTEMPATH\CodeIgniter.php(475): CodeIgniter\Filters\Filters->run('setting/add_setting', 'before')
 3 SYSTEMPATH\CodeIgniter.php(361): CodeIgniter\CodeIgniter->handleRequest(null, Object(Config\Cache), false)
 4 FCPATH\index.php(79): CodeIgniter\CodeIgniter->run()
INFO - 2026-02-22 16:54:41 --> Session: Class initialized using 'CodeIgniter\Session\Handlers\FileHandler' driver.
INFO - 2026-02-22 16:54:43 --> Session: Class initialized using 'CodeIgniter\Session\Handlers\FileHandler' driver.
WARNING - 2026-02-22 16:54:43 --> [DEPRECATED] Creation of dynamic property CodeIgniter\HTTP\IncomingRequest::$user is deprecated in APPPATH\Filters\JwtAuthWeb.php on line 32.
 1 SYSTEMPATH\Filters\Filters.php(182): App\Filters\JwtAuthWeb->before(Object(CodeIgniter\HTTP\IncomingRequest), null)
 2 SYSTEMPATH\CodeIgniter.php(475): CodeIgniter\Filters\Filters->run('setting/dashboard-page', 'before')
 3 SYSTEMPATH\CodeIgniter.php(361): CodeIgniter\CodeIgniter->handleRequest(null, Object(Config\Cache), false)
 4 FCPATH\index.php(79): CodeIgniter\CodeIgniter->run()
WARNING - 2026-02-22 16:54:44 --> [DEPRECATED] Creation of dynamic property CodeIgniter\HTTP\IncomingRequest::$user is deprecated in APPPATH\Filters\JwtAuth.php on line 47.
 1 SYSTEMPATH\Filters\Filters.php(182): App\Filters\JwtAuth->before(Object(CodeIgniter\HTTP\IncomingRequest), null)
 2 SYSTEMPATH\CodeIgniter.php(475): CodeIgniter\Filters\Filters->run('api/profile', 'before')
 3 SYSTEMPATH\CodeIgniter.php(361): CodeIgniter\CodeIgniter->handleRequest(null, Object(Config\Cache), false)
 4 FCPATH\index.php(79): CodeIgniter\CodeIgniter->run()
INFO - 2026-02-22 16:54:48 --> Session: Class initialized using 'CodeIgniter\Session\Handlers\FileHandler' driver.
WARNING - 2026-02-22 16:54:48 --> [DEPRECATED] Creation of dynamic property CodeIgniter\HTTP\IncomingRequest::$user is deprecated in APPPATH\Filters\JwtAuthWeb.php on line 32.
 1 SYSTEMPATH\Filters\Filters.php(182): App\Filters\JwtAuthWeb->before(Object(CodeIgniter\HTTP\IncomingRequest), null)
 2 SYSTEMPATH\CodeIgniter.php(475): CodeIgniter\Filters\Filters->run('mobile-page', 'before')
 3 SYSTEMPATH\CodeIgniter.php(361): CodeIgniter\CodeIgniter->handleRequest(null, Object(Config\Cache), false)
 4 FCPATH\index.php(79): CodeIgniter\CodeIgniter->run()
INFO - 2026-02-22 16:54:51 --> Session: Class initialized using 'CodeIgniter\Session\Handlers\FileHandler' driver.
WARNING - 2026-02-22 16:54:51 --> [DEPRECATED] Creation of dynamic property CodeIgniter\HTTP\IncomingRequest::$user is deprecated in APPPATH\Filters\JwtAuthWeb.php on line 32.
 1 SYSTEMPATH\Filters\Filters.php(182): App\Filters\JwtAuthWeb->before(Object(CodeIgniter\HTTP\IncomingRequest), null)
 2 SYSTEMPATH\CodeIgniter.php(475): CodeIgniter\Filters\Filters->run('HealthLiteracy', 'before')
 3 SYSTEMPATH\CodeIgniter.php(361): CodeIgniter\CodeIgniter->handleRequest(null, Object(Config\Cache), false)
 4 FCPATH\index.php(79): CodeIgniter\CodeIgniter->run()
INFO - 2026-02-22 16:54:52 --> Session: Class initialized using 'CodeIgniter\Session\Handlers\FileHandler' driver.
WARNING - 2026-02-22 16:54:52 --> [DEPRECATED] Creation of dynamic property CodeIgniter\HTTP\IncomingRequest::$user is deprecated in APPPATH\Filters\JwtAuthWeb.php on line 32.
 1 SYSTEMPATH\Filters\Filters.php(182): App\Filters\JwtAuthWeb->before(Object(CodeIgniter\HTTP\IncomingRequest), null)
 2 SYSTEMPATH\CodeIgniter.php(475): CodeIgniter\Filters\Filters->run('viewVideo/1', 'before')
 3 SYSTEMPATH\CodeIgniter.php(361): CodeIgniter\CodeIgniter->handleRequest(null, Object(Config\Cache), false)
 4 FCPATH\index.php(79): CodeIgniter\CodeIgniter->run()
INFO - 2026-02-22 16:55:11 --> Session: Class initialized using 'CodeIgniter\Session\Handlers\FileHandler' driver.
WARNING - 2026-02-22 16:55:11 --> [DEPRECATED] Creation of dynamic property CodeIgniter\HTTP\IncomingRequest::$user is deprecated in APPPATH\Filters\JwtAuthWeb.php on line 32.
 1 SYSTEMPATH\Filters\Filters.php(182): App\Filters\JwtAuthWeb->before(Object(CodeIgniter\HTTP\IncomingRequest), null)
 2 SYSTEMPATH\CodeIgniter.php(475): CodeIgniter\Filters\Filters->run('HealthLiteracy', 'before')
 3 SYSTEMPATH\CodeIgniter.php(361): CodeIgniter\CodeIgniter->handleRequest(null, Object(Config\Cache), false)
 4 FCPATH\index.php(79): CodeIgniter\CodeIgniter->run()
INFO - 2026-02-22 16:55:15 --> Session: Class initialized using 'CodeIgniter\Session\Handlers\FileHandler' driver.
WARNING - 2026-02-22 16:55:15 --> [DEPRECATED] Creation of dynamic property CodeIgniter\HTTP\IncomingRequest::$user is deprecated in APPPATH\Filters\JwtAuthWeb.php on line 32.
 1 SYSTEMPATH\Filters\Filters.php(182): App\Filters\JwtAuthWeb->before(Object(CodeIgniter\HTTP\IncomingRequest), null)
 2 SYSTEMPATH\CodeIgniter.php(475): CodeIgniter\Filters\Filters->run('mobile-page', 'before')
 3 SYSTEMPATH\CodeIgniter.php(361): CodeIgniter\CodeIgniter->handleRequest(null, Object(Config\Cache), false)
 4 FCPATH\index.php(79): CodeIgniter\CodeIgniter->run()
INFO - 2026-02-22 16:57:23 --> Session: Class initialized using 'CodeIgniter\Session\Handlers\FileHandler' driver.
WARNING - 2026-02-22 16:57:23 --> [DEPRECATED] Creation of dynamic property CodeIgniter\HTTP\IncomingRequest::$user is deprecated in APPPATH\Filters\JwtAuthWeb.php on line 32.
 1 SYSTEMPATH\Filters\Filters.php(182): App\Filters\JwtAuthWeb->before(Object(CodeIgniter\HTTP\IncomingRequest), null)
 2 SYSTEMPATH\CodeIgniter.php(475): CodeIgniter\Filters\Filters->run('HealthLiteracy', 'before')
 3 SYSTEMPATH\CodeIgniter.php(361): CodeIgniter\CodeIgniter->handleRequest(null, Object(Config\Cache), false)
 4 FCPATH\index.php(79): CodeIgniter\CodeIgniter->run()
INFO - 2026-02-22 16:57:25 --> Session: Class initialized using 'CodeIgniter\Session\Handlers\FileHandler' driver.
WARNING - 2026-02-22 16:57:25 --> [DEPRECATED] Creation of dynamic property CodeIgniter\HTTP\IncomingRequest::$user is deprecated in APPPATH\Filters\JwtAuthWeb.php on line 32.
 1 SYSTEMPATH\Filters\Filters.php(182): App\Filters\JwtAuthWeb->before(Object(CodeIgniter\HTTP\IncomingRequest), null)
 2 SYSTEMPATH\CodeIgniter.php(475): CodeIgniter\Filters\Filters->run('viewVideo/6', 'before')
 3 SYSTEMPATH\CodeIgniter.php(361): CodeIgniter\CodeIgniter->handleRequest(null, Object(Config\Cache), false)
 4 FCPATH\index.php(79): CodeIgniter\CodeIgniter->run()
INFO - 2026-02-22 16:57:38 --> Session: Class initialized using 'CodeIgniter\Session\Handlers\FileHandler' driver.
WARNING - 2026-02-22 16:57:38 --> [DEPRECATED] Creation of dynamic property CodeIgniter\HTTP\IncomingRequest::$user is deprecated in APPPATH\Filters\JwtAuthWeb.php on line 32.
 1 SYSTEMPATH\Filters\Filters.php(182): App\Filters\JwtAuthWeb->before(Object(CodeIgniter\HTTP\IncomingRequest), null)
 2 SYSTEMPATH\CodeIgniter.php(475): CodeIgniter\Filters\Filters->run('HealthLiteracy', 'before')
 3 SYSTEMPATH\CodeIgniter.php(361): CodeIgniter\CodeIgniter->handleRequest(null, Object(Config\Cache), false)
 4 FCPATH\index.php(79): CodeIgniter\CodeIgniter->run()
INFO - 2026-02-22 21:00:25 --> Session: Class initialized using 'CodeIgniter\Session\Handlers\FileHandler' driver.
INFO - 2026-02-22 21:00:27 --> Session: Class initialized using 'CodeIgniter\Session\Handlers\FileHandler' driver.
WARNING - 2026-02-22 21:00:27 --> [DEPRECATED] Creation of dynamic property CodeIgniter\HTTP\IncomingRequest::$user is deprecated in APPPATH\Filters\JwtAuthWeb.php on line 32.
 1 SYSTEMPATH\Filters\Filters.php(182): App\Filters\JwtAuthWeb->before(Object(CodeIgniter\HTTP\IncomingRequest), null)
 2 SYSTEMPATH\CodeIgniter.php(475): CodeIgniter\Filters\Filters->run('setting/dashboard-page', 'before')
 3 SYSTEMPATH\CodeIgniter.php(361): CodeIgniter\CodeIgniter->handleRequest(null, Object(Config\Cache), false)
 4 FCPATH\index.php(79): CodeIgniter\CodeIgniter->run()
WARNING - 2026-02-22 21:00:28 --> [DEPRECATED] Creation of dynamic property CodeIgniter\HTTP\IncomingRequest::$user is deprecated in APPPATH\Filters\JwtAuth.php on line 47.
 1 SYSTEMPATH\Filters\Filters.php(182): App\Filters\JwtAuth->before(Object(CodeIgniter\HTTP\IncomingRequest), null)
 2 SYSTEMPATH\CodeIgniter.php(475): CodeIgniter\Filters\Filters->run('api/profile', 'before')
 3 SYSTEMPATH\CodeIgniter.php(361): CodeIgniter\CodeIgniter->handleRequest(null, Object(Config\Cache), false)
 4 FCPATH\index.php(79): CodeIgniter\CodeIgniter->run()
INFO - 2026-02-22 21:00:32 --> Session: Class initialized using 'CodeIgniter\Session\Handlers\FileHandler' driver.
WARNING - 2026-02-22 21:00:32 --> [DEPRECATED] Creation of dynamic property CodeIgniter\HTTP\IncomingRequest::$user is deprecated in APPPATH\Filters\JwtAuthWeb.php on line 32.
 1 SYSTEMPATH\Filters\Filters.php(182): App\Filters\JwtAuthWeb->before(Object(CodeIgniter\HTTP\IncomingRequest), null)
 2 SYSTEMPATH\CodeIgniter.php(475): CodeIgniter\Filters\Filters->run('mobile-page', 'before')
 3 SYSTEMPATH\CodeIgniter.php(361): CodeIgniter\CodeIgniter->handleRequest(null, Object(Config\Cache), false)
 4 FCPATH\index.php(79): CodeIgniter\CodeIgniter->run()
INFO - 2026-02-22 21:00:34 --> Session: Class initialized using 'CodeIgniter\Session\Handlers\FileHandler' driver.
WARNING - 2026-02-22 21:00:34 --> [DEPRECATED] Creation of dynamic property CodeIgniter\HTTP\IncomingRequest::$user is deprecated in APPPATH\Filters\JwtAuthWeb.php on line 32.
 1 SYSTEMPATH\Filters\Filters.php(182): App\Filters\JwtAuthWeb->before(Object(CodeIgniter\HTTP\IncomingRequest), null)
 2 SYSTEMPATH\CodeIgniter.php(475): CodeIgniter\Filters\Filters->run('visit_ptbed', 'before')
 3 SYSTEMPATH\CodeIgniter.php(361): CodeIgniter\CodeIgniter->handleRequest(null, Object(Config\Cache), false)
 4 FCPATH\index.php(79): CodeIgniter\CodeIgniter->run()
INFO - 2026-02-22 21:00:36 --> Session: Class initialized using 'CodeIgniter\Session\Handlers\FileHandler' driver.
WARNING - 2026-02-22 21:00:36 --> [DEPRECATED] Creation of dynamic property CodeIgniter\HTTP\IncomingRequest::$user is deprecated in APPPATH\Filters\JwtAuthWeb.php on line 32.
 1 SYSTEMPATH\Filters\Filters.php(182): App\Filters\JwtAuthWeb->before(Object(CodeIgniter\HTTP\IncomingRequest), null)
 2 SYSTEMPATH\CodeIgniter.php(475): CodeIgniter\Filters\Filters->run('cg_service/112', 'before')
 3 SYSTEMPATH\CodeIgniter.php(361): CodeIgniter\CodeIgniter->handleRequest(null, Object(Config\Cache), false)
 4 FCPATH\index.php(79): CodeIgniter\CodeIgniter->run()
INFO - 2026-02-22 21:00:40 --> Session: Class initialized using 'CodeIgniter\Session\Handlers\FileHandler' driver.
WARNING - 2026-02-22 21:00:40 --> [DEPRECATED] Creation of dynamic property CodeIgniter\HTTP\IncomingRequest::$user is deprecated in APPPATH\Filters\JwtAuthWeb.php on line 32.
 1 SYSTEMPATH\Filters\Filters.php(182): App\Filters\JwtAuthWeb->before(Object(CodeIgniter\HTTP\IncomingRequest), null)
 2 SYSTEMPATH\CodeIgniter.php(475): CodeIgniter\Filters\Filters->run('ltc_visit/112', 'before')
 3 SYSTEMPATH\CodeIgniter.php(361): CodeIgniter\CodeIgniter->handleRequest(null, Object(Config\Cache), false)
 4 FCPATH\index.php(79): CodeIgniter\CodeIgniter->run()
INFO - 2026-02-22 21:04:12 --> Session: Class initialized using 'CodeIgniter\Session\Handlers\FileHandler' driver.
WARNING - 2026-02-22 21:04:12 --> [DEPRECATED] Creation of dynamic property CodeIgniter\HTTP\IncomingRequest::$user is deprecated in APPPATH\Filters\JwtAuthWeb.php on line 32.
 1 SYSTEMPATH\Filters\Filters.php(182): App\Filters\JwtAuthWeb->before(Object(CodeIgniter\HTTP\IncomingRequest), null)
 2 SYSTEMPATH\CodeIgniter.php(475): CodeIgniter\Filters\Filters->run('ltc_visit/112', 'before')
 3 SYSTEMPATH\CodeIgniter.php(361): CodeIgniter\CodeIgniter->handleRequest(null, Object(Config\Cache), false)
 4 FCPATH\index.php(79): CodeIgniter\CodeIgniter->run()
INFO - 2026-02-22 21:07:19 --> Session: Class initialized using 'CodeIgniter\Session\Handlers\FileHandler' driver.
WARNING - 2026-02-22 21:07:19 --> [DEPRECATED] Creation of dynamic property CodeIgniter\HTTP\IncomingRequest::$user is deprecated in APPPATH\Filters\JwtAuthWeb.php on line 32.
 1 SYSTEMPATH\Filters\Filters.php(182): App\Filters\JwtAuthWeb->before(Object(CodeIgniter\HTTP\IncomingRequest), null)
 2 SYSTEMPATH\CodeIgniter.php(475): CodeIgniter\Filters\Filters->run('ltc_visit/112', 'before')
 3 SYSTEMPATH\CodeIgniter.php(361): CodeIgniter\CodeIgniter->handleRequest(null, Object(Config\Cache), false)
 4 FCPATH\index.php(79): CodeIgniter\CodeIgniter->run()
INFO - 2026-02-22 21:07:29 --> Session: Class initialized using 'CodeIgniter\Session\Handlers\FileHandler' driver.
WARNING - 2026-02-22 21:07:29 --> [DEPRECATED] Creation of dynamic property CodeIgniter\HTTP\IncomingRequest::$user is deprecated in APPPATH\Filters\JwtAuthWeb.php on line 32.
 1 SYSTEMPATH\Filters\Filters.php(182): App\Filters\JwtAuthWeb->before(Object(CodeIgniter\HTTP\IncomingRequest), null)
 2 SYSTEMPATH\CodeIgniter.php(475): CodeIgniter\Filters\Filters->run('ltc_visit/112', 'before')
 3 SYSTEMPATH\CodeIgniter.php(361): CodeIgniter\CodeIgniter->handleRequest(null, Object(Config\Cache), false)
 4 FCPATH\index.php(79): CodeIgniter\CodeIgniter->run()
INFO - 2026-02-22 21:08:10 --> Session: Class initialized using 'CodeIgniter\Session\Handlers\FileHandler' driver.
WARNING - 2026-02-22 21:08:10 --> [DEPRECATED] Creation of dynamic property CodeIgniter\HTTP\IncomingRequest::$user is deprecated in APPPATH\Filters\JwtAuthWeb.php on line 32.
 1 SYSTEMPATH\Filters\Filters.php(182): App\Filters\JwtAuthWeb->before(Object(CodeIgniter\HTTP\IncomingRequest), null)
 2 SYSTEMPATH\CodeIgniter.php(475): CodeIgniter\Filters\Filters->run('ltc_visit/112', 'before')
 3 SYSTEMPATH\CodeIgniter.php(361): CodeIgniter\CodeIgniter->handleRequest(null, Object(Config\Cache), false)
 4 FCPATH\index.php(79): CodeIgniter\CodeIgniter->run()
INFO - 2026-02-22 21:09:58 --> Session: Class initialized using 'CodeIgniter\Session\Handlers\FileHandler' driver.
WARNING - 2026-02-22 21:09:58 --> [DEPRECATED] Creation of dynamic property CodeIgniter\HTTP\IncomingRequest::$user is deprecated in APPPATH\Filters\JwtAuthWeb.php on line 32.
 1 SYSTEMPATH\Filters\Filters.php(182): App\Filters\JwtAuthWeb->before(Object(CodeIgniter\HTTP\IncomingRequest), null)
 2 SYSTEMPATH\CodeIgniter.php(475): CodeIgniter\Filters\Filters->run('ltc_visit/112', 'before')
 3 SYSTEMPATH\CodeIgniter.php(361): CodeIgniter\CodeIgniter->handleRequest(null, Object(Config\Cache), false)
 4 FCPATH\index.php(79): CodeIgniter\CodeIgniter->run()
INFO - 2026-02-22 21:14:06 --> Session: Class initialized using 'CodeIgniter\Session\Handlers\FileHandler' driver.
WARNING - 2026-02-22 21:14:06 --> [DEPRECATED] Creation of dynamic property CodeIgniter\HTTP\IncomingRequest::$user is deprecated in APPPATH\Filters\JwtAuthWeb.php on line 32.
 1 SYSTEMPATH\Filters\Filters.php(182): App\Filters\JwtAuthWeb->before(Object(CodeIgniter\HTTP\IncomingRequest), null)
 2 SYSTEMPATH\CodeIgniter.php(475): CodeIgniter\Filters\Filters->run('ltc_visit/112', 'before')
 3 SYSTEMPATH\CodeIgniter.php(361): CodeIgniter\CodeIgniter->handleRequest(null, Object(Config\Cache), false)
 4 FCPATH\index.php(79): CodeIgniter\CodeIgniter->run()
INFO - 2026-02-22 21:15:23 --> Session: Class initialized using 'CodeIgniter\Session\Handlers\FileHandler' driver.
WARNING - 2026-02-22 21:15:23 --> [DEPRECATED] Creation of dynamic property CodeIgniter\HTTP\IncomingRequest::$user is deprecated in APPPATH\Filters\JwtAuthWeb.php on line 32.
 1 SYSTEMPATH\Filters\Filters.php(182): App\Filters\JwtAuthWeb->before(Object(CodeIgniter\HTTP\IncomingRequest), null)
 2 SYSTEMPATH\CodeIgniter.php(475): CodeIgniter\Filters\Filters->run('ltc_visit/112', 'before')
 3 SYSTEMPATH\CodeIgniter.php(361): CodeIgniter\CodeIgniter->handleRequest(null, Object(Config\Cache), false)
 4 FCPATH\index.php(79): CodeIgniter\CodeIgniter->run()
INFO - 2026-02-22 21:15:30 --> Session: Class initialized using 'CodeIgniter\Session\Handlers\FileHandler' driver.
WARNING - 2026-02-22 21:15:30 --> [DEPRECATED] Creation of dynamic property CodeIgniter\HTTP\IncomingRequest::$user is deprecated in APPPATH\Filters\JwtAuthWeb.php on line 32.
 1 SYSTEMPATH\Filters\Filters.php(182): App\Filters\JwtAuthWeb->before(Object(CodeIgniter\HTTP\IncomingRequest), null)
 2 SYSTEMPATH\CodeIgniter.php(475): CodeIgniter\Filters\Filters->run('ltc_visit/112', 'before')
 3 SYSTEMPATH\CodeIgniter.php(361): CodeIgniter\CodeIgniter->handleRequest(null, Object(Config\Cache), false)
 4 FCPATH\index.php(79): CodeIgniter\CodeIgniter->run()
INFO - 2026-02-22 21:16:43 --> Session: Class initialized using 'CodeIgniter\Session\Handlers\FileHandler' driver.
WARNING - 2026-02-22 21:16:43 --> [DEPRECATED] Creation of dynamic property CodeIgniter\HTTP\IncomingRequest::$user is deprecated in APPPATH\Filters\JwtAuthWeb.php on line 32.
 1 SYSTEMPATH\Filters\Filters.php(182): App\Filters\JwtAuthWeb->before(Object(CodeIgniter\HTTP\IncomingRequest), null)
 2 SYSTEMPATH\CodeIgniter.php(475): CodeIgniter\Filters\Filters->run('ltc_visit/112', 'before')
 3 SYSTEMPATH\CodeIgniter.php(361): CodeIgniter\CodeIgniter->handleRequest(null, Object(Config\Cache), false)
 4 FCPATH\index.php(79): CodeIgniter\CodeIgniter->run()
INFO - 2026-02-22 21:21:10 --> Session: Class initialized using 'CodeIgniter\Session\Handlers\FileHandler' driver.
WARNING - 2026-02-22 21:21:10 --> [DEPRECATED] Creation of dynamic property CodeIgniter\HTTP\IncomingRequest::$user is deprecated in APPPATH\Filters\JwtAuthWeb.php on line 32.
 1 SYSTEMPATH\Filters\Filters.php(182): App\Filters\JwtAuthWeb->before(Object(CodeIgniter\HTTP\IncomingRequest), null)
 2 SYSTEMPATH\CodeIgniter.php(475): CodeIgniter\Filters\Filters->run('saveCgservice', 'before')
 3 SYSTEMPATH\CodeIgniter.php(361): CodeIgniter\CodeIgniter->handleRequest(null, Object(Config\Cache), false)
 4 FCPATH\index.php(79): CodeIgniter\CodeIgniter->run()
INFO - 2026-02-22 21:21:13 --> Session: Class initialized using 'CodeIgniter\Session\Handlers\FileHandler' driver.
WARNING - 2026-02-22 21:21:13 --> [DEPRECATED] Creation of dynamic property CodeIgniter\HTTP\IncomingRequest::$user is deprecated in APPPATH\Filters\JwtAuthWeb.php on line 32.
 1 SYSTEMPATH\Filters\Filters.php(182): App\Filters\JwtAuthWeb->before(Object(CodeIgniter\HTTP\IncomingRequest), null)
 2 SYSTEMPATH\CodeIgniter.php(475): CodeIgniter\Filters\Filters->run('visit_ptbed', 'before')
 3 SYSTEMPATH\CodeIgniter.php(361): CodeIgniter\CodeIgniter->handleRequest(null, Object(Config\Cache), false)
 4 FCPATH\index.php(79): CodeIgniter\CodeIgniter->run()
INFO - 2026-02-22 21:26:51 --> Session: Class initialized using 'CodeIgniter\Session\Handlers\FileHandler' driver.
WARNING - 2026-02-22 21:26:51 --> [DEPRECATED] Creation of dynamic property CodeIgniter\HTTP\IncomingRequest::$user is deprecated in APPPATH\Filters\JwtAuthWeb.php on line 32.
 1 SYSTEMPATH\Filters\Filters.php(182): App\Filters\JwtAuthWeb->before(Object(CodeIgniter\HTTP\IncomingRequest), null)
 2 SYSTEMPATH\CodeIgniter.php(475): CodeIgniter\Filters\Filters->run('cg_service/112', 'before')
 3 SYSTEMPATH\CodeIgniter.php(361): CodeIgniter\CodeIgniter->handleRequest(null, Object(Config\Cache), false)
 4 FCPATH\index.php(79): CodeIgniter\CodeIgniter->run()
INFO - 2026-02-22 21:26:55 --> Session: Class initialized using 'CodeIgniter\Session\Handlers\FileHandler' driver.
WARNING - 2026-02-22 21:26:55 --> [DEPRECATED] Creation of dynamic property CodeIgniter\HTTP\IncomingRequest::$user is deprecated in APPPATH\Filters\JwtAuthWeb.php on line 32.
 1 SYSTEMPATH\Filters\Filters.php(182): App\Filters\JwtAuthWeb->before(Object(CodeIgniter\HTTP\IncomingRequest), null)
 2 SYSTEMPATH\CodeIgniter.php(475): CodeIgniter\Filters\Filters->run('ltc_visit/112', 'before')
 3 SYSTEMPATH\CodeIgniter.php(361): CodeIgniter\CodeIgniter->handleRequest(null, Object(Config\Cache), false)
 4 FCPATH\index.php(79): CodeIgniter\CodeIgniter->run()
INFO - 2026-02-22 21:32:53 --> Session: Class initialized using 'CodeIgniter\Session\Handlers\FileHandler' driver.
WARNING - 2026-02-22 21:32:53 --> [DEPRECATED] Creation of dynamic property CodeIgniter\HTTP\IncomingRequest::$user is deprecated in APPPATH\Filters\JwtAuthWeb.php on line 32.
 1 SYSTEMPATH\Filters\Filters.php(182): App\Filters\JwtAuthWeb->before(Object(CodeIgniter\HTTP\IncomingRequest), null)
 2 SYSTEMPATH\CodeIgniter.php(475): CodeIgniter\Filters\Filters->run('ltc_visit/112', 'before')
 3 SYSTEMPATH\CodeIgniter.php(361): CodeIgniter\CodeIgniter->handleRequest(null, Object(Config\Cache), false)
 4 FCPATH\index.php(79): CodeIgniter\CodeIgniter->run()
INFO - 2026-02-22 21:34:08 --> Session: Class initialized using 'CodeIgniter\Session\Handlers\FileHandler' driver.
WARNING - 2026-02-22 21:34:08 --> [DEPRECATED] Creation of dynamic property CodeIgniter\HTTP\IncomingRequest::$user is deprecated in APPPATH\Filters\JwtAuthWeb.php on line 32.
 1 SYSTEMPATH\Filters\Filters.php(182): App\Filters\JwtAuthWeb->before(Object(CodeIgniter\HTTP\IncomingRequest), null)
 2 SYSTEMPATH\CodeIgniter.php(475): CodeIgniter\Filters\Filters->run('cg_service/112', 'before')
 3 SYSTEMPATH\CodeIgniter.php(361): CodeIgniter\CodeIgniter->handleRequest(null, Object(Config\Cache), false)
 4 FCPATH\index.php(79): CodeIgniter\CodeIgniter->run()
INFO - 2026-02-22 21:34:12 --> Session: Class initialized using 'CodeIgniter\Session\Handlers\FileHandler' driver.
WARNING - 2026-02-22 21:34:12 --> [DEPRECATED] Creation of dynamic property CodeIgniter\HTTP\IncomingRequest::$user is deprecated in APPPATH\Filters\JwtAuthWeb.php on line 32.
 1 SYSTEMPATH\Filters\Filters.php(182): App\Filters\JwtAuthWeb->before(Object(CodeIgniter\HTTP\IncomingRequest), null)
 2 SYSTEMPATH\CodeIgniter.php(475): CodeIgniter\Filters\Filters->run('visit_ptbed', 'before')
 3 SYSTEMPATH\CodeIgniter.php(361): CodeIgniter\CodeIgniter->handleRequest(null, Object(Config\Cache), false)
 4 FCPATH\index.php(79): CodeIgniter\CodeIgniter->run()
INFO - 2026-02-22 21:34:15 --> Session: Class initialized using 'CodeIgniter\Session\Handlers\FileHandler' driver.
WARNING - 2026-02-22 21:34:15 --> [DEPRECATED] Creation of dynamic property CodeIgniter\HTTP\IncomingRequest::$user is deprecated in APPPATH\Filters\JwtAuthWeb.php on line 32.
 1 SYSTEMPATH\Filters\Filters.php(182): App\Filters\JwtAuthWeb->before(Object(CodeIgniter\HTTP\IncomingRequest), null)
 2 SYSTEMPATH\CodeIgniter.php(475): CodeIgniter\Filters\Filters->run('mobile-page', 'before')
 3 SYSTEMPATH\CodeIgniter.php(361): CodeIgniter\CodeIgniter->handleRequest(null, Object(Config\Cache), false)
 4 FCPATH\index.php(79): CodeIgniter\CodeIgniter->run()
INFO - 2026-02-22 21:34:21 --> Session: Class initialized using 'CodeIgniter\Session\Handlers\FileHandler' driver.
INFO - 2026-02-22 21:34:23 --> Session: Class initialized using 'CodeIgniter\Session\Handlers\FileHandler' driver.
WARNING - 2026-02-22 21:34:23 --> [DEPRECATED] Creation of dynamic property CodeIgniter\HTTP\IncomingRequest::$user is deprecated in APPPATH\Filters\JwtAuthWeb.php on line 32.
 1 SYSTEMPATH\Filters\Filters.php(182): App\Filters\JwtAuthWeb->before(Object(CodeIgniter\HTTP\IncomingRequest), null)
 2 SYSTEMPATH\CodeIgniter.php(475): CodeIgniter\Filters\Filters->run('setting/dashboard-page', 'before')
 3 SYSTEMPATH\CodeIgniter.php(361): CodeIgniter\CodeIgniter->handleRequest(null, Object(Config\Cache), false)
 4 FCPATH\index.php(79): CodeIgniter\CodeIgniter->run()
WARNING - 2026-02-22 21:34:24 --> [DEPRECATED] Creation of dynamic property CodeIgniter\HTTP\IncomingRequest::$user is deprecated in APPPATH\Filters\JwtAuth.php on line 47.
 1 SYSTEMPATH\Filters\Filters.php(182): App\Filters\JwtAuth->before(Object(CodeIgniter\HTTP\IncomingRequest), null)
 2 SYSTEMPATH\CodeIgniter.php(475): CodeIgniter\Filters\Filters->run('api/profile', 'before')
 3 SYSTEMPATH\CodeIgniter.php(361): CodeIgniter\CodeIgniter->handleRequest(null, Object(Config\Cache), false)
 4 FCPATH\index.php(79): CodeIgniter\CodeIgniter->run()
INFO - 2026-02-22 22:02:12 --> Session: Class initialized using 'CodeIgniter\Session\Handlers\FileHandler' driver.
WARNING - 2026-02-22 22:02:12 --> [DEPRECATED] Creation of dynamic property CodeIgniter\HTTP\IncomingRequest::$user is deprecated in APPPATH\Filters\JwtAuthWeb.php on line 32.
 1 SYSTEMPATH\Filters\Filters.php(182): App\Filters\JwtAuthWeb->before(Object(CodeIgniter\HTTP\IncomingRequest), null)
 2 SYSTEMPATH\CodeIgniter.php(475): CodeIgniter\Filters\Filters->run('mobile-page', 'before')
 3 SYSTEMPATH\CodeIgniter.php(361): CodeIgniter\CodeIgniter->handleRequest(null, Object(Config\Cache), false)
 4 FCPATH\index.php(79): CodeIgniter\CodeIgniter->run()
INFO - 2026-02-22 22:02:15 --> Session: Class initialized using 'CodeIgniter\Session\Handlers\FileHandler' driver.
WARNING - 2026-02-22 22:02:15 --> [DEPRECATED] Creation of dynamic property CodeIgniter\HTTP\IncomingRequest::$user is deprecated in APPPATH\Filters\JwtAuthWeb.php on line 32.
 1 SYSTEMPATH\Filters\Filters.php(182): App\Filters\JwtAuthWeb->before(Object(CodeIgniter\HTTP\IncomingRequest), null)
 2 SYSTEMPATH\CodeIgniter.php(475): CodeIgniter\Filters\Filters->run('visit_ptbed', 'before')
 3 SYSTEMPATH\CodeIgniter.php(361): CodeIgniter\CodeIgniter->handleRequest(null, Object(Config\Cache), false)
 4 FCPATH\index.php(79): CodeIgniter\CodeIgniter->run()
CRITICAL - 2026-02-22 22:02:15 --> ErrorException: Undefined property: stdClass::$orgcode
in APPPATH\Controllers\mobileController.php on line 57.
 1 APPPATH\Controllers\mobileController.php(57): CodeIgniter\Debug\Exceptions->errorHandler(2, 'Undefined property: stdClass::$orgcode', 'D:\\xampp6\\htdocs\\project-jwt\\app\\Controllers\\mobileController.php', 57)
 2 SYSTEMPATH\CodeIgniter.php(943): App\Controllers\MobileController->ltclist()
 3 SYSTEMPATH\CodeIgniter.php(503): CodeIgniter\CodeIgniter->runController(Object(App\Controllers\MobileController))
 4 SYSTEMPATH\CodeIgniter.php(361): CodeIgniter\CodeIgniter->handleRequest(null, Object(Config\Cache), false)
 5 FCPATH\index.php(79): CodeIgniter\CodeIgniter->run()
INFO - 2026-02-22 22:02:20 --> Session: Class initialized using 'CodeIgniter\Session\Handlers\FileHandler' driver.
WARNING - 2026-02-22 22:02:20 --> [DEPRECATED] Creation of dynamic property CodeIgniter\HTTP\IncomingRequest::$user is deprecated in APPPATH\Filters\JwtAuthWeb.php on line 32.
 1 SYSTEMPATH\Filters\Filters.php(182): App\Filters\JwtAuthWeb->before(Object(CodeIgniter\HTTP\IncomingRequest), null)
 2 SYSTEMPATH\CodeIgniter.php(475): CodeIgniter\Filters\Filters->run('mobile-page', 'before')
 3 SYSTEMPATH\CodeIgniter.php(361): CodeIgniter\CodeIgniter->handleRequest(null, Object(Config\Cache), false)
 4 FCPATH\index.php(79): CodeIgniter\CodeIgniter->run()
INFO - 2026-02-22 22:02:25 --> Session: Class initialized using 'CodeIgniter\Session\Handlers\FileHandler' driver.
INFO - 2026-02-22 22:02:27 --> Session: Class initialized using 'CodeIgniter\Session\Handlers\FileHandler' driver.
WARNING - 2026-02-22 22:02:27 --> [DEPRECATED] Creation of dynamic property CodeIgniter\HTTP\IncomingRequest::$user is deprecated in APPPATH\Filters\JwtAuthWeb.php on line 32.
 1 SYSTEMPATH\Filters\Filters.php(182): App\Filters\JwtAuthWeb->before(Object(CodeIgniter\HTTP\IncomingRequest), null)
 2 SYSTEMPATH\CodeIgniter.php(475): CodeIgniter\Filters\Filters->run('setting/dashboard-page', 'before')
 3 SYSTEMPATH\CodeIgniter.php(361): CodeIgniter\CodeIgniter->handleRequest(null, Object(Config\Cache), false)
 4 FCPATH\index.php(79): CodeIgniter\CodeIgniter->run()
WARNING - 2026-02-22 22:02:28 --> [DEPRECATED] Creation of dynamic property CodeIgniter\HTTP\IncomingRequest::$user is deprecated in APPPATH\Filters\JwtAuth.php on line 47.
 1 SYSTEMPATH\Filters\Filters.php(182): App\Filters\JwtAuth->before(Object(CodeIgniter\HTTP\IncomingRequest), null)
 2 SYSTEMPATH\CodeIgniter.php(475): CodeIgniter\Filters\Filters->run('api/profile', 'before')
 3 SYSTEMPATH\CodeIgniter.php(361): CodeIgniter\CodeIgniter->handleRequest(null, Object(Config\Cache), false)
 4 FCPATH\index.php(79): CodeIgniter\CodeIgniter->run()
INFO - 2026-02-22 22:02:30 --> Session: Class initialized using 'CodeIgniter\Session\Handlers\FileHandler' driver.
WARNING - 2026-02-22 22:02:30 --> [DEPRECATED] Creation of dynamic property CodeIgniter\HTTP\IncomingRequest::$user is deprecated in APPPATH\Filters\JwtAuthWeb.php on line 32.
 1 SYSTEMPATH\Filters\Filters.php(182): App\Filters\JwtAuthWeb->before(Object(CodeIgniter\HTTP\IncomingRequest), null)
 2 SYSTEMPATH\CodeIgniter.php(475): CodeIgniter\Filters\Filters->run('mobile-page', 'before')
 3 SYSTEMPATH\CodeIgniter.php(361): CodeIgniter\CodeIgniter->handleRequest(null, Object(Config\Cache), false)
 4 FCPATH\index.php(79): CodeIgniter\CodeIgniter->run()
INFO - 2026-02-22 22:02:32 --> Session: Class initialized using 'CodeIgniter\Session\Handlers\FileHandler' driver.
WARNING - 2026-02-22 22:02:32 --> [DEPRECATED] Creation of dynamic property CodeIgniter\HTTP\IncomingRequest::$user is deprecated in APPPATH\Filters\JwtAuthWeb.php on line 32.
 1 SYSTEMPATH\Filters\Filters.php(182): App\Filters\JwtAuthWeb->before(Object(CodeIgniter\HTTP\IncomingRequest), null)
 2 SYSTEMPATH\CodeIgniter.php(475): CodeIgniter\Filters\Filters->run('visit_ptbed', 'before')
 3 SYSTEMPATH\CodeIgniter.php(361): CodeIgniter\CodeIgniter->handleRequest(null, Object(Config\Cache), false)
 4 FCPATH\index.php(79): CodeIgniter\CodeIgniter->run()
INFO - 2026-02-22 22:02:34 --> Session: Class initialized using 'CodeIgniter\Session\Handlers\FileHandler' driver.
WARNING - 2026-02-22 22:02:34 --> [DEPRECATED] Creation of dynamic property CodeIgniter\HTTP\IncomingRequest::$user is deprecated in APPPATH\Filters\JwtAuthWeb.php on line 32.
 1 SYSTEMPATH\Filters\Filters.php(182): App\Filters\JwtAuthWeb->before(Object(CodeIgniter\HTTP\IncomingRequest), null)
 2 SYSTEMPATH\CodeIgniter.php(475): CodeIgniter\Filters\Filters->run('cg_service/112', 'before')
 3 SYSTEMPATH\CodeIgniter.php(361): CodeIgniter\CodeIgniter->handleRequest(null, Object(Config\Cache), false)
 4 FCPATH\index.php(79): CodeIgniter\CodeIgniter->run()
INFO - 2026-02-22 22:02:40 --> Session: Class initialized using 'CodeIgniter\Session\Handlers\FileHandler' driver.
WARNING - 2026-02-22 22:02:40 --> [DEPRECATED] Creation of dynamic property CodeIgniter\HTTP\IncomingRequest::$user is deprecated in APPPATH\Filters\JwtAuthWeb.php on line 32.
 1 SYSTEMPATH\Filters\Filters.php(182): App\Filters\JwtAuthWeb->before(Object(CodeIgniter\HTTP\IncomingRequest), null)
 2 SYSTEMPATH\CodeIgniter.php(475): CodeIgniter\Filters\Filters->run('ltc_visit/112', 'before')
 3 SYSTEMPATH\CodeIgniter.php(361): CodeIgniter\CodeIgniter->handleRequest(null, Object(Config\Cache), false)
 4 FCPATH\index.php(79): CodeIgniter\CodeIgniter->run()
INFO - 2026-02-22 22:02:43 --> Session: Class initialized using 'CodeIgniter\Session\Handlers\FileHandler' driver.
WARNING - 2026-02-22 22:02:43 --> [DEPRECATED] Creation of dynamic property CodeIgniter\HTTP\IncomingRequest::$user is deprecated in APPPATH\Filters\JwtAuthWeb.php on line 32.
 1 SYSTEMPATH\Filters\Filters.php(182): App\Filters\JwtAuthWeb->before(Object(CodeIgniter\HTTP\IncomingRequest), null)
 2 SYSTEMPATH\CodeIgniter.php(475): CodeIgniter\Filters\Filters->run('cg_service/112', 'before')
 3 SYSTEMPATH\CodeIgniter.php(361): CodeIgniter\CodeIgniter->handleRequest(null, Object(Config\Cache), false)
 4 FCPATH\index.php(79): CodeIgniter\CodeIgniter->run()
INFO - 2026-02-22 22:02:46 --> Session: Class initialized using 'CodeIgniter\Session\Handlers\FileHandler' driver.
WARNING - 2026-02-22 22:02:46 --> [DEPRECATED] Creation of dynamic property CodeIgniter\HTTP\IncomingRequest::$user is deprecated in APPPATH\Filters\JwtAuthWeb.php on line 32.
 1 SYSTEMPATH\Filters\Filters.php(182): App\Filters\JwtAuthWeb->before(Object(CodeIgniter\HTTP\IncomingRequest), null)
 2 SYSTEMPATH\CodeIgniter.php(475): CodeIgniter\Filters\Filters->run('visit_ptbed', 'before')
 3 SYSTEMPATH\CodeIgniter.php(361): CodeIgniter\CodeIgniter->handleRequest(null, Object(Config\Cache), false)
 4 FCPATH\index.php(79): CodeIgniter\CodeIgniter->run()
INFO - 2026-02-22 22:02:49 --> Session: Class initialized using 'CodeIgniter\Session\Handlers\FileHandler' driver.
WARNING - 2026-02-22 22:02:49 --> [DEPRECATED] Creation of dynamic property CodeIgniter\HTTP\IncomingRequest::$user is deprecated in APPPATH\Filters\JwtAuthWeb.php on line 32.
 1 SYSTEMPATH\Filters\Filters.php(182): App\Filters\JwtAuthWeb->before(Object(CodeIgniter\HTTP\IncomingRequest), null)
 2 SYSTEMPATH\CodeIgniter.php(475): CodeIgniter\Filters\Filters->run('mobile-page', 'before')
 3 SYSTEMPATH\CodeIgniter.php(361): CodeIgniter\CodeIgniter->handleRequest(null, Object(Config\Cache), false)
 4 FCPATH\index.php(79): CodeIgniter\CodeIgniter->run()
INFO - 2026-02-22 22:02:51 --> Session: Class initialized using 'CodeIgniter\Session\Handlers\FileHandler' driver.
WARNING - 2026-02-22 22:02:51 --> [DEPRECATED] Creation of dynamic property CodeIgniter\HTTP\IncomingRequest::$user is deprecated in APPPATH\Filters\JwtAuthWeb.php on line 32.
 1 SYSTEMPATH\Filters\Filters.php(182): App\Filters\JwtAuthWeb->before(Object(CodeIgniter\HTTP\IncomingRequest), null)
 2 SYSTEMPATH\CodeIgniter.php(475): CodeIgniter\Filters\Filters->run('visit_ptbed', 'before')
 3 SYSTEMPATH\CodeIgniter.php(361): CodeIgniter\CodeIgniter->handleRequest(null, Object(Config\Cache), false)
 4 FCPATH\index.php(79): CodeIgniter\CodeIgniter->run()
INFO - 2026-02-22 22:02:53 --> Session: Class initialized using 'CodeIgniter\Session\Handlers\FileHandler' driver.
WARNING - 2026-02-22 22:02:53 --> [DEPRECATED] Creation of dynamic property CodeIgniter\HTTP\IncomingRequest::$user is deprecated in APPPATH\Filters\JwtAuthWeb.php on line 32.
 1 SYSTEMPATH\Filters\Filters.php(182): App\Filters\JwtAuthWeb->before(Object(CodeIgniter\HTTP\IncomingRequest), null)
 2 SYSTEMPATH\CodeIgniter.php(475): CodeIgniter\Filters\Filters->run('mobile-page', 'before')
 3 SYSTEMPATH\CodeIgniter.php(361): CodeIgniter\CodeIgniter->handleRequest(null, Object(Config\Cache), false)
 4 FCPATH\index.php(79): CodeIgniter\CodeIgniter->run()
INFO - 2026-02-22 22:04:12 --> Session: Class initialized using 'CodeIgniter\Session\Handlers\FileHandler' driver.
INFO - 2026-02-22 22:04:15 --> Session: Class initialized using 'CodeIgniter\Session\Handlers\FileHandler' driver.
WARNING - 2026-02-22 22:04:15 --> [DEPRECATED] Creation of dynamic property CodeIgniter\HTTP\IncomingRequest::$user is deprecated in APPPATH\Filters\JwtAuthWeb.php on line 32.
 1 SYSTEMPATH\Filters\Filters.php(182): App\Filters\JwtAuthWeb->before(Object(CodeIgniter\HTTP\IncomingRequest), null)
 2 SYSTEMPATH\CodeIgniter.php(475): CodeIgniter\Filters\Filters->run('setting/dashboard-page', 'before')
 3 SYSTEMPATH\CodeIgniter.php(361): CodeIgniter\CodeIgniter->handleRequest(null, Object(Config\Cache), false)
 4 FCPATH\index.php(79): CodeIgniter\CodeIgniter->run()
WARNING - 2026-02-22 22:04:15 --> [DEPRECATED] Creation of dynamic property CodeIgniter\HTTP\IncomingRequest::$user is deprecated in APPPATH\Filters\JwtAuth.php on line 47.
 1 SYSTEMPATH\Filters\Filters.php(182): App\Filters\JwtAuth->before(Object(CodeIgniter\HTTP\IncomingRequest), null)
 2 SYSTEMPATH\CodeIgniter.php(475): CodeIgniter\Filters\Filters->run('api/profile', 'before')
 3 SYSTEMPATH\CodeIgniter.php(361): CodeIgniter\CodeIgniter->handleRequest(null, Object(Config\Cache), false)
 4 FCPATH\index.php(79): CodeIgniter\CodeIgniter->run()
INFO - 2026-02-22 22:05:45 --> Session: Class initialized using 'CodeIgniter\Session\Handlers\FileHandler' driver.
INFO - 2026-02-22 22:05:47 --> Session: Class initialized using 'CodeIgniter\Session\Handlers\FileHandler' driver.
WARNING - 2026-02-22 22:05:47 --> [DEPRECATED] Creation of dynamic property CodeIgniter\HTTP\IncomingRequest::$user is deprecated in APPPATH\Filters\JwtAuthWeb.php on line 32.
 1 SYSTEMPATH\Filters\Filters.php(182): App\Filters\JwtAuthWeb->before(Object(CodeIgniter\HTTP\IncomingRequest), null)
 2 SYSTEMPATH\CodeIgniter.php(475): CodeIgniter\Filters\Filters->run('setting/dashboard-page', 'before')
 3 SYSTEMPATH\CodeIgniter.php(361): CodeIgniter\CodeIgniter->handleRequest(null, Object(Config\Cache), false)
 4 FCPATH\index.php(79): CodeIgniter\CodeIgniter->run()
WARNING - 2026-02-22 22:05:48 --> [DEPRECATED] Creation of dynamic property CodeIgniter\HTTP\IncomingRequest::$user is deprecated in APPPATH\Filters\JwtAuth.php on line 47.
 1 SYSTEMPATH\Filters\Filters.php(182): App\Filters\JwtAuth->before(Object(CodeIgniter\HTTP\IncomingRequest), null)
 2 SYSTEMPATH\CodeIgniter.php(475): CodeIgniter\Filters\Filters->run('api/profile', 'before')
 3 SYSTEMPATH\CodeIgniter.php(361): CodeIgniter\CodeIgniter->handleRequest(null, Object(Config\Cache), false)
 4 FCPATH\index.php(79): CodeIgniter\CodeIgniter->run()
INFO - 2026-02-22 22:05:54 --> Session: Class initialized using 'CodeIgniter\Session\Handlers\FileHandler' driver.
WARNING - 2026-02-22 22:05:54 --> [DEPRECATED] Creation of dynamic property CodeIgniter\HTTP\IncomingRequest::$user is deprecated in APPPATH\Filters\JwtAuthWeb.php on line 32.
 1 SYSTEMPATH\Filters\Filters.php(182): App\Filters\JwtAuthWeb->before(Object(CodeIgniter\HTTP\IncomingRequest), null)
 2 SYSTEMPATH\CodeIgniter.php(475): CodeIgniter\Filters\Filters->run('setting/profile-page', 'before')
 3 SYSTEMPATH\CodeIgniter.php(361): CodeIgniter\CodeIgniter->handleRequest(null, Object(Config\Cache), false)
 4 FCPATH\index.php(79): CodeIgniter\CodeIgniter->run()
WARNING - 2026-02-22 22:05:55 --> [DEPRECATED] Creation of dynamic property CodeIgniter\HTTP\IncomingRequest::$user is deprecated in APPPATH\Filters\JwtAuth.php on line 47.
 1 SYSTEMPATH\Filters\Filters.php(182): App\Filters\JwtAuth->before(Object(CodeIgniter\HTTP\IncomingRequest), null)
 2 SYSTEMPATH\CodeIgniter.php(475): CodeIgniter\Filters\Filters->run('api/profile', 'before')
 3 SYSTEMPATH\CodeIgniter.php(361): CodeIgniter\CodeIgniter->handleRequest(null, Object(Config\Cache), false)
 4 FCPATH\index.php(79): CodeIgniter\CodeIgniter->run()
INFO - 2026-02-22 22:06:03 --> Session: Class initialized using 'CodeIgniter\Session\Handlers\FileHandler' driver.
WARNING - 2026-02-22 22:06:03 --> [DEPRECATED] Creation of dynamic property CodeIgniter\HTTP\IncomingRequest::$user is deprecated in APPPATH\Filters\JwtAuthWeb.php on line 32.
 1 SYSTEMPATH\Filters\Filters.php(182): App\Filters\JwtAuthWeb->before(Object(CodeIgniter\HTTP\IncomingRequest), null)
 2 SYSTEMPATH\CodeIgniter.php(475): CodeIgniter\Filters\Filters->run('setting/office-page', 'before')
 3 SYSTEMPATH\CodeIgniter.php(361): CodeIgniter\CodeIgniter->handleRequest(null, Object(Config\Cache), false)
 4 FCPATH\index.php(79): CodeIgniter\CodeIgniter->run()
WARNING - 2026-02-22 22:06:03 --> [DEPRECATED] Creation of dynamic property CodeIgniter\HTTP\IncomingRequest::$user is deprecated in APPPATH\Filters\JwtAuth.php on line 47.
 1 SYSTEMPATH\Filters\Filters.php(182): App\Filters\JwtAuth->before(Object(CodeIgniter\HTTP\IncomingRequest), null)
 2 SYSTEMPATH\CodeIgniter.php(475): CodeIgniter\Filters\Filters->run('api/profile', 'before')
 3 SYSTEMPATH\CodeIgniter.php(361): CodeIgniter\CodeIgniter->handleRequest(null, Object(Config\Cache), false)
 4 FCPATH\index.php(79): CodeIgniter\CodeIgniter->run()
INFO - 2026-02-22 22:06:03 --> Session: Class initialized using 'CodeIgniter\Session\Handlers\FileHandler' driver.
WARNING - 2026-02-22 22:06:03 --> [DEPRECATED] Creation of dynamic property CodeIgniter\HTTP\IncomingRequest::$user is deprecated in APPPATH\Filters\JwtAuthWeb.php on line 32.
 1 SYSTEMPATH\Filters\Filters.php(182): App\Filters\JwtAuthWeb->before(Object(CodeIgniter\HTTP\IncomingRequest), null)
 2 SYSTEMPATH\CodeIgniter.php(475): CodeIgniter\Filters\Filters->run('setting/getOffice', 'before')
 3 SYSTEMPATH\CodeIgniter.php(361): CodeIgniter\CodeIgniter->handleRequest(null, Object(Config\Cache), false)
 4 FCPATH\index.php(79): CodeIgniter\CodeIgniter->run()
INFO - 2026-02-22 22:06:21 --> Session: Class initialized using 'CodeIgniter\Session\Handlers\FileHandler' driver.
WARNING - 2026-02-22 22:06:21 --> [DEPRECATED] Creation of dynamic property CodeIgniter\HTTP\IncomingRequest::$user is deprecated in APPPATH\Filters\JwtAuthWeb.php on line 32.
 1 SYSTEMPATH\Filters\Filters.php(182): App\Filters\JwtAuthWeb->before(Object(CodeIgniter\HTTP\IncomingRequest), null)
 2 SYSTEMPATH\CodeIgniter.php(475): CodeIgniter\Filters\Filters->run('ltc-all', 'before')
 3 SYSTEMPATH\CodeIgniter.php(361): CodeIgniter\CodeIgniter->handleRequest(null, Object(Config\Cache), false)
 4 FCPATH\index.php(79): CodeIgniter\CodeIgniter->run()
WARNING - 2026-02-22 22:06:21 --> [DEPRECATED] Creation of dynamic property CodeIgniter\HTTP\IncomingRequest::$user is deprecated in APPPATH\Filters\JwtAuth.php on line 47.
 1 SYSTEMPATH\Filters\Filters.php(182): App\Filters\JwtAuth->before(Object(CodeIgniter\HTTP\IncomingRequest), null)
 2 SYSTEMPATH\CodeIgniter.php(475): CodeIgniter\Filters\Filters->run('api/profile', 'before')
 3 SYSTEMPATH\CodeIgniter.php(361): CodeIgniter\CodeIgniter->handleRequest(null, Object(Config\Cache), false)
 4 FCPATH\index.php(79): CodeIgniter\CodeIgniter->run()
INFO - 2026-02-22 22:06:21 --> Session: Class initialized using 'CodeIgniter\Session\Handlers\FileHandler' driver.
WARNING - 2026-02-22 22:06:21 --> [DEPRECATED] Creation of dynamic property CodeIgniter\HTTP\IncomingRequest::$user is deprecated in APPPATH\Filters\JwtAuthWeb.php on line 32.
 1 SYSTEMPATH\Filters\Filters.php(182): App\Filters\JwtAuthWeb->before(Object(CodeIgniter\HTTP\IncomingRequest), null)
 2 SYSTEMPATH\CodeIgniter.php(475): CodeIgniter\Filters\Filters->run('getLtcData', 'before')
 3 SYSTEMPATH\CodeIgniter.php(361): CodeIgniter\CodeIgniter->handleRequest(null, Object(Config\Cache), false)
 4 FCPATH\index.php(79): CodeIgniter\CodeIgniter->run()
INFO - 2026-02-22 22:06:26 --> Session: Class initialized using 'CodeIgniter\Session\Handlers\FileHandler' driver.
WARNING - 2026-02-22 22:06:26 --> [DEPRECATED] Creation of dynamic property CodeIgniter\HTTP\IncomingRequest::$user is deprecated in APPPATH\Filters\JwtAuthWeb.php on line 32.
 1 SYSTEMPATH\Filters\Filters.php(182): App\Filters\JwtAuthWeb->before(Object(CodeIgniter\HTTP\IncomingRequest), null)
 2 SYSTEMPATH\CodeIgniter.php(475): CodeIgniter\Filters\Filters->run('ltc-page', 'before')
 3 SYSTEMPATH\CodeIgniter.php(361): CodeIgniter\CodeIgniter->handleRequest(null, Object(Config\Cache), false)
 4 FCPATH\index.php(79): CodeIgniter\CodeIgniter->run()
WARNING - 2026-02-22 22:06:27 --> [DEPRECATED] Creation of dynamic property CodeIgniter\HTTP\IncomingRequest::$user is deprecated in APPPATH\Filters\JwtAuth.php on line 47.
 1 SYSTEMPATH\Filters\Filters.php(182): App\Filters\JwtAuth->before(Object(CodeIgniter\HTTP\IncomingRequest), null)
 2 SYSTEMPATH\CodeIgniter.php(475): CodeIgniter\Filters\Filters->run('api/profile', 'before')
 3 SYSTEMPATH\CodeIgniter.php(361): CodeIgniter\CodeIgniter->handleRequest(null, Object(Config\Cache), false)
 4 FCPATH\index.php(79): CodeIgniter\CodeIgniter->run()
INFO - 2026-02-22 22:06:27 --> Session: Class initialized using 'CodeIgniter\Session\Handlers\FileHandler' driver.
WARNING - 2026-02-22 22:06:27 --> [DEPRECATED] Creation of dynamic property CodeIgniter\HTTP\IncomingRequest::$user is deprecated in APPPATH\Filters\JwtAuthWeb.php on line 32.
 1 SYSTEMPATH\Filters\Filters.php(182): App\Filters\JwtAuthWeb->before(Object(CodeIgniter\HTTP\IncomingRequest), null)
 2 SYSTEMPATH\CodeIgniter.php(475): CodeIgniter\Filters\Filters->run('getElderlyData', 'before')
 3 SYSTEMPATH\CodeIgniter.php(361): CodeIgniter\CodeIgniter->handleRequest(null, Object(Config\Cache), false)
 4 FCPATH\index.php(79): CodeIgniter\CodeIgniter->run()
INFO - 2026-02-22 22:06:32 --> Session: Class initialized using 'CodeIgniter\Session\Handlers\FileHandler' driver.
WARNING - 2026-02-22 22:06:32 --> [DEPRECATED] Creation of dynamic property CodeIgniter\HTTP\IncomingRequest::$user is deprecated in APPPATH\Filters\JwtAuthWeb.php on line 32.
 1 SYSTEMPATH\Filters\Filters.php(182): App\Filters\JwtAuthWeb->before(Object(CodeIgniter\HTTP\IncomingRequest), null)
 2 SYSTEMPATH\CodeIgniter.php(475): CodeIgniter\Filters\Filters->run('caregiver-page', 'before')
 3 SYSTEMPATH\CodeIgniter.php(361): CodeIgniter\CodeIgniter->handleRequest(null, Object(Config\Cache), false)
 4 FCPATH\index.php(79): CodeIgniter\CodeIgniter->run()
WARNING - 2026-02-22 22:06:32 --> [DEPRECATED] Creation of dynamic property CodeIgniter\HTTP\IncomingRequest::$user is deprecated in APPPATH\Filters\JwtAuth.php on line 47.
 1 SYSTEMPATH\Filters\Filters.php(182): App\Filters\JwtAuth->before(Object(CodeIgniter\HTTP\IncomingRequest), null)
 2 SYSTEMPATH\CodeIgniter.php(475): CodeIgniter\Filters\Filters->run('api/profile', 'before')
 3 SYSTEMPATH\CodeIgniter.php(361): CodeIgniter\CodeIgniter->handleRequest(null, Object(Config\Cache), false)
 4 FCPATH\index.php(79): CodeIgniter\CodeIgniter->run()
INFO - 2026-02-22 22:06:32 --> Session: Class initialized using 'CodeIgniter\Session\Handlers\FileHandler' driver.
WARNING - 2026-02-22 22:06:32 --> [DEPRECATED] Creation of dynamic property CodeIgniter\HTTP\IncomingRequest::$user is deprecated in APPPATH\Filters\JwtAuthWeb.php on line 32.
 1 SYSTEMPATH\Filters\Filters.php(182): App\Filters\JwtAuthWeb->before(Object(CodeIgniter\HTTP\IncomingRequest), null)
 2 SYSTEMPATH\CodeIgniter.php(475): CodeIgniter\Filters\Filters->run('getCaregiverData', 'before')
 3 SYSTEMPATH\CodeIgniter.php(361): CodeIgniter\CodeIgniter->handleRequest(null, Object(Config\Cache), false)
 4 FCPATH\index.php(79): CodeIgniter\CodeIgniter->run()
INFO - 2026-02-22 22:06:36 --> Session: Class initialized using 'CodeIgniter\Session\Handlers\FileHandler' driver.
WARNING - 2026-02-22 22:06:36 --> [DEPRECATED] Creation of dynamic property CodeIgniter\HTTP\IncomingRequest::$user is deprecated in APPPATH\Filters\JwtAuthWeb.php on line 32.
 1 SYSTEMPATH\Filters\Filters.php(182): App\Filters\JwtAuthWeb->before(Object(CodeIgniter\HTTP\IncomingRequest), null)
 2 SYSTEMPATH\CodeIgniter.php(475): CodeIgniter\Filters\Filters->run('cm-page', 'before')
 3 SYSTEMPATH\CodeIgniter.php(361): CodeIgniter\CodeIgniter->handleRequest(null, Object(Config\Cache), false)
 4 FCPATH\index.php(79): CodeIgniter\CodeIgniter->run()
WARNING - 2026-02-22 22:06:37 --> [DEPRECATED] Creation of dynamic property CodeIgniter\HTTP\IncomingRequest::$user is deprecated in APPPATH\Filters\JwtAuth.php on line 47.
 1 SYSTEMPATH\Filters\Filters.php(182): App\Filters\JwtAuth->before(Object(CodeIgniter\HTTP\IncomingRequest), null)
 2 SYSTEMPATH\CodeIgniter.php(475): CodeIgniter\Filters\Filters->run('api/profile', 'before')
 3 SYSTEMPATH\CodeIgniter.php(361): CodeIgniter\CodeIgniter->handleRequest(null, Object(Config\Cache), false)
 4 FCPATH\index.php(79): CodeIgniter\CodeIgniter->run()
INFO - 2026-02-22 22:06:37 --> Session: Class initialized using 'CodeIgniter\Session\Handlers\FileHandler' driver.
WARNING - 2026-02-22 22:06:37 --> [DEPRECATED] Creation of dynamic property CodeIgniter\HTTP\IncomingRequest::$user is deprecated in APPPATH\Filters\JwtAuthWeb.php on line 32.
 1 SYSTEMPATH\Filters\Filters.php(182): App\Filters\JwtAuthWeb->before(Object(CodeIgniter\HTTP\IncomingRequest), null)
 2 SYSTEMPATH\CodeIgniter.php(475): CodeIgniter\Filters\Filters->run('getCmData', 'before')
 3 SYSTEMPATH\CodeIgniter.php(361): CodeIgniter\CodeIgniter->handleRequest(null, Object(Config\Cache), false)
 4 FCPATH\index.php(79): CodeIgniter\CodeIgniter->run()
INFO - 2026-02-22 22:06:39 --> Session: Class initialized using 'CodeIgniter\Session\Handlers\FileHandler' driver.
WARNING - 2026-02-22 22:06:39 --> [DEPRECATED] Creation of dynamic property CodeIgniter\HTTP\IncomingRequest::$user is deprecated in APPPATH\Filters\JwtAuthWeb.php on line 32.
 1 SYSTEMPATH\Filters\Filters.php(182): App\Filters\JwtAuthWeb->before(Object(CodeIgniter\HTTP\IncomingRequest), null)
 2 SYSTEMPATH\CodeIgniter.php(475): CodeIgniter\Filters\Filters->run('setting/profile-page', 'before')
 3 SYSTEMPATH\CodeIgniter.php(361): CodeIgniter\CodeIgniter->handleRequest(null, Object(Config\Cache), false)
 4 FCPATH\index.php(79): CodeIgniter\CodeIgniter->run()
WARNING - 2026-02-22 22:06:40 --> [DEPRECATED] Creation of dynamic property CodeIgniter\HTTP\IncomingRequest::$user is deprecated in APPPATH\Filters\JwtAuth.php on line 47.
 1 SYSTEMPATH\Filters\Filters.php(182): App\Filters\JwtAuth->before(Object(CodeIgniter\HTTP\IncomingRequest), null)
 2 SYSTEMPATH\CodeIgniter.php(475): CodeIgniter\Filters\Filters->run('api/profile', 'before')
 3 SYSTEMPATH\CodeIgniter.php(361): CodeIgniter\CodeIgniter->handleRequest(null, Object(Config\Cache), false)
 4 FCPATH\index.php(79): CodeIgniter\CodeIgniter->run()
INFO - 2026-02-22 22:06:43 --> Session: Class initialized using 'CodeIgniter\Session\Handlers\FileHandler' driver.
WARNING - 2026-02-22 22:06:43 --> [DEPRECATED] Creation of dynamic property CodeIgniter\HTTP\IncomingRequest::$user is deprecated in APPPATH\Filters\JwtAuthWeb.php on line 32.
 1 SYSTEMPATH\Filters\Filters.php(182): App\Filters\JwtAuthWeb->before(Object(CodeIgniter\HTTP\IncomingRequest), null)
 2 SYSTEMPATH\CodeIgniter.php(475): CodeIgniter\Filters\Filters->run('service-page', 'before')
 3 SYSTEMPATH\CodeIgniter.php(361): CodeIgniter\CodeIgniter->handleRequest(null, Object(Config\Cache), false)
 4 FCPATH\index.php(79): CodeIgniter\CodeIgniter->run()
WARNING - 2026-02-22 22:06:44 --> [DEPRECATED] Creation of dynamic property CodeIgniter\HTTP\IncomingRequest::$user is deprecated in APPPATH\Filters\JwtAuth.php on line 47.
 1 SYSTEMPATH\Filters\Filters.php(182): App\Filters\JwtAuth->before(Object(CodeIgniter\HTTP\IncomingRequest), null)
 2 SYSTEMPATH\CodeIgniter.php(475): CodeIgniter\Filters\Filters->run('api/profile', 'before')
 3 SYSTEMPATH\CodeIgniter.php(361): CodeIgniter\CodeIgniter->handleRequest(null, Object(Config\Cache), false)
 4 FCPATH\index.php(79): CodeIgniter\CodeIgniter->run()
INFO - 2026-02-22 22:06:46 --> Session: Class initialized using 'CodeIgniter\Session\Handlers\FileHandler' driver.
WARNING - 2026-02-22 22:06:46 --> [DEPRECATED] Creation of dynamic property CodeIgniter\HTTP\IncomingRequest::$user is deprecated in APPPATH\Filters\JwtAuthWeb.php on line 32.
 1 SYSTEMPATH\Filters\Filters.php(182): App\Filters\JwtAuthWeb->before(Object(CodeIgniter\HTTP\IncomingRequest), null)
 2 SYSTEMPATH\CodeIgniter.php(475): CodeIgniter\Filters\Filters->run('cgServicerep', 'before')
 3 SYSTEMPATH\CodeIgniter.php(361): CodeIgniter\CodeIgniter->handleRequest(null, Object(Config\Cache), false)
 4 FCPATH\index.php(79): CodeIgniter\CodeIgniter->run()
INFO - 2026-02-22 22:07:00 --> Session: Class initialized using 'CodeIgniter\Session\Handlers\FileHandler' driver.
WARNING - 2026-02-22 22:07:00 --> [DEPRECATED] Creation of dynamic property CodeIgniter\HTTP\IncomingRequest::$user is deprecated in APPPATH\Filters\JwtAuthWeb.php on line 32.
 1 SYSTEMPATH\Filters\Filters.php(182): App\Filters\JwtAuthWeb->before(Object(CodeIgniter\HTTP\IncomingRequest), null)
 2 SYSTEMPATH\CodeIgniter.php(475): CodeIgniter\Filters\Filters->run('mobile-page', 'before')
 3 SYSTEMPATH\CodeIgniter.php(361): CodeIgniter\CodeIgniter->handleRequest(null, Object(Config\Cache), false)
 4 FCPATH\index.php(79): CodeIgniter\CodeIgniter->run()
INFO - 2026-02-22 22:07:02 --> Session: Class initialized using 'CodeIgniter\Session\Handlers\FileHandler' driver.
WARNING - 2026-02-22 22:07:02 --> [DEPRECATED] Creation of dynamic property CodeIgniter\HTTP\IncomingRequest::$user is deprecated in APPPATH\Filters\JwtAuthWeb.php on line 32.
 1 SYSTEMPATH\Filters\Filters.php(182): App\Filters\JwtAuthWeb->before(Object(CodeIgniter\HTTP\IncomingRequest), null)
 2 SYSTEMPATH\CodeIgniter.php(475): CodeIgniter\Filters\Filters->run('visit_ptbed', 'before')
 3 SYSTEMPATH\CodeIgniter.php(361): CodeIgniter\CodeIgniter->handleRequest(null, Object(Config\Cache), false)
 4 FCPATH\index.php(79): CodeIgniter\CodeIgniter->run()
INFO - 2026-02-22 22:07:19 --> Session: Class initialized using 'CodeIgniter\Session\Handlers\FileHandler' driver.
WARNING - 2026-02-22 22:07:19 --> [DEPRECATED] Creation of dynamic property CodeIgniter\HTTP\IncomingRequest::$user is deprecated in APPPATH\Filters\JwtAuthWeb.php on line 32.
 1 SYSTEMPATH\Filters\Filters.php(182): App\Filters\JwtAuthWeb->before(Object(CodeIgniter\HTTP\IncomingRequest), null)
 2 SYSTEMPATH\CodeIgniter.php(475): CodeIgniter\Filters\Filters->run('cg_service/1', 'before')
 3 SYSTEMPATH\CodeIgniter.php(361): CodeIgniter\CodeIgniter->handleRequest(null, Object(Config\Cache), false)
 4 FCPATH\index.php(79): CodeIgniter\CodeIgniter->run()
INFO - 2026-02-22 22:07:37 --> Session: Class initialized using 'CodeIgniter\Session\Handlers\FileHandler' driver.
WARNING - 2026-02-22 22:07:37 --> [DEPRECATED] Creation of dynamic property CodeIgniter\HTTP\IncomingRequest::$user is deprecated in APPPATH\Filters\JwtAuthWeb.php on line 32.
 1 SYSTEMPATH\Filters\Filters.php(182): App\Filters\JwtAuthWeb->before(Object(CodeIgniter\HTTP\IncomingRequest), null)
 2 SYSTEMPATH\CodeIgniter.php(475): CodeIgniter\Filters\Filters->run('visit_ptbed', 'before')
 3 SYSTEMPATH\CodeIgniter.php(361): CodeIgniter\CodeIgniter->handleRequest(null, Object(Config\Cache), false)
 4 FCPATH\index.php(79): CodeIgniter\CodeIgniter->run()
INFO - 2026-02-22 22:07:39 --> Session: Class initialized using 'CodeIgniter\Session\Handlers\FileHandler' driver.
WARNING - 2026-02-22 22:07:39 --> [DEPRECATED] Creation of dynamic property CodeIgniter\HTTP\IncomingRequest::$user is deprecated in APPPATH\Filters\JwtAuthWeb.php on line 32.
 1 SYSTEMPATH\Filters\Filters.php(182): App\Filters\JwtAuthWeb->before(Object(CodeIgniter\HTTP\IncomingRequest), null)
 2 SYSTEMPATH\CodeIgniter.php(475): CodeIgniter\Filters\Filters->run('cg_service/1', 'before')
 3 SYSTEMPATH\CodeIgniter.php(361): CodeIgniter\CodeIgniter->handleRequest(null, Object(Config\Cache), false)
 4 FCPATH\index.php(79): CodeIgniter\CodeIgniter->run()
INFO - 2026-02-22 22:07:45 --> Session: Class initialized using 'CodeIgniter\Session\Handlers\FileHandler' driver.
WARNING - 2026-02-22 22:07:45 --> [DEPRECATED] Creation of dynamic property CodeIgniter\HTTP\IncomingRequest::$user is deprecated in APPPATH\Filters\JwtAuthWeb.php on line 32.
 1 SYSTEMPATH\Filters\Filters.php(182): App\Filters\JwtAuthWeb->before(Object(CodeIgniter\HTTP\IncomingRequest), null)
 2 SYSTEMPATH\CodeIgniter.php(475): CodeIgniter\Filters\Filters->run('visit_ptbed', 'before')
 3 SYSTEMPATH\CodeIgniter.php(361): CodeIgniter\CodeIgniter->handleRequest(null, Object(Config\Cache), false)
 4 FCPATH\index.php(79): CodeIgniter\CodeIgniter->run()
INFO - 2026-02-22 22:07:49 --> Session: Class initialized using 'CodeIgniter\Session\Handlers\FileHandler' driver.
WARNING - 2026-02-22 22:07:49 --> [DEPRECATED] Creation of dynamic property CodeIgniter\HTTP\IncomingRequest::$user is deprecated in APPPATH\Filters\JwtAuthWeb.php on line 32.
 1 SYSTEMPATH\Filters\Filters.php(182): App\Filters\JwtAuthWeb->before(Object(CodeIgniter\HTTP\IncomingRequest), null)
 2 SYSTEMPATH\CodeIgniter.php(475): CodeIgniter\Filters\Filters->run('mobile-page', 'before')
 3 SYSTEMPATH\CodeIgniter.php(361): CodeIgniter\CodeIgniter->handleRequest(null, Object(Config\Cache), false)
 4 FCPATH\index.php(79): CodeIgniter\CodeIgniter->run()
INFO - 2026-02-22 22:08:02 --> Session: Class initialized using 'CodeIgniter\Session\Handlers\FileHandler' driver.
INFO - 2026-02-22 22:08:04 --> Session: Class initialized using 'CodeIgniter\Session\Handlers\FileHandler' driver.
WARNING - 2026-02-22 22:08:04 --> [DEPRECATED] Creation of dynamic property CodeIgniter\HTTP\IncomingRequest::$user is deprecated in APPPATH\Filters\JwtAuthWeb.php on line 32.
 1 SYSTEMPATH\Filters\Filters.php(182): App\Filters\JwtAuthWeb->before(Object(CodeIgniter\HTTP\IncomingRequest), null)
 2 SYSTEMPATH\CodeIgniter.php(475): CodeIgniter\Filters\Filters->run('setting/dashboard-page', 'before')
 3 SYSTEMPATH\CodeIgniter.php(361): CodeIgniter\CodeIgniter->handleRequest(null, Object(Config\Cache), false)
 4 FCPATH\index.php(79): CodeIgniter\CodeIgniter->run()
WARNING - 2026-02-22 22:08:04 --> [DEPRECATED] Creation of dynamic property CodeIgniter\HTTP\IncomingRequest::$user is deprecated in APPPATH\Filters\JwtAuth.php on line 47.
 1 SYSTEMPATH\Filters\Filters.php(182): App\Filters\JwtAuth->before(Object(CodeIgniter\HTTP\IncomingRequest), null)
 2 SYSTEMPATH\CodeIgniter.php(475): CodeIgniter\Filters\Filters->run('api/profile', 'before')
 3 SYSTEMPATH\CodeIgniter.php(361): CodeIgniter\CodeIgniter->handleRequest(null, Object(Config\Cache), false)
 4 FCPATH\index.php(79): CodeIgniter\CodeIgniter->run()
INFO - 2026-02-22 22:08:07 --> Session: Class initialized using 'CodeIgniter\Session\Handlers\FileHandler' driver.
WARNING - 2026-02-22 22:08:07 --> [DEPRECATED] Creation of dynamic property CodeIgniter\HTTP\IncomingRequest::$user is deprecated in APPPATH\Filters\JwtAuthWeb.php on line 32.
 1 SYSTEMPATH\Filters\Filters.php(182): App\Filters\JwtAuthWeb->before(Object(CodeIgniter\HTTP\IncomingRequest), null)
 2 SYSTEMPATH\CodeIgniter.php(475): CodeIgniter\Filters\Filters->run('ltc-page', 'before')
 3 SYSTEMPATH\CodeIgniter.php(361): CodeIgniter\CodeIgniter->handleRequest(null, Object(Config\Cache), false)
 4 FCPATH\index.php(79): CodeIgniter\CodeIgniter->run()
WARNING - 2026-02-22 22:08:08 --> [DEPRECATED] Creation of dynamic property CodeIgniter\HTTP\IncomingRequest::$user is deprecated in APPPATH\Filters\JwtAuth.php on line 47.
 1 SYSTEMPATH\Filters\Filters.php(182): App\Filters\JwtAuth->before(Object(CodeIgniter\HTTP\IncomingRequest), null)
 2 SYSTEMPATH\CodeIgniter.php(475): CodeIgniter\Filters\Filters->run('api/profile', 'before')
 3 SYSTEMPATH\CodeIgniter.php(361): CodeIgniter\CodeIgniter->handleRequest(null, Object(Config\Cache), false)
 4 FCPATH\index.php(79): CodeIgniter\CodeIgniter->run()
INFO - 2026-02-22 22:08:08 --> Session: Class initialized using 'CodeIgniter\Session\Handlers\FileHandler' driver.
WARNING - 2026-02-22 22:08:08 --> [DEPRECATED] Creation of dynamic property CodeIgniter\HTTP\IncomingRequest::$user is deprecated in APPPATH\Filters\JwtAuthWeb.php on line 32.
 1 SYSTEMPATH\Filters\Filters.php(182): App\Filters\JwtAuthWeb->before(Object(CodeIgniter\HTTP\IncomingRequest), null)
 2 SYSTEMPATH\CodeIgniter.php(475): CodeIgniter\Filters\Filters->run('getElderlyData', 'before')
 3 SYSTEMPATH\CodeIgniter.php(361): CodeIgniter\CodeIgniter->handleRequest(null, Object(Config\Cache), false)
 4 FCPATH\index.php(79): CodeIgniter\CodeIgniter->run()
INFO - 2026-02-22 22:08:22 --> Session: Class initialized using 'CodeIgniter\Session\Handlers\FileHandler' driver.
WARNING - 2026-02-22 22:08:22 --> [DEPRECATED] Creation of dynamic property CodeIgniter\HTTP\IncomingRequest::$user is deprecated in APPPATH\Filters\JwtAuthWeb.php on line 32.
 1 SYSTEMPATH\Filters\Filters.php(182): App\Filters\JwtAuthWeb->before(Object(CodeIgniter\HTTP\IncomingRequest), null)
 2 SYSTEMPATH\CodeIgniter.php(475): CodeIgniter\Filters\Filters->run('setting/dashboard-page', 'before')
 3 SYSTEMPATH\CodeIgniter.php(361): CodeIgniter\CodeIgniter->handleRequest(null, Object(Config\Cache), false)
 4 FCPATH\index.php(79): CodeIgniter\CodeIgniter->run()
WARNING - 2026-02-22 22:08:22 --> [DEPRECATED] Creation of dynamic property CodeIgniter\HTTP\IncomingRequest::$user is deprecated in APPPATH\Filters\JwtAuth.php on line 47.
 1 SYSTEMPATH\Filters\Filters.php(182): App\Filters\JwtAuth->before(Object(CodeIgniter\HTTP\IncomingRequest), null)
 2 SYSTEMPATH\CodeIgniter.php(475): CodeIgniter\Filters\Filters->run('api/profile', 'before')
 3 SYSTEMPATH\CodeIgniter.php(361): CodeIgniter\CodeIgniter->handleRequest(null, Object(Config\Cache), false)
 4 FCPATH\index.php(79): CodeIgniter\CodeIgniter->run()
INFO - 2026-02-22 22:08:28 --> Session: Class initialized using 'CodeIgniter\Session\Handlers\FileHandler' driver.
WARNING - 2026-02-22 22:08:28 --> [DEPRECATED] Creation of dynamic property CodeIgniter\HTTP\IncomingRequest::$user is deprecated in APPPATH\Filters\JwtAuthWeb.php on line 32.
 1 SYSTEMPATH\Filters\Filters.php(182): App\Filters\JwtAuthWeb->before(Object(CodeIgniter\HTTP\IncomingRequest), null)
 2 SYSTEMPATH\CodeIgniter.php(475): CodeIgniter\Filters\Filters->run('setting/dashboard-page', 'before')
 3 SYSTEMPATH\CodeIgniter.php(361): CodeIgniter\CodeIgniter->handleRequest(null, Object(Config\Cache), false)
 4 FCPATH\index.php(79): CodeIgniter\CodeIgniter->run()
WARNING - 2026-02-22 22:08:28 --> [DEPRECATED] Creation of dynamic property CodeIgniter\HTTP\IncomingRequest::$user is deprecated in APPPATH\Filters\JwtAuth.php on line 47.
 1 SYSTEMPATH\Filters\Filters.php(182): App\Filters\JwtAuth->before(Object(CodeIgniter\HTTP\IncomingRequest), null)
 2 SYSTEMPATH\CodeIgniter.php(475): CodeIgniter\Filters\Filters->run('api/profile', 'before')
 3 SYSTEMPATH\CodeIgniter.php(361): CodeIgniter\CodeIgniter->handleRequest(null, Object(Config\Cache), false)
 4 FCPATH\index.php(79): CodeIgniter\CodeIgniter->run()
INFO - 2026-02-22 22:08:40 --> Session: Class initialized using 'CodeIgniter\Session\Handlers\FileHandler' driver.
INFO - 2026-02-22 22:08:42 --> Session: Class initialized using 'CodeIgniter\Session\Handlers\FileHandler' driver.
WARNING - 2026-02-22 22:08:42 --> [DEPRECATED] Creation of dynamic property CodeIgniter\HTTP\IncomingRequest::$user is deprecated in APPPATH\Filters\JwtAuthWeb.php on line 32.
 1 SYSTEMPATH\Filters\Filters.php(182): App\Filters\JwtAuthWeb->before(Object(CodeIgniter\HTTP\IncomingRequest), null)
 2 SYSTEMPATH\CodeIgniter.php(475): CodeIgniter\Filters\Filters->run('setting/dashboard-page', 'before')
 3 SYSTEMPATH\CodeIgniter.php(361): CodeIgniter\CodeIgniter->handleRequest(null, Object(Config\Cache), false)
 4 FCPATH\index.php(79): CodeIgniter\CodeIgniter->run()
WARNING - 2026-02-22 22:08:43 --> [DEPRECATED] Creation of dynamic property CodeIgniter\HTTP\IncomingRequest::$user is deprecated in APPPATH\Filters\JwtAuth.php on line 47.
 1 SYSTEMPATH\Filters\Filters.php(182): App\Filters\JwtAuth->before(Object(CodeIgniter\HTTP\IncomingRequest), null)
 2 SYSTEMPATH\CodeIgniter.php(475): CodeIgniter\Filters\Filters->run('api/profile', 'before')
 3 SYSTEMPATH\CodeIgniter.php(361): CodeIgniter\CodeIgniter->handleRequest(null, Object(Config\Cache), false)
 4 FCPATH\index.php(79): CodeIgniter\CodeIgniter->run()
INFO - 2026-02-22 22:08:45 --> Session: Class initialized using 'CodeIgniter\Session\Handlers\FileHandler' driver.
WARNING - 2026-02-22 22:08:45 --> [DEPRECATED] Creation of dynamic property CodeIgniter\HTTP\IncomingRequest::$user is deprecated in APPPATH\Filters\JwtAuthWeb.php on line 32.
 1 SYSTEMPATH\Filters\Filters.php(182): App\Filters\JwtAuthWeb->before(Object(CodeIgniter\HTTP\IncomingRequest), null)
 2 SYSTEMPATH\CodeIgniter.php(475): CodeIgniter\Filters\Filters->run('setting/dashboard-page', 'before')
 3 SYSTEMPATH\CodeIgniter.php(361): CodeIgniter\CodeIgniter->handleRequest(null, Object(Config\Cache), false)
 4 FCPATH\index.php(79): CodeIgniter\CodeIgniter->run()
WARNING - 2026-02-22 22:08:46 --> [DEPRECATED] Creation of dynamic property CodeIgniter\HTTP\IncomingRequest::$user is deprecated in APPPATH\Filters\JwtAuth.php on line 47.
 1 SYSTEMPATH\Filters\Filters.php(182): App\Filters\JwtAuth->before(Object(CodeIgniter\HTTP\IncomingRequest), null)
 2 SYSTEMPATH\CodeIgniter.php(475): CodeIgniter\Filters\Filters->run('api/profile', 'before')
 3 SYSTEMPATH\CodeIgniter.php(361): CodeIgniter\CodeIgniter->handleRequest(null, Object(Config\Cache), false)
 4 FCPATH\index.php(79): CodeIgniter\CodeIgniter->run()
INFO - 2026-02-22 22:10:07 --> Session: Class initialized using 'CodeIgniter\Session\Handlers\FileHandler' driver.
INFO - 2026-02-22 22:10:09 --> Session: Class initialized using 'CodeIgniter\Session\Handlers\FileHandler' driver.
WARNING - 2026-02-22 22:10:09 --> [DEPRECATED] Creation of dynamic property CodeIgniter\HTTP\IncomingRequest::$user is deprecated in APPPATH\Filters\JwtAuthWeb.php on line 32.
 1 SYSTEMPATH\Filters\Filters.php(182): App\Filters\JwtAuthWeb->before(Object(CodeIgniter\HTTP\IncomingRequest), null)
 2 SYSTEMPATH\CodeIgniter.php(475): CodeIgniter\Filters\Filters->run('setting/dashboard-page', 'before')
 3 SYSTEMPATH\CodeIgniter.php(361): CodeIgniter\CodeIgniter->handleRequest(null, Object(Config\Cache), false)
 4 FCPATH\index.php(79): CodeIgniter\CodeIgniter->run()
WARNING - 2026-02-22 22:10:10 --> [DEPRECATED] Creation of dynamic property CodeIgniter\HTTP\IncomingRequest::$user is deprecated in APPPATH\Filters\JwtAuth.php on line 47.
 1 SYSTEMPATH\Filters\Filters.php(182): App\Filters\JwtAuth->before(Object(CodeIgniter\HTTP\IncomingRequest), null)
 2 SYSTEMPATH\CodeIgniter.php(475): CodeIgniter\Filters\Filters->run('api/profile', 'before')
 3 SYSTEMPATH\CodeIgniter.php(361): CodeIgniter\CodeIgniter->handleRequest(null, Object(Config\Cache), false)
 4 FCPATH\index.php(79): CodeIgniter\CodeIgniter->run()
INFO - 2026-02-22 22:13:07 --> Session: Class initialized using 'CodeIgniter\Session\Handlers\FileHandler' driver.
INFO - 2026-02-22 22:13:09 --> Session: Class initialized using 'CodeIgniter\Session\Handlers\FileHandler' driver.
WARNING - 2026-02-22 22:13:09 --> [DEPRECATED] Creation of dynamic property CodeIgniter\HTTP\IncomingRequest::$user is deprecated in APPPATH\Filters\JwtAuthWeb.php on line 32.
 1 SYSTEMPATH\Filters\Filters.php(182): App\Filters\JwtAuthWeb->before(Object(CodeIgniter\HTTP\IncomingRequest), null)
 2 SYSTEMPATH\CodeIgniter.php(475): CodeIgniter\Filters\Filters->run('setting/dashboard-page', 'before')
 3 SYSTEMPATH\CodeIgniter.php(361): CodeIgniter\CodeIgniter->handleRequest(null, Object(Config\Cache), false)
 4 FCPATH\index.php(79): CodeIgniter\CodeIgniter->run()
WARNING - 2026-02-22 22:13:10 --> [DEPRECATED] Creation of dynamic property CodeIgniter\HTTP\IncomingRequest::$user is deprecated in APPPATH\Filters\JwtAuth.php on line 47.
 1 SYSTEMPATH\Filters\Filters.php(182): App\Filters\JwtAuth->before(Object(CodeIgniter\HTTP\IncomingRequest), null)
 2 SYSTEMPATH\CodeIgniter.php(475): CodeIgniter\Filters\Filters->run('api/profile', 'before')
 3 SYSTEMPATH\CodeIgniter.php(361): CodeIgniter\CodeIgniter->handleRequest(null, Object(Config\Cache), false)
 4 FCPATH\index.php(79): CodeIgniter\CodeIgniter->run()
