INFO - 2026-02-27 10:59:16 --> Session: Class initialized using 'CodeIgniter\Session\Handlers\FileHandler' driver.
INFO - 2026-02-27 10:59:18 --> Session: Class initialized using 'CodeIgniter\Session\Handlers\FileHandler' driver.
WARNING - 2026-02-27 10:59:18 --> [DEPRECATED] Creation of dynamic property CodeIgniter\HTTP\IncomingRequest::$user is deprecated in APPPATH\Filters\JwtAuthWeb.php on line 32.
 1 SYSTEMPATH\Filters\Filters.php(182): App\Filters\JwtAuthWeb->before(Object(CodeIgniter\HTTP\IncomingRequest), null)
 2 SYSTEMPATH\CodeIgniter.php(475): CodeIgniter\Filters\Filters->run('setting/dashboard-page', 'before')
 3 SYSTEMPATH\CodeIgniter.php(361): CodeIgniter\CodeIgniter->handleRequest(null, Object(Config\Cache), false)
 4 FCPATH\index.php(79): CodeIgniter\CodeIgniter->run()
WARNING - 2026-02-27 10:59:19 --> [DEPRECATED] Creation of dynamic property CodeIgniter\HTTP\IncomingRequest::$user is deprecated in APPPATH\Filters\JwtAuth.php on line 47.
 1 SYSTEMPATH\Filters\Filters.php(182): App\Filters\JwtAuth->before(Object(CodeIgniter\HTTP\IncomingRequest), null)
 2 SYSTEMPATH\CodeIgniter.php(475): CodeIgniter\Filters\Filters->run('api/profile', 'before')
 3 SYSTEMPATH\CodeIgniter.php(361): CodeIgniter\CodeIgniter->handleRequest(null, Object(Config\Cache), false)
 4 FCPATH\index.php(79): CodeIgniter\CodeIgniter->run()
INFO - 2026-02-27 10:59:22 --> Session: Class initialized using 'CodeIgniter\Session\Handlers\FileHandler' driver.
WARNING - 2026-02-27 10:59:22 --> [DEPRECATED] Creation of dynamic property CodeIgniter\HTTP\IncomingRequest::$user is deprecated in APPPATH\Filters\JwtAuthWeb.php on line 32.
 1 SYSTEMPATH\Filters\Filters.php(182): App\Filters\JwtAuthWeb->before(Object(CodeIgniter\HTTP\IncomingRequest), null)
 2 SYSTEMPATH\CodeIgniter.php(475): CodeIgniter\Filters\Filters->run('mobile-page', 'before')
 3 SYSTEMPATH\CodeIgniter.php(361): CodeIgniter\CodeIgniter->handleRequest(null, Object(Config\Cache), false)
 4 FCPATH\index.php(79): CodeIgniter\CodeIgniter->run()
WARNING - 2026-02-27 10:59:22 --> [DEPRECATED] Optional parameter $cg declared before required parameter $hcode is implicitly treated as a required parameter in APPPATH\Models\cgserviceModel.php on line 93.
 1 SYSTEMPATH\Autoloader\Autoloader.php(311): include_once('D:\\xampp6\\htdocs\\project-jwt\\vendor\\codeigniter4\\framework\\system\\Debug\\Exceptions.php')
 2 SYSTEMPATH\Autoloader\Autoloader.php(290): CodeIgniter\Autoloader\Autoloader->includeFile('D:\\xampp6\\htdocs\\project-jwt\\app\\Models\\cgserviceModel.php')
 3 SYSTEMPATH\Autoloader\Autoloader.php(266): CodeIgniter\Autoloader\Autoloader->loadInNamespace('App\\Models\\cgserviceModel')
 4 APPPATH\Controllers\mobileController.php(36): CodeIgniter\Autoloader\Autoloader->loadClass('App\\Models\\cgserviceModel')
 5 SYSTEMPATH\CodeIgniter.php(915): App\Controllers\MobileController->__construct()
 6 SYSTEMPATH\CodeIgniter.php(494): CodeIgniter\CodeIgniter->createController()
 7 SYSTEMPATH\CodeIgniter.php(361): CodeIgniter\CodeIgniter->handleRequest(null, Object(Config\Cache), false)
 8 FCPATH\index.php(79): CodeIgniter\CodeIgniter->run()
INFO - 2026-02-27 10:59:25 --> Session: Class initialized using 'CodeIgniter\Session\Handlers\FileHandler' driver.
WARNING - 2026-02-27 10:59:25 --> [DEPRECATED] Creation of dynamic property CodeIgniter\HTTP\IncomingRequest::$user is deprecated in APPPATH\Filters\JwtAuthWeb.php on line 32.
 1 SYSTEMPATH\Filters\Filters.php(182): App\Filters\JwtAuthWeb->before(Object(CodeIgniter\HTTP\IncomingRequest), null)
 2 SYSTEMPATH\CodeIgniter.php(475): CodeIgniter\Filters\Filters->run('mb_Report', 'before')
 3 SYSTEMPATH\CodeIgniter.php(361): CodeIgniter\CodeIgniter->handleRequest(null, Object(Config\Cache), false)
 4 FCPATH\index.php(79): CodeIgniter\CodeIgniter->run()
WARNING - 2026-02-27 10:59:25 --> [DEPRECATED] Optional parameter $cg declared before required parameter $hcode is implicitly treated as a required parameter in APPPATH\Models\cgserviceModel.php on line 93.
 1 SYSTEMPATH\Autoloader\Autoloader.php(311): include_once('D:\\xampp6\\htdocs\\project-jwt\\vendor\\codeigniter4\\framework\\system\\Debug\\Exceptions.php')
 2 SYSTEMPATH\Autoloader\Autoloader.php(290): CodeIgniter\Autoloader\Autoloader->includeFile('D:\\xampp6\\htdocs\\project-jwt\\app\\Models\\cgserviceModel.php')
 3 SYSTEMPATH\Autoloader\Autoloader.php(266): CodeIgniter\Autoloader\Autoloader->loadInNamespace('App\\Models\\cgserviceModel')
 4 APPPATH\Controllers\mobileController.php(36): CodeIgniter\Autoloader\Autoloader->loadClass('App\\Models\\cgserviceModel')
 5 SYSTEMPATH\CodeIgniter.php(915): App\Controllers\MobileController->__construct()
 6 SYSTEMPATH\CodeIgniter.php(494): CodeIgniter\CodeIgniter->createController()
 7 SYSTEMPATH\CodeIgniter.php(361): CodeIgniter\CodeIgniter->handleRequest(null, Object(Config\Cache), false)
 8 FCPATH\index.php(79): CodeIgniter\CodeIgniter->run()
INFO - 2026-02-27 11:00:04 --> Session: Class initialized using 'CodeIgniter\Session\Handlers\FileHandler' driver.
WARNING - 2026-02-27 11:00:04 --> [DEPRECATED] Creation of dynamic property CodeIgniter\HTTP\IncomingRequest::$user is deprecated in APPPATH\Filters\JwtAuthWeb.php on line 32.
 1 SYSTEMPATH\Filters\Filters.php(182): App\Filters\JwtAuthWeb->before(Object(CodeIgniter\HTTP\IncomingRequest), null)
 2 SYSTEMPATH\CodeIgniter.php(475): CodeIgniter\Filters\Filters->run('mobile-page', 'before')
 3 SYSTEMPATH\CodeIgniter.php(361): CodeIgniter\CodeIgniter->handleRequest(null, Object(Config\Cache), false)
 4 FCPATH\index.php(79): CodeIgniter\CodeIgniter->run()
WARNING - 2026-02-27 11:00:04 --> [DEPRECATED] Optional parameter $cg declared before required parameter $hcode is implicitly treated as a required parameter in APPPATH\Models\cgserviceModel.php on line 93.
 1 SYSTEMPATH\Autoloader\Autoloader.php(311): include_once('D:\\xampp6\\htdocs\\project-jwt\\vendor\\codeigniter4\\framework\\system\\Debug\\Exceptions.php')
 2 SYSTEMPATH\Autoloader\Autoloader.php(290): CodeIgniter\Autoloader\Autoloader->includeFile('D:\\xampp6\\htdocs\\project-jwt\\app\\Models\\cgserviceModel.php')
 3 SYSTEMPATH\Autoloader\Autoloader.php(266): CodeIgniter\Autoloader\Autoloader->loadInNamespace('App\\Models\\cgserviceModel')
 4 APPPATH\Controllers\mobileController.php(36): CodeIgniter\Autoloader\Autoloader->loadClass('App\\Models\\cgserviceModel')
 5 SYSTEMPATH\CodeIgniter.php(915): App\Controllers\MobileController->__construct()
 6 SYSTEMPATH\CodeIgniter.php(494): CodeIgniter\CodeIgniter->createController()
 7 SYSTEMPATH\CodeIgniter.php(361): CodeIgniter\CodeIgniter->handleRequest(null, Object(Config\Cache), false)
 8 FCPATH\index.php(79): CodeIgniter\CodeIgniter->run()
INFO - 2026-02-27 11:00:09 --> Session: Class initialized using 'CodeIgniter\Session\Handlers\FileHandler' driver.
WARNING - 2026-02-27 11:00:09 --> [DEPRECATED] Creation of dynamic property CodeIgniter\HTTP\IncomingRequest::$user is deprecated in APPPATH\Filters\JwtAuthWeb.php on line 32.
 1 SYSTEMPATH\Filters\Filters.php(182): App\Filters\JwtAuthWeb->before(Object(CodeIgniter\HTTP\IncomingRequest), null)
 2 SYSTEMPATH\CodeIgniter.php(475): CodeIgniter\Filters\Filters->run('visit_ptbed', 'before')
 3 SYSTEMPATH\CodeIgniter.php(361): CodeIgniter\CodeIgniter->handleRequest(null, Object(Config\Cache), false)
 4 FCPATH\index.php(79): CodeIgniter\CodeIgniter->run()
WARNING - 2026-02-27 11:00:09 --> [DEPRECATED] Optional parameter $cg declared before required parameter $hcode is implicitly treated as a required parameter in APPPATH\Models\cgserviceModel.php on line 93.
 1 SYSTEMPATH\Autoloader\Autoloader.php(311): include_once('D:\\xampp6\\htdocs\\project-jwt\\vendor\\codeigniter4\\framework\\system\\Debug\\Exceptions.php')
 2 SYSTEMPATH\Autoloader\Autoloader.php(290): CodeIgniter\Autoloader\Autoloader->includeFile('D:\\xampp6\\htdocs\\project-jwt\\app\\Models\\cgserviceModel.php')
 3 SYSTEMPATH\Autoloader\Autoloader.php(266): CodeIgniter\Autoloader\Autoloader->loadInNamespace('App\\Models\\cgserviceModel')
 4 APPPATH\Controllers\mobileController.php(36): CodeIgniter\Autoloader\Autoloader->loadClass('App\\Models\\cgserviceModel')
 5 SYSTEMPATH\CodeIgniter.php(915): App\Controllers\MobileController->__construct()
 6 SYSTEMPATH\CodeIgniter.php(494): CodeIgniter\CodeIgniter->createController()
 7 SYSTEMPATH\CodeIgniter.php(361): CodeIgniter\CodeIgniter->handleRequest(null, Object(Config\Cache), false)
 8 FCPATH\index.php(79): CodeIgniter\CodeIgniter->run()
INFO - 2026-02-27 11:00:12 --> Session: Class initialized using 'CodeIgniter\Session\Handlers\FileHandler' driver.
WARNING - 2026-02-27 11:00:12 --> [DEPRECATED] Creation of dynamic property CodeIgniter\HTTP\IncomingRequest::$user is deprecated in APPPATH\Filters\JwtAuthWeb.php on line 32.
 1 SYSTEMPATH\Filters\Filters.php(182): App\Filters\JwtAuthWeb->before(Object(CodeIgniter\HTTP\IncomingRequest), null)
 2 SYSTEMPATH\CodeIgniter.php(475): CodeIgniter\Filters\Filters->run('mobile-page', 'before')
 3 SYSTEMPATH\CodeIgniter.php(361): CodeIgniter\CodeIgniter->handleRequest(null, Object(Config\Cache), false)
 4 FCPATH\index.php(79): CodeIgniter\CodeIgniter->run()
WARNING - 2026-02-27 11:00:12 --> [DEPRECATED] Optional parameter $cg declared before required parameter $hcode is implicitly treated as a required parameter in APPPATH\Models\cgserviceModel.php on line 93.
 1 SYSTEMPATH\Autoloader\Autoloader.php(311): include_once('D:\\xampp6\\htdocs\\project-jwt\\vendor\\codeigniter4\\framework\\system\\Debug\\Exceptions.php')
 2 SYSTEMPATH\Autoloader\Autoloader.php(290): CodeIgniter\Autoloader\Autoloader->includeFile('D:\\xampp6\\htdocs\\project-jwt\\app\\Models\\cgserviceModel.php')
 3 SYSTEMPATH\Autoloader\Autoloader.php(266): CodeIgniter\Autoloader\Autoloader->loadInNamespace('App\\Models\\cgserviceModel')
 4 APPPATH\Controllers\mobileController.php(36): CodeIgniter\Autoloader\Autoloader->loadClass('App\\Models\\cgserviceModel')
 5 SYSTEMPATH\CodeIgniter.php(915): App\Controllers\MobileController->__construct()
 6 SYSTEMPATH\CodeIgniter.php(494): CodeIgniter\CodeIgniter->createController()
 7 SYSTEMPATH\CodeIgniter.php(361): CodeIgniter\CodeIgniter->handleRequest(null, Object(Config\Cache), false)
 8 FCPATH\index.php(79): CodeIgniter\CodeIgniter->run()
INFO - 2026-02-27 11:00:13 --> Session: Class initialized using 'CodeIgniter\Session\Handlers\FileHandler' driver.
WARNING - 2026-02-27 11:00:13 --> [DEPRECATED] Creation of dynamic property CodeIgniter\HTTP\IncomingRequest::$user is deprecated in APPPATH\Filters\JwtAuthWeb.php on line 32.
 1 SYSTEMPATH\Filters\Filters.php(182): App\Filters\JwtAuthWeb->before(Object(CodeIgniter\HTTP\IncomingRequest), null)
 2 SYSTEMPATH\CodeIgniter.php(475): CodeIgniter\Filters\Filters->run('mb_Report', 'before')
 3 SYSTEMPATH\CodeIgniter.php(361): CodeIgniter\CodeIgniter->handleRequest(null, Object(Config\Cache), false)
 4 FCPATH\index.php(79): CodeIgniter\CodeIgniter->run()
WARNING - 2026-02-27 11:00:13 --> [DEPRECATED] Optional parameter $cg declared before required parameter $hcode is implicitly treated as a required parameter in APPPATH\Models\cgserviceModel.php on line 93.
 1 SYSTEMPATH\Autoloader\Autoloader.php(311): include_once('D:\\xampp6\\htdocs\\project-jwt\\vendor\\codeigniter4\\framework\\system\\Debug\\Exceptions.php')
 2 SYSTEMPATH\Autoloader\Autoloader.php(290): CodeIgniter\Autoloader\Autoloader->includeFile('D:\\xampp6\\htdocs\\project-jwt\\app\\Models\\cgserviceModel.php')
 3 SYSTEMPATH\Autoloader\Autoloader.php(266): CodeIgniter\Autoloader\Autoloader->loadInNamespace('App\\Models\\cgserviceModel')
 4 APPPATH\Controllers\mobileController.php(36): CodeIgniter\Autoloader\Autoloader->loadClass('App\\Models\\cgserviceModel')
 5 SYSTEMPATH\CodeIgniter.php(915): App\Controllers\MobileController->__construct()
 6 SYSTEMPATH\CodeIgniter.php(494): CodeIgniter\CodeIgniter->createController()
 7 SYSTEMPATH\CodeIgniter.php(361): CodeIgniter\CodeIgniter->handleRequest(null, Object(Config\Cache), false)
 8 FCPATH\index.php(79): CodeIgniter\CodeIgniter->run()
INFO - 2026-02-27 11:00:19 --> Session: Class initialized using 'CodeIgniter\Session\Handlers\FileHandler' driver.
WARNING - 2026-02-27 11:00:19 --> [DEPRECATED] Creation of dynamic property CodeIgniter\HTTP\IncomingRequest::$user is deprecated in APPPATH\Filters\JwtAuthWeb.php on line 32.
 1 SYSTEMPATH\Filters\Filters.php(182): App\Filters\JwtAuthWeb->before(Object(CodeIgniter\HTTP\IncomingRequest), null)
 2 SYSTEMPATH\CodeIgniter.php(475): CodeIgniter\Filters\Filters->run('mobile-page', 'before')
 3 SYSTEMPATH\CodeIgniter.php(361): CodeIgniter\CodeIgniter->handleRequest(null, Object(Config\Cache), false)
 4 FCPATH\index.php(79): CodeIgniter\CodeIgniter->run()
WARNING - 2026-02-27 11:00:19 --> [DEPRECATED] Optional parameter $cg declared before required parameter $hcode is implicitly treated as a required parameter in APPPATH\Models\cgserviceModel.php on line 93.
 1 SYSTEMPATH\Autoloader\Autoloader.php(311): include_once('D:\\xampp6\\htdocs\\project-jwt\\vendor\\codeigniter4\\framework\\system\\Debug\\Exceptions.php')
 2 SYSTEMPATH\Autoloader\Autoloader.php(290): CodeIgniter\Autoloader\Autoloader->includeFile('D:\\xampp6\\htdocs\\project-jwt\\app\\Models\\cgserviceModel.php')
 3 SYSTEMPATH\Autoloader\Autoloader.php(266): CodeIgniter\Autoloader\Autoloader->loadInNamespace('App\\Models\\cgserviceModel')
 4 APPPATH\Controllers\mobileController.php(36): CodeIgniter\Autoloader\Autoloader->loadClass('App\\Models\\cgserviceModel')
 5 SYSTEMPATH\CodeIgniter.php(915): App\Controllers\MobileController->__construct()
 6 SYSTEMPATH\CodeIgniter.php(494): CodeIgniter\CodeIgniter->createController()
 7 SYSTEMPATH\CodeIgniter.php(361): CodeIgniter\CodeIgniter->handleRequest(null, Object(Config\Cache), false)
 8 FCPATH\index.php(79): CodeIgniter\CodeIgniter->run()
INFO - 2026-02-27 11:03:11 --> Session: Class initialized using 'CodeIgniter\Session\Handlers\FileHandler' driver.
WARNING - 2026-02-27 11:03:11 --> [DEPRECATED] Creation of dynamic property CodeIgniter\HTTP\IncomingRequest::$user is deprecated in APPPATH\Filters\JwtAuthWeb.php on line 32.
 1 SYSTEMPATH\Filters\Filters.php(182): App\Filters\JwtAuthWeb->before(Object(CodeIgniter\HTTP\IncomingRequest), null)
 2 SYSTEMPATH\CodeIgniter.php(475): CodeIgniter\Filters\Filters->run('mb_Report', 'before')
 3 SYSTEMPATH\CodeIgniter.php(361): CodeIgniter\CodeIgniter->handleRequest(null, Object(Config\Cache), false)
 4 FCPATH\index.php(79): CodeIgniter\CodeIgniter->run()
WARNING - 2026-02-27 11:03:11 --> [DEPRECATED] Optional parameter $cg declared before required parameter $hcode is implicitly treated as a required parameter in APPPATH\Models\cgserviceModel.php on line 93.
 1 SYSTEMPATH\Autoloader\Autoloader.php(311): include_once('D:\\xampp6\\htdocs\\project-jwt\\vendor\\codeigniter4\\framework\\system\\Debug\\Exceptions.php')
 2 SYSTEMPATH\Autoloader\Autoloader.php(290): CodeIgniter\Autoloader\Autoloader->includeFile('D:\\xampp6\\htdocs\\project-jwt\\app\\Models\\cgserviceModel.php')
 3 SYSTEMPATH\Autoloader\Autoloader.php(266): CodeIgniter\Autoloader\Autoloader->loadInNamespace('App\\Models\\cgserviceModel')
 4 APPPATH\Controllers\mobileController.php(36): CodeIgniter\Autoloader\Autoloader->loadClass('App\\Models\\cgserviceModel')
 5 SYSTEMPATH\CodeIgniter.php(915): App\Controllers\MobileController->__construct()
 6 SYSTEMPATH\CodeIgniter.php(494): CodeIgniter\CodeIgniter->createController()
 7 SYSTEMPATH\CodeIgniter.php(361): CodeIgniter\CodeIgniter->handleRequest(null, Object(Config\Cache), false)
 8 FCPATH\index.php(79): CodeIgniter\CodeIgniter->run()
INFO - 2026-02-27 11:03:16 --> Session: Class initialized using 'CodeIgniter\Session\Handlers\FileHandler' driver.
WARNING - 2026-02-27 11:03:16 --> [DEPRECATED] Creation of dynamic property CodeIgniter\HTTP\IncomingRequest::$user is deprecated in APPPATH\Filters\JwtAuthWeb.php on line 32.
 1 SYSTEMPATH\Filters\Filters.php(182): App\Filters\JwtAuthWeb->before(Object(CodeIgniter\HTTP\IncomingRequest), null)
 2 SYSTEMPATH\CodeIgniter.php(475): CodeIgniter\Filters\Filters->run('mobile-page', 'before')
 3 SYSTEMPATH\CodeIgniter.php(361): CodeIgniter\CodeIgniter->handleRequest(null, Object(Config\Cache), false)
 4 FCPATH\index.php(79): CodeIgniter\CodeIgniter->run()
WARNING - 2026-02-27 11:03:16 --> [DEPRECATED] Optional parameter $cg declared before required parameter $hcode is implicitly treated as a required parameter in APPPATH\Models\cgserviceModel.php on line 93.
 1 SYSTEMPATH\Autoloader\Autoloader.php(311): include_once('D:\\xampp6\\htdocs\\project-jwt\\vendor\\codeigniter4\\framework\\system\\Debug\\Exceptions.php')
 2 SYSTEMPATH\Autoloader\Autoloader.php(290): CodeIgniter\Autoloader\Autoloader->includeFile('D:\\xampp6\\htdocs\\project-jwt\\app\\Models\\cgserviceModel.php')
 3 SYSTEMPATH\Autoloader\Autoloader.php(266): CodeIgniter\Autoloader\Autoloader->loadInNamespace('App\\Models\\cgserviceModel')
 4 APPPATH\Controllers\mobileController.php(36): CodeIgniter\Autoloader\Autoloader->loadClass('App\\Models\\cgserviceModel')
 5 SYSTEMPATH\CodeIgniter.php(915): App\Controllers\MobileController->__construct()
 6 SYSTEMPATH\CodeIgniter.php(494): CodeIgniter\CodeIgniter->createController()
 7 SYSTEMPATH\CodeIgniter.php(361): CodeIgniter\CodeIgniter->handleRequest(null, Object(Config\Cache), false)
 8 FCPATH\index.php(79): CodeIgniter\CodeIgniter->run()
INFO - 2026-02-27 11:07:13 --> Session: Class initialized using 'CodeIgniter\Session\Handlers\FileHandler' driver.
INFO - 2026-02-27 11:07:15 --> Session: Class initialized using 'CodeIgniter\Session\Handlers\FileHandler' driver.
WARNING - 2026-02-27 11:07:15 --> [DEPRECATED] Creation of dynamic property CodeIgniter\HTTP\IncomingRequest::$user is deprecated in APPPATH\Filters\JwtAuthWeb.php on line 32.
 1 SYSTEMPATH\Filters\Filters.php(182): App\Filters\JwtAuthWeb->before(Object(CodeIgniter\HTTP\IncomingRequest), null)
 2 SYSTEMPATH\CodeIgniter.php(475): CodeIgniter\Filters\Filters->run('setting/dashboard-page', 'before')
 3 SYSTEMPATH\CodeIgniter.php(361): CodeIgniter\CodeIgniter->handleRequest(null, Object(Config\Cache), false)
 4 FCPATH\index.php(79): CodeIgniter\CodeIgniter->run()
WARNING - 2026-02-27 11:07:15 --> [DEPRECATED] Creation of dynamic property CodeIgniter\HTTP\IncomingRequest::$user is deprecated in APPPATH\Filters\JwtAuth.php on line 47.
 1 SYSTEMPATH\Filters\Filters.php(182): App\Filters\JwtAuth->before(Object(CodeIgniter\HTTP\IncomingRequest), null)
 2 SYSTEMPATH\CodeIgniter.php(475): CodeIgniter\Filters\Filters->run('api/profile', 'before')
 3 SYSTEMPATH\CodeIgniter.php(361): CodeIgniter\CodeIgniter->handleRequest(null, Object(Config\Cache), false)
 4 FCPATH\index.php(79): CodeIgniter\CodeIgniter->run()
INFO - 2026-02-27 11:07:25 --> Session: Class initialized using 'CodeIgniter\Session\Handlers\FileHandler' driver.
WARNING - 2026-02-27 11:07:25 --> [DEPRECATED] Creation of dynamic property CodeIgniter\HTTP\IncomingRequest::$user is deprecated in APPPATH\Filters\JwtAuthWeb.php on line 32.
 1 SYSTEMPATH\Filters\Filters.php(182): App\Filters\JwtAuthWeb->before(Object(CodeIgniter\HTTP\IncomingRequest), null)
 2 SYSTEMPATH\CodeIgniter.php(475): CodeIgniter\Filters\Filters->run('mobile-page', 'before')
 3 SYSTEMPATH\CodeIgniter.php(361): CodeIgniter\CodeIgniter->handleRequest(null, Object(Config\Cache), false)
 4 FCPATH\index.php(79): CodeIgniter\CodeIgniter->run()
WARNING - 2026-02-27 11:07:25 --> [DEPRECATED] Optional parameter $cg declared before required parameter $hcode is implicitly treated as a required parameter in APPPATH\Models\cgserviceModel.php on line 93.
 1 SYSTEMPATH\Autoloader\Autoloader.php(311): include_once('D:\\xampp6\\htdocs\\project-jwt\\vendor\\codeigniter4\\framework\\system\\Debug\\Exceptions.php')
 2 SYSTEMPATH\Autoloader\Autoloader.php(290): CodeIgniter\Autoloader\Autoloader->includeFile('D:\\xampp6\\htdocs\\project-jwt\\app\\Models\\cgserviceModel.php')
 3 SYSTEMPATH\Autoloader\Autoloader.php(266): CodeIgniter\Autoloader\Autoloader->loadInNamespace('App\\Models\\cgserviceModel')
 4 APPPATH\Controllers\mobileController.php(36): CodeIgniter\Autoloader\Autoloader->loadClass('App\\Models\\cgserviceModel')
 5 SYSTEMPATH\CodeIgniter.php(915): App\Controllers\MobileController->__construct()
 6 SYSTEMPATH\CodeIgniter.php(494): CodeIgniter\CodeIgniter->createController()
 7 SYSTEMPATH\CodeIgniter.php(361): CodeIgniter\CodeIgniter->handleRequest(null, Object(Config\Cache), false)
 8 FCPATH\index.php(79): CodeIgniter\CodeIgniter->run()
INFO - 2026-02-27 11:07:27 --> Session: Class initialized using 'CodeIgniter\Session\Handlers\FileHandler' driver.
WARNING - 2026-02-27 11:07:27 --> [DEPRECATED] Creation of dynamic property CodeIgniter\HTTP\IncomingRequest::$user is deprecated in APPPATH\Filters\JwtAuthWeb.php on line 32.
 1 SYSTEMPATH\Filters\Filters.php(182): App\Filters\JwtAuthWeb->before(Object(CodeIgniter\HTTP\IncomingRequest), null)
 2 SYSTEMPATH\CodeIgniter.php(475): CodeIgniter\Filters\Filters->run('visit_ptbed', 'before')
 3 SYSTEMPATH\CodeIgniter.php(361): CodeIgniter\CodeIgniter->handleRequest(null, Object(Config\Cache), false)
 4 FCPATH\index.php(79): CodeIgniter\CodeIgniter->run()
WARNING - 2026-02-27 11:07:27 --> [DEPRECATED] Optional parameter $cg declared before required parameter $hcode is implicitly treated as a required parameter in APPPATH\Models\cgserviceModel.php on line 93.
 1 SYSTEMPATH\Autoloader\Autoloader.php(311): include_once('D:\\xampp6\\htdocs\\project-jwt\\vendor\\codeigniter4\\framework\\system\\Debug\\Exceptions.php')
 2 SYSTEMPATH\Autoloader\Autoloader.php(290): CodeIgniter\Autoloader\Autoloader->includeFile('D:\\xampp6\\htdocs\\project-jwt\\app\\Models\\cgserviceModel.php')
 3 SYSTEMPATH\Autoloader\Autoloader.php(266): CodeIgniter\Autoloader\Autoloader->loadInNamespace('App\\Models\\cgserviceModel')
 4 APPPATH\Controllers\mobileController.php(36): CodeIgniter\Autoloader\Autoloader->loadClass('App\\Models\\cgserviceModel')
 5 SYSTEMPATH\CodeIgniter.php(915): App\Controllers\MobileController->__construct()
 6 SYSTEMPATH\CodeIgniter.php(494): CodeIgniter\CodeIgniter->createController()
 7 SYSTEMPATH\CodeIgniter.php(361): CodeIgniter\CodeIgniter->handleRequest(null, Object(Config\Cache), false)
 8 FCPATH\index.php(79): CodeIgniter\CodeIgniter->run()
INFO - 2026-02-27 11:07:36 --> Session: Class initialized using 'CodeIgniter\Session\Handlers\FileHandler' driver.
WARNING - 2026-02-27 11:07:36 --> [DEPRECATED] Creation of dynamic property CodeIgniter\HTTP\IncomingRequest::$user is deprecated in APPPATH\Filters\JwtAuthWeb.php on line 32.
 1 SYSTEMPATH\Filters\Filters.php(182): App\Filters\JwtAuthWeb->before(Object(CodeIgniter\HTTP\IncomingRequest), null)
 2 SYSTEMPATH\CodeIgniter.php(475): CodeIgniter\Filters\Filters->run('mobile-page', 'before')
 3 SYSTEMPATH\CodeIgniter.php(361): CodeIgniter\CodeIgniter->handleRequest(null, Object(Config\Cache), false)
 4 FCPATH\index.php(79): CodeIgniter\CodeIgniter->run()
WARNING - 2026-02-27 11:07:36 --> [DEPRECATED] Optional parameter $cg declared before required parameter $hcode is implicitly treated as a required parameter in APPPATH\Models\cgserviceModel.php on line 93.
 1 SYSTEMPATH\Autoloader\Autoloader.php(311): include_once('D:\\xampp6\\htdocs\\project-jwt\\vendor\\codeigniter4\\framework\\system\\Debug\\Exceptions.php')
 2 SYSTEMPATH\Autoloader\Autoloader.php(290): CodeIgniter\Autoloader\Autoloader->includeFile('D:\\xampp6\\htdocs\\project-jwt\\app\\Models\\cgserviceModel.php')
 3 SYSTEMPATH\Autoloader\Autoloader.php(266): CodeIgniter\Autoloader\Autoloader->loadInNamespace('App\\Models\\cgserviceModel')
 4 APPPATH\Controllers\mobileController.php(36): CodeIgniter\Autoloader\Autoloader->loadClass('App\\Models\\cgserviceModel')
 5 SYSTEMPATH\CodeIgniter.php(915): App\Controllers\MobileController->__construct()
 6 SYSTEMPATH\CodeIgniter.php(494): CodeIgniter\CodeIgniter->createController()
 7 SYSTEMPATH\CodeIgniter.php(361): CodeIgniter\CodeIgniter->handleRequest(null, Object(Config\Cache), false)
 8 FCPATH\index.php(79): CodeIgniter\CodeIgniter->run()
INFO - 2026-02-27 11:07:37 --> Session: Class initialized using 'CodeIgniter\Session\Handlers\FileHandler' driver.
WARNING - 2026-02-27 11:07:37 --> [DEPRECATED] Creation of dynamic property CodeIgniter\HTTP\IncomingRequest::$user is deprecated in APPPATH\Filters\JwtAuthWeb.php on line 32.
 1 SYSTEMPATH\Filters\Filters.php(182): App\Filters\JwtAuthWeb->before(Object(CodeIgniter\HTTP\IncomingRequest), null)
 2 SYSTEMPATH\CodeIgniter.php(475): CodeIgniter\Filters\Filters->run('mb_Report', 'before')
 3 SYSTEMPATH\CodeIgniter.php(361): CodeIgniter\CodeIgniter->handleRequest(null, Object(Config\Cache), false)
 4 FCPATH\index.php(79): CodeIgniter\CodeIgniter->run()
WARNING - 2026-02-27 11:07:37 --> [DEPRECATED] Optional parameter $cg declared before required parameter $hcode is implicitly treated as a required parameter in APPPATH\Models\cgserviceModel.php on line 93.
 1 SYSTEMPATH\Autoloader\Autoloader.php(311): include_once('D:\\xampp6\\htdocs\\project-jwt\\vendor\\codeigniter4\\framework\\system\\Debug\\Exceptions.php')
 2 SYSTEMPATH\Autoloader\Autoloader.php(290): CodeIgniter\Autoloader\Autoloader->includeFile('D:\\xampp6\\htdocs\\project-jwt\\app\\Models\\cgserviceModel.php')
 3 SYSTEMPATH\Autoloader\Autoloader.php(266): CodeIgniter\Autoloader\Autoloader->loadInNamespace('App\\Models\\cgserviceModel')
 4 APPPATH\Controllers\mobileController.php(36): CodeIgniter\Autoloader\Autoloader->loadClass('App\\Models\\cgserviceModel')
 5 SYSTEMPATH\CodeIgniter.php(915): App\Controllers\MobileController->__construct()
 6 SYSTEMPATH\CodeIgniter.php(494): CodeIgniter\CodeIgniter->createController()
 7 SYSTEMPATH\CodeIgniter.php(361): CodeIgniter\CodeIgniter->handleRequest(null, Object(Config\Cache), false)
 8 FCPATH\index.php(79): CodeIgniter\CodeIgniter->run()
INFO - 2026-02-27 11:17:33 --> Session: Class initialized using 'CodeIgniter\Session\Handlers\FileHandler' driver.
WARNING - 2026-02-27 11:17:33 --> [DEPRECATED] Creation of dynamic property CodeIgniter\HTTP\IncomingRequest::$user is deprecated in APPPATH\Filters\JwtAuthWeb.php on line 32.
 1 SYSTEMPATH\Filters\Filters.php(182): App\Filters\JwtAuthWeb->before(Object(CodeIgniter\HTTP\IncomingRequest), null)
 2 SYSTEMPATH\CodeIgniter.php(475): CodeIgniter\Filters\Filters->run('mobile-page', 'before')
 3 SYSTEMPATH\CodeIgniter.php(361): CodeIgniter\CodeIgniter->handleRequest(null, Object(Config\Cache), false)
 4 FCPATH\index.php(79): CodeIgniter\CodeIgniter->run()
WARNING - 2026-02-27 11:17:33 --> [DEPRECATED] Optional parameter $cg declared before required parameter $hcode is implicitly treated as a required parameter in APPPATH\Models\cgserviceModel.php on line 93.
 1 SYSTEMPATH\Autoloader\Autoloader.php(311): include_once('D:\\xampp6\\htdocs\\project-jwt\\vendor\\codeigniter4\\framework\\system\\Debug\\Exceptions.php')
 2 SYSTEMPATH\Autoloader\Autoloader.php(290): CodeIgniter\Autoloader\Autoloader->includeFile('D:\\xampp6\\htdocs\\project-jwt\\app\\Models\\cgserviceModel.php')
 3 SYSTEMPATH\Autoloader\Autoloader.php(266): CodeIgniter\Autoloader\Autoloader->loadInNamespace('App\\Models\\cgserviceModel')
 4 APPPATH\Controllers\mobileController.php(36): CodeIgniter\Autoloader\Autoloader->loadClass('App\\Models\\cgserviceModel')
 5 SYSTEMPATH\CodeIgniter.php(915): App\Controllers\MobileController->__construct()
 6 SYSTEMPATH\CodeIgniter.php(494): CodeIgniter\CodeIgniter->createController()
 7 SYSTEMPATH\CodeIgniter.php(361): CodeIgniter\CodeIgniter->handleRequest(null, Object(Config\Cache), false)
 8 FCPATH\index.php(79): CodeIgniter\CodeIgniter->run()
INFO - 2026-02-27 11:17:45 --> Session: Class initialized using 'CodeIgniter\Session\Handlers\FileHandler' driver.
INFO - 2026-02-27 11:17:47 --> Session: Class initialized using 'CodeIgniter\Session\Handlers\FileHandler' driver.
WARNING - 2026-02-27 11:17:47 --> [DEPRECATED] Creation of dynamic property CodeIgniter\HTTP\IncomingRequest::$user is deprecated in APPPATH\Filters\JwtAuthWeb.php on line 32.
 1 SYSTEMPATH\Filters\Filters.php(182): App\Filters\JwtAuthWeb->before(Object(CodeIgniter\HTTP\IncomingRequest), null)
 2 SYSTEMPATH\CodeIgniter.php(475): CodeIgniter\Filters\Filters->run('setting/dashboard-page', 'before')
 3 SYSTEMPATH\CodeIgniter.php(361): CodeIgniter\CodeIgniter->handleRequest(null, Object(Config\Cache), false)
 4 FCPATH\index.php(79): CodeIgniter\CodeIgniter->run()
INFO - 2026-02-27 11:17:53 --> Session: Class initialized using 'CodeIgniter\Session\Handlers\FileHandler' driver.
WARNING - 2026-02-27 11:17:53 --> [DEPRECATED] Creation of dynamic property CodeIgniter\HTTP\IncomingRequest::$user is deprecated in APPPATH\Filters\JwtAuthWeb.php on line 32.
 1 SYSTEMPATH\Filters\Filters.php(182): App\Filters\JwtAuthWeb->before(Object(CodeIgniter\HTTP\IncomingRequest), null)
 2 SYSTEMPATH\CodeIgniter.php(475): CodeIgniter\Filters\Filters->run('mobile-page', 'before')
 3 SYSTEMPATH\CodeIgniter.php(361): CodeIgniter\CodeIgniter->handleRequest(null, Object(Config\Cache), false)
 4 FCPATH\index.php(79): CodeIgniter\CodeIgniter->run()
WARNING - 2026-02-27 11:17:53 --> [DEPRECATED] Optional parameter $cg declared before required parameter $hcode is implicitly treated as a required parameter in APPPATH\Models\cgserviceModel.php on line 93.
 1 SYSTEMPATH\Autoloader\Autoloader.php(311): include_once('D:\\xampp6\\htdocs\\project-jwt\\vendor\\codeigniter4\\framework\\system\\Debug\\Exceptions.php')
 2 SYSTEMPATH\Autoloader\Autoloader.php(290): CodeIgniter\Autoloader\Autoloader->includeFile('D:\\xampp6\\htdocs\\project-jwt\\app\\Models\\cgserviceModel.php')
 3 SYSTEMPATH\Autoloader\Autoloader.php(266): CodeIgniter\Autoloader\Autoloader->loadInNamespace('App\\Models\\cgserviceModel')
 4 APPPATH\Controllers\mobileController.php(36): CodeIgniter\Autoloader\Autoloader->loadClass('App\\Models\\cgserviceModel')
 5 SYSTEMPATH\CodeIgniter.php(915): App\Controllers\MobileController->__construct()
 6 SYSTEMPATH\CodeIgniter.php(494): CodeIgniter\CodeIgniter->createController()
 7 SYSTEMPATH\CodeIgniter.php(361): CodeIgniter\CodeIgniter->handleRequest(null, Object(Config\Cache), false)
 8 FCPATH\index.php(79): CodeIgniter\CodeIgniter->run()
INFO - 2026-02-27 11:17:55 --> Session: Class initialized using 'CodeIgniter\Session\Handlers\FileHandler' driver.
WARNING - 2026-02-27 11:17:55 --> [DEPRECATED] Creation of dynamic property CodeIgniter\HTTP\IncomingRequest::$user is deprecated in APPPATH\Filters\JwtAuthWeb.php on line 32.
 1 SYSTEMPATH\Filters\Filters.php(182): App\Filters\JwtAuthWeb->before(Object(CodeIgniter\HTTP\IncomingRequest), null)
 2 SYSTEMPATH\CodeIgniter.php(475): CodeIgniter\Filters\Filters->run('visit_ptbed', 'before')
 3 SYSTEMPATH\CodeIgniter.php(361): CodeIgniter\CodeIgniter->handleRequest(null, Object(Config\Cache), false)
 4 FCPATH\index.php(79): CodeIgniter\CodeIgniter->run()
WARNING - 2026-02-27 11:17:55 --> [DEPRECATED] Optional parameter $cg declared before required parameter $hcode is implicitly treated as a required parameter in APPPATH\Models\cgserviceModel.php on line 93.
 1 SYSTEMPATH\Autoloader\Autoloader.php(311): include_once('D:\\xampp6\\htdocs\\project-jwt\\vendor\\codeigniter4\\framework\\system\\Debug\\Exceptions.php')
 2 SYSTEMPATH\Autoloader\Autoloader.php(290): CodeIgniter\Autoloader\Autoloader->includeFile('D:\\xampp6\\htdocs\\project-jwt\\app\\Models\\cgserviceModel.php')
 3 SYSTEMPATH\Autoloader\Autoloader.php(266): CodeIgniter\Autoloader\Autoloader->loadInNamespace('App\\Models\\cgserviceModel')
 4 APPPATH\Controllers\mobileController.php(36): CodeIgniter\Autoloader\Autoloader->loadClass('App\\Models\\cgserviceModel')
 5 SYSTEMPATH\CodeIgniter.php(915): App\Controllers\MobileController->__construct()
 6 SYSTEMPATH\CodeIgniter.php(494): CodeIgniter\CodeIgniter->createController()
 7 SYSTEMPATH\CodeIgniter.php(361): CodeIgniter\CodeIgniter->handleRequest(null, Object(Config\Cache), false)
 8 FCPATH\index.php(79): CodeIgniter\CodeIgniter->run()
INFO - 2026-02-27 11:17:59 --> Session: Class initialized using 'CodeIgniter\Session\Handlers\FileHandler' driver.
WARNING - 2026-02-27 11:17:59 --> [DEPRECATED] Creation of dynamic property CodeIgniter\HTTP\IncomingRequest::$user is deprecated in APPPATH\Filters\JwtAuthWeb.php on line 32.
 1 SYSTEMPATH\Filters\Filters.php(182): App\Filters\JwtAuthWeb->before(Object(CodeIgniter\HTTP\IncomingRequest), null)
 2 SYSTEMPATH\CodeIgniter.php(475): CodeIgniter\Filters\Filters->run('mobile-page', 'before')
 3 SYSTEMPATH\CodeIgniter.php(361): CodeIgniter\CodeIgniter->handleRequest(null, Object(Config\Cache), false)
 4 FCPATH\index.php(79): CodeIgniter\CodeIgniter->run()
WARNING - 2026-02-27 11:17:59 --> [DEPRECATED] Optional parameter $cg declared before required parameter $hcode is implicitly treated as a required parameter in APPPATH\Models\cgserviceModel.php on line 93.
 1 SYSTEMPATH\Autoloader\Autoloader.php(311): include_once('D:\\xampp6\\htdocs\\project-jwt\\vendor\\codeigniter4\\framework\\system\\Debug\\Exceptions.php')
 2 SYSTEMPATH\Autoloader\Autoloader.php(290): CodeIgniter\Autoloader\Autoloader->includeFile('D:\\xampp6\\htdocs\\project-jwt\\app\\Models\\cgserviceModel.php')
 3 SYSTEMPATH\Autoloader\Autoloader.php(266): CodeIgniter\Autoloader\Autoloader->loadInNamespace('App\\Models\\cgserviceModel')
 4 APPPATH\Controllers\mobileController.php(36): CodeIgniter\Autoloader\Autoloader->loadClass('App\\Models\\cgserviceModel')
 5 SYSTEMPATH\CodeIgniter.php(915): App\Controllers\MobileController->__construct()
 6 SYSTEMPATH\CodeIgniter.php(494): CodeIgniter\CodeIgniter->createController()
 7 SYSTEMPATH\CodeIgniter.php(361): CodeIgniter\CodeIgniter->handleRequest(null, Object(Config\Cache), false)
 8 FCPATH\index.php(79): CodeIgniter\CodeIgniter->run()
INFO - 2026-02-27 11:18:00 --> Session: Class initialized using 'CodeIgniter\Session\Handlers\FileHandler' driver.
WARNING - 2026-02-27 11:18:00 --> [DEPRECATED] Creation of dynamic property CodeIgniter\HTTP\IncomingRequest::$user is deprecated in APPPATH\Filters\JwtAuthWeb.php on line 32.
 1 SYSTEMPATH\Filters\Filters.php(182): App\Filters\JwtAuthWeb->before(Object(CodeIgniter\HTTP\IncomingRequest), null)
 2 SYSTEMPATH\CodeIgniter.php(475): CodeIgniter\Filters\Filters->run('mb_Report', 'before')
 3 SYSTEMPATH\CodeIgniter.php(361): CodeIgniter\CodeIgniter->handleRequest(null, Object(Config\Cache), false)
 4 FCPATH\index.php(79): CodeIgniter\CodeIgniter->run()
WARNING - 2026-02-27 11:18:00 --> [DEPRECATED] Optional parameter $cg declared before required parameter $hcode is implicitly treated as a required parameter in APPPATH\Models\cgserviceModel.php on line 93.
 1 SYSTEMPATH\Autoloader\Autoloader.php(311): include_once('D:\\xampp6\\htdocs\\project-jwt\\vendor\\codeigniter4\\framework\\system\\Debug\\Exceptions.php')
 2 SYSTEMPATH\Autoloader\Autoloader.php(290): CodeIgniter\Autoloader\Autoloader->includeFile('D:\\xampp6\\htdocs\\project-jwt\\app\\Models\\cgserviceModel.php')
 3 SYSTEMPATH\Autoloader\Autoloader.php(266): CodeIgniter\Autoloader\Autoloader->loadInNamespace('App\\Models\\cgserviceModel')
 4 APPPATH\Controllers\mobileController.php(36): CodeIgniter\Autoloader\Autoloader->loadClass('App\\Models\\cgserviceModel')
 5 SYSTEMPATH\CodeIgniter.php(915): App\Controllers\MobileController->__construct()
 6 SYSTEMPATH\CodeIgniter.php(494): CodeIgniter\CodeIgniter->createController()
 7 SYSTEMPATH\CodeIgniter.php(361): CodeIgniter\CodeIgniter->handleRequest(null, Object(Config\Cache), false)
 8 FCPATH\index.php(79): CodeIgniter\CodeIgniter->run()
INFO - 2026-02-27 11:19:01 --> Session: Class initialized using 'CodeIgniter\Session\Handlers\FileHandler' driver.
WARNING - 2026-02-27 11:19:01 --> [DEPRECATED] Creation of dynamic property CodeIgniter\HTTP\IncomingRequest::$user is deprecated in APPPATH\Filters\JwtAuthWeb.php on line 32.
 1 SYSTEMPATH\Filters\Filters.php(182): App\Filters\JwtAuthWeb->before(Object(CodeIgniter\HTTP\IncomingRequest), null)
 2 SYSTEMPATH\CodeIgniter.php(475): CodeIgniter\Filters\Filters->run('mobile-page', 'before')
 3 SYSTEMPATH\CodeIgniter.php(361): CodeIgniter\CodeIgniter->handleRequest(null, Object(Config\Cache), false)
 4 FCPATH\index.php(79): CodeIgniter\CodeIgniter->run()
WARNING - 2026-02-27 11:19:01 --> [DEPRECATED] Optional parameter $cg declared before required parameter $hcode is implicitly treated as a required parameter in APPPATH\Models\cgserviceModel.php on line 93.
 1 SYSTEMPATH\Autoloader\Autoloader.php(311): include_once('D:\\xampp6\\htdocs\\project-jwt\\vendor\\codeigniter4\\framework\\system\\Debug\\Exceptions.php')
 2 SYSTEMPATH\Autoloader\Autoloader.php(290): CodeIgniter\Autoloader\Autoloader->includeFile('D:\\xampp6\\htdocs\\project-jwt\\app\\Models\\cgserviceModel.php')
 3 SYSTEMPATH\Autoloader\Autoloader.php(266): CodeIgniter\Autoloader\Autoloader->loadInNamespace('App\\Models\\cgserviceModel')
 4 APPPATH\Controllers\mobileController.php(36): CodeIgniter\Autoloader\Autoloader->loadClass('App\\Models\\cgserviceModel')
 5 SYSTEMPATH\CodeIgniter.php(915): App\Controllers\MobileController->__construct()
 6 SYSTEMPATH\CodeIgniter.php(494): CodeIgniter\CodeIgniter->createController()
 7 SYSTEMPATH\CodeIgniter.php(361): CodeIgniter\CodeIgniter->handleRequest(null, Object(Config\Cache), false)
 8 FCPATH\index.php(79): CodeIgniter\CodeIgniter->run()
INFO - 2026-02-27 11:19:14 --> Session: Class initialized using 'CodeIgniter\Session\Handlers\FileHandler' driver.
INFO - 2026-02-27 11:19:16 --> Session: Class initialized using 'CodeIgniter\Session\Handlers\FileHandler' driver.
WARNING - 2026-02-27 11:19:16 --> [DEPRECATED] Creation of dynamic property CodeIgniter\HTTP\IncomingRequest::$user is deprecated in APPPATH\Filters\JwtAuthWeb.php on line 32.
 1 SYSTEMPATH\Filters\Filters.php(182): App\Filters\JwtAuthWeb->before(Object(CodeIgniter\HTTP\IncomingRequest), null)
 2 SYSTEMPATH\CodeIgniter.php(475): CodeIgniter\Filters\Filters->run('setting/dashboard-page', 'before')
 3 SYSTEMPATH\CodeIgniter.php(361): CodeIgniter\CodeIgniter->handleRequest(null, Object(Config\Cache), false)
 4 FCPATH\index.php(79): CodeIgniter\CodeIgniter->run()
INFO - 2026-02-27 11:19:22 --> Session: Class initialized using 'CodeIgniter\Session\Handlers\FileHandler' driver.
WARNING - 2026-02-27 11:19:22 --> [DEPRECATED] Creation of dynamic property CodeIgniter\HTTP\IncomingRequest::$user is deprecated in APPPATH\Filters\JwtAuthWeb.php on line 32.
 1 SYSTEMPATH\Filters\Filters.php(182): App\Filters\JwtAuthWeb->before(Object(CodeIgniter\HTTP\IncomingRequest), null)
 2 SYSTEMPATH\CodeIgniter.php(475): CodeIgniter\Filters\Filters->run('mobile-page', 'before')
 3 SYSTEMPATH\CodeIgniter.php(361): CodeIgniter\CodeIgniter->handleRequest(null, Object(Config\Cache), false)
 4 FCPATH\index.php(79): CodeIgniter\CodeIgniter->run()
WARNING - 2026-02-27 11:19:22 --> [DEPRECATED] Optional parameter $cg declared before required parameter $hcode is implicitly treated as a required parameter in APPPATH\Models\cgserviceModel.php on line 93.
 1 SYSTEMPATH\Autoloader\Autoloader.php(311): include_once('D:\\xampp6\\htdocs\\project-jwt\\vendor\\codeigniter4\\framework\\system\\Debug\\Exceptions.php')
 2 SYSTEMPATH\Autoloader\Autoloader.php(290): CodeIgniter\Autoloader\Autoloader->includeFile('D:\\xampp6\\htdocs\\project-jwt\\app\\Models\\cgserviceModel.php')
 3 SYSTEMPATH\Autoloader\Autoloader.php(266): CodeIgniter\Autoloader\Autoloader->loadInNamespace('App\\Models\\cgserviceModel')
 4 APPPATH\Controllers\mobileController.php(36): CodeIgniter\Autoloader\Autoloader->loadClass('App\\Models\\cgserviceModel')
 5 SYSTEMPATH\CodeIgniter.php(915): App\Controllers\MobileController->__construct()
 6 SYSTEMPATH\CodeIgniter.php(494): CodeIgniter\CodeIgniter->createController()
 7 SYSTEMPATH\CodeIgniter.php(361): CodeIgniter\CodeIgniter->handleRequest(null, Object(Config\Cache), false)
 8 FCPATH\index.php(79): CodeIgniter\CodeIgniter->run()
INFO - 2026-02-27 11:19:25 --> Session: Class initialized using 'CodeIgniter\Session\Handlers\FileHandler' driver.
WARNING - 2026-02-27 11:19:25 --> [DEPRECATED] Creation of dynamic property CodeIgniter\HTTP\IncomingRequest::$user is deprecated in APPPATH\Filters\JwtAuthWeb.php on line 32.
 1 SYSTEMPATH\Filters\Filters.php(182): App\Filters\JwtAuthWeb->before(Object(CodeIgniter\HTTP\IncomingRequest), null)
 2 SYSTEMPATH\CodeIgniter.php(475): CodeIgniter\Filters\Filters->run('visit_ptbed', 'before')
 3 SYSTEMPATH\CodeIgniter.php(361): CodeIgniter\CodeIgniter->handleRequest(null, Object(Config\Cache), false)
 4 FCPATH\index.php(79): CodeIgniter\CodeIgniter->run()
WARNING - 2026-02-27 11:19:25 --> [DEPRECATED] Optional parameter $cg declared before required parameter $hcode is implicitly treated as a required parameter in APPPATH\Models\cgserviceModel.php on line 93.
 1 SYSTEMPATH\Autoloader\Autoloader.php(311): include_once('D:\\xampp6\\htdocs\\project-jwt\\vendor\\codeigniter4\\framework\\system\\Debug\\Exceptions.php')
 2 SYSTEMPATH\Autoloader\Autoloader.php(290): CodeIgniter\Autoloader\Autoloader->includeFile('D:\\xampp6\\htdocs\\project-jwt\\app\\Models\\cgserviceModel.php')
 3 SYSTEMPATH\Autoloader\Autoloader.php(266): CodeIgniter\Autoloader\Autoloader->loadInNamespace('App\\Models\\cgserviceModel')
 4 APPPATH\Controllers\mobileController.php(36): CodeIgniter\Autoloader\Autoloader->loadClass('App\\Models\\cgserviceModel')
 5 SYSTEMPATH\CodeIgniter.php(915): App\Controllers\MobileController->__construct()
 6 SYSTEMPATH\CodeIgniter.php(494): CodeIgniter\CodeIgniter->createController()
 7 SYSTEMPATH\CodeIgniter.php(361): CodeIgniter\CodeIgniter->handleRequest(null, Object(Config\Cache), false)
 8 FCPATH\index.php(79): CodeIgniter\CodeIgniter->run()
INFO - 2026-02-27 11:19:28 --> Session: Class initialized using 'CodeIgniter\Session\Handlers\FileHandler' driver.
WARNING - 2026-02-27 11:19:28 --> [DEPRECATED] Creation of dynamic property CodeIgniter\HTTP\IncomingRequest::$user is deprecated in APPPATH\Filters\JwtAuthWeb.php on line 32.
 1 SYSTEMPATH\Filters\Filters.php(182): App\Filters\JwtAuthWeb->before(Object(CodeIgniter\HTTP\IncomingRequest), null)
 2 SYSTEMPATH\CodeIgniter.php(475): CodeIgniter\Filters\Filters->run('mobile-page', 'before')
 3 SYSTEMPATH\CodeIgniter.php(361): CodeIgniter\CodeIgniter->handleRequest(null, Object(Config\Cache), false)
 4 FCPATH\index.php(79): CodeIgniter\CodeIgniter->run()
WARNING - 2026-02-27 11:19:28 --> [DEPRECATED] Optional parameter $cg declared before required parameter $hcode is implicitly treated as a required parameter in APPPATH\Models\cgserviceModel.php on line 93.
 1 SYSTEMPATH\Autoloader\Autoloader.php(311): include_once('D:\\xampp6\\htdocs\\project-jwt\\vendor\\codeigniter4\\framework\\system\\Debug\\Exceptions.php')
 2 SYSTEMPATH\Autoloader\Autoloader.php(290): CodeIgniter\Autoloader\Autoloader->includeFile('D:\\xampp6\\htdocs\\project-jwt\\app\\Models\\cgserviceModel.php')
 3 SYSTEMPATH\Autoloader\Autoloader.php(266): CodeIgniter\Autoloader\Autoloader->loadInNamespace('App\\Models\\cgserviceModel')
 4 APPPATH\Controllers\mobileController.php(36): CodeIgniter\Autoloader\Autoloader->loadClass('App\\Models\\cgserviceModel')
 5 SYSTEMPATH\CodeIgniter.php(915): App\Controllers\MobileController->__construct()
 6 SYSTEMPATH\CodeIgniter.php(494): CodeIgniter\CodeIgniter->createController()
 7 SYSTEMPATH\CodeIgniter.php(361): CodeIgniter\CodeIgniter->handleRequest(null, Object(Config\Cache), false)
 8 FCPATH\index.php(79): CodeIgniter\CodeIgniter->run()
INFO - 2026-02-27 11:19:29 --> Session: Class initialized using 'CodeIgniter\Session\Handlers\FileHandler' driver.
WARNING - 2026-02-27 11:19:29 --> [DEPRECATED] Creation of dynamic property CodeIgniter\HTTP\IncomingRequest::$user is deprecated in APPPATH\Filters\JwtAuthWeb.php on line 32.
 1 SYSTEMPATH\Filters\Filters.php(182): App\Filters\JwtAuthWeb->before(Object(CodeIgniter\HTTP\IncomingRequest), null)
 2 SYSTEMPATH\CodeIgniter.php(475): CodeIgniter\Filters\Filters->run('mb_Report', 'before')
 3 SYSTEMPATH\CodeIgniter.php(361): CodeIgniter\CodeIgniter->handleRequest(null, Object(Config\Cache), false)
 4 FCPATH\index.php(79): CodeIgniter\CodeIgniter->run()
WARNING - 2026-02-27 11:19:29 --> [DEPRECATED] Optional parameter $cg declared before required parameter $hcode is implicitly treated as a required parameter in APPPATH\Models\cgserviceModel.php on line 93.
 1 SYSTEMPATH\Autoloader\Autoloader.php(311): include_once('D:\\xampp6\\htdocs\\project-jwt\\vendor\\codeigniter4\\framework\\system\\Debug\\Exceptions.php')
 2 SYSTEMPATH\Autoloader\Autoloader.php(290): CodeIgniter\Autoloader\Autoloader->includeFile('D:\\xampp6\\htdocs\\project-jwt\\app\\Models\\cgserviceModel.php')
 3 SYSTEMPATH\Autoloader\Autoloader.php(266): CodeIgniter\Autoloader\Autoloader->loadInNamespace('App\\Models\\cgserviceModel')
 4 APPPATH\Controllers\mobileController.php(36): CodeIgniter\Autoloader\Autoloader->loadClass('App\\Models\\cgserviceModel')
 5 SYSTEMPATH\CodeIgniter.php(915): App\Controllers\MobileController->__construct()
 6 SYSTEMPATH\CodeIgniter.php(494): CodeIgniter\CodeIgniter->createController()
 7 SYSTEMPATH\CodeIgniter.php(361): CodeIgniter\CodeIgniter->handleRequest(null, Object(Config\Cache), false)
 8 FCPATH\index.php(79): CodeIgniter\CodeIgniter->run()
INFO - 2026-02-27 11:29:12 --> Session: Class initialized using 'CodeIgniter\Session\Handlers\FileHandler' driver.
WARNING - 2026-02-27 11:29:12 --> [DEPRECATED] Creation of dynamic property CodeIgniter\HTTP\IncomingRequest::$user is deprecated in APPPATH\Filters\JwtAuthWeb.php on line 32.
 1 SYSTEMPATH\Filters\Filters.php(182): App\Filters\JwtAuthWeb->before(Object(CodeIgniter\HTTP\IncomingRequest), null)
 2 SYSTEMPATH\CodeIgniter.php(475): CodeIgniter\Filters\Filters->run('mb_Report', 'before')
 3 SYSTEMPATH\CodeIgniter.php(361): CodeIgniter\CodeIgniter->handleRequest(null, Object(Config\Cache), false)
 4 FCPATH\index.php(79): CodeIgniter\CodeIgniter->run()
WARNING - 2026-02-27 11:29:12 --> [DEPRECATED] Optional parameter $cg declared before required parameter $hcode is implicitly treated as a required parameter in APPPATH\Models\cgserviceModel.php on line 93.
 1 SYSTEMPATH\Autoloader\Autoloader.php(311): include_once('D:\\xampp6\\htdocs\\project-jwt\\vendor\\codeigniter4\\framework\\system\\Debug\\Exceptions.php')
 2 SYSTEMPATH\Autoloader\Autoloader.php(290): CodeIgniter\Autoloader\Autoloader->includeFile('D:\\xampp6\\htdocs\\project-jwt\\app\\Models\\cgserviceModel.php')
 3 SYSTEMPATH\Autoloader\Autoloader.php(266): CodeIgniter\Autoloader\Autoloader->loadInNamespace('App\\Models\\cgserviceModel')
 4 APPPATH\Controllers\mobileController.php(36): CodeIgniter\Autoloader\Autoloader->loadClass('App\\Models\\cgserviceModel')
 5 SYSTEMPATH\CodeIgniter.php(915): App\Controllers\MobileController->__construct()
 6 SYSTEMPATH\CodeIgniter.php(494): CodeIgniter\CodeIgniter->createController()
 7 SYSTEMPATH\CodeIgniter.php(361): CodeIgniter\CodeIgniter->handleRequest(null, Object(Config\Cache), false)
 8 FCPATH\index.php(79): CodeIgniter\CodeIgniter->run()
INFO - 2026-02-27 11:29:14 --> Session: Class initialized using 'CodeIgniter\Session\Handlers\FileHandler' driver.
WARNING - 2026-02-27 11:29:14 --> [DEPRECATED] Creation of dynamic property CodeIgniter\HTTP\IncomingRequest::$user is deprecated in APPPATH\Filters\JwtAuthWeb.php on line 32.
 1 SYSTEMPATH\Filters\Filters.php(182): App\Filters\JwtAuthWeb->before(Object(CodeIgniter\HTTP\IncomingRequest), null)
 2 SYSTEMPATH\CodeIgniter.php(475): CodeIgniter\Filters\Filters->run('cg_report_data', 'before')
 3 SYSTEMPATH\CodeIgniter.php(361): CodeIgniter\CodeIgniter->handleRequest(null, Object(Config\Cache), false)
 4 FCPATH\index.php(79): CodeIgniter\CodeIgniter->run()
WARNING - 2026-02-27 11:29:14 --> [DEPRECATED] Optional parameter $cg declared before required parameter $hcode is implicitly treated as a required parameter in APPPATH\Models\cgserviceModel.php on line 93.
 1 SYSTEMPATH\Autoloader\Autoloader.php(311): include_once('D:\\xampp6\\htdocs\\project-jwt\\vendor\\codeigniter4\\framework\\system\\Debug\\Exceptions.php')
 2 SYSTEMPATH\Autoloader\Autoloader.php(290): CodeIgniter\Autoloader\Autoloader->includeFile('D:\\xampp6\\htdocs\\project-jwt\\app\\Models\\cgserviceModel.php')
 3 SYSTEMPATH\Autoloader\Autoloader.php(266): CodeIgniter\Autoloader\Autoloader->loadInNamespace('App\\Models\\cgserviceModel')
 4 APPPATH\Controllers\mobileController.php(36): CodeIgniter\Autoloader\Autoloader->loadClass('App\\Models\\cgserviceModel')
 5 SYSTEMPATH\CodeIgniter.php(915): App\Controllers\MobileController->__construct()
 6 SYSTEMPATH\CodeIgniter.php(494): CodeIgniter\CodeIgniter->createController()
 7 SYSTEMPATH\CodeIgniter.php(361): CodeIgniter\CodeIgniter->handleRequest(null, Object(Config\Cache), false)
 8 FCPATH\index.php(79): CodeIgniter\CodeIgniter->run()
ERROR - 2026-02-27 11:29:14 --> mysqli_sql_exception: Expression #1 of ORDER BY clause is not in GROUP BY clause and contains nonaggregated column 'ltcbase.ltc_cgservice.s_date' which is not functionally dependent on columns in GROUP BY clause; this is incompatible with sql_mode=only_full_group_by in D:\xampp6\htdocs\project-jwt\vendor\codeigniter4\framework\system\Database\MySQLi\Connection.php:306
Stack trace:
#0 D:\xampp6\htdocs\project-jwt\vendor\codeigniter4\framework\system\Database\MySQLi\Connection.php(306): mysqli->query('SELECT l.id,l.i...', 0)
#1 D:\xampp6\htdocs\project-jwt\vendor\codeigniter4\framework\system\Database\BaseConnection.php(693): CodeIgniter\Database\MySQLi\Connection->execute('SELECT l.id,l.i...')
#2 D:\xampp6\htdocs\project-jwt\vendor\codeigniter4\framework\system\Database\BaseConnection.php(607): CodeIgniter\Database\BaseConnection->simpleQuery('SELECT l.id,l.i...')
#3 D:\xampp6\htdocs\project-jwt\app\Models\cgserviceModel.php(104): CodeIgniter\Database\BaseConnection->query('SELECT l.id,l.i...')
#4 D:\xampp6\htdocs\project-jwt\app\Controllers\mobileController.php(247): App\Models\cgserviceModel->getSeviceInmonth(2026, 2, '25', '03545')
#5 D:\xampp6\htdocs\project-jwt\vendor\codeigniter4\framework\system\CodeIgniter.php(943): App\Controllers\MobileController->cg_report_data()
#6 D:\xampp6\htdocs\project-jwt\vendor\codeigniter4\framework\system\CodeIgniter.php(503): CodeIgniter\CodeIgniter->runController(Object(App\Controllers\MobileController))
#7 D:\xampp6\htdocs\project-jwt\vendor\codeigniter4\framework\system\CodeIgniter.php(361): CodeIgniter\CodeIgniter->handleRequest(NULL, Object(Config\Cache), false)
#8 D:\xampp6\htdocs\project-jwt\public\index.php(79): CodeIgniter\CodeIgniter->run()
#9 {main}
CRITICAL - 2026-02-27 11:29:14 --> CodeIgniter\Database\Exceptions\DatabaseException: Expression #1 of ORDER BY clause is not in GROUP BY clause and contains nonaggregated column 'ltcbase.ltc_cgservice.s_date' which is not functionally dependent on columns in GROUP BY clause; this is incompatible with sql_mode=only_full_group_by
in SYSTEMPATH\Database\BaseConnection.php on line 647.
 1 APPPATH\Models\cgserviceModel.php(104): CodeIgniter\Database\BaseConnection->query('SELECT l.id,l.idcard,l.name,l.age,l.grp,cs.count_cs,cs.stimes,cs.lbody,cs.mdate FROM ltc_ltc l  INNER JOIN (select ltc_id,count(ltc_id) as count_cs,MAX(s_date) AS mdate,
                    SUM(times) AS stimes,MAX(body) AS lbody FROM ltc_cgservice WHERE year(s_date)= \'2026\' AND month(s_date) = \'2\' AND cg = \'25\'  
                    GROUP BY ltc_id ORDER BY s_date DESC) cs ON l.id = cs.ltc_id')
 2 APPPATH\Controllers\mobileController.php(247): App\Models\cgserviceModel->getSeviceInmonth(2026, 2, '25', '03545')
 3 SYSTEMPATH\CodeIgniter.php(943): App\Controllers\MobileController->cg_report_data()
 4 SYSTEMPATH\CodeIgniter.php(503): CodeIgniter\CodeIgniter->runController(Object(App\Controllers\MobileController))
 5 SYSTEMPATH\CodeIgniter.php(361): CodeIgniter\CodeIgniter->handleRequest(null, Object(Config\Cache), false)
 6 FCPATH\index.php(79): CodeIgniter\CodeIgniter->run()
CRITICAL - 2026-02-27 11:29:14 --> [Caused by] CodeIgniter\Database\Exceptions\DatabaseException: Expression #1 of ORDER BY clause is not in GROUP BY clause and contains nonaggregated column 'ltcbase.ltc_cgservice.s_date' which is not functionally dependent on columns in GROUP BY clause; this is incompatible with sql_mode=only_full_group_by
in SYSTEMPATH\Database\MySQLi\Connection.php on line 311.
 1 SYSTEMPATH\Database\BaseConnection.php(693): CodeIgniter\Database\MySQLi\Connection->execute('SELECT l.id,l.idcard,l.name,l.age,l.grp,cs.count_cs,cs.stimes,cs.lbody,cs.mdate FROM ltc_ltc l  INNER JOIN (select ltc_id,count(ltc_id) as count_cs,MAX(s_date) AS mdate,
                    SUM(times) AS stimes,MAX(body) AS lbody FROM ltc_cgservice WHERE year(s_date)= \'2026\' AND month(s_date) = \'2\' AND cg = \'25\'  
                    GROUP BY ltc_id ORDER BY s_date DESC) cs ON l.id = cs.ltc_id')
 2 SYSTEMPATH\Database\BaseConnection.php(607): CodeIgniter\Database\BaseConnection->simpleQuery('SELECT l.id,l.idcard,l.name,l.age,l.grp,cs.count_cs,cs.stimes,cs.lbody,cs.mdate FROM ltc_ltc l  INNER JOIN (select ltc_id,count(ltc_id) as count_cs,MAX(s_date) AS mdate,
                    SUM(times) AS stimes,MAX(body) AS lbody FROM ltc_cgservice WHERE year(s_date)= \'2026\' AND month(s_date) = \'2\' AND cg = \'25\'  
                    GROUP BY ltc_id ORDER BY s_date DESC) cs ON l.id = cs.ltc_id')
 3 APPPATH\Models\cgserviceModel.php(104): CodeIgniter\Database\BaseConnection->query('SELECT l.id,l.idcard,l.name,l.age,l.grp,cs.count_cs,cs.stimes,cs.lbody,cs.mdate FROM ltc_ltc l  INNER JOIN (select ltc_id,count(ltc_id) as count_cs,MAX(s_date) AS mdate,
                    SUM(times) AS stimes,MAX(body) AS lbody FROM ltc_cgservice WHERE year(s_date)= \'2026\' AND month(s_date) = \'2\' AND cg = \'25\'  
                    GROUP BY ltc_id ORDER BY s_date DESC) cs ON l.id = cs.ltc_id')
 4 APPPATH\Controllers\mobileController.php(247): App\Models\cgserviceModel->getSeviceInmonth(2026, 2, '25', '03545')
 5 SYSTEMPATH\CodeIgniter.php(943): App\Controllers\MobileController->cg_report_data()
 6 SYSTEMPATH\CodeIgniter.php(503): CodeIgniter\CodeIgniter->runController(Object(App\Controllers\MobileController))
 7 SYSTEMPATH\CodeIgniter.php(361): CodeIgniter\CodeIgniter->handleRequest(null, Object(Config\Cache), false)
 8 FCPATH\index.php(79): CodeIgniter\CodeIgniter->run()
CRITICAL - 2026-02-27 11:29:14 --> [Caused by] mysqli_sql_exception: Expression #1 of ORDER BY clause is not in GROUP BY clause and contains nonaggregated column 'ltcbase.ltc_cgservice.s_date' which is not functionally dependent on columns in GROUP BY clause; this is incompatible with sql_mode=only_full_group_by
in SYSTEMPATH\Database\MySQLi\Connection.php on line 306.
 1 SYSTEMPATH\Database\MySQLi\Connection.php(306): mysqli->query('SELECT l.id,l.idcard,l.name,l.age,l.grp,cs.count_cs,cs.stimes,cs.lbody,cs.mdate FROM ltc_ltc l  INNER JOIN (select ltc_id,count(ltc_id) as count_cs,MAX(s_date) AS mdate,
                    SUM(times) AS stimes,MAX(body) AS lbody FROM ltc_cgservice WHERE year(s_date)= \'2026\' AND month(s_date) = \'2\' AND cg = \'25\'  
                    GROUP BY ltc_id ORDER BY s_date DESC) cs ON l.id = cs.ltc_id', 0)
 2 SYSTEMPATH\Database\BaseConnection.php(693): CodeIgniter\Database\MySQLi\Connection->execute('SELECT l.id,l.idcard,l.name,l.age,l.grp,cs.count_cs,cs.stimes,cs.lbody,cs.mdate FROM ltc_ltc l  INNER JOIN (select ltc_id,count(ltc_id) as count_cs,MAX(s_date) AS mdate,
                    SUM(times) AS stimes,MAX(body) AS lbody FROM ltc_cgservice WHERE year(s_date)= \'2026\' AND month(s_date) = \'2\' AND cg = \'25\'  
                    GROUP BY ltc_id ORDER BY s_date DESC) cs ON l.id = cs.ltc_id')
 3 SYSTEMPATH\Database\BaseConnection.php(607): CodeIgniter\Database\BaseConnection->simpleQuery('SELECT l.id,l.idcard,l.name,l.age,l.grp,cs.count_cs,cs.stimes,cs.lbody,cs.mdate FROM ltc_ltc l  INNER JOIN (select ltc_id,count(ltc_id) as count_cs,MAX(s_date) AS mdate,
                    SUM(times) AS stimes,MAX(body) AS lbody FROM ltc_cgservice WHERE year(s_date)= \'2026\' AND month(s_date) = \'2\' AND cg = \'25\'  
                    GROUP BY ltc_id ORDER BY s_date DESC) cs ON l.id = cs.ltc_id')
 4 APPPATH\Models\cgserviceModel.php(104): CodeIgniter\Database\BaseConnection->query('SELECT l.id,l.idcard,l.name,l.age,l.grp,cs.count_cs,cs.stimes,cs.lbody,cs.mdate FROM ltc_ltc l  INNER JOIN (select ltc_id,count(ltc_id) as count_cs,MAX(s_date) AS mdate,
                    SUM(times) AS stimes,MAX(body) AS lbody FROM ltc_cgservice WHERE year(s_date)= \'2026\' AND month(s_date) = \'2\' AND cg = \'25\'  
                    GROUP BY ltc_id ORDER BY s_date DESC) cs ON l.id = cs.ltc_id')
 5 APPPATH\Controllers\mobileController.php(247): App\Models\cgserviceModel->getSeviceInmonth(2026, 2, '25', '03545')
 6 SYSTEMPATH\CodeIgniter.php(943): App\Controllers\MobileController->cg_report_data()
 7 SYSTEMPATH\CodeIgniter.php(503): CodeIgniter\CodeIgniter->runController(Object(App\Controllers\MobileController))
 8 SYSTEMPATH\CodeIgniter.php(361): CodeIgniter\CodeIgniter->handleRequest(null, Object(Config\Cache), false)
 9 FCPATH\index.php(79): CodeIgniter\CodeIgniter->run()
INFO - 2026-02-27 11:29:25 --> Session: Class initialized using 'CodeIgniter\Session\Handlers\FileHandler' driver.
WARNING - 2026-02-27 11:29:25 --> [DEPRECATED] Creation of dynamic property CodeIgniter\HTTP\IncomingRequest::$user is deprecated in APPPATH\Filters\JwtAuthWeb.php on line 32.
 1 SYSTEMPATH\Filters\Filters.php(182): App\Filters\JwtAuthWeb->before(Object(CodeIgniter\HTTP\IncomingRequest), null)
 2 SYSTEMPATH\CodeIgniter.php(475): CodeIgniter\Filters\Filters->run('cg_report_data', 'before')
 3 SYSTEMPATH\CodeIgniter.php(361): CodeIgniter\CodeIgniter->handleRequest(null, Object(Config\Cache), false)
 4 FCPATH\index.php(79): CodeIgniter\CodeIgniter->run()
WARNING - 2026-02-27 11:29:25 --> [DEPRECATED] Optional parameter $cg declared before required parameter $hcode is implicitly treated as a required parameter in APPPATH\Models\cgserviceModel.php on line 93.
 1 SYSTEMPATH\Autoloader\Autoloader.php(311): include_once('D:\\xampp6\\htdocs\\project-jwt\\vendor\\codeigniter4\\framework\\system\\Debug\\Exceptions.php')
 2 SYSTEMPATH\Autoloader\Autoloader.php(290): CodeIgniter\Autoloader\Autoloader->includeFile('D:\\xampp6\\htdocs\\project-jwt\\app\\Models\\cgserviceModel.php')
 3 SYSTEMPATH\Autoloader\Autoloader.php(266): CodeIgniter\Autoloader\Autoloader->loadInNamespace('App\\Models\\cgserviceModel')
 4 APPPATH\Controllers\mobileController.php(36): CodeIgniter\Autoloader\Autoloader->loadClass('App\\Models\\cgserviceModel')
 5 SYSTEMPATH\CodeIgniter.php(915): App\Controllers\MobileController->__construct()
 6 SYSTEMPATH\CodeIgniter.php(494): CodeIgniter\CodeIgniter->createController()
 7 SYSTEMPATH\CodeIgniter.php(361): CodeIgniter\CodeIgniter->handleRequest(null, Object(Config\Cache), false)
 8 FCPATH\index.php(79): CodeIgniter\CodeIgniter->run()
ERROR - 2026-02-27 11:29:25 --> mysqli_sql_exception: Expression #1 of ORDER BY clause is not in GROUP BY clause and contains nonaggregated column 'ltcbase.ltc_cgservice.s_date' which is not functionally dependent on columns in GROUP BY clause; this is incompatible with sql_mode=only_full_group_by in D:\xampp6\htdocs\project-jwt\vendor\codeigniter4\framework\system\Database\MySQLi\Connection.php:306
Stack trace:
#0 D:\xampp6\htdocs\project-jwt\vendor\codeigniter4\framework\system\Database\MySQLi\Connection.php(306): mysqli->query('SELECT l.id,l.i...', 0)
#1 D:\xampp6\htdocs\project-jwt\vendor\codeigniter4\framework\system\Database\BaseConnection.php(693): CodeIgniter\Database\MySQLi\Connection->execute('SELECT l.id,l.i...')
#2 D:\xampp6\htdocs\project-jwt\vendor\codeigniter4\framework\system\Database\BaseConnection.php(607): CodeIgniter\Database\BaseConnection->simpleQuery('SELECT l.id,l.i...')
#3 D:\xampp6\htdocs\project-jwt\app\Models\cgserviceModel.php(104): CodeIgniter\Database\BaseConnection->query('SELECT l.id,l.i...')
#4 D:\xampp6\htdocs\project-jwt\app\Controllers\mobileController.php(247): App\Models\cgserviceModel->getSeviceInmonth(2026, 2, '25', '03545')
#5 D:\xampp6\htdocs\project-jwt\vendor\codeigniter4\framework\system\CodeIgniter.php(943): App\Controllers\MobileController->cg_report_data()
#6 D:\xampp6\htdocs\project-jwt\vendor\codeigniter4\framework\system\CodeIgniter.php(503): CodeIgniter\CodeIgniter->runController(Object(App\Controllers\MobileController))
#7 D:\xampp6\htdocs\project-jwt\vendor\codeigniter4\framework\system\CodeIgniter.php(361): CodeIgniter\CodeIgniter->handleRequest(NULL, Object(Config\Cache), false)
#8 D:\xampp6\htdocs\project-jwt\public\index.php(79): CodeIgniter\CodeIgniter->run()
#9 {main}
CRITICAL - 2026-02-27 11:29:25 --> CodeIgniter\Database\Exceptions\DatabaseException: Expression #1 of ORDER BY clause is not in GROUP BY clause and contains nonaggregated column 'ltcbase.ltc_cgservice.s_date' which is not functionally dependent on columns in GROUP BY clause; this is incompatible with sql_mode=only_full_group_by
in SYSTEMPATH\Database\BaseConnection.php on line 647.
 1 APPPATH\Models\cgserviceModel.php(104): CodeIgniter\Database\BaseConnection->query('SELECT l.id,l.idcard,l.name,l.age,l.grp,cs.count_cs,cs.stimes,cs.lbody,cs.mdate FROM ltc_ltc l  INNER JOIN (select ltc_id,count(ltc_id) as count_cs,MAX(s_date) AS mdate,
                    SUM(times) AS stimes,MAX(body) AS lbody FROM ltc_cgservice WHERE year(s_date)= \'2026\' AND month(s_date) = \'2\' AND cg = \'25\'  
                    GROUP BY ltc_id ORDER BY s_date DESC) cs ON l.id = cs.ltc_id')
 2 APPPATH\Controllers\mobileController.php(247): App\Models\cgserviceModel->getSeviceInmonth(2026, 2, '25', '03545')
 3 SYSTEMPATH\CodeIgniter.php(943): App\Controllers\MobileController->cg_report_data()
 4 SYSTEMPATH\CodeIgniter.php(503): CodeIgniter\CodeIgniter->runController(Object(App\Controllers\MobileController))
 5 SYSTEMPATH\CodeIgniter.php(361): CodeIgniter\CodeIgniter->handleRequest(null, Object(Config\Cache), false)
 6 FCPATH\index.php(79): CodeIgniter\CodeIgniter->run()
CRITICAL - 2026-02-27 11:29:25 --> [Caused by] CodeIgniter\Database\Exceptions\DatabaseException: Expression #1 of ORDER BY clause is not in GROUP BY clause and contains nonaggregated column 'ltcbase.ltc_cgservice.s_date' which is not functionally dependent on columns in GROUP BY clause; this is incompatible with sql_mode=only_full_group_by
in SYSTEMPATH\Database\MySQLi\Connection.php on line 311.
 1 SYSTEMPATH\Database\BaseConnection.php(693): CodeIgniter\Database\MySQLi\Connection->execute('SELECT l.id,l.idcard,l.name,l.age,l.grp,cs.count_cs,cs.stimes,cs.lbody,cs.mdate FROM ltc_ltc l  INNER JOIN (select ltc_id,count(ltc_id) as count_cs,MAX(s_date) AS mdate,
                    SUM(times) AS stimes,MAX(body) AS lbody FROM ltc_cgservice WHERE year(s_date)= \'2026\' AND month(s_date) = \'2\' AND cg = \'25\'  
                    GROUP BY ltc_id ORDER BY s_date DESC) cs ON l.id = cs.ltc_id')
 2 SYSTEMPATH\Database\BaseConnection.php(607): CodeIgniter\Database\BaseConnection->simpleQuery('SELECT l.id,l.idcard,l.name,l.age,l.grp,cs.count_cs,cs.stimes,cs.lbody,cs.mdate FROM ltc_ltc l  INNER JOIN (select ltc_id,count(ltc_id) as count_cs,MAX(s_date) AS mdate,
                    SUM(times) AS stimes,MAX(body) AS lbody FROM ltc_cgservice WHERE year(s_date)= \'2026\' AND month(s_date) = \'2\' AND cg = \'25\'  
                    GROUP BY ltc_id ORDER BY s_date DESC) cs ON l.id = cs.ltc_id')
 3 APPPATH\Models\cgserviceModel.php(104): CodeIgniter\Database\BaseConnection->query('SELECT l.id,l.idcard,l.name,l.age,l.grp,cs.count_cs,cs.stimes,cs.lbody,cs.mdate FROM ltc_ltc l  INNER JOIN (select ltc_id,count(ltc_id) as count_cs,MAX(s_date) AS mdate,
                    SUM(times) AS stimes,MAX(body) AS lbody FROM ltc_cgservice WHERE year(s_date)= \'2026\' AND month(s_date) = \'2\' AND cg = \'25\'  
                    GROUP BY ltc_id ORDER BY s_date DESC) cs ON l.id = cs.ltc_id')
 4 APPPATH\Controllers\mobileController.php(247): App\Models\cgserviceModel->getSeviceInmonth(2026, 2, '25', '03545')
 5 SYSTEMPATH\CodeIgniter.php(943): App\Controllers\MobileController->cg_report_data()
 6 SYSTEMPATH\CodeIgniter.php(503): CodeIgniter\CodeIgniter->runController(Object(App\Controllers\MobileController))
 7 SYSTEMPATH\CodeIgniter.php(361): CodeIgniter\CodeIgniter->handleRequest(null, Object(Config\Cache), false)
 8 FCPATH\index.php(79): CodeIgniter\CodeIgniter->run()
CRITICAL - 2026-02-27 11:29:25 --> [Caused by] mysqli_sql_exception: Expression #1 of ORDER BY clause is not in GROUP BY clause and contains nonaggregated column 'ltcbase.ltc_cgservice.s_date' which is not functionally dependent on columns in GROUP BY clause; this is incompatible with sql_mode=only_full_group_by
in SYSTEMPATH\Database\MySQLi\Connection.php on line 306.
 1 SYSTEMPATH\Database\MySQLi\Connection.php(306): mysqli->query('SELECT l.id,l.idcard,l.name,l.age,l.grp,cs.count_cs,cs.stimes,cs.lbody,cs.mdate FROM ltc_ltc l  INNER JOIN (select ltc_id,count(ltc_id) as count_cs,MAX(s_date) AS mdate,
                    SUM(times) AS stimes,MAX(body) AS lbody FROM ltc_cgservice WHERE year(s_date)= \'2026\' AND month(s_date) = \'2\' AND cg = \'25\'  
                    GROUP BY ltc_id ORDER BY s_date DESC) cs ON l.id = cs.ltc_id', 0)
 2 SYSTEMPATH\Database\BaseConnection.php(693): CodeIgniter\Database\MySQLi\Connection->execute('SELECT l.id,l.idcard,l.name,l.age,l.grp,cs.count_cs,cs.stimes,cs.lbody,cs.mdate FROM ltc_ltc l  INNER JOIN (select ltc_id,count(ltc_id) as count_cs,MAX(s_date) AS mdate,
                    SUM(times) AS stimes,MAX(body) AS lbody FROM ltc_cgservice WHERE year(s_date)= \'2026\' AND month(s_date) = \'2\' AND cg = \'25\'  
                    GROUP BY ltc_id ORDER BY s_date DESC) cs ON l.id = cs.ltc_id')
 3 SYSTEMPATH\Database\BaseConnection.php(607): CodeIgniter\Database\BaseConnection->simpleQuery('SELECT l.id,l.idcard,l.name,l.age,l.grp,cs.count_cs,cs.stimes,cs.lbody,cs.mdate FROM ltc_ltc l  INNER JOIN (select ltc_id,count(ltc_id) as count_cs,MAX(s_date) AS mdate,
                    SUM(times) AS stimes,MAX(body) AS lbody FROM ltc_cgservice WHERE year(s_date)= \'2026\' AND month(s_date) = \'2\' AND cg = \'25\'  
                    GROUP BY ltc_id ORDER BY s_date DESC) cs ON l.id = cs.ltc_id')
 4 APPPATH\Models\cgserviceModel.php(104): CodeIgniter\Database\BaseConnection->query('SELECT l.id,l.idcard,l.name,l.age,l.grp,cs.count_cs,cs.stimes,cs.lbody,cs.mdate FROM ltc_ltc l  INNER JOIN (select ltc_id,count(ltc_id) as count_cs,MAX(s_date) AS mdate,
                    SUM(times) AS stimes,MAX(body) AS lbody FROM ltc_cgservice WHERE year(s_date)= \'2026\' AND month(s_date) = \'2\' AND cg = \'25\'  
                    GROUP BY ltc_id ORDER BY s_date DESC) cs ON l.id = cs.ltc_id')
 5 APPPATH\Controllers\mobileController.php(247): App\Models\cgserviceModel->getSeviceInmonth(2026, 2, '25', '03545')
 6 SYSTEMPATH\CodeIgniter.php(943): App\Controllers\MobileController->cg_report_data()
 7 SYSTEMPATH\CodeIgniter.php(503): CodeIgniter\CodeIgniter->runController(Object(App\Controllers\MobileController))
 8 SYSTEMPATH\CodeIgniter.php(361): CodeIgniter\CodeIgniter->handleRequest(null, Object(Config\Cache), false)
 9 FCPATH\index.php(79): CodeIgniter\CodeIgniter->run()
INFO - 2026-02-27 11:30:39 --> Session: Class initialized using 'CodeIgniter\Session\Handlers\FileHandler' driver.
WARNING - 2026-02-27 11:30:39 --> [DEPRECATED] Creation of dynamic property CodeIgniter\HTTP\IncomingRequest::$user is deprecated in APPPATH\Filters\JwtAuthWeb.php on line 32.
 1 SYSTEMPATH\Filters\Filters.php(182): App\Filters\JwtAuthWeb->before(Object(CodeIgniter\HTTP\IncomingRequest), null)
 2 SYSTEMPATH\CodeIgniter.php(475): CodeIgniter\Filters\Filters->run('cg_report_data', 'before')
 3 SYSTEMPATH\CodeIgniter.php(361): CodeIgniter\CodeIgniter->handleRequest(null, Object(Config\Cache), false)
 4 FCPATH\index.php(79): CodeIgniter\CodeIgniter->run()
WARNING - 2026-02-27 11:30:39 --> [DEPRECATED] Optional parameter $cg declared before required parameter $hcode is implicitly treated as a required parameter in APPPATH\Models\cgserviceModel.php on line 93.
 1 SYSTEMPATH\Autoloader\Autoloader.php(311): include_once('D:\\xampp6\\htdocs\\project-jwt\\vendor\\codeigniter4\\framework\\system\\Debug\\Exceptions.php')
 2 SYSTEMPATH\Autoloader\Autoloader.php(290): CodeIgniter\Autoloader\Autoloader->includeFile('D:\\xampp6\\htdocs\\project-jwt\\app\\Models\\cgserviceModel.php')
 3 SYSTEMPATH\Autoloader\Autoloader.php(266): CodeIgniter\Autoloader\Autoloader->loadInNamespace('App\\Models\\cgserviceModel')
 4 APPPATH\Controllers\mobileController.php(36): CodeIgniter\Autoloader\Autoloader->loadClass('App\\Models\\cgserviceModel')
 5 SYSTEMPATH\CodeIgniter.php(915): App\Controllers\MobileController->__construct()
 6 SYSTEMPATH\CodeIgniter.php(494): CodeIgniter\CodeIgniter->createController()
 7 SYSTEMPATH\CodeIgniter.php(361): CodeIgniter\CodeIgniter->handleRequest(null, Object(Config\Cache), false)
 8 FCPATH\index.php(79): CodeIgniter\CodeIgniter->run()
INFO - 2026-02-27 11:30:47 --> Session: Class initialized using 'CodeIgniter\Session\Handlers\FileHandler' driver.
WARNING - 2026-02-27 11:30:47 --> [DEPRECATED] Creation of dynamic property CodeIgniter\HTTP\IncomingRequest::$user is deprecated in APPPATH\Filters\JwtAuthWeb.php on line 32.
 1 SYSTEMPATH\Filters\Filters.php(182): App\Filters\JwtAuthWeb->before(Object(CodeIgniter\HTTP\IncomingRequest), null)
 2 SYSTEMPATH\CodeIgniter.php(475): CodeIgniter\Filters\Filters->run('mb_Report', 'before')
 3 SYSTEMPATH\CodeIgniter.php(361): CodeIgniter\CodeIgniter->handleRequest(null, Object(Config\Cache), false)
 4 FCPATH\index.php(79): CodeIgniter\CodeIgniter->run()
WARNING - 2026-02-27 11:30:47 --> [DEPRECATED] Optional parameter $cg declared before required parameter $hcode is implicitly treated as a required parameter in APPPATH\Models\cgserviceModel.php on line 93.
 1 SYSTEMPATH\Autoloader\Autoloader.php(311): include_once('D:\\xampp6\\htdocs\\project-jwt\\vendor\\codeigniter4\\framework\\system\\Debug\\Exceptions.php')
 2 SYSTEMPATH\Autoloader\Autoloader.php(290): CodeIgniter\Autoloader\Autoloader->includeFile('D:\\xampp6\\htdocs\\project-jwt\\app\\Models\\cgserviceModel.php')
 3 SYSTEMPATH\Autoloader\Autoloader.php(266): CodeIgniter\Autoloader\Autoloader->loadInNamespace('App\\Models\\cgserviceModel')
 4 APPPATH\Controllers\mobileController.php(36): CodeIgniter\Autoloader\Autoloader->loadClass('App\\Models\\cgserviceModel')
 5 SYSTEMPATH\CodeIgniter.php(915): App\Controllers\MobileController->__construct()
 6 SYSTEMPATH\CodeIgniter.php(494): CodeIgniter\CodeIgniter->createController()
 7 SYSTEMPATH\CodeIgniter.php(361): CodeIgniter\CodeIgniter->handleRequest(null, Object(Config\Cache), false)
 8 FCPATH\index.php(79): CodeIgniter\CodeIgniter->run()
INFO - 2026-02-27 11:30:49 --> Session: Class initialized using 'CodeIgniter\Session\Handlers\FileHandler' driver.
WARNING - 2026-02-27 11:30:49 --> [DEPRECATED] Creation of dynamic property CodeIgniter\HTTP\IncomingRequest::$user is deprecated in APPPATH\Filters\JwtAuthWeb.php on line 32.
 1 SYSTEMPATH\Filters\Filters.php(182): App\Filters\JwtAuthWeb->before(Object(CodeIgniter\HTTP\IncomingRequest), null)
 2 SYSTEMPATH\CodeIgniter.php(475): CodeIgniter\Filters\Filters->run('cg_report_data', 'before')
 3 SYSTEMPATH\CodeIgniter.php(361): CodeIgniter\CodeIgniter->handleRequest(null, Object(Config\Cache), false)
 4 FCPATH\index.php(79): CodeIgniter\CodeIgniter->run()
WARNING - 2026-02-27 11:30:50 --> [DEPRECATED] Optional parameter $cg declared before required parameter $hcode is implicitly treated as a required parameter in APPPATH\Models\cgserviceModel.php on line 93.
 1 SYSTEMPATH\Autoloader\Autoloader.php(311): include_once('D:\\xampp6\\htdocs\\project-jwt\\vendor\\codeigniter4\\framework\\system\\Debug\\Exceptions.php')
 2 SYSTEMPATH\Autoloader\Autoloader.php(290): CodeIgniter\Autoloader\Autoloader->includeFile('D:\\xampp6\\htdocs\\project-jwt\\app\\Models\\cgserviceModel.php')
 3 SYSTEMPATH\Autoloader\Autoloader.php(266): CodeIgniter\Autoloader\Autoloader->loadInNamespace('App\\Models\\cgserviceModel')
 4 APPPATH\Controllers\mobileController.php(36): CodeIgniter\Autoloader\Autoloader->loadClass('App\\Models\\cgserviceModel')
 5 SYSTEMPATH\CodeIgniter.php(915): App\Controllers\MobileController->__construct()
 6 SYSTEMPATH\CodeIgniter.php(494): CodeIgniter\CodeIgniter->createController()
 7 SYSTEMPATH\CodeIgniter.php(361): CodeIgniter\CodeIgniter->handleRequest(null, Object(Config\Cache), false)
 8 FCPATH\index.php(79): CodeIgniter\CodeIgniter->run()
INFO - 2026-02-27 11:34:22 --> Session: Class initialized using 'CodeIgniter\Session\Handlers\FileHandler' driver.
WARNING - 2026-02-27 11:34:22 --> [DEPRECATED] Creation of dynamic property CodeIgniter\HTTP\IncomingRequest::$user is deprecated in APPPATH\Filters\JwtAuthWeb.php on line 32.
 1 SYSTEMPATH\Filters\Filters.php(182): App\Filters\JwtAuthWeb->before(Object(CodeIgniter\HTTP\IncomingRequest), null)
 2 SYSTEMPATH\CodeIgniter.php(475): CodeIgniter\Filters\Filters->run('mb_Report', 'before')
 3 SYSTEMPATH\CodeIgniter.php(361): CodeIgniter\CodeIgniter->handleRequest(null, Object(Config\Cache), false)
 4 FCPATH\index.php(79): CodeIgniter\CodeIgniter->run()
WARNING - 2026-02-27 11:34:22 --> [DEPRECATED] Optional parameter $cg declared before required parameter $hcode is implicitly treated as a required parameter in APPPATH\Models\cgserviceModel.php on line 93.
 1 SYSTEMPATH\Autoloader\Autoloader.php(311): include_once('D:\\xampp6\\htdocs\\project-jwt\\vendor\\codeigniter4\\framework\\system\\Debug\\Exceptions.php')
 2 SYSTEMPATH\Autoloader\Autoloader.php(290): CodeIgniter\Autoloader\Autoloader->includeFile('D:\\xampp6\\htdocs\\project-jwt\\app\\Models\\cgserviceModel.php')
 3 SYSTEMPATH\Autoloader\Autoloader.php(266): CodeIgniter\Autoloader\Autoloader->loadInNamespace('App\\Models\\cgserviceModel')
 4 APPPATH\Controllers\mobileController.php(36): CodeIgniter\Autoloader\Autoloader->loadClass('App\\Models\\cgserviceModel')
 5 SYSTEMPATH\CodeIgniter.php(915): App\Controllers\MobileController->__construct()
 6 SYSTEMPATH\CodeIgniter.php(494): CodeIgniter\CodeIgniter->createController()
 7 SYSTEMPATH\CodeIgniter.php(361): CodeIgniter\CodeIgniter->handleRequest(null, Object(Config\Cache), false)
 8 FCPATH\index.php(79): CodeIgniter\CodeIgniter->run()
INFO - 2026-02-27 11:34:24 --> Session: Class initialized using 'CodeIgniter\Session\Handlers\FileHandler' driver.
WARNING - 2026-02-27 11:34:24 --> [DEPRECATED] Creation of dynamic property CodeIgniter\HTTP\IncomingRequest::$user is deprecated in APPPATH\Filters\JwtAuthWeb.php on line 32.
 1 SYSTEMPATH\Filters\Filters.php(182): App\Filters\JwtAuthWeb->before(Object(CodeIgniter\HTTP\IncomingRequest), null)
 2 SYSTEMPATH\CodeIgniter.php(475): CodeIgniter\Filters\Filters->run('cg_report_data', 'before')
 3 SYSTEMPATH\CodeIgniter.php(361): CodeIgniter\CodeIgniter->handleRequest(null, Object(Config\Cache), false)
 4 FCPATH\index.php(79): CodeIgniter\CodeIgniter->run()
WARNING - 2026-02-27 11:34:24 --> [DEPRECATED] Optional parameter $cg declared before required parameter $hcode is implicitly treated as a required parameter in APPPATH\Models\cgserviceModel.php on line 93.
 1 SYSTEMPATH\Autoloader\Autoloader.php(311): include_once('D:\\xampp6\\htdocs\\project-jwt\\vendor\\codeigniter4\\framework\\system\\Debug\\Exceptions.php')
 2 SYSTEMPATH\Autoloader\Autoloader.php(290): CodeIgniter\Autoloader\Autoloader->includeFile('D:\\xampp6\\htdocs\\project-jwt\\app\\Models\\cgserviceModel.php')
 3 SYSTEMPATH\Autoloader\Autoloader.php(266): CodeIgniter\Autoloader\Autoloader->loadInNamespace('App\\Models\\cgserviceModel')
 4 APPPATH\Controllers\mobileController.php(36): CodeIgniter\Autoloader\Autoloader->loadClass('App\\Models\\cgserviceModel')
 5 SYSTEMPATH\CodeIgniter.php(915): App\Controllers\MobileController->__construct()
 6 SYSTEMPATH\CodeIgniter.php(494): CodeIgniter\CodeIgniter->createController()
 7 SYSTEMPATH\CodeIgniter.php(361): CodeIgniter\CodeIgniter->handleRequest(null, Object(Config\Cache), false)
 8 FCPATH\index.php(79): CodeIgniter\CodeIgniter->run()
INFO - 2026-02-27 11:34:48 --> Session: Class initialized using 'CodeIgniter\Session\Handlers\FileHandler' driver.
WARNING - 2026-02-27 11:34:48 --> [DEPRECATED] Creation of dynamic property CodeIgniter\HTTP\IncomingRequest::$user is deprecated in APPPATH\Filters\JwtAuthWeb.php on line 32.
 1 SYSTEMPATH\Filters\Filters.php(182): App\Filters\JwtAuthWeb->before(Object(CodeIgniter\HTTP\IncomingRequest), null)
 2 SYSTEMPATH\CodeIgniter.php(475): CodeIgniter\Filters\Filters->run('mb_Report', 'before')
 3 SYSTEMPATH\CodeIgniter.php(361): CodeIgniter\CodeIgniter->handleRequest(null, Object(Config\Cache), false)
 4 FCPATH\index.php(79): CodeIgniter\CodeIgniter->run()
WARNING - 2026-02-27 11:34:48 --> [DEPRECATED] Optional parameter $cg declared before required parameter $hcode is implicitly treated as a required parameter in APPPATH\Models\cgserviceModel.php on line 93.
 1 SYSTEMPATH\Autoloader\Autoloader.php(311): include_once('D:\\xampp6\\htdocs\\project-jwt\\vendor\\codeigniter4\\framework\\system\\Debug\\Exceptions.php')
 2 SYSTEMPATH\Autoloader\Autoloader.php(290): CodeIgniter\Autoloader\Autoloader->includeFile('D:\\xampp6\\htdocs\\project-jwt\\app\\Models\\cgserviceModel.php')
 3 SYSTEMPATH\Autoloader\Autoloader.php(266): CodeIgniter\Autoloader\Autoloader->loadInNamespace('App\\Models\\cgserviceModel')
 4 APPPATH\Controllers\mobileController.php(36): CodeIgniter\Autoloader\Autoloader->loadClass('App\\Models\\cgserviceModel')
 5 SYSTEMPATH\CodeIgniter.php(915): App\Controllers\MobileController->__construct()
 6 SYSTEMPATH\CodeIgniter.php(494): CodeIgniter\CodeIgniter->createController()
 7 SYSTEMPATH\CodeIgniter.php(361): CodeIgniter\CodeIgniter->handleRequest(null, Object(Config\Cache), false)
 8 FCPATH\index.php(79): CodeIgniter\CodeIgniter->run()
INFO - 2026-02-27 11:34:49 --> Session: Class initialized using 'CodeIgniter\Session\Handlers\FileHandler' driver.
WARNING - 2026-02-27 11:34:49 --> [DEPRECATED] Creation of dynamic property CodeIgniter\HTTP\IncomingRequest::$user is deprecated in APPPATH\Filters\JwtAuthWeb.php on line 32.
 1 SYSTEMPATH\Filters\Filters.php(182): App\Filters\JwtAuthWeb->before(Object(CodeIgniter\HTTP\IncomingRequest), null)
 2 SYSTEMPATH\CodeIgniter.php(475): CodeIgniter\Filters\Filters->run('cg_report_data', 'before')
 3 SYSTEMPATH\CodeIgniter.php(361): CodeIgniter\CodeIgniter->handleRequest(null, Object(Config\Cache), false)
 4 FCPATH\index.php(79): CodeIgniter\CodeIgniter->run()
WARNING - 2026-02-27 11:34:49 --> [DEPRECATED] Optional parameter $cg declared before required parameter $hcode is implicitly treated as a required parameter in APPPATH\Models\cgserviceModel.php on line 93.
 1 SYSTEMPATH\Autoloader\Autoloader.php(311): include_once('D:\\xampp6\\htdocs\\project-jwt\\vendor\\codeigniter4\\framework\\system\\Debug\\Exceptions.php')
 2 SYSTEMPATH\Autoloader\Autoloader.php(290): CodeIgniter\Autoloader\Autoloader->includeFile('D:\\xampp6\\htdocs\\project-jwt\\app\\Models\\cgserviceModel.php')
 3 SYSTEMPATH\Autoloader\Autoloader.php(266): CodeIgniter\Autoloader\Autoloader->loadInNamespace('App\\Models\\cgserviceModel')
 4 APPPATH\Controllers\mobileController.php(36): CodeIgniter\Autoloader\Autoloader->loadClass('App\\Models\\cgserviceModel')
 5 SYSTEMPATH\CodeIgniter.php(915): App\Controllers\MobileController->__construct()
 6 SYSTEMPATH\CodeIgniter.php(494): CodeIgniter\CodeIgniter->createController()
 7 SYSTEMPATH\CodeIgniter.php(361): CodeIgniter\CodeIgniter->handleRequest(null, Object(Config\Cache), false)
 8 FCPATH\index.php(79): CodeIgniter\CodeIgniter->run()
INFO - 2026-02-27 11:36:09 --> Session: Class initialized using 'CodeIgniter\Session\Handlers\FileHandler' driver.
WARNING - 2026-02-27 11:36:09 --> [DEPRECATED] Creation of dynamic property CodeIgniter\HTTP\IncomingRequest::$user is deprecated in APPPATH\Filters\JwtAuthWeb.php on line 32.
 1 SYSTEMPATH\Filters\Filters.php(182): App\Filters\JwtAuthWeb->before(Object(CodeIgniter\HTTP\IncomingRequest), null)
 2 SYSTEMPATH\CodeIgniter.php(475): CodeIgniter\Filters\Filters->run('mb_Report', 'before')
 3 SYSTEMPATH\CodeIgniter.php(361): CodeIgniter\CodeIgniter->handleRequest(null, Object(Config\Cache), false)
 4 FCPATH\index.php(79): CodeIgniter\CodeIgniter->run()
WARNING - 2026-02-27 11:36:09 --> [DEPRECATED] Optional parameter $cg declared before required parameter $hcode is implicitly treated as a required parameter in APPPATH\Models\cgserviceModel.php on line 93.
 1 SYSTEMPATH\Autoloader\Autoloader.php(311): include_once('D:\\xampp6\\htdocs\\project-jwt\\vendor\\codeigniter4\\framework\\system\\Debug\\Exceptions.php')
 2 SYSTEMPATH\Autoloader\Autoloader.php(290): CodeIgniter\Autoloader\Autoloader->includeFile('D:\\xampp6\\htdocs\\project-jwt\\app\\Models\\cgserviceModel.php')
 3 SYSTEMPATH\Autoloader\Autoloader.php(266): CodeIgniter\Autoloader\Autoloader->loadInNamespace('App\\Models\\cgserviceModel')
 4 APPPATH\Controllers\mobileController.php(36): CodeIgniter\Autoloader\Autoloader->loadClass('App\\Models\\cgserviceModel')
 5 SYSTEMPATH\CodeIgniter.php(915): App\Controllers\MobileController->__construct()
 6 SYSTEMPATH\CodeIgniter.php(494): CodeIgniter\CodeIgniter->createController()
 7 SYSTEMPATH\CodeIgniter.php(361): CodeIgniter\CodeIgniter->handleRequest(null, Object(Config\Cache), false)
 8 FCPATH\index.php(79): CodeIgniter\CodeIgniter->run()
INFO - 2026-02-27 11:36:11 --> Session: Class initialized using 'CodeIgniter\Session\Handlers\FileHandler' driver.
WARNING - 2026-02-27 11:36:11 --> [DEPRECATED] Creation of dynamic property CodeIgniter\HTTP\IncomingRequest::$user is deprecated in APPPATH\Filters\JwtAuthWeb.php on line 32.
 1 SYSTEMPATH\Filters\Filters.php(182): App\Filters\JwtAuthWeb->before(Object(CodeIgniter\HTTP\IncomingRequest), null)
 2 SYSTEMPATH\CodeIgniter.php(475): CodeIgniter\Filters\Filters->run('cg_report_data', 'before')
 3 SYSTEMPATH\CodeIgniter.php(361): CodeIgniter\CodeIgniter->handleRequest(null, Object(Config\Cache), false)
 4 FCPATH\index.php(79): CodeIgniter\CodeIgniter->run()
WARNING - 2026-02-27 11:36:11 --> [DEPRECATED] Optional parameter $cg declared before required parameter $hcode is implicitly treated as a required parameter in APPPATH\Models\cgserviceModel.php on line 93.
 1 SYSTEMPATH\Autoloader\Autoloader.php(311): include_once('D:\\xampp6\\htdocs\\project-jwt\\vendor\\codeigniter4\\framework\\system\\Debug\\Exceptions.php')
 2 SYSTEMPATH\Autoloader\Autoloader.php(290): CodeIgniter\Autoloader\Autoloader->includeFile('D:\\xampp6\\htdocs\\project-jwt\\app\\Models\\cgserviceModel.php')
 3 SYSTEMPATH\Autoloader\Autoloader.php(266): CodeIgniter\Autoloader\Autoloader->loadInNamespace('App\\Models\\cgserviceModel')
 4 APPPATH\Controllers\mobileController.php(36): CodeIgniter\Autoloader\Autoloader->loadClass('App\\Models\\cgserviceModel')
 5 SYSTEMPATH\CodeIgniter.php(915): App\Controllers\MobileController->__construct()
 6 SYSTEMPATH\CodeIgniter.php(494): CodeIgniter\CodeIgniter->createController()
 7 SYSTEMPATH\CodeIgniter.php(361): CodeIgniter\CodeIgniter->handleRequest(null, Object(Config\Cache), false)
 8 FCPATH\index.php(79): CodeIgniter\CodeIgniter->run()
INFO - 2026-02-27 11:36:13 --> Session: Class initialized using 'CodeIgniter\Session\Handlers\FileHandler' driver.
WARNING - 2026-02-27 11:36:13 --> [DEPRECATED] Creation of dynamic property CodeIgniter\HTTP\IncomingRequest::$user is deprecated in APPPATH\Filters\JwtAuthWeb.php on line 32.
 1 SYSTEMPATH\Filters\Filters.php(182): App\Filters\JwtAuthWeb->before(Object(CodeIgniter\HTTP\IncomingRequest), null)
 2 SYSTEMPATH\CodeIgniter.php(475): CodeIgniter\Filters\Filters->run('mobile-page', 'before')
 3 SYSTEMPATH\CodeIgniter.php(361): CodeIgniter\CodeIgniter->handleRequest(null, Object(Config\Cache), false)
 4 FCPATH\index.php(79): CodeIgniter\CodeIgniter->run()
WARNING - 2026-02-27 11:36:13 --> [DEPRECATED] Optional parameter $cg declared before required parameter $hcode is implicitly treated as a required parameter in APPPATH\Models\cgserviceModel.php on line 93.
 1 SYSTEMPATH\Autoloader\Autoloader.php(311): include_once('D:\\xampp6\\htdocs\\project-jwt\\vendor\\codeigniter4\\framework\\system\\Debug\\Exceptions.php')
 2 SYSTEMPATH\Autoloader\Autoloader.php(290): CodeIgniter\Autoloader\Autoloader->includeFile('D:\\xampp6\\htdocs\\project-jwt\\app\\Models\\cgserviceModel.php')
 3 SYSTEMPATH\Autoloader\Autoloader.php(266): CodeIgniter\Autoloader\Autoloader->loadInNamespace('App\\Models\\cgserviceModel')
 4 APPPATH\Controllers\mobileController.php(36): CodeIgniter\Autoloader\Autoloader->loadClass('App\\Models\\cgserviceModel')
 5 SYSTEMPATH\CodeIgniter.php(915): App\Controllers\MobileController->__construct()
 6 SYSTEMPATH\CodeIgniter.php(494): CodeIgniter\CodeIgniter->createController()
 7 SYSTEMPATH\CodeIgniter.php(361): CodeIgniter\CodeIgniter->handleRequest(null, Object(Config\Cache), false)
 8 FCPATH\index.php(79): CodeIgniter\CodeIgniter->run()
INFO - 2026-02-27 11:36:15 --> Session: Class initialized using 'CodeIgniter\Session\Handlers\FileHandler' driver.
WARNING - 2026-02-27 11:36:15 --> [DEPRECATED] Creation of dynamic property CodeIgniter\HTTP\IncomingRequest::$user is deprecated in APPPATH\Filters\JwtAuthWeb.php on line 32.
 1 SYSTEMPATH\Filters\Filters.php(182): App\Filters\JwtAuthWeb->before(Object(CodeIgniter\HTTP\IncomingRequest), null)
 2 SYSTEMPATH\CodeIgniter.php(475): CodeIgniter\Filters\Filters->run('mb_Report', 'before')
 3 SYSTEMPATH\CodeIgniter.php(361): CodeIgniter\CodeIgniter->handleRequest(null, Object(Config\Cache), false)
 4 FCPATH\index.php(79): CodeIgniter\CodeIgniter->run()
WARNING - 2026-02-27 11:36:15 --> [DEPRECATED] Optional parameter $cg declared before required parameter $hcode is implicitly treated as a required parameter in APPPATH\Models\cgserviceModel.php on line 93.
 1 SYSTEMPATH\Autoloader\Autoloader.php(311): include_once('D:\\xampp6\\htdocs\\project-jwt\\vendor\\codeigniter4\\framework\\system\\Debug\\Exceptions.php')
 2 SYSTEMPATH\Autoloader\Autoloader.php(290): CodeIgniter\Autoloader\Autoloader->includeFile('D:\\xampp6\\htdocs\\project-jwt\\app\\Models\\cgserviceModel.php')
 3 SYSTEMPATH\Autoloader\Autoloader.php(266): CodeIgniter\Autoloader\Autoloader->loadInNamespace('App\\Models\\cgserviceModel')
 4 APPPATH\Controllers\mobileController.php(36): CodeIgniter\Autoloader\Autoloader->loadClass('App\\Models\\cgserviceModel')
 5 SYSTEMPATH\CodeIgniter.php(915): App\Controllers\MobileController->__construct()
 6 SYSTEMPATH\CodeIgniter.php(494): CodeIgniter\CodeIgniter->createController()
 7 SYSTEMPATH\CodeIgniter.php(361): CodeIgniter\CodeIgniter->handleRequest(null, Object(Config\Cache), false)
 8 FCPATH\index.php(79): CodeIgniter\CodeIgniter->run()
INFO - 2026-02-27 11:36:17 --> Session: Class initialized using 'CodeIgniter\Session\Handlers\FileHandler' driver.
WARNING - 2026-02-27 11:36:17 --> [DEPRECATED] Creation of dynamic property CodeIgniter\HTTP\IncomingRequest::$user is deprecated in APPPATH\Filters\JwtAuthWeb.php on line 32.
 1 SYSTEMPATH\Filters\Filters.php(182): App\Filters\JwtAuthWeb->before(Object(CodeIgniter\HTTP\IncomingRequest), null)
 2 SYSTEMPATH\CodeIgniter.php(475): CodeIgniter\Filters\Filters->run('cg_report_data', 'before')
 3 SYSTEMPATH\CodeIgniter.php(361): CodeIgniter\CodeIgniter->handleRequest(null, Object(Config\Cache), false)
 4 FCPATH\index.php(79): CodeIgniter\CodeIgniter->run()
WARNING - 2026-02-27 11:36:17 --> [DEPRECATED] Optional parameter $cg declared before required parameter $hcode is implicitly treated as a required parameter in APPPATH\Models\cgserviceModel.php on line 93.
 1 SYSTEMPATH\Autoloader\Autoloader.php(311): include_once('D:\\xampp6\\htdocs\\project-jwt\\vendor\\codeigniter4\\framework\\system\\Debug\\Exceptions.php')
 2 SYSTEMPATH\Autoloader\Autoloader.php(290): CodeIgniter\Autoloader\Autoloader->includeFile('D:\\xampp6\\htdocs\\project-jwt\\app\\Models\\cgserviceModel.php')
 3 SYSTEMPATH\Autoloader\Autoloader.php(266): CodeIgniter\Autoloader\Autoloader->loadInNamespace('App\\Models\\cgserviceModel')
 4 APPPATH\Controllers\mobileController.php(36): CodeIgniter\Autoloader\Autoloader->loadClass('App\\Models\\cgserviceModel')
 5 SYSTEMPATH\CodeIgniter.php(915): App\Controllers\MobileController->__construct()
 6 SYSTEMPATH\CodeIgniter.php(494): CodeIgniter\CodeIgniter->createController()
 7 SYSTEMPATH\CodeIgniter.php(361): CodeIgniter\CodeIgniter->handleRequest(null, Object(Config\Cache), false)
 8 FCPATH\index.php(79): CodeIgniter\CodeIgniter->run()
INFO - 2026-02-27 11:36:22 --> Session: Class initialized using 'CodeIgniter\Session\Handlers\FileHandler' driver.
WARNING - 2026-02-27 11:36:22 --> [DEPRECATED] Creation of dynamic property CodeIgniter\HTTP\IncomingRequest::$user is deprecated in APPPATH\Filters\JwtAuthWeb.php on line 32.
 1 SYSTEMPATH\Filters\Filters.php(182): App\Filters\JwtAuthWeb->before(Object(CodeIgniter\HTTP\IncomingRequest), null)
 2 SYSTEMPATH\CodeIgniter.php(475): CodeIgniter\Filters\Filters->run('mobile-page', 'before')
 3 SYSTEMPATH\CodeIgniter.php(361): CodeIgniter\CodeIgniter->handleRequest(null, Object(Config\Cache), false)
 4 FCPATH\index.php(79): CodeIgniter\CodeIgniter->run()
WARNING - 2026-02-27 11:36:22 --> [DEPRECATED] Optional parameter $cg declared before required parameter $hcode is implicitly treated as a required parameter in APPPATH\Models\cgserviceModel.php on line 93.
 1 SYSTEMPATH\Autoloader\Autoloader.php(311): include_once('D:\\xampp6\\htdocs\\project-jwt\\vendor\\codeigniter4\\framework\\system\\Debug\\Exceptions.php')
 2 SYSTEMPATH\Autoloader\Autoloader.php(290): CodeIgniter\Autoloader\Autoloader->includeFile('D:\\xampp6\\htdocs\\project-jwt\\app\\Models\\cgserviceModel.php')
 3 SYSTEMPATH\Autoloader\Autoloader.php(266): CodeIgniter\Autoloader\Autoloader->loadInNamespace('App\\Models\\cgserviceModel')
 4 APPPATH\Controllers\mobileController.php(36): CodeIgniter\Autoloader\Autoloader->loadClass('App\\Models\\cgserviceModel')
 5 SYSTEMPATH\CodeIgniter.php(915): App\Controllers\MobileController->__construct()
 6 SYSTEMPATH\CodeIgniter.php(494): CodeIgniter\CodeIgniter->createController()
 7 SYSTEMPATH\CodeIgniter.php(361): CodeIgniter\CodeIgniter->handleRequest(null, Object(Config\Cache), false)
 8 FCPATH\index.php(79): CodeIgniter\CodeIgniter->run()
INFO - 2026-02-27 11:38:58 --> Session: Class initialized using 'CodeIgniter\Session\Handlers\FileHandler' driver.
WARNING - 2026-02-27 11:38:58 --> [DEPRECATED] Creation of dynamic property CodeIgniter\HTTP\IncomingRequest::$user is deprecated in APPPATH\Filters\JwtAuthWeb.php on line 32.
 1 SYSTEMPATH\Filters\Filters.php(182): App\Filters\JwtAuthWeb->before(Object(CodeIgniter\HTTP\IncomingRequest), null)
 2 SYSTEMPATH\CodeIgniter.php(475): CodeIgniter\Filters\Filters->run('mb_Report', 'before')
 3 SYSTEMPATH\CodeIgniter.php(361): CodeIgniter\CodeIgniter->handleRequest(null, Object(Config\Cache), false)
 4 FCPATH\index.php(79): CodeIgniter\CodeIgniter->run()
WARNING - 2026-02-27 11:38:58 --> [DEPRECATED] Optional parameter $cg declared before required parameter $hcode is implicitly treated as a required parameter in APPPATH\Models\cgserviceModel.php on line 93.
 1 SYSTEMPATH\Autoloader\Autoloader.php(311): include_once('D:\\xampp6\\htdocs\\project-jwt\\vendor\\codeigniter4\\framework\\system\\Debug\\Exceptions.php')
 2 SYSTEMPATH\Autoloader\Autoloader.php(290): CodeIgniter\Autoloader\Autoloader->includeFile('D:\\xampp6\\htdocs\\project-jwt\\app\\Models\\cgserviceModel.php')
 3 SYSTEMPATH\Autoloader\Autoloader.php(266): CodeIgniter\Autoloader\Autoloader->loadInNamespace('App\\Models\\cgserviceModel')
 4 APPPATH\Controllers\mobileController.php(36): CodeIgniter\Autoloader\Autoloader->loadClass('App\\Models\\cgserviceModel')
 5 SYSTEMPATH\CodeIgniter.php(915): App\Controllers\MobileController->__construct()
 6 SYSTEMPATH\CodeIgniter.php(494): CodeIgniter\CodeIgniter->createController()
 7 SYSTEMPATH\CodeIgniter.php(361): CodeIgniter\CodeIgniter->handleRequest(null, Object(Config\Cache), false)
 8 FCPATH\index.php(79): CodeIgniter\CodeIgniter->run()
INFO - 2026-02-27 11:39:00 --> Session: Class initialized using 'CodeIgniter\Session\Handlers\FileHandler' driver.
WARNING - 2026-02-27 11:39:00 --> [DEPRECATED] Creation of dynamic property CodeIgniter\HTTP\IncomingRequest::$user is deprecated in APPPATH\Filters\JwtAuthWeb.php on line 32.
 1 SYSTEMPATH\Filters\Filters.php(182): App\Filters\JwtAuthWeb->before(Object(CodeIgniter\HTTP\IncomingRequest), null)
 2 SYSTEMPATH\CodeIgniter.php(475): CodeIgniter\Filters\Filters->run('cg_report_data', 'before')
 3 SYSTEMPATH\CodeIgniter.php(361): CodeIgniter\CodeIgniter->handleRequest(null, Object(Config\Cache), false)
 4 FCPATH\index.php(79): CodeIgniter\CodeIgniter->run()
WARNING - 2026-02-27 11:39:00 --> [DEPRECATED] Optional parameter $cg declared before required parameter $hcode is implicitly treated as a required parameter in APPPATH\Models\cgserviceModel.php on line 93.
 1 SYSTEMPATH\Autoloader\Autoloader.php(311): include_once('D:\\xampp6\\htdocs\\project-jwt\\vendor\\codeigniter4\\framework\\system\\Debug\\Exceptions.php')
 2 SYSTEMPATH\Autoloader\Autoloader.php(290): CodeIgniter\Autoloader\Autoloader->includeFile('D:\\xampp6\\htdocs\\project-jwt\\app\\Models\\cgserviceModel.php')
 3 SYSTEMPATH\Autoloader\Autoloader.php(266): CodeIgniter\Autoloader\Autoloader->loadInNamespace('App\\Models\\cgserviceModel')
 4 APPPATH\Controllers\mobileController.php(36): CodeIgniter\Autoloader\Autoloader->loadClass('App\\Models\\cgserviceModel')
 5 SYSTEMPATH\CodeIgniter.php(915): App\Controllers\MobileController->__construct()
 6 SYSTEMPATH\CodeIgniter.php(494): CodeIgniter\CodeIgniter->createController()
 7 SYSTEMPATH\CodeIgniter.php(361): CodeIgniter\CodeIgniter->handleRequest(null, Object(Config\Cache), false)
 8 FCPATH\index.php(79): CodeIgniter\CodeIgniter->run()
INFO - 2026-02-27 11:40:22 --> Session: Class initialized using 'CodeIgniter\Session\Handlers\FileHandler' driver.
WARNING - 2026-02-27 11:40:22 --> [DEPRECATED] Creation of dynamic property CodeIgniter\HTTP\IncomingRequest::$user is deprecated in APPPATH\Filters\JwtAuthWeb.php on line 32.
 1 SYSTEMPATH\Filters\Filters.php(182): App\Filters\JwtAuthWeb->before(Object(CodeIgniter\HTTP\IncomingRequest), null)
 2 SYSTEMPATH\CodeIgniter.php(475): CodeIgniter\Filters\Filters->run('mb_Report', 'before')
 3 SYSTEMPATH\CodeIgniter.php(361): CodeIgniter\CodeIgniter->handleRequest(null, Object(Config\Cache), false)
 4 FCPATH\index.php(79): CodeIgniter\CodeIgniter->run()
WARNING - 2026-02-27 11:40:22 --> [DEPRECATED] Optional parameter $cg declared before required parameter $hcode is implicitly treated as a required parameter in APPPATH\Models\cgserviceModel.php on line 93.
 1 SYSTEMPATH\Autoloader\Autoloader.php(311): include_once('D:\\xampp6\\htdocs\\project-jwt\\vendor\\codeigniter4\\framework\\system\\Debug\\Exceptions.php')
 2 SYSTEMPATH\Autoloader\Autoloader.php(290): CodeIgniter\Autoloader\Autoloader->includeFile('D:\\xampp6\\htdocs\\project-jwt\\app\\Models\\cgserviceModel.php')
 3 SYSTEMPATH\Autoloader\Autoloader.php(266): CodeIgniter\Autoloader\Autoloader->loadInNamespace('App\\Models\\cgserviceModel')
 4 APPPATH\Controllers\mobileController.php(36): CodeIgniter\Autoloader\Autoloader->loadClass('App\\Models\\cgserviceModel')
 5 SYSTEMPATH\CodeIgniter.php(915): App\Controllers\MobileController->__construct()
 6 SYSTEMPATH\CodeIgniter.php(494): CodeIgniter\CodeIgniter->createController()
 7 SYSTEMPATH\CodeIgniter.php(361): CodeIgniter\CodeIgniter->handleRequest(null, Object(Config\Cache), false)
 8 FCPATH\index.php(79): CodeIgniter\CodeIgniter->run()
INFO - 2026-02-27 11:40:24 --> Session: Class initialized using 'CodeIgniter\Session\Handlers\FileHandler' driver.
WARNING - 2026-02-27 11:40:24 --> [DEPRECATED] Creation of dynamic property CodeIgniter\HTTP\IncomingRequest::$user is deprecated in APPPATH\Filters\JwtAuthWeb.php on line 32.
 1 SYSTEMPATH\Filters\Filters.php(182): App\Filters\JwtAuthWeb->before(Object(CodeIgniter\HTTP\IncomingRequest), null)
 2 SYSTEMPATH\CodeIgniter.php(475): CodeIgniter\Filters\Filters->run('cg_report_data', 'before')
 3 SYSTEMPATH\CodeIgniter.php(361): CodeIgniter\CodeIgniter->handleRequest(null, Object(Config\Cache), false)
 4 FCPATH\index.php(79): CodeIgniter\CodeIgniter->run()
WARNING - 2026-02-27 11:40:24 --> [DEPRECATED] Optional parameter $cg declared before required parameter $hcode is implicitly treated as a required parameter in APPPATH\Models\cgserviceModel.php on line 93.
 1 SYSTEMPATH\Autoloader\Autoloader.php(311): include_once('D:\\xampp6\\htdocs\\project-jwt\\vendor\\codeigniter4\\framework\\system\\Debug\\Exceptions.php')
 2 SYSTEMPATH\Autoloader\Autoloader.php(290): CodeIgniter\Autoloader\Autoloader->includeFile('D:\\xampp6\\htdocs\\project-jwt\\app\\Models\\cgserviceModel.php')
 3 SYSTEMPATH\Autoloader\Autoloader.php(266): CodeIgniter\Autoloader\Autoloader->loadInNamespace('App\\Models\\cgserviceModel')
 4 APPPATH\Controllers\mobileController.php(36): CodeIgniter\Autoloader\Autoloader->loadClass('App\\Models\\cgserviceModel')
 5 SYSTEMPATH\CodeIgniter.php(915): App\Controllers\MobileController->__construct()
 6 SYSTEMPATH\CodeIgniter.php(494): CodeIgniter\CodeIgniter->createController()
 7 SYSTEMPATH\CodeIgniter.php(361): CodeIgniter\CodeIgniter->handleRequest(null, Object(Config\Cache), false)
 8 FCPATH\index.php(79): CodeIgniter\CodeIgniter->run()
INFO - 2026-02-27 11:40:38 --> Session: Class initialized using 'CodeIgniter\Session\Handlers\FileHandler' driver.
WARNING - 2026-02-27 11:40:38 --> [DEPRECATED] Creation of dynamic property CodeIgniter\HTTP\IncomingRequest::$user is deprecated in APPPATH\Filters\JwtAuthWeb.php on line 32.
 1 SYSTEMPATH\Filters\Filters.php(182): App\Filters\JwtAuthWeb->before(Object(CodeIgniter\HTTP\IncomingRequest), null)
 2 SYSTEMPATH\CodeIgniter.php(475): CodeIgniter\Filters\Filters->run('mb_Report', 'before')
 3 SYSTEMPATH\CodeIgniter.php(361): CodeIgniter\CodeIgniter->handleRequest(null, Object(Config\Cache), false)
 4 FCPATH\index.php(79): CodeIgniter\CodeIgniter->run()
WARNING - 2026-02-27 11:40:38 --> [DEPRECATED] Optional parameter $cg declared before required parameter $hcode is implicitly treated as a required parameter in APPPATH\Models\cgserviceModel.php on line 93.
 1 SYSTEMPATH\Autoloader\Autoloader.php(311): include_once('D:\\xampp6\\htdocs\\project-jwt\\vendor\\codeigniter4\\framework\\system\\Debug\\Exceptions.php')
 2 SYSTEMPATH\Autoloader\Autoloader.php(290): CodeIgniter\Autoloader\Autoloader->includeFile('D:\\xampp6\\htdocs\\project-jwt\\app\\Models\\cgserviceModel.php')
 3 SYSTEMPATH\Autoloader\Autoloader.php(266): CodeIgniter\Autoloader\Autoloader->loadInNamespace('App\\Models\\cgserviceModel')
 4 APPPATH\Controllers\mobileController.php(36): CodeIgniter\Autoloader\Autoloader->loadClass('App\\Models\\cgserviceModel')
 5 SYSTEMPATH\CodeIgniter.php(915): App\Controllers\MobileController->__construct()
 6 SYSTEMPATH\CodeIgniter.php(494): CodeIgniter\CodeIgniter->createController()
 7 SYSTEMPATH\CodeIgniter.php(361): CodeIgniter\CodeIgniter->handleRequest(null, Object(Config\Cache), false)
 8 FCPATH\index.php(79): CodeIgniter\CodeIgniter->run()
INFO - 2026-02-27 11:40:40 --> Session: Class initialized using 'CodeIgniter\Session\Handlers\FileHandler' driver.
WARNING - 2026-02-27 11:40:40 --> [DEPRECATED] Creation of dynamic property CodeIgniter\HTTP\IncomingRequest::$user is deprecated in APPPATH\Filters\JwtAuthWeb.php on line 32.
 1 SYSTEMPATH\Filters\Filters.php(182): App\Filters\JwtAuthWeb->before(Object(CodeIgniter\HTTP\IncomingRequest), null)
 2 SYSTEMPATH\CodeIgniter.php(475): CodeIgniter\Filters\Filters->run('cg_report_data', 'before')
 3 SYSTEMPATH\CodeIgniter.php(361): CodeIgniter\CodeIgniter->handleRequest(null, Object(Config\Cache), false)
 4 FCPATH\index.php(79): CodeIgniter\CodeIgniter->run()
WARNING - 2026-02-27 11:40:40 --> [DEPRECATED] Optional parameter $cg declared before required parameter $hcode is implicitly treated as a required parameter in APPPATH\Models\cgserviceModel.php on line 93.
 1 SYSTEMPATH\Autoloader\Autoloader.php(311): include_once('D:\\xampp6\\htdocs\\project-jwt\\vendor\\codeigniter4\\framework\\system\\Debug\\Exceptions.php')
 2 SYSTEMPATH\Autoloader\Autoloader.php(290): CodeIgniter\Autoloader\Autoloader->includeFile('D:\\xampp6\\htdocs\\project-jwt\\app\\Models\\cgserviceModel.php')
 3 SYSTEMPATH\Autoloader\Autoloader.php(266): CodeIgniter\Autoloader\Autoloader->loadInNamespace('App\\Models\\cgserviceModel')
 4 APPPATH\Controllers\mobileController.php(36): CodeIgniter\Autoloader\Autoloader->loadClass('App\\Models\\cgserviceModel')
 5 SYSTEMPATH\CodeIgniter.php(915): App\Controllers\MobileController->__construct()
 6 SYSTEMPATH\CodeIgniter.php(494): CodeIgniter\CodeIgniter->createController()
 7 SYSTEMPATH\CodeIgniter.php(361): CodeIgniter\CodeIgniter->handleRequest(null, Object(Config\Cache), false)
 8 FCPATH\index.php(79): CodeIgniter\CodeIgniter->run()
INFO - 2026-02-27 11:42:17 --> Session: Class initialized using 'CodeIgniter\Session\Handlers\FileHandler' driver.
WARNING - 2026-02-27 11:42:17 --> [DEPRECATED] Creation of dynamic property CodeIgniter\HTTP\IncomingRequest::$user is deprecated in APPPATH\Filters\JwtAuthWeb.php on line 32.
 1 SYSTEMPATH\Filters\Filters.php(182): App\Filters\JwtAuthWeb->before(Object(CodeIgniter\HTTP\IncomingRequest), null)
 2 SYSTEMPATH\CodeIgniter.php(475): CodeIgniter\Filters\Filters->run('mb_Report', 'before')
 3 SYSTEMPATH\CodeIgniter.php(361): CodeIgniter\CodeIgniter->handleRequest(null, Object(Config\Cache), false)
 4 FCPATH\index.php(79): CodeIgniter\CodeIgniter->run()
WARNING - 2026-02-27 11:42:17 --> [DEPRECATED] Optional parameter $cg declared before required parameter $hcode is implicitly treated as a required parameter in APPPATH\Models\cgserviceModel.php on line 93.
 1 SYSTEMPATH\Autoloader\Autoloader.php(311): include_once('D:\\xampp6\\htdocs\\project-jwt\\vendor\\codeigniter4\\framework\\system\\Debug\\Exceptions.php')
 2 SYSTEMPATH\Autoloader\Autoloader.php(290): CodeIgniter\Autoloader\Autoloader->includeFile('D:\\xampp6\\htdocs\\project-jwt\\app\\Models\\cgserviceModel.php')
 3 SYSTEMPATH\Autoloader\Autoloader.php(266): CodeIgniter\Autoloader\Autoloader->loadInNamespace('App\\Models\\cgserviceModel')
 4 APPPATH\Controllers\mobileController.php(36): CodeIgniter\Autoloader\Autoloader->loadClass('App\\Models\\cgserviceModel')
 5 SYSTEMPATH\CodeIgniter.php(915): App\Controllers\MobileController->__construct()
 6 SYSTEMPATH\CodeIgniter.php(494): CodeIgniter\CodeIgniter->createController()
 7 SYSTEMPATH\CodeIgniter.php(361): CodeIgniter\CodeIgniter->handleRequest(null, Object(Config\Cache), false)
 8 FCPATH\index.php(79): CodeIgniter\CodeIgniter->run()
INFO - 2026-02-27 11:42:19 --> Session: Class initialized using 'CodeIgniter\Session\Handlers\FileHandler' driver.
WARNING - 2026-02-27 11:42:19 --> [DEPRECATED] Creation of dynamic property CodeIgniter\HTTP\IncomingRequest::$user is deprecated in APPPATH\Filters\JwtAuthWeb.php on line 32.
 1 SYSTEMPATH\Filters\Filters.php(182): App\Filters\JwtAuthWeb->before(Object(CodeIgniter\HTTP\IncomingRequest), null)
 2 SYSTEMPATH\CodeIgniter.php(475): CodeIgniter\Filters\Filters->run('cg_report_data', 'before')
 3 SYSTEMPATH\CodeIgniter.php(361): CodeIgniter\CodeIgniter->handleRequest(null, Object(Config\Cache), false)
 4 FCPATH\index.php(79): CodeIgniter\CodeIgniter->run()
WARNING - 2026-02-27 11:42:19 --> [DEPRECATED] Optional parameter $cg declared before required parameter $hcode is implicitly treated as a required parameter in APPPATH\Models\cgserviceModel.php on line 93.
 1 SYSTEMPATH\Autoloader\Autoloader.php(311): include_once('D:\\xampp6\\htdocs\\project-jwt\\vendor\\codeigniter4\\framework\\system\\Debug\\Exceptions.php')
 2 SYSTEMPATH\Autoloader\Autoloader.php(290): CodeIgniter\Autoloader\Autoloader->includeFile('D:\\xampp6\\htdocs\\project-jwt\\app\\Models\\cgserviceModel.php')
 3 SYSTEMPATH\Autoloader\Autoloader.php(266): CodeIgniter\Autoloader\Autoloader->loadInNamespace('App\\Models\\cgserviceModel')
 4 APPPATH\Controllers\mobileController.php(36): CodeIgniter\Autoloader\Autoloader->loadClass('App\\Models\\cgserviceModel')
 5 SYSTEMPATH\CodeIgniter.php(915): App\Controllers\MobileController->__construct()
 6 SYSTEMPATH\CodeIgniter.php(494): CodeIgniter\CodeIgniter->createController()
 7 SYSTEMPATH\CodeIgniter.php(361): CodeIgniter\CodeIgniter->handleRequest(null, Object(Config\Cache), false)
 8 FCPATH\index.php(79): CodeIgniter\CodeIgniter->run()
INFO - 2026-02-27 11:43:42 --> Session: Class initialized using 'CodeIgniter\Session\Handlers\FileHandler' driver.
WARNING - 2026-02-27 11:43:42 --> [DEPRECATED] Creation of dynamic property CodeIgniter\HTTP\IncomingRequest::$user is deprecated in APPPATH\Filters\JwtAuthWeb.php on line 32.
 1 SYSTEMPATH\Filters\Filters.php(182): App\Filters\JwtAuthWeb->before(Object(CodeIgniter\HTTP\IncomingRequest), null)
 2 SYSTEMPATH\CodeIgniter.php(475): CodeIgniter\Filters\Filters->run('mb_Report', 'before')
 3 SYSTEMPATH\CodeIgniter.php(361): CodeIgniter\CodeIgniter->handleRequest(null, Object(Config\Cache), false)
 4 FCPATH\index.php(79): CodeIgniter\CodeIgniter->run()
WARNING - 2026-02-27 11:43:42 --> [DEPRECATED] Optional parameter $cg declared before required parameter $hcode is implicitly treated as a required parameter in APPPATH\Models\cgserviceModel.php on line 93.
 1 SYSTEMPATH\Autoloader\Autoloader.php(311): include_once('D:\\xampp6\\htdocs\\project-jwt\\vendor\\codeigniter4\\framework\\system\\Debug\\Exceptions.php')
 2 SYSTEMPATH\Autoloader\Autoloader.php(290): CodeIgniter\Autoloader\Autoloader->includeFile('D:\\xampp6\\htdocs\\project-jwt\\app\\Models\\cgserviceModel.php')
 3 SYSTEMPATH\Autoloader\Autoloader.php(266): CodeIgniter\Autoloader\Autoloader->loadInNamespace('App\\Models\\cgserviceModel')
 4 APPPATH\Controllers\mobileController.php(36): CodeIgniter\Autoloader\Autoloader->loadClass('App\\Models\\cgserviceModel')
 5 SYSTEMPATH\CodeIgniter.php(915): App\Controllers\MobileController->__construct()
 6 SYSTEMPATH\CodeIgniter.php(494): CodeIgniter\CodeIgniter->createController()
 7 SYSTEMPATH\CodeIgniter.php(361): CodeIgniter\CodeIgniter->handleRequest(null, Object(Config\Cache), false)
 8 FCPATH\index.php(79): CodeIgniter\CodeIgniter->run()
INFO - 2026-02-27 11:43:43 --> Session: Class initialized using 'CodeIgniter\Session\Handlers\FileHandler' driver.
WARNING - 2026-02-27 11:43:43 --> [DEPRECATED] Creation of dynamic property CodeIgniter\HTTP\IncomingRequest::$user is deprecated in APPPATH\Filters\JwtAuthWeb.php on line 32.
 1 SYSTEMPATH\Filters\Filters.php(182): App\Filters\JwtAuthWeb->before(Object(CodeIgniter\HTTP\IncomingRequest), null)
 2 SYSTEMPATH\CodeIgniter.php(475): CodeIgniter\Filters\Filters->run('cg_report_data', 'before')
 3 SYSTEMPATH\CodeIgniter.php(361): CodeIgniter\CodeIgniter->handleRequest(null, Object(Config\Cache), false)
 4 FCPATH\index.php(79): CodeIgniter\CodeIgniter->run()
WARNING - 2026-02-27 11:43:43 --> [DEPRECATED] Optional parameter $cg declared before required parameter $hcode is implicitly treated as a required parameter in APPPATH\Models\cgserviceModel.php on line 93.
 1 SYSTEMPATH\Autoloader\Autoloader.php(311): include_once('D:\\xampp6\\htdocs\\project-jwt\\vendor\\codeigniter4\\framework\\system\\Debug\\Exceptions.php')
 2 SYSTEMPATH\Autoloader\Autoloader.php(290): CodeIgniter\Autoloader\Autoloader->includeFile('D:\\xampp6\\htdocs\\project-jwt\\app\\Models\\cgserviceModel.php')
 3 SYSTEMPATH\Autoloader\Autoloader.php(266): CodeIgniter\Autoloader\Autoloader->loadInNamespace('App\\Models\\cgserviceModel')
 4 APPPATH\Controllers\mobileController.php(36): CodeIgniter\Autoloader\Autoloader->loadClass('App\\Models\\cgserviceModel')
 5 SYSTEMPATH\CodeIgniter.php(915): App\Controllers\MobileController->__construct()
 6 SYSTEMPATH\CodeIgniter.php(494): CodeIgniter\CodeIgniter->createController()
 7 SYSTEMPATH\CodeIgniter.php(361): CodeIgniter\CodeIgniter->handleRequest(null, Object(Config\Cache), false)
 8 FCPATH\index.php(79): CodeIgniter\CodeIgniter->run()
INFO - 2026-02-27 11:46:38 --> Session: Class initialized using 'CodeIgniter\Session\Handlers\FileHandler' driver.
WARNING - 2026-02-27 11:46:38 --> [DEPRECATED] Creation of dynamic property CodeIgniter\HTTP\IncomingRequest::$user is deprecated in APPPATH\Filters\JwtAuthWeb.php on line 32.
 1 SYSTEMPATH\Filters\Filters.php(182): App\Filters\JwtAuthWeb->before(Object(CodeIgniter\HTTP\IncomingRequest), null)
 2 SYSTEMPATH\CodeIgniter.php(475): CodeIgniter\Filters\Filters->run('mb_Report', 'before')
 3 SYSTEMPATH\CodeIgniter.php(361): CodeIgniter\CodeIgniter->handleRequest(null, Object(Config\Cache), false)
 4 FCPATH\index.php(79): CodeIgniter\CodeIgniter->run()
WARNING - 2026-02-27 11:46:38 --> [DEPRECATED] Optional parameter $cg declared before required parameter $hcode is implicitly treated as a required parameter in APPPATH\Models\cgserviceModel.php on line 93.
 1 SYSTEMPATH\Autoloader\Autoloader.php(311): include_once('D:\\xampp6\\htdocs\\project-jwt\\vendor\\codeigniter4\\framework\\system\\Debug\\Exceptions.php')
 2 SYSTEMPATH\Autoloader\Autoloader.php(290): CodeIgniter\Autoloader\Autoloader->includeFile('D:\\xampp6\\htdocs\\project-jwt\\app\\Models\\cgserviceModel.php')
 3 SYSTEMPATH\Autoloader\Autoloader.php(266): CodeIgniter\Autoloader\Autoloader->loadInNamespace('App\\Models\\cgserviceModel')
 4 APPPATH\Controllers\mobileController.php(36): CodeIgniter\Autoloader\Autoloader->loadClass('App\\Models\\cgserviceModel')
 5 SYSTEMPATH\CodeIgniter.php(915): App\Controllers\MobileController->__construct()
 6 SYSTEMPATH\CodeIgniter.php(494): CodeIgniter\CodeIgniter->createController()
 7 SYSTEMPATH\CodeIgniter.php(361): CodeIgniter\CodeIgniter->handleRequest(null, Object(Config\Cache), false)
 8 FCPATH\index.php(79): CodeIgniter\CodeIgniter->run()
INFO - 2026-02-27 11:46:39 --> Session: Class initialized using 'CodeIgniter\Session\Handlers\FileHandler' driver.
WARNING - 2026-02-27 11:46:39 --> [DEPRECATED] Creation of dynamic property CodeIgniter\HTTP\IncomingRequest::$user is deprecated in APPPATH\Filters\JwtAuthWeb.php on line 32.
 1 SYSTEMPATH\Filters\Filters.php(182): App\Filters\JwtAuthWeb->before(Object(CodeIgniter\HTTP\IncomingRequest), null)
 2 SYSTEMPATH\CodeIgniter.php(475): CodeIgniter\Filters\Filters->run('cg_report_data', 'before')
 3 SYSTEMPATH\CodeIgniter.php(361): CodeIgniter\CodeIgniter->handleRequest(null, Object(Config\Cache), false)
 4 FCPATH\index.php(79): CodeIgniter\CodeIgniter->run()
WARNING - 2026-02-27 11:46:39 --> [DEPRECATED] Optional parameter $cg declared before required parameter $hcode is implicitly treated as a required parameter in APPPATH\Models\cgserviceModel.php on line 93.
 1 SYSTEMPATH\Autoloader\Autoloader.php(311): include_once('D:\\xampp6\\htdocs\\project-jwt\\vendor\\codeigniter4\\framework\\system\\Debug\\Exceptions.php')
 2 SYSTEMPATH\Autoloader\Autoloader.php(290): CodeIgniter\Autoloader\Autoloader->includeFile('D:\\xampp6\\htdocs\\project-jwt\\app\\Models\\cgserviceModel.php')
 3 SYSTEMPATH\Autoloader\Autoloader.php(266): CodeIgniter\Autoloader\Autoloader->loadInNamespace('App\\Models\\cgserviceModel')
 4 APPPATH\Controllers\mobileController.php(36): CodeIgniter\Autoloader\Autoloader->loadClass('App\\Models\\cgserviceModel')
 5 SYSTEMPATH\CodeIgniter.php(915): App\Controllers\MobileController->__construct()
 6 SYSTEMPATH\CodeIgniter.php(494): CodeIgniter\CodeIgniter->createController()
 7 SYSTEMPATH\CodeIgniter.php(361): CodeIgniter\CodeIgniter->handleRequest(null, Object(Config\Cache), false)
 8 FCPATH\index.php(79): CodeIgniter\CodeIgniter->run()
INFO - 2026-02-27 11:51:36 --> Session: Class initialized using 'CodeIgniter\Session\Handlers\FileHandler' driver.
WARNING - 2026-02-27 11:51:36 --> [DEPRECATED] Creation of dynamic property CodeIgniter\HTTP\IncomingRequest::$user is deprecated in APPPATH\Filters\JwtAuthWeb.php on line 32.
 1 SYSTEMPATH\Filters\Filters.php(182): App\Filters\JwtAuthWeb->before(Object(CodeIgniter\HTTP\IncomingRequest), null)
 2 SYSTEMPATH\CodeIgniter.php(475): CodeIgniter\Filters\Filters->run('mb_Report', 'before')
 3 SYSTEMPATH\CodeIgniter.php(361): CodeIgniter\CodeIgniter->handleRequest(null, Object(Config\Cache), false)
 4 FCPATH\index.php(79): CodeIgniter\CodeIgniter->run()
WARNING - 2026-02-27 11:51:36 --> [DEPRECATED] Optional parameter $cg declared before required parameter $hcode is implicitly treated as a required parameter in APPPATH\Models\cgserviceModel.php on line 93.
 1 SYSTEMPATH\Autoloader\Autoloader.php(311): include_once('D:\\xampp6\\htdocs\\project-jwt\\vendor\\codeigniter4\\framework\\system\\Debug\\Exceptions.php')
 2 SYSTEMPATH\Autoloader\Autoloader.php(290): CodeIgniter\Autoloader\Autoloader->includeFile('D:\\xampp6\\htdocs\\project-jwt\\app\\Models\\cgserviceModel.php')
 3 SYSTEMPATH\Autoloader\Autoloader.php(266): CodeIgniter\Autoloader\Autoloader->loadInNamespace('App\\Models\\cgserviceModel')
 4 APPPATH\Controllers\mobileController.php(36): CodeIgniter\Autoloader\Autoloader->loadClass('App\\Models\\cgserviceModel')
 5 SYSTEMPATH\CodeIgniter.php(915): App\Controllers\MobileController->__construct()
 6 SYSTEMPATH\CodeIgniter.php(494): CodeIgniter\CodeIgniter->createController()
 7 SYSTEMPATH\CodeIgniter.php(361): CodeIgniter\CodeIgniter->handleRequest(null, Object(Config\Cache), false)
 8 FCPATH\index.php(79): CodeIgniter\CodeIgniter->run()
INFO - 2026-02-27 11:51:37 --> Session: Class initialized using 'CodeIgniter\Session\Handlers\FileHandler' driver.
WARNING - 2026-02-27 11:51:37 --> [DEPRECATED] Creation of dynamic property CodeIgniter\HTTP\IncomingRequest::$user is deprecated in APPPATH\Filters\JwtAuthWeb.php on line 32.
 1 SYSTEMPATH\Filters\Filters.php(182): App\Filters\JwtAuthWeb->before(Object(CodeIgniter\HTTP\IncomingRequest), null)
 2 SYSTEMPATH\CodeIgniter.php(475): CodeIgniter\Filters\Filters->run('cg_report_data', 'before')
 3 SYSTEMPATH\CodeIgniter.php(361): CodeIgniter\CodeIgniter->handleRequest(null, Object(Config\Cache), false)
 4 FCPATH\index.php(79): CodeIgniter\CodeIgniter->run()
WARNING - 2026-02-27 11:51:37 --> [DEPRECATED] Optional parameter $cg declared before required parameter $hcode is implicitly treated as a required parameter in APPPATH\Models\cgserviceModel.php on line 93.
 1 SYSTEMPATH\Autoloader\Autoloader.php(311): include_once('D:\\xampp6\\htdocs\\project-jwt\\vendor\\codeigniter4\\framework\\system\\Debug\\Exceptions.php')
 2 SYSTEMPATH\Autoloader\Autoloader.php(290): CodeIgniter\Autoloader\Autoloader->includeFile('D:\\xampp6\\htdocs\\project-jwt\\app\\Models\\cgserviceModel.php')
 3 SYSTEMPATH\Autoloader\Autoloader.php(266): CodeIgniter\Autoloader\Autoloader->loadInNamespace('App\\Models\\cgserviceModel')
 4 APPPATH\Controllers\mobileController.php(36): CodeIgniter\Autoloader\Autoloader->loadClass('App\\Models\\cgserviceModel')
 5 SYSTEMPATH\CodeIgniter.php(915): App\Controllers\MobileController->__construct()
 6 SYSTEMPATH\CodeIgniter.php(494): CodeIgniter\CodeIgniter->createController()
 7 SYSTEMPATH\CodeIgniter.php(361): CodeIgniter\CodeIgniter->handleRequest(null, Object(Config\Cache), false)
 8 FCPATH\index.php(79): CodeIgniter\CodeIgniter->run()
INFO - 2026-02-27 12:00:30 --> Session: Class initialized using 'CodeIgniter\Session\Handlers\FileHandler' driver.
WARNING - 2026-02-27 12:00:30 --> [DEPRECATED] Creation of dynamic property CodeIgniter\HTTP\IncomingRequest::$user is deprecated in APPPATH\Filters\JwtAuthWeb.php on line 32.
 1 SYSTEMPATH\Filters\Filters.php(182): App\Filters\JwtAuthWeb->before(Object(CodeIgniter\HTTP\IncomingRequest), null)
 2 SYSTEMPATH\CodeIgniter.php(475): CodeIgniter\Filters\Filters->run('mb_Report', 'before')
 3 SYSTEMPATH\CodeIgniter.php(361): CodeIgniter\CodeIgniter->handleRequest(null, Object(Config\Cache), false)
 4 FCPATH\index.php(79): CodeIgniter\CodeIgniter->run()
WARNING - 2026-02-27 12:00:30 --> [DEPRECATED] Optional parameter $cg declared before required parameter $hcode is implicitly treated as a required parameter in APPPATH\Models\cgserviceModel.php on line 93.
 1 SYSTEMPATH\Autoloader\Autoloader.php(311): include_once('D:\\xampp6\\htdocs\\project-jwt\\vendor\\codeigniter4\\framework\\system\\Debug\\Exceptions.php')
 2 SYSTEMPATH\Autoloader\Autoloader.php(290): CodeIgniter\Autoloader\Autoloader->includeFile('D:\\xampp6\\htdocs\\project-jwt\\app\\Models\\cgserviceModel.php')
 3 SYSTEMPATH\Autoloader\Autoloader.php(266): CodeIgniter\Autoloader\Autoloader->loadInNamespace('App\\Models\\cgserviceModel')
 4 APPPATH\Controllers\mobileController.php(36): CodeIgniter\Autoloader\Autoloader->loadClass('App\\Models\\cgserviceModel')
 5 SYSTEMPATH\CodeIgniter.php(915): App\Controllers\MobileController->__construct()
 6 SYSTEMPATH\CodeIgniter.php(494): CodeIgniter\CodeIgniter->createController()
 7 SYSTEMPATH\CodeIgniter.php(361): CodeIgniter\CodeIgniter->handleRequest(null, Object(Config\Cache), false)
 8 FCPATH\index.php(79): CodeIgniter\CodeIgniter->run()
INFO - 2026-02-27 12:00:32 --> Session: Class initialized using 'CodeIgniter\Session\Handlers\FileHandler' driver.
WARNING - 2026-02-27 12:00:32 --> [DEPRECATED] Creation of dynamic property CodeIgniter\HTTP\IncomingRequest::$user is deprecated in APPPATH\Filters\JwtAuthWeb.php on line 32.
 1 SYSTEMPATH\Filters\Filters.php(182): App\Filters\JwtAuthWeb->before(Object(CodeIgniter\HTTP\IncomingRequest), null)
 2 SYSTEMPATH\CodeIgniter.php(475): CodeIgniter\Filters\Filters->run('cg_report_data', 'before')
 3 SYSTEMPATH\CodeIgniter.php(361): CodeIgniter\CodeIgniter->handleRequest(null, Object(Config\Cache), false)
 4 FCPATH\index.php(79): CodeIgniter\CodeIgniter->run()
WARNING - 2026-02-27 12:00:32 --> [DEPRECATED] Optional parameter $cg declared before required parameter $hcode is implicitly treated as a required parameter in APPPATH\Models\cgserviceModel.php on line 93.
 1 SYSTEMPATH\Autoloader\Autoloader.php(311): include_once('D:\\xampp6\\htdocs\\project-jwt\\vendor\\codeigniter4\\framework\\system\\Debug\\Exceptions.php')
 2 SYSTEMPATH\Autoloader\Autoloader.php(290): CodeIgniter\Autoloader\Autoloader->includeFile('D:\\xampp6\\htdocs\\project-jwt\\app\\Models\\cgserviceModel.php')
 3 SYSTEMPATH\Autoloader\Autoloader.php(266): CodeIgniter\Autoloader\Autoloader->loadInNamespace('App\\Models\\cgserviceModel')
 4 APPPATH\Controllers\mobileController.php(36): CodeIgniter\Autoloader\Autoloader->loadClass('App\\Models\\cgserviceModel')
 5 SYSTEMPATH\CodeIgniter.php(915): App\Controllers\MobileController->__construct()
 6 SYSTEMPATH\CodeIgniter.php(494): CodeIgniter\CodeIgniter->createController()
 7 SYSTEMPATH\CodeIgniter.php(361): CodeIgniter\CodeIgniter->handleRequest(null, Object(Config\Cache), false)
 8 FCPATH\index.php(79): CodeIgniter\CodeIgniter->run()
INFO - 2026-02-27 12:01:07 --> Session: Class initialized using 'CodeIgniter\Session\Handlers\FileHandler' driver.
WARNING - 2026-02-27 12:01:07 --> [DEPRECATED] Creation of dynamic property CodeIgniter\HTTP\IncomingRequest::$user is deprecated in APPPATH\Filters\JwtAuthWeb.php on line 32.
 1 SYSTEMPATH\Filters\Filters.php(182): App\Filters\JwtAuthWeb->before(Object(CodeIgniter\HTTP\IncomingRequest), null)
 2 SYSTEMPATH\CodeIgniter.php(475): CodeIgniter\Filters\Filters->run('mb_Report', 'before')
 3 SYSTEMPATH\CodeIgniter.php(361): CodeIgniter\CodeIgniter->handleRequest(null, Object(Config\Cache), false)
 4 FCPATH\index.php(79): CodeIgniter\CodeIgniter->run()
WARNING - 2026-02-27 12:01:07 --> [DEPRECATED] Optional parameter $cg declared before required parameter $hcode is implicitly treated as a required parameter in APPPATH\Models\cgserviceModel.php on line 93.
 1 SYSTEMPATH\Autoloader\Autoloader.php(311): include_once('D:\\xampp6\\htdocs\\project-jwt\\vendor\\codeigniter4\\framework\\system\\Debug\\Exceptions.php')
 2 SYSTEMPATH\Autoloader\Autoloader.php(290): CodeIgniter\Autoloader\Autoloader->includeFile('D:\\xampp6\\htdocs\\project-jwt\\app\\Models\\cgserviceModel.php')
 3 SYSTEMPATH\Autoloader\Autoloader.php(266): CodeIgniter\Autoloader\Autoloader->loadInNamespace('App\\Models\\cgserviceModel')
 4 APPPATH\Controllers\mobileController.php(36): CodeIgniter\Autoloader\Autoloader->loadClass('App\\Models\\cgserviceModel')
 5 SYSTEMPATH\CodeIgniter.php(915): App\Controllers\MobileController->__construct()
 6 SYSTEMPATH\CodeIgniter.php(494): CodeIgniter\CodeIgniter->createController()
 7 SYSTEMPATH\CodeIgniter.php(361): CodeIgniter\CodeIgniter->handleRequest(null, Object(Config\Cache), false)
 8 FCPATH\index.php(79): CodeIgniter\CodeIgniter->run()
INFO - 2026-02-27 12:01:09 --> Session: Class initialized using 'CodeIgniter\Session\Handlers\FileHandler' driver.
WARNING - 2026-02-27 12:01:09 --> [DEPRECATED] Creation of dynamic property CodeIgniter\HTTP\IncomingRequest::$user is deprecated in APPPATH\Filters\JwtAuthWeb.php on line 32.
 1 SYSTEMPATH\Filters\Filters.php(182): App\Filters\JwtAuthWeb->before(Object(CodeIgniter\HTTP\IncomingRequest), null)
 2 SYSTEMPATH\CodeIgniter.php(475): CodeIgniter\Filters\Filters->run('cg_report_data', 'before')
 3 SYSTEMPATH\CodeIgniter.php(361): CodeIgniter\CodeIgniter->handleRequest(null, Object(Config\Cache), false)
 4 FCPATH\index.php(79): CodeIgniter\CodeIgniter->run()
WARNING - 2026-02-27 12:01:09 --> [DEPRECATED] Optional parameter $cg declared before required parameter $hcode is implicitly treated as a required parameter in APPPATH\Models\cgserviceModel.php on line 93.
 1 SYSTEMPATH\Autoloader\Autoloader.php(311): include_once('D:\\xampp6\\htdocs\\project-jwt\\vendor\\codeigniter4\\framework\\system\\Debug\\Exceptions.php')
 2 SYSTEMPATH\Autoloader\Autoloader.php(290): CodeIgniter\Autoloader\Autoloader->includeFile('D:\\xampp6\\htdocs\\project-jwt\\app\\Models\\cgserviceModel.php')
 3 SYSTEMPATH\Autoloader\Autoloader.php(266): CodeIgniter\Autoloader\Autoloader->loadInNamespace('App\\Models\\cgserviceModel')
 4 APPPATH\Controllers\mobileController.php(36): CodeIgniter\Autoloader\Autoloader->loadClass('App\\Models\\cgserviceModel')
 5 SYSTEMPATH\CodeIgniter.php(915): App\Controllers\MobileController->__construct()
 6 SYSTEMPATH\CodeIgniter.php(494): CodeIgniter\CodeIgniter->createController()
 7 SYSTEMPATH\CodeIgniter.php(361): CodeIgniter\CodeIgniter->handleRequest(null, Object(Config\Cache), false)
 8 FCPATH\index.php(79): CodeIgniter\CodeIgniter->run()
INFO - 2026-02-27 12:02:07 --> Session: Class initialized using 'CodeIgniter\Session\Handlers\FileHandler' driver.
WARNING - 2026-02-27 12:02:07 --> [DEPRECATED] Creation of dynamic property CodeIgniter\HTTP\IncomingRequest::$user is deprecated in APPPATH\Filters\JwtAuthWeb.php on line 32.
 1 SYSTEMPATH\Filters\Filters.php(182): App\Filters\JwtAuthWeb->before(Object(CodeIgniter\HTTP\IncomingRequest), null)
 2 SYSTEMPATH\CodeIgniter.php(475): CodeIgniter\Filters\Filters->run('mb_Report', 'before')
 3 SYSTEMPATH\CodeIgniter.php(361): CodeIgniter\CodeIgniter->handleRequest(null, Object(Config\Cache), false)
 4 FCPATH\index.php(79): CodeIgniter\CodeIgniter->run()
WARNING - 2026-02-27 12:02:07 --> [DEPRECATED] Optional parameter $cg declared before required parameter $hcode is implicitly treated as a required parameter in APPPATH\Models\cgserviceModel.php on line 93.
 1 SYSTEMPATH\Autoloader\Autoloader.php(311): include_once('D:\\xampp6\\htdocs\\project-jwt\\vendor\\codeigniter4\\framework\\system\\Debug\\Exceptions.php')
 2 SYSTEMPATH\Autoloader\Autoloader.php(290): CodeIgniter\Autoloader\Autoloader->includeFile('D:\\xampp6\\htdocs\\project-jwt\\app\\Models\\cgserviceModel.php')
 3 SYSTEMPATH\Autoloader\Autoloader.php(266): CodeIgniter\Autoloader\Autoloader->loadInNamespace('App\\Models\\cgserviceModel')
 4 APPPATH\Controllers\mobileController.php(36): CodeIgniter\Autoloader\Autoloader->loadClass('App\\Models\\cgserviceModel')
 5 SYSTEMPATH\CodeIgniter.php(915): App\Controllers\MobileController->__construct()
 6 SYSTEMPATH\CodeIgniter.php(494): CodeIgniter\CodeIgniter->createController()
 7 SYSTEMPATH\CodeIgniter.php(361): CodeIgniter\CodeIgniter->handleRequest(null, Object(Config\Cache), false)
 8 FCPATH\index.php(79): CodeIgniter\CodeIgniter->run()
INFO - 2026-02-27 12:02:08 --> Session: Class initialized using 'CodeIgniter\Session\Handlers\FileHandler' driver.
WARNING - 2026-02-27 12:02:08 --> [DEPRECATED] Creation of dynamic property CodeIgniter\HTTP\IncomingRequest::$user is deprecated in APPPATH\Filters\JwtAuthWeb.php on line 32.
 1 SYSTEMPATH\Filters\Filters.php(182): App\Filters\JwtAuthWeb->before(Object(CodeIgniter\HTTP\IncomingRequest), null)
 2 SYSTEMPATH\CodeIgniter.php(475): CodeIgniter\Filters\Filters->run('cg_report_data', 'before')
 3 SYSTEMPATH\CodeIgniter.php(361): CodeIgniter\CodeIgniter->handleRequest(null, Object(Config\Cache), false)
 4 FCPATH\index.php(79): CodeIgniter\CodeIgniter->run()
WARNING - 2026-02-27 12:02:08 --> [DEPRECATED] Optional parameter $cg declared before required parameter $hcode is implicitly treated as a required parameter in APPPATH\Models\cgserviceModel.php on line 93.
 1 SYSTEMPATH\Autoloader\Autoloader.php(311): include_once('D:\\xampp6\\htdocs\\project-jwt\\vendor\\codeigniter4\\framework\\system\\Debug\\Exceptions.php')
 2 SYSTEMPATH\Autoloader\Autoloader.php(290): CodeIgniter\Autoloader\Autoloader->includeFile('D:\\xampp6\\htdocs\\project-jwt\\app\\Models\\cgserviceModel.php')
 3 SYSTEMPATH\Autoloader\Autoloader.php(266): CodeIgniter\Autoloader\Autoloader->loadInNamespace('App\\Models\\cgserviceModel')
 4 APPPATH\Controllers\mobileController.php(36): CodeIgniter\Autoloader\Autoloader->loadClass('App\\Models\\cgserviceModel')
 5 SYSTEMPATH\CodeIgniter.php(915): App\Controllers\MobileController->__construct()
 6 SYSTEMPATH\CodeIgniter.php(494): CodeIgniter\CodeIgniter->createController()
 7 SYSTEMPATH\CodeIgniter.php(361): CodeIgniter\CodeIgniter->handleRequest(null, Object(Config\Cache), false)
 8 FCPATH\index.php(79): CodeIgniter\CodeIgniter->run()
INFO - 2026-02-27 12:11:48 --> Session: Class initialized using 'CodeIgniter\Session\Handlers\FileHandler' driver.
WARNING - 2026-02-27 12:11:48 --> [DEPRECATED] Creation of dynamic property CodeIgniter\HTTP\IncomingRequest::$user is deprecated in APPPATH\Filters\JwtAuthWeb.php on line 32.
 1 SYSTEMPATH\Filters\Filters.php(182): App\Filters\JwtAuthWeb->before(Object(CodeIgniter\HTTP\IncomingRequest), null)
 2 SYSTEMPATH\CodeIgniter.php(475): CodeIgniter\Filters\Filters->run('mb_Report', 'before')
 3 SYSTEMPATH\CodeIgniter.php(361): CodeIgniter\CodeIgniter->handleRequest(null, Object(Config\Cache), false)
 4 FCPATH\index.php(79): CodeIgniter\CodeIgniter->run()
WARNING - 2026-02-27 12:11:48 --> [DEPRECATED] Optional parameter $cg declared before required parameter $hcode is implicitly treated as a required parameter in APPPATH\Models\cgserviceModel.php on line 93.
 1 SYSTEMPATH\Autoloader\Autoloader.php(311): include_once('D:\\xampp6\\htdocs\\project-jwt\\vendor\\codeigniter4\\framework\\system\\Debug\\Exceptions.php')
 2 SYSTEMPATH\Autoloader\Autoloader.php(290): CodeIgniter\Autoloader\Autoloader->includeFile('D:\\xampp6\\htdocs\\project-jwt\\app\\Models\\cgserviceModel.php')
 3 SYSTEMPATH\Autoloader\Autoloader.php(266): CodeIgniter\Autoloader\Autoloader->loadInNamespace('App\\Models\\cgserviceModel')
 4 APPPATH\Controllers\mobileController.php(36): CodeIgniter\Autoloader\Autoloader->loadClass('App\\Models\\cgserviceModel')
 5 SYSTEMPATH\CodeIgniter.php(915): App\Controllers\MobileController->__construct()
 6 SYSTEMPATH\CodeIgniter.php(494): CodeIgniter\CodeIgniter->createController()
 7 SYSTEMPATH\CodeIgniter.php(361): CodeIgniter\CodeIgniter->handleRequest(null, Object(Config\Cache), false)
 8 FCPATH\index.php(79): CodeIgniter\CodeIgniter->run()
INFO - 2026-02-27 12:11:50 --> Session: Class initialized using 'CodeIgniter\Session\Handlers\FileHandler' driver.
WARNING - 2026-02-27 12:11:50 --> [DEPRECATED] Creation of dynamic property CodeIgniter\HTTP\IncomingRequest::$user is deprecated in APPPATH\Filters\JwtAuthWeb.php on line 32.
 1 SYSTEMPATH\Filters\Filters.php(182): App\Filters\JwtAuthWeb->before(Object(CodeIgniter\HTTP\IncomingRequest), null)
 2 SYSTEMPATH\CodeIgniter.php(475): CodeIgniter\Filters\Filters->run('cg_report_data', 'before')
 3 SYSTEMPATH\CodeIgniter.php(361): CodeIgniter\CodeIgniter->handleRequest(null, Object(Config\Cache), false)
 4 FCPATH\index.php(79): CodeIgniter\CodeIgniter->run()
WARNING - 2026-02-27 12:11:50 --> [DEPRECATED] Optional parameter $cg declared before required parameter $hcode is implicitly treated as a required parameter in APPPATH\Models\cgserviceModel.php on line 93.
 1 SYSTEMPATH\Autoloader\Autoloader.php(311): include_once('D:\\xampp6\\htdocs\\project-jwt\\vendor\\codeigniter4\\framework\\system\\Debug\\Exceptions.php')
 2 SYSTEMPATH\Autoloader\Autoloader.php(290): CodeIgniter\Autoloader\Autoloader->includeFile('D:\\xampp6\\htdocs\\project-jwt\\app\\Models\\cgserviceModel.php')
 3 SYSTEMPATH\Autoloader\Autoloader.php(266): CodeIgniter\Autoloader\Autoloader->loadInNamespace('App\\Models\\cgserviceModel')
 4 APPPATH\Controllers\mobileController.php(36): CodeIgniter\Autoloader\Autoloader->loadClass('App\\Models\\cgserviceModel')
 5 SYSTEMPATH\CodeIgniter.php(915): App\Controllers\MobileController->__construct()
 6 SYSTEMPATH\CodeIgniter.php(494): CodeIgniter\CodeIgniter->createController()
 7 SYSTEMPATH\CodeIgniter.php(361): CodeIgniter\CodeIgniter->handleRequest(null, Object(Config\Cache), false)
 8 FCPATH\index.php(79): CodeIgniter\CodeIgniter->run()
INFO - 2026-02-27 12:12:05 --> Session: Class initialized using 'CodeIgniter\Session\Handlers\FileHandler' driver.
WARNING - 2026-02-27 12:12:05 --> [DEPRECATED] Creation of dynamic property CodeIgniter\HTTP\IncomingRequest::$user is deprecated in APPPATH\Filters\JwtAuthWeb.php on line 32.
 1 SYSTEMPATH\Filters\Filters.php(182): App\Filters\JwtAuthWeb->before(Object(CodeIgniter\HTTP\IncomingRequest), null)
 2 SYSTEMPATH\CodeIgniter.php(475): CodeIgniter\Filters\Filters->run('mb_Report', 'before')
 3 SYSTEMPATH\CodeIgniter.php(361): CodeIgniter\CodeIgniter->handleRequest(null, Object(Config\Cache), false)
 4 FCPATH\index.php(79): CodeIgniter\CodeIgniter->run()
WARNING - 2026-02-27 12:12:05 --> [DEPRECATED] Optional parameter $cg declared before required parameter $hcode is implicitly treated as a required parameter in APPPATH\Models\cgserviceModel.php on line 93.
 1 SYSTEMPATH\Autoloader\Autoloader.php(311): include_once('D:\\xampp6\\htdocs\\project-jwt\\vendor\\codeigniter4\\framework\\system\\Debug\\Exceptions.php')
 2 SYSTEMPATH\Autoloader\Autoloader.php(290): CodeIgniter\Autoloader\Autoloader->includeFile('D:\\xampp6\\htdocs\\project-jwt\\app\\Models\\cgserviceModel.php')
 3 SYSTEMPATH\Autoloader\Autoloader.php(266): CodeIgniter\Autoloader\Autoloader->loadInNamespace('App\\Models\\cgserviceModel')
 4 APPPATH\Controllers\mobileController.php(36): CodeIgniter\Autoloader\Autoloader->loadClass('App\\Models\\cgserviceModel')
 5 SYSTEMPATH\CodeIgniter.php(915): App\Controllers\MobileController->__construct()
 6 SYSTEMPATH\CodeIgniter.php(494): CodeIgniter\CodeIgniter->createController()
 7 SYSTEMPATH\CodeIgniter.php(361): CodeIgniter\CodeIgniter->handleRequest(null, Object(Config\Cache), false)
 8 FCPATH\index.php(79): CodeIgniter\CodeIgniter->run()
INFO - 2026-02-27 12:12:06 --> Session: Class initialized using 'CodeIgniter\Session\Handlers\FileHandler' driver.
WARNING - 2026-02-27 12:12:06 --> [DEPRECATED] Creation of dynamic property CodeIgniter\HTTP\IncomingRequest::$user is deprecated in APPPATH\Filters\JwtAuthWeb.php on line 32.
 1 SYSTEMPATH\Filters\Filters.php(182): App\Filters\JwtAuthWeb->before(Object(CodeIgniter\HTTP\IncomingRequest), null)
 2 SYSTEMPATH\CodeIgniter.php(475): CodeIgniter\Filters\Filters->run('cg_report_data', 'before')
 3 SYSTEMPATH\CodeIgniter.php(361): CodeIgniter\CodeIgniter->handleRequest(null, Object(Config\Cache), false)
 4 FCPATH\index.php(79): CodeIgniter\CodeIgniter->run()
WARNING - 2026-02-27 12:12:06 --> [DEPRECATED] Optional parameter $cg declared before required parameter $hcode is implicitly treated as a required parameter in APPPATH\Models\cgserviceModel.php on line 93.
 1 SYSTEMPATH\Autoloader\Autoloader.php(311): include_once('D:\\xampp6\\htdocs\\project-jwt\\vendor\\codeigniter4\\framework\\system\\Debug\\Exceptions.php')
 2 SYSTEMPATH\Autoloader\Autoloader.php(290): CodeIgniter\Autoloader\Autoloader->includeFile('D:\\xampp6\\htdocs\\project-jwt\\app\\Models\\cgserviceModel.php')
 3 SYSTEMPATH\Autoloader\Autoloader.php(266): CodeIgniter\Autoloader\Autoloader->loadInNamespace('App\\Models\\cgserviceModel')
 4 APPPATH\Controllers\mobileController.php(36): CodeIgniter\Autoloader\Autoloader->loadClass('App\\Models\\cgserviceModel')
 5 SYSTEMPATH\CodeIgniter.php(915): App\Controllers\MobileController->__construct()
 6 SYSTEMPATH\CodeIgniter.php(494): CodeIgniter\CodeIgniter->createController()
 7 SYSTEMPATH\CodeIgniter.php(361): CodeIgniter\CodeIgniter->handleRequest(null, Object(Config\Cache), false)
 8 FCPATH\index.php(79): CodeIgniter\CodeIgniter->run()
INFO - 2026-02-27 12:12:31 --> Session: Class initialized using 'CodeIgniter\Session\Handlers\FileHandler' driver.
WARNING - 2026-02-27 12:12:31 --> [DEPRECATED] Creation of dynamic property CodeIgniter\HTTP\IncomingRequest::$user is deprecated in APPPATH\Filters\JwtAuthWeb.php on line 32.
 1 SYSTEMPATH\Filters\Filters.php(182): App\Filters\JwtAuthWeb->before(Object(CodeIgniter\HTTP\IncomingRequest), null)
 2 SYSTEMPATH\CodeIgniter.php(475): CodeIgniter\Filters\Filters->run('mb_Report', 'before')
 3 SYSTEMPATH\CodeIgniter.php(361): CodeIgniter\CodeIgniter->handleRequest(null, Object(Config\Cache), false)
 4 FCPATH\index.php(79): CodeIgniter\CodeIgniter->run()
WARNING - 2026-02-27 12:12:31 --> [DEPRECATED] Optional parameter $cg declared before required parameter $hcode is implicitly treated as a required parameter in APPPATH\Models\cgserviceModel.php on line 93.
 1 SYSTEMPATH\Autoloader\Autoloader.php(311): include_once('D:\\xampp6\\htdocs\\project-jwt\\vendor\\codeigniter4\\framework\\system\\Debug\\Exceptions.php')
 2 SYSTEMPATH\Autoloader\Autoloader.php(290): CodeIgniter\Autoloader\Autoloader->includeFile('D:\\xampp6\\htdocs\\project-jwt\\app\\Models\\cgserviceModel.php')
 3 SYSTEMPATH\Autoloader\Autoloader.php(266): CodeIgniter\Autoloader\Autoloader->loadInNamespace('App\\Models\\cgserviceModel')
 4 APPPATH\Controllers\mobileController.php(36): CodeIgniter\Autoloader\Autoloader->loadClass('App\\Models\\cgserviceModel')
 5 SYSTEMPATH\CodeIgniter.php(915): App\Controllers\MobileController->__construct()
 6 SYSTEMPATH\CodeIgniter.php(494): CodeIgniter\CodeIgniter->createController()
 7 SYSTEMPATH\CodeIgniter.php(361): CodeIgniter\CodeIgniter->handleRequest(null, Object(Config\Cache), false)
 8 FCPATH\index.php(79): CodeIgniter\CodeIgniter->run()
INFO - 2026-02-27 12:12:33 --> Session: Class initialized using 'CodeIgniter\Session\Handlers\FileHandler' driver.
WARNING - 2026-02-27 12:12:33 --> [DEPRECATED] Creation of dynamic property CodeIgniter\HTTP\IncomingRequest::$user is deprecated in APPPATH\Filters\JwtAuthWeb.php on line 32.
 1 SYSTEMPATH\Filters\Filters.php(182): App\Filters\JwtAuthWeb->before(Object(CodeIgniter\HTTP\IncomingRequest), null)
 2 SYSTEMPATH\CodeIgniter.php(475): CodeIgniter\Filters\Filters->run('cg_report_data', 'before')
 3 SYSTEMPATH\CodeIgniter.php(361): CodeIgniter\CodeIgniter->handleRequest(null, Object(Config\Cache), false)
 4 FCPATH\index.php(79): CodeIgniter\CodeIgniter->run()
WARNING - 2026-02-27 12:12:33 --> [DEPRECATED] Optional parameter $cg declared before required parameter $hcode is implicitly treated as a required parameter in APPPATH\Models\cgserviceModel.php on line 93.
 1 SYSTEMPATH\Autoloader\Autoloader.php(311): include_once('D:\\xampp6\\htdocs\\project-jwt\\vendor\\codeigniter4\\framework\\system\\Debug\\Exceptions.php')
 2 SYSTEMPATH\Autoloader\Autoloader.php(290): CodeIgniter\Autoloader\Autoloader->includeFile('D:\\xampp6\\htdocs\\project-jwt\\app\\Models\\cgserviceModel.php')
 3 SYSTEMPATH\Autoloader\Autoloader.php(266): CodeIgniter\Autoloader\Autoloader->loadInNamespace('App\\Models\\cgserviceModel')
 4 APPPATH\Controllers\mobileController.php(36): CodeIgniter\Autoloader\Autoloader->loadClass('App\\Models\\cgserviceModel')
 5 SYSTEMPATH\CodeIgniter.php(915): App\Controllers\MobileController->__construct()
 6 SYSTEMPATH\CodeIgniter.php(494): CodeIgniter\CodeIgniter->createController()
 7 SYSTEMPATH\CodeIgniter.php(361): CodeIgniter\CodeIgniter->handleRequest(null, Object(Config\Cache), false)
 8 FCPATH\index.php(79): CodeIgniter\CodeIgniter->run()
INFO - 2026-02-27 12:12:47 --> Session: Class initialized using 'CodeIgniter\Session\Handlers\FileHandler' driver.
WARNING - 2026-02-27 12:12:47 --> [DEPRECATED] Creation of dynamic property CodeIgniter\HTTP\IncomingRequest::$user is deprecated in APPPATH\Filters\JwtAuthWeb.php on line 32.
 1 SYSTEMPATH\Filters\Filters.php(182): App\Filters\JwtAuthWeb->before(Object(CodeIgniter\HTTP\IncomingRequest), null)
 2 SYSTEMPATH\CodeIgniter.php(475): CodeIgniter\Filters\Filters->run('mb_Report', 'before')
 3 SYSTEMPATH\CodeIgniter.php(361): CodeIgniter\CodeIgniter->handleRequest(null, Object(Config\Cache), false)
 4 FCPATH\index.php(79): CodeIgniter\CodeIgniter->run()
WARNING - 2026-02-27 12:12:47 --> [DEPRECATED] Optional parameter $cg declared before required parameter $hcode is implicitly treated as a required parameter in APPPATH\Models\cgserviceModel.php on line 93.
 1 SYSTEMPATH\Autoloader\Autoloader.php(311): include_once('D:\\xampp6\\htdocs\\project-jwt\\vendor\\codeigniter4\\framework\\system\\Debug\\Exceptions.php')
 2 SYSTEMPATH\Autoloader\Autoloader.php(290): CodeIgniter\Autoloader\Autoloader->includeFile('D:\\xampp6\\htdocs\\project-jwt\\app\\Models\\cgserviceModel.php')
 3 SYSTEMPATH\Autoloader\Autoloader.php(266): CodeIgniter\Autoloader\Autoloader->loadInNamespace('App\\Models\\cgserviceModel')
 4 APPPATH\Controllers\mobileController.php(36): CodeIgniter\Autoloader\Autoloader->loadClass('App\\Models\\cgserviceModel')
 5 SYSTEMPATH\CodeIgniter.php(915): App\Controllers\MobileController->__construct()
 6 SYSTEMPATH\CodeIgniter.php(494): CodeIgniter\CodeIgniter->createController()
 7 SYSTEMPATH\CodeIgniter.php(361): CodeIgniter\CodeIgniter->handleRequest(null, Object(Config\Cache), false)
 8 FCPATH\index.php(79): CodeIgniter\CodeIgniter->run()
INFO - 2026-02-27 12:12:49 --> Session: Class initialized using 'CodeIgniter\Session\Handlers\FileHandler' driver.
WARNING - 2026-02-27 12:12:49 --> [DEPRECATED] Creation of dynamic property CodeIgniter\HTTP\IncomingRequest::$user is deprecated in APPPATH\Filters\JwtAuthWeb.php on line 32.
 1 SYSTEMPATH\Filters\Filters.php(182): App\Filters\JwtAuthWeb->before(Object(CodeIgniter\HTTP\IncomingRequest), null)
 2 SYSTEMPATH\CodeIgniter.php(475): CodeIgniter\Filters\Filters->run('cg_report_data', 'before')
 3 SYSTEMPATH\CodeIgniter.php(361): CodeIgniter\CodeIgniter->handleRequest(null, Object(Config\Cache), false)
 4 FCPATH\index.php(79): CodeIgniter\CodeIgniter->run()
WARNING - 2026-02-27 12:12:49 --> [DEPRECATED] Optional parameter $cg declared before required parameter $hcode is implicitly treated as a required parameter in APPPATH\Models\cgserviceModel.php on line 93.
 1 SYSTEMPATH\Autoloader\Autoloader.php(311): include_once('D:\\xampp6\\htdocs\\project-jwt\\vendor\\codeigniter4\\framework\\system\\Debug\\Exceptions.php')
 2 SYSTEMPATH\Autoloader\Autoloader.php(290): CodeIgniter\Autoloader\Autoloader->includeFile('D:\\xampp6\\htdocs\\project-jwt\\app\\Models\\cgserviceModel.php')
 3 SYSTEMPATH\Autoloader\Autoloader.php(266): CodeIgniter\Autoloader\Autoloader->loadInNamespace('App\\Models\\cgserviceModel')
 4 APPPATH\Controllers\mobileController.php(36): CodeIgniter\Autoloader\Autoloader->loadClass('App\\Models\\cgserviceModel')
 5 SYSTEMPATH\CodeIgniter.php(915): App\Controllers\MobileController->__construct()
 6 SYSTEMPATH\CodeIgniter.php(494): CodeIgniter\CodeIgniter->createController()
 7 SYSTEMPATH\CodeIgniter.php(361): CodeIgniter\CodeIgniter->handleRequest(null, Object(Config\Cache), false)
 8 FCPATH\index.php(79): CodeIgniter\CodeIgniter->run()
INFO - 2026-02-27 12:13:20 --> Session: Class initialized using 'CodeIgniter\Session\Handlers\FileHandler' driver.
WARNING - 2026-02-27 12:13:20 --> [DEPRECATED] Creation of dynamic property CodeIgniter\HTTP\IncomingRequest::$user is deprecated in APPPATH\Filters\JwtAuthWeb.php on line 32.
 1 SYSTEMPATH\Filters\Filters.php(182): App\Filters\JwtAuthWeb->before(Object(CodeIgniter\HTTP\IncomingRequest), null)
 2 SYSTEMPATH\CodeIgniter.php(475): CodeIgniter\Filters\Filters->run('mb_Report', 'before')
 3 SYSTEMPATH\CodeIgniter.php(361): CodeIgniter\CodeIgniter->handleRequest(null, Object(Config\Cache), false)
 4 FCPATH\index.php(79): CodeIgniter\CodeIgniter->run()
WARNING - 2026-02-27 12:13:20 --> [DEPRECATED] Optional parameter $cg declared before required parameter $hcode is implicitly treated as a required parameter in APPPATH\Models\cgserviceModel.php on line 93.
 1 SYSTEMPATH\Autoloader\Autoloader.php(311): include_once('D:\\xampp6\\htdocs\\project-jwt\\vendor\\codeigniter4\\framework\\system\\Debug\\Exceptions.php')
 2 SYSTEMPATH\Autoloader\Autoloader.php(290): CodeIgniter\Autoloader\Autoloader->includeFile('D:\\xampp6\\htdocs\\project-jwt\\app\\Models\\cgserviceModel.php')
 3 SYSTEMPATH\Autoloader\Autoloader.php(266): CodeIgniter\Autoloader\Autoloader->loadInNamespace('App\\Models\\cgserviceModel')
 4 APPPATH\Controllers\mobileController.php(36): CodeIgniter\Autoloader\Autoloader->loadClass('App\\Models\\cgserviceModel')
 5 SYSTEMPATH\CodeIgniter.php(915): App\Controllers\MobileController->__construct()
 6 SYSTEMPATH\CodeIgniter.php(494): CodeIgniter\CodeIgniter->createController()
 7 SYSTEMPATH\CodeIgniter.php(361): CodeIgniter\CodeIgniter->handleRequest(null, Object(Config\Cache), false)
 8 FCPATH\index.php(79): CodeIgniter\CodeIgniter->run()
INFO - 2026-02-27 12:13:22 --> Session: Class initialized using 'CodeIgniter\Session\Handlers\FileHandler' driver.
WARNING - 2026-02-27 12:13:22 --> [DEPRECATED] Creation of dynamic property CodeIgniter\HTTP\IncomingRequest::$user is deprecated in APPPATH\Filters\JwtAuthWeb.php on line 32.
 1 SYSTEMPATH\Filters\Filters.php(182): App\Filters\JwtAuthWeb->before(Object(CodeIgniter\HTTP\IncomingRequest), null)
 2 SYSTEMPATH\CodeIgniter.php(475): CodeIgniter\Filters\Filters->run('cg_report_data', 'before')
 3 SYSTEMPATH\CodeIgniter.php(361): CodeIgniter\CodeIgniter->handleRequest(null, Object(Config\Cache), false)
 4 FCPATH\index.php(79): CodeIgniter\CodeIgniter->run()
WARNING - 2026-02-27 12:13:22 --> [DEPRECATED] Optional parameter $cg declared before required parameter $hcode is implicitly treated as a required parameter in APPPATH\Models\cgserviceModel.php on line 93.
 1 SYSTEMPATH\Autoloader\Autoloader.php(311): include_once('D:\\xampp6\\htdocs\\project-jwt\\vendor\\codeigniter4\\framework\\system\\Debug\\Exceptions.php')
 2 SYSTEMPATH\Autoloader\Autoloader.php(290): CodeIgniter\Autoloader\Autoloader->includeFile('D:\\xampp6\\htdocs\\project-jwt\\app\\Models\\cgserviceModel.php')
 3 SYSTEMPATH\Autoloader\Autoloader.php(266): CodeIgniter\Autoloader\Autoloader->loadInNamespace('App\\Models\\cgserviceModel')
 4 APPPATH\Controllers\mobileController.php(36): CodeIgniter\Autoloader\Autoloader->loadClass('App\\Models\\cgserviceModel')
 5 SYSTEMPATH\CodeIgniter.php(915): App\Controllers\MobileController->__construct()
 6 SYSTEMPATH\CodeIgniter.php(494): CodeIgniter\CodeIgniter->createController()
 7 SYSTEMPATH\CodeIgniter.php(361): CodeIgniter\CodeIgniter->handleRequest(null, Object(Config\Cache), false)
 8 FCPATH\index.php(79): CodeIgniter\CodeIgniter->run()
INFO - 2026-02-27 12:13:39 --> Session: Class initialized using 'CodeIgniter\Session\Handlers\FileHandler' driver.
WARNING - 2026-02-27 12:13:39 --> [DEPRECATED] Creation of dynamic property CodeIgniter\HTTP\IncomingRequest::$user is deprecated in APPPATH\Filters\JwtAuthWeb.php on line 32.
 1 SYSTEMPATH\Filters\Filters.php(182): App\Filters\JwtAuthWeb->before(Object(CodeIgniter\HTTP\IncomingRequest), null)
 2 SYSTEMPATH\CodeIgniter.php(475): CodeIgniter\Filters\Filters->run('mb_Report', 'before')
 3 SYSTEMPATH\CodeIgniter.php(361): CodeIgniter\CodeIgniter->handleRequest(null, Object(Config\Cache), false)
 4 FCPATH\index.php(79): CodeIgniter\CodeIgniter->run()
WARNING - 2026-02-27 12:13:39 --> [DEPRECATED] Optional parameter $cg declared before required parameter $hcode is implicitly treated as a required parameter in APPPATH\Models\cgserviceModel.php on line 93.
 1 SYSTEMPATH\Autoloader\Autoloader.php(311): include_once('D:\\xampp6\\htdocs\\project-jwt\\vendor\\codeigniter4\\framework\\system\\Debug\\Exceptions.php')
 2 SYSTEMPATH\Autoloader\Autoloader.php(290): CodeIgniter\Autoloader\Autoloader->includeFile('D:\\xampp6\\htdocs\\project-jwt\\app\\Models\\cgserviceModel.php')
 3 SYSTEMPATH\Autoloader\Autoloader.php(266): CodeIgniter\Autoloader\Autoloader->loadInNamespace('App\\Models\\cgserviceModel')
 4 APPPATH\Controllers\mobileController.php(36): CodeIgniter\Autoloader\Autoloader->loadClass('App\\Models\\cgserviceModel')
 5 SYSTEMPATH\CodeIgniter.php(915): App\Controllers\MobileController->__construct()
 6 SYSTEMPATH\CodeIgniter.php(494): CodeIgniter\CodeIgniter->createController()
 7 SYSTEMPATH\CodeIgniter.php(361): CodeIgniter\CodeIgniter->handleRequest(null, Object(Config\Cache), false)
 8 FCPATH\index.php(79): CodeIgniter\CodeIgniter->run()
INFO - 2026-02-27 12:13:41 --> Session: Class initialized using 'CodeIgniter\Session\Handlers\FileHandler' driver.
WARNING - 2026-02-27 12:13:41 --> [DEPRECATED] Creation of dynamic property CodeIgniter\HTTP\IncomingRequest::$user is deprecated in APPPATH\Filters\JwtAuthWeb.php on line 32.
 1 SYSTEMPATH\Filters\Filters.php(182): App\Filters\JwtAuthWeb->before(Object(CodeIgniter\HTTP\IncomingRequest), null)
 2 SYSTEMPATH\CodeIgniter.php(475): CodeIgniter\Filters\Filters->run('cg_report_data', 'before')
 3 SYSTEMPATH\CodeIgniter.php(361): CodeIgniter\CodeIgniter->handleRequest(null, Object(Config\Cache), false)
 4 FCPATH\index.php(79): CodeIgniter\CodeIgniter->run()
WARNING - 2026-02-27 12:13:41 --> [DEPRECATED] Optional parameter $cg declared before required parameter $hcode is implicitly treated as a required parameter in APPPATH\Models\cgserviceModel.php on line 93.
 1 SYSTEMPATH\Autoloader\Autoloader.php(311): include_once('D:\\xampp6\\htdocs\\project-jwt\\vendor\\codeigniter4\\framework\\system\\Debug\\Exceptions.php')
 2 SYSTEMPATH\Autoloader\Autoloader.php(290): CodeIgniter\Autoloader\Autoloader->includeFile('D:\\xampp6\\htdocs\\project-jwt\\app\\Models\\cgserviceModel.php')
 3 SYSTEMPATH\Autoloader\Autoloader.php(266): CodeIgniter\Autoloader\Autoloader->loadInNamespace('App\\Models\\cgserviceModel')
 4 APPPATH\Controllers\mobileController.php(36): CodeIgniter\Autoloader\Autoloader->loadClass('App\\Models\\cgserviceModel')
 5 SYSTEMPATH\CodeIgniter.php(915): App\Controllers\MobileController->__construct()
 6 SYSTEMPATH\CodeIgniter.php(494): CodeIgniter\CodeIgniter->createController()
 7 SYSTEMPATH\CodeIgniter.php(361): CodeIgniter\CodeIgniter->handleRequest(null, Object(Config\Cache), false)
 8 FCPATH\index.php(79): CodeIgniter\CodeIgniter->run()
INFO - 2026-02-27 12:14:26 --> Session: Class initialized using 'CodeIgniter\Session\Handlers\FileHandler' driver.
WARNING - 2026-02-27 12:14:26 --> [DEPRECATED] Creation of dynamic property CodeIgniter\HTTP\IncomingRequest::$user is deprecated in APPPATH\Filters\JwtAuthWeb.php on line 32.
 1 SYSTEMPATH\Filters\Filters.php(182): App\Filters\JwtAuthWeb->before(Object(CodeIgniter\HTTP\IncomingRequest), null)
 2 SYSTEMPATH\CodeIgniter.php(475): CodeIgniter\Filters\Filters->run('mb_Report', 'before')
 3 SYSTEMPATH\CodeIgniter.php(361): CodeIgniter\CodeIgniter->handleRequest(null, Object(Config\Cache), false)
 4 FCPATH\index.php(79): CodeIgniter\CodeIgniter->run()
WARNING - 2026-02-27 12:14:26 --> [DEPRECATED] Optional parameter $cg declared before required parameter $hcode is implicitly treated as a required parameter in APPPATH\Models\cgserviceModel.php on line 93.
 1 SYSTEMPATH\Autoloader\Autoloader.php(311): include_once('D:\\xampp6\\htdocs\\project-jwt\\vendor\\codeigniter4\\framework\\system\\Debug\\Exceptions.php')
 2 SYSTEMPATH\Autoloader\Autoloader.php(290): CodeIgniter\Autoloader\Autoloader->includeFile('D:\\xampp6\\htdocs\\project-jwt\\app\\Models\\cgserviceModel.php')
 3 SYSTEMPATH\Autoloader\Autoloader.php(266): CodeIgniter\Autoloader\Autoloader->loadInNamespace('App\\Models\\cgserviceModel')
 4 APPPATH\Controllers\mobileController.php(36): CodeIgniter\Autoloader\Autoloader->loadClass('App\\Models\\cgserviceModel')
 5 SYSTEMPATH\CodeIgniter.php(915): App\Controllers\MobileController->__construct()
 6 SYSTEMPATH\CodeIgniter.php(494): CodeIgniter\CodeIgniter->createController()
 7 SYSTEMPATH\CodeIgniter.php(361): CodeIgniter\CodeIgniter->handleRequest(null, Object(Config\Cache), false)
 8 FCPATH\index.php(79): CodeIgniter\CodeIgniter->run()
INFO - 2026-02-27 12:14:28 --> Session: Class initialized using 'CodeIgniter\Session\Handlers\FileHandler' driver.
WARNING - 2026-02-27 12:14:28 --> [DEPRECATED] Creation of dynamic property CodeIgniter\HTTP\IncomingRequest::$user is deprecated in APPPATH\Filters\JwtAuthWeb.php on line 32.
 1 SYSTEMPATH\Filters\Filters.php(182): App\Filters\JwtAuthWeb->before(Object(CodeIgniter\HTTP\IncomingRequest), null)
 2 SYSTEMPATH\CodeIgniter.php(475): CodeIgniter\Filters\Filters->run('cg_report_data', 'before')
 3 SYSTEMPATH\CodeIgniter.php(361): CodeIgniter\CodeIgniter->handleRequest(null, Object(Config\Cache), false)
 4 FCPATH\index.php(79): CodeIgniter\CodeIgniter->run()
WARNING - 2026-02-27 12:14:28 --> [DEPRECATED] Optional parameter $cg declared before required parameter $hcode is implicitly treated as a required parameter in APPPATH\Models\cgserviceModel.php on line 93.
 1 SYSTEMPATH\Autoloader\Autoloader.php(311): include_once('D:\\xampp6\\htdocs\\project-jwt\\vendor\\codeigniter4\\framework\\system\\Debug\\Exceptions.php')
 2 SYSTEMPATH\Autoloader\Autoloader.php(290): CodeIgniter\Autoloader\Autoloader->includeFile('D:\\xampp6\\htdocs\\project-jwt\\app\\Models\\cgserviceModel.php')
 3 SYSTEMPATH\Autoloader\Autoloader.php(266): CodeIgniter\Autoloader\Autoloader->loadInNamespace('App\\Models\\cgserviceModel')
 4 APPPATH\Controllers\mobileController.php(36): CodeIgniter\Autoloader\Autoloader->loadClass('App\\Models\\cgserviceModel')
 5 SYSTEMPATH\CodeIgniter.php(915): App\Controllers\MobileController->__construct()
 6 SYSTEMPATH\CodeIgniter.php(494): CodeIgniter\CodeIgniter->createController()
 7 SYSTEMPATH\CodeIgniter.php(361): CodeIgniter\CodeIgniter->handleRequest(null, Object(Config\Cache), false)
 8 FCPATH\index.php(79): CodeIgniter\CodeIgniter->run()
INFO - 2026-02-27 12:14:48 --> Session: Class initialized using 'CodeIgniter\Session\Handlers\FileHandler' driver.
WARNING - 2026-02-27 12:14:48 --> [DEPRECATED] Creation of dynamic property CodeIgniter\HTTP\IncomingRequest::$user is deprecated in APPPATH\Filters\JwtAuthWeb.php on line 32.
 1 SYSTEMPATH\Filters\Filters.php(182): App\Filters\JwtAuthWeb->before(Object(CodeIgniter\HTTP\IncomingRequest), null)
 2 SYSTEMPATH\CodeIgniter.php(475): CodeIgniter\Filters\Filters->run('mb_Report', 'before')
 3 SYSTEMPATH\CodeIgniter.php(361): CodeIgniter\CodeIgniter->handleRequest(null, Object(Config\Cache), false)
 4 FCPATH\index.php(79): CodeIgniter\CodeIgniter->run()
WARNING - 2026-02-27 12:14:48 --> [DEPRECATED] Optional parameter $cg declared before required parameter $hcode is implicitly treated as a required parameter in APPPATH\Models\cgserviceModel.php on line 93.
 1 SYSTEMPATH\Autoloader\Autoloader.php(311): include_once('D:\\xampp6\\htdocs\\project-jwt\\vendor\\codeigniter4\\framework\\system\\Debug\\Exceptions.php')
 2 SYSTEMPATH\Autoloader\Autoloader.php(290): CodeIgniter\Autoloader\Autoloader->includeFile('D:\\xampp6\\htdocs\\project-jwt\\app\\Models\\cgserviceModel.php')
 3 SYSTEMPATH\Autoloader\Autoloader.php(266): CodeIgniter\Autoloader\Autoloader->loadInNamespace('App\\Models\\cgserviceModel')
 4 APPPATH\Controllers\mobileController.php(36): CodeIgniter\Autoloader\Autoloader->loadClass('App\\Models\\cgserviceModel')
 5 SYSTEMPATH\CodeIgniter.php(915): App\Controllers\MobileController->__construct()
 6 SYSTEMPATH\CodeIgniter.php(494): CodeIgniter\CodeIgniter->createController()
 7 SYSTEMPATH\CodeIgniter.php(361): CodeIgniter\CodeIgniter->handleRequest(null, Object(Config\Cache), false)
 8 FCPATH\index.php(79): CodeIgniter\CodeIgniter->run()
INFO - 2026-02-27 12:14:50 --> Session: Class initialized using 'CodeIgniter\Session\Handlers\FileHandler' driver.
WARNING - 2026-02-27 12:14:50 --> [DEPRECATED] Creation of dynamic property CodeIgniter\HTTP\IncomingRequest::$user is deprecated in APPPATH\Filters\JwtAuthWeb.php on line 32.
 1 SYSTEMPATH\Filters\Filters.php(182): App\Filters\JwtAuthWeb->before(Object(CodeIgniter\HTTP\IncomingRequest), null)
 2 SYSTEMPATH\CodeIgniter.php(475): CodeIgniter\Filters\Filters->run('cg_report_data', 'before')
 3 SYSTEMPATH\CodeIgniter.php(361): CodeIgniter\CodeIgniter->handleRequest(null, Object(Config\Cache), false)
 4 FCPATH\index.php(79): CodeIgniter\CodeIgniter->run()
WARNING - 2026-02-27 12:14:50 --> [DEPRECATED] Optional parameter $cg declared before required parameter $hcode is implicitly treated as a required parameter in APPPATH\Models\cgserviceModel.php on line 93.
 1 SYSTEMPATH\Autoloader\Autoloader.php(311): include_once('D:\\xampp6\\htdocs\\project-jwt\\vendor\\codeigniter4\\framework\\system\\Debug\\Exceptions.php')
 2 SYSTEMPATH\Autoloader\Autoloader.php(290): CodeIgniter\Autoloader\Autoloader->includeFile('D:\\xampp6\\htdocs\\project-jwt\\app\\Models\\cgserviceModel.php')
 3 SYSTEMPATH\Autoloader\Autoloader.php(266): CodeIgniter\Autoloader\Autoloader->loadInNamespace('App\\Models\\cgserviceModel')
 4 APPPATH\Controllers\mobileController.php(36): CodeIgniter\Autoloader\Autoloader->loadClass('App\\Models\\cgserviceModel')
 5 SYSTEMPATH\CodeIgniter.php(915): App\Controllers\MobileController->__construct()
 6 SYSTEMPATH\CodeIgniter.php(494): CodeIgniter\CodeIgniter->createController()
 7 SYSTEMPATH\CodeIgniter.php(361): CodeIgniter\CodeIgniter->handleRequest(null, Object(Config\Cache), false)
 8 FCPATH\index.php(79): CodeIgniter\CodeIgniter->run()
INFO - 2026-02-27 12:22:36 --> Session: Class initialized using 'CodeIgniter\Session\Handlers\FileHandler' driver.
WARNING - 2026-02-27 12:22:36 --> [DEPRECATED] Creation of dynamic property CodeIgniter\HTTP\IncomingRequest::$user is deprecated in APPPATH\Filters\JwtAuthWeb.php on line 32.
 1 SYSTEMPATH\Filters\Filters.php(182): App\Filters\JwtAuthWeb->before(Object(CodeIgniter\HTTP\IncomingRequest), null)
 2 SYSTEMPATH\CodeIgniter.php(475): CodeIgniter\Filters\Filters->run('mb_Report', 'before')
 3 SYSTEMPATH\CodeIgniter.php(361): CodeIgniter\CodeIgniter->handleRequest(null, Object(Config\Cache), false)
 4 FCPATH\index.php(79): CodeIgniter\CodeIgniter->run()
WARNING - 2026-02-27 12:22:36 --> [DEPRECATED] Optional parameter $cg declared before required parameter $hcode is implicitly treated as a required parameter in APPPATH\Models\cgserviceModel.php on line 93.
 1 SYSTEMPATH\Autoloader\Autoloader.php(311): include_once('D:\\xampp6\\htdocs\\project-jwt\\vendor\\codeigniter4\\framework\\system\\Debug\\Exceptions.php')
 2 SYSTEMPATH\Autoloader\Autoloader.php(290): CodeIgniter\Autoloader\Autoloader->includeFile('D:\\xampp6\\htdocs\\project-jwt\\app\\Models\\cgserviceModel.php')
 3 SYSTEMPATH\Autoloader\Autoloader.php(266): CodeIgniter\Autoloader\Autoloader->loadInNamespace('App\\Models\\cgserviceModel')
 4 APPPATH\Controllers\mobileController.php(36): CodeIgniter\Autoloader\Autoloader->loadClass('App\\Models\\cgserviceModel')
 5 SYSTEMPATH\CodeIgniter.php(915): App\Controllers\MobileController->__construct()
 6 SYSTEMPATH\CodeIgniter.php(494): CodeIgniter\CodeIgniter->createController()
 7 SYSTEMPATH\CodeIgniter.php(361): CodeIgniter\CodeIgniter->handleRequest(null, Object(Config\Cache), false)
 8 FCPATH\index.php(79): CodeIgniter\CodeIgniter->run()
INFO - 2026-02-27 12:22:38 --> Session: Class initialized using 'CodeIgniter\Session\Handlers\FileHandler' driver.
WARNING - 2026-02-27 12:22:38 --> [DEPRECATED] Creation of dynamic property CodeIgniter\HTTP\IncomingRequest::$user is deprecated in APPPATH\Filters\JwtAuthWeb.php on line 32.
 1 SYSTEMPATH\Filters\Filters.php(182): App\Filters\JwtAuthWeb->before(Object(CodeIgniter\HTTP\IncomingRequest), null)
 2 SYSTEMPATH\CodeIgniter.php(475): CodeIgniter\Filters\Filters->run('cg_report_data', 'before')
 3 SYSTEMPATH\CodeIgniter.php(361): CodeIgniter\CodeIgniter->handleRequest(null, Object(Config\Cache), false)
 4 FCPATH\index.php(79): CodeIgniter\CodeIgniter->run()
WARNING - 2026-02-27 12:22:38 --> [DEPRECATED] Optional parameter $cg declared before required parameter $hcode is implicitly treated as a required parameter in APPPATH\Models\cgserviceModel.php on line 93.
 1 SYSTEMPATH\Autoloader\Autoloader.php(311): include_once('D:\\xampp6\\htdocs\\project-jwt\\vendor\\codeigniter4\\framework\\system\\Debug\\Exceptions.php')
 2 SYSTEMPATH\Autoloader\Autoloader.php(290): CodeIgniter\Autoloader\Autoloader->includeFile('D:\\xampp6\\htdocs\\project-jwt\\app\\Models\\cgserviceModel.php')
 3 SYSTEMPATH\Autoloader\Autoloader.php(266): CodeIgniter\Autoloader\Autoloader->loadInNamespace('App\\Models\\cgserviceModel')
 4 APPPATH\Controllers\mobileController.php(36): CodeIgniter\Autoloader\Autoloader->loadClass('App\\Models\\cgserviceModel')
 5 SYSTEMPATH\CodeIgniter.php(915): App\Controllers\MobileController->__construct()
 6 SYSTEMPATH\CodeIgniter.php(494): CodeIgniter\CodeIgniter->createController()
 7 SYSTEMPATH\CodeIgniter.php(361): CodeIgniter\CodeIgniter->handleRequest(null, Object(Config\Cache), false)
 8 FCPATH\index.php(79): CodeIgniter\CodeIgniter->run()
INFO - 2026-02-27 12:22:53 --> Session: Class initialized using 'CodeIgniter\Session\Handlers\FileHandler' driver.
WARNING - 2026-02-27 12:22:53 --> [DEPRECATED] Creation of dynamic property CodeIgniter\HTTP\IncomingRequest::$user is deprecated in APPPATH\Filters\JwtAuthWeb.php on line 32.
 1 SYSTEMPATH\Filters\Filters.php(182): App\Filters\JwtAuthWeb->before(Object(CodeIgniter\HTTP\IncomingRequest), null)
 2 SYSTEMPATH\CodeIgniter.php(475): CodeIgniter\Filters\Filters->run('mb_Report', 'before')
 3 SYSTEMPATH\CodeIgniter.php(361): CodeIgniter\CodeIgniter->handleRequest(null, Object(Config\Cache), false)
 4 FCPATH\index.php(79): CodeIgniter\CodeIgniter->run()
WARNING - 2026-02-27 12:22:53 --> [DEPRECATED] Optional parameter $cg declared before required parameter $hcode is implicitly treated as a required parameter in APPPATH\Models\cgserviceModel.php on line 93.
 1 SYSTEMPATH\Autoloader\Autoloader.php(311): include_once('D:\\xampp6\\htdocs\\project-jwt\\vendor\\codeigniter4\\framework\\system\\Debug\\Exceptions.php')
 2 SYSTEMPATH\Autoloader\Autoloader.php(290): CodeIgniter\Autoloader\Autoloader->includeFile('D:\\xampp6\\htdocs\\project-jwt\\app\\Models\\cgserviceModel.php')
 3 SYSTEMPATH\Autoloader\Autoloader.php(266): CodeIgniter\Autoloader\Autoloader->loadInNamespace('App\\Models\\cgserviceModel')
 4 APPPATH\Controllers\mobileController.php(36): CodeIgniter\Autoloader\Autoloader->loadClass('App\\Models\\cgserviceModel')
 5 SYSTEMPATH\CodeIgniter.php(915): App\Controllers\MobileController->__construct()
 6 SYSTEMPATH\CodeIgniter.php(494): CodeIgniter\CodeIgniter->createController()
 7 SYSTEMPATH\CodeIgniter.php(361): CodeIgniter\CodeIgniter->handleRequest(null, Object(Config\Cache), false)
 8 FCPATH\index.php(79): CodeIgniter\CodeIgniter->run()
INFO - 2026-02-27 12:22:55 --> Session: Class initialized using 'CodeIgniter\Session\Handlers\FileHandler' driver.
WARNING - 2026-02-27 12:22:55 --> [DEPRECATED] Creation of dynamic property CodeIgniter\HTTP\IncomingRequest::$user is deprecated in APPPATH\Filters\JwtAuthWeb.php on line 32.
 1 SYSTEMPATH\Filters\Filters.php(182): App\Filters\JwtAuthWeb->before(Object(CodeIgniter\HTTP\IncomingRequest), null)
 2 SYSTEMPATH\CodeIgniter.php(475): CodeIgniter\Filters\Filters->run('cg_report_data', 'before')
 3 SYSTEMPATH\CodeIgniter.php(361): CodeIgniter\CodeIgniter->handleRequest(null, Object(Config\Cache), false)
 4 FCPATH\index.php(79): CodeIgniter\CodeIgniter->run()
WARNING - 2026-02-27 12:22:55 --> [DEPRECATED] Optional parameter $cg declared before required parameter $hcode is implicitly treated as a required parameter in APPPATH\Models\cgserviceModel.php on line 93.
 1 SYSTEMPATH\Autoloader\Autoloader.php(311): include_once('D:\\xampp6\\htdocs\\project-jwt\\vendor\\codeigniter4\\framework\\system\\Debug\\Exceptions.php')
 2 SYSTEMPATH\Autoloader\Autoloader.php(290): CodeIgniter\Autoloader\Autoloader->includeFile('D:\\xampp6\\htdocs\\project-jwt\\app\\Models\\cgserviceModel.php')
 3 SYSTEMPATH\Autoloader\Autoloader.php(266): CodeIgniter\Autoloader\Autoloader->loadInNamespace('App\\Models\\cgserviceModel')
 4 APPPATH\Controllers\mobileController.php(36): CodeIgniter\Autoloader\Autoloader->loadClass('App\\Models\\cgserviceModel')
 5 SYSTEMPATH\CodeIgniter.php(915): App\Controllers\MobileController->__construct()
 6 SYSTEMPATH\CodeIgniter.php(494): CodeIgniter\CodeIgniter->createController()
 7 SYSTEMPATH\CodeIgniter.php(361): CodeIgniter\CodeIgniter->handleRequest(null, Object(Config\Cache), false)
 8 FCPATH\index.php(79): CodeIgniter\CodeIgniter->run()
INFO - 2026-02-27 12:23:31 --> Session: Class initialized using 'CodeIgniter\Session\Handlers\FileHandler' driver.
WARNING - 2026-02-27 12:23:31 --> [DEPRECATED] Creation of dynamic property CodeIgniter\HTTP\IncomingRequest::$user is deprecated in APPPATH\Filters\JwtAuthWeb.php on line 32.
 1 SYSTEMPATH\Filters\Filters.php(182): App\Filters\JwtAuthWeb->before(Object(CodeIgniter\HTTP\IncomingRequest), null)
 2 SYSTEMPATH\CodeIgniter.php(475): CodeIgniter\Filters\Filters->run('mb_Report', 'before')
 3 SYSTEMPATH\CodeIgniter.php(361): CodeIgniter\CodeIgniter->handleRequest(null, Object(Config\Cache), false)
 4 FCPATH\index.php(79): CodeIgniter\CodeIgniter->run()
WARNING - 2026-02-27 12:23:31 --> [DEPRECATED] Optional parameter $cg declared before required parameter $hcode is implicitly treated as a required parameter in APPPATH\Models\cgserviceModel.php on line 93.
 1 SYSTEMPATH\Autoloader\Autoloader.php(311): include_once('D:\\xampp6\\htdocs\\project-jwt\\vendor\\codeigniter4\\framework\\system\\Debug\\Exceptions.php')
 2 SYSTEMPATH\Autoloader\Autoloader.php(290): CodeIgniter\Autoloader\Autoloader->includeFile('D:\\xampp6\\htdocs\\project-jwt\\app\\Models\\cgserviceModel.php')
 3 SYSTEMPATH\Autoloader\Autoloader.php(266): CodeIgniter\Autoloader\Autoloader->loadInNamespace('App\\Models\\cgserviceModel')
 4 APPPATH\Controllers\mobileController.php(36): CodeIgniter\Autoloader\Autoloader->loadClass('App\\Models\\cgserviceModel')
 5 SYSTEMPATH\CodeIgniter.php(915): App\Controllers\MobileController->__construct()
 6 SYSTEMPATH\CodeIgniter.php(494): CodeIgniter\CodeIgniter->createController()
 7 SYSTEMPATH\CodeIgniter.php(361): CodeIgniter\CodeIgniter->handleRequest(null, Object(Config\Cache), false)
 8 FCPATH\index.php(79): CodeIgniter\CodeIgniter->run()
INFO - 2026-02-27 12:23:33 --> Session: Class initialized using 'CodeIgniter\Session\Handlers\FileHandler' driver.
WARNING - 2026-02-27 12:23:33 --> [DEPRECATED] Creation of dynamic property CodeIgniter\HTTP\IncomingRequest::$user is deprecated in APPPATH\Filters\JwtAuthWeb.php on line 32.
 1 SYSTEMPATH\Filters\Filters.php(182): App\Filters\JwtAuthWeb->before(Object(CodeIgniter\HTTP\IncomingRequest), null)
 2 SYSTEMPATH\CodeIgniter.php(475): CodeIgniter\Filters\Filters->run('cg_report_data', 'before')
 3 SYSTEMPATH\CodeIgniter.php(361): CodeIgniter\CodeIgniter->handleRequest(null, Object(Config\Cache), false)
 4 FCPATH\index.php(79): CodeIgniter\CodeIgniter->run()
WARNING - 2026-02-27 12:23:33 --> [DEPRECATED] Optional parameter $cg declared before required parameter $hcode is implicitly treated as a required parameter in APPPATH\Models\cgserviceModel.php on line 93.
 1 SYSTEMPATH\Autoloader\Autoloader.php(311): include_once('D:\\xampp6\\htdocs\\project-jwt\\vendor\\codeigniter4\\framework\\system\\Debug\\Exceptions.php')
 2 SYSTEMPATH\Autoloader\Autoloader.php(290): CodeIgniter\Autoloader\Autoloader->includeFile('D:\\xampp6\\htdocs\\project-jwt\\app\\Models\\cgserviceModel.php')
 3 SYSTEMPATH\Autoloader\Autoloader.php(266): CodeIgniter\Autoloader\Autoloader->loadInNamespace('App\\Models\\cgserviceModel')
 4 APPPATH\Controllers\mobileController.php(36): CodeIgniter\Autoloader\Autoloader->loadClass('App\\Models\\cgserviceModel')
 5 SYSTEMPATH\CodeIgniter.php(915): App\Controllers\MobileController->__construct()
 6 SYSTEMPATH\CodeIgniter.php(494): CodeIgniter\CodeIgniter->createController()
 7 SYSTEMPATH\CodeIgniter.php(361): CodeIgniter\CodeIgniter->handleRequest(null, Object(Config\Cache), false)
 8 FCPATH\index.php(79): CodeIgniter\CodeIgniter->run()
INFO - 2026-02-27 12:24:20 --> Session: Class initialized using 'CodeIgniter\Session\Handlers\FileHandler' driver.
WARNING - 2026-02-27 12:24:20 --> [DEPRECATED] Creation of dynamic property CodeIgniter\HTTP\IncomingRequest::$user is deprecated in APPPATH\Filters\JwtAuthWeb.php on line 32.
 1 SYSTEMPATH\Filters\Filters.php(182): App\Filters\JwtAuthWeb->before(Object(CodeIgniter\HTTP\IncomingRequest), null)
 2 SYSTEMPATH\CodeIgniter.php(475): CodeIgniter\Filters\Filters->run('mb_Report', 'before')
 3 SYSTEMPATH\CodeIgniter.php(361): CodeIgniter\CodeIgniter->handleRequest(null, Object(Config\Cache), false)
 4 FCPATH\index.php(79): CodeIgniter\CodeIgniter->run()
WARNING - 2026-02-27 12:24:20 --> [DEPRECATED] Optional parameter $cg declared before required parameter $hcode is implicitly treated as a required parameter in APPPATH\Models\cgserviceModel.php on line 93.
 1 SYSTEMPATH\Autoloader\Autoloader.php(311): include_once('D:\\xampp6\\htdocs\\project-jwt\\vendor\\codeigniter4\\framework\\system\\Debug\\Exceptions.php')
 2 SYSTEMPATH\Autoloader\Autoloader.php(290): CodeIgniter\Autoloader\Autoloader->includeFile('D:\\xampp6\\htdocs\\project-jwt\\app\\Models\\cgserviceModel.php')
 3 SYSTEMPATH\Autoloader\Autoloader.php(266): CodeIgniter\Autoloader\Autoloader->loadInNamespace('App\\Models\\cgserviceModel')
 4 APPPATH\Controllers\mobileController.php(36): CodeIgniter\Autoloader\Autoloader->loadClass('App\\Models\\cgserviceModel')
 5 SYSTEMPATH\CodeIgniter.php(915): App\Controllers\MobileController->__construct()
 6 SYSTEMPATH\CodeIgniter.php(494): CodeIgniter\CodeIgniter->createController()
 7 SYSTEMPATH\CodeIgniter.php(361): CodeIgniter\CodeIgniter->handleRequest(null, Object(Config\Cache), false)
 8 FCPATH\index.php(79): CodeIgniter\CodeIgniter->run()
INFO - 2026-02-27 12:24:22 --> Session: Class initialized using 'CodeIgniter\Session\Handlers\FileHandler' driver.
WARNING - 2026-02-27 12:24:22 --> [DEPRECATED] Creation of dynamic property CodeIgniter\HTTP\IncomingRequest::$user is deprecated in APPPATH\Filters\JwtAuthWeb.php on line 32.
 1 SYSTEMPATH\Filters\Filters.php(182): App\Filters\JwtAuthWeb->before(Object(CodeIgniter\HTTP\IncomingRequest), null)
 2 SYSTEMPATH\CodeIgniter.php(475): CodeIgniter\Filters\Filters->run('cg_report_data', 'before')
 3 SYSTEMPATH\CodeIgniter.php(361): CodeIgniter\CodeIgniter->handleRequest(null, Object(Config\Cache), false)
 4 FCPATH\index.php(79): CodeIgniter\CodeIgniter->run()
WARNING - 2026-02-27 12:24:22 --> [DEPRECATED] Optional parameter $cg declared before required parameter $hcode is implicitly treated as a required parameter in APPPATH\Models\cgserviceModel.php on line 93.
 1 SYSTEMPATH\Autoloader\Autoloader.php(311): include_once('D:\\xampp6\\htdocs\\project-jwt\\vendor\\codeigniter4\\framework\\system\\Debug\\Exceptions.php')
 2 SYSTEMPATH\Autoloader\Autoloader.php(290): CodeIgniter\Autoloader\Autoloader->includeFile('D:\\xampp6\\htdocs\\project-jwt\\app\\Models\\cgserviceModel.php')
 3 SYSTEMPATH\Autoloader\Autoloader.php(266): CodeIgniter\Autoloader\Autoloader->loadInNamespace('App\\Models\\cgserviceModel')
 4 APPPATH\Controllers\mobileController.php(36): CodeIgniter\Autoloader\Autoloader->loadClass('App\\Models\\cgserviceModel')
 5 SYSTEMPATH\CodeIgniter.php(915): App\Controllers\MobileController->__construct()
 6 SYSTEMPATH\CodeIgniter.php(494): CodeIgniter\CodeIgniter->createController()
 7 SYSTEMPATH\CodeIgniter.php(361): CodeIgniter\CodeIgniter->handleRequest(null, Object(Config\Cache), false)
 8 FCPATH\index.php(79): CodeIgniter\CodeIgniter->run()
INFO - 2026-02-27 12:28:32 --> Session: Class initialized using 'CodeIgniter\Session\Handlers\FileHandler' driver.
WARNING - 2026-02-27 12:28:32 --> [DEPRECATED] Creation of dynamic property CodeIgniter\HTTP\IncomingRequest::$user is deprecated in APPPATH\Filters\JwtAuthWeb.php on line 32.
 1 SYSTEMPATH\Filters\Filters.php(182): App\Filters\JwtAuthWeb->before(Object(CodeIgniter\HTTP\IncomingRequest), null)
 2 SYSTEMPATH\CodeIgniter.php(475): CodeIgniter\Filters\Filters->run('mobile-page', 'before')
 3 SYSTEMPATH\CodeIgniter.php(361): CodeIgniter\CodeIgniter->handleRequest(null, Object(Config\Cache), false)
 4 FCPATH\index.php(79): CodeIgniter\CodeIgniter->run()
WARNING - 2026-02-27 12:28:32 --> [DEPRECATED] Optional parameter $cg declared before required parameter $hcode is implicitly treated as a required parameter in APPPATH\Models\cgserviceModel.php on line 93.
 1 SYSTEMPATH\Autoloader\Autoloader.php(311): include_once('D:\\xampp6\\htdocs\\project-jwt\\vendor\\codeigniter4\\framework\\system\\Debug\\Exceptions.php')
 2 SYSTEMPATH\Autoloader\Autoloader.php(290): CodeIgniter\Autoloader\Autoloader->includeFile('D:\\xampp6\\htdocs\\project-jwt\\app\\Models\\cgserviceModel.php')
 3 SYSTEMPATH\Autoloader\Autoloader.php(266): CodeIgniter\Autoloader\Autoloader->loadInNamespace('App\\Models\\cgserviceModel')
 4 APPPATH\Controllers\mobileController.php(36): CodeIgniter\Autoloader\Autoloader->loadClass('App\\Models\\cgserviceModel')
 5 SYSTEMPATH\CodeIgniter.php(915): App\Controllers\MobileController->__construct()
 6 SYSTEMPATH\CodeIgniter.php(494): CodeIgniter\CodeIgniter->createController()
 7 SYSTEMPATH\CodeIgniter.php(361): CodeIgniter\CodeIgniter->handleRequest(null, Object(Config\Cache), false)
 8 FCPATH\index.php(79): CodeIgniter\CodeIgniter->run()
INFO - 2026-02-27 12:28:36 --> Session: Class initialized using 'CodeIgniter\Session\Handlers\FileHandler' driver.
INFO - 2026-02-27 12:28:38 --> Session: Class initialized using 'CodeIgniter\Session\Handlers\FileHandler' driver.
WARNING - 2026-02-27 12:28:38 --> [DEPRECATED] Creation of dynamic property CodeIgniter\HTTP\IncomingRequest::$user is deprecated in APPPATH\Filters\JwtAuthWeb.php on line 32.
 1 SYSTEMPATH\Filters\Filters.php(182): App\Filters\JwtAuthWeb->before(Object(CodeIgniter\HTTP\IncomingRequest), null)
 2 SYSTEMPATH\CodeIgniter.php(475): CodeIgniter\Filters\Filters->run('setting/dashboard-page', 'before')
 3 SYSTEMPATH\CodeIgniter.php(361): CodeIgniter\CodeIgniter->handleRequest(null, Object(Config\Cache), false)
 4 FCPATH\index.php(79): CodeIgniter\CodeIgniter->run()
WARNING - 2026-02-27 12:28:38 --> [DEPRECATED] Creation of dynamic property CodeIgniter\HTTP\IncomingRequest::$user is deprecated in APPPATH\Filters\JwtAuth.php on line 47.
 1 SYSTEMPATH\Filters\Filters.php(182): App\Filters\JwtAuth->before(Object(CodeIgniter\HTTP\IncomingRequest), null)
 2 SYSTEMPATH\CodeIgniter.php(475): CodeIgniter\Filters\Filters->run('api/profile', 'before')
 3 SYSTEMPATH\CodeIgniter.php(361): CodeIgniter\CodeIgniter->handleRequest(null, Object(Config\Cache), false)
 4 FCPATH\index.php(79): CodeIgniter\CodeIgniter->run()
INFO - 2026-02-27 12:28:41 --> Session: Class initialized using 'CodeIgniter\Session\Handlers\FileHandler' driver.
WARNING - 2026-02-27 12:28:41 --> [DEPRECATED] Creation of dynamic property CodeIgniter\HTTP\IncomingRequest::$user is deprecated in APPPATH\Filters\JwtAuthWeb.php on line 32.
 1 SYSTEMPATH\Filters\Filters.php(182): App\Filters\JwtAuthWeb->before(Object(CodeIgniter\HTTP\IncomingRequest), null)
 2 SYSTEMPATH\CodeIgniter.php(475): CodeIgniter\Filters\Filters->run('service-page', 'before')
 3 SYSTEMPATH\CodeIgniter.php(361): CodeIgniter\CodeIgniter->handleRequest(null, Object(Config\Cache), false)
 4 FCPATH\index.php(79): CodeIgniter\CodeIgniter->run()
WARNING - 2026-02-27 12:28:41 --> [DEPRECATED] Optional parameter $cg declared before required parameter $hcode is implicitly treated as a required parameter in APPPATH\Models\cgserviceModel.php on line 93.
 1 SYSTEMPATH\Autoloader\Autoloader.php(311): include_once('D:\\xampp6\\htdocs\\project-jwt\\vendor\\codeigniter4\\framework\\system\\Debug\\Exceptions.php')
 2 SYSTEMPATH\Autoloader\Autoloader.php(290): CodeIgniter\Autoloader\Autoloader->includeFile('D:\\xampp6\\htdocs\\project-jwt\\app\\Models\\cgserviceModel.php')
 3 SYSTEMPATH\Autoloader\Autoloader.php(266): CodeIgniter\Autoloader\Autoloader->loadInNamespace('App\\Models\\cgserviceModel')
 4 APPPATH\Controllers\ServiceController.php(21): CodeIgniter\Autoloader\Autoloader->loadClass('App\\Models\\cgserviceModel')
 5 SYSTEMPATH\CodeIgniter.php(915): App\Controllers\ServiceController->__construct()
 6 SYSTEMPATH\CodeIgniter.php(494): CodeIgniter\CodeIgniter->createController()
 7 SYSTEMPATH\CodeIgniter.php(361): CodeIgniter\CodeIgniter->handleRequest(null, Object(Config\Cache), false)
 8 FCPATH\index.php(79): CodeIgniter\CodeIgniter->run()
WARNING - 2026-02-27 12:28:41 --> [DEPRECATED] Creation of dynamic property CodeIgniter\HTTP\IncomingRequest::$user is deprecated in APPPATH\Filters\JwtAuth.php on line 47.
 1 SYSTEMPATH\Filters\Filters.php(182): App\Filters\JwtAuth->before(Object(CodeIgniter\HTTP\IncomingRequest), null)
 2 SYSTEMPATH\CodeIgniter.php(475): CodeIgniter\Filters\Filters->run('api/profile', 'before')
 3 SYSTEMPATH\CodeIgniter.php(361): CodeIgniter\CodeIgniter->handleRequest(null, Object(Config\Cache), false)
 4 FCPATH\index.php(79): CodeIgniter\CodeIgniter->run()
INFO - 2026-02-27 12:28:44 --> Session: Class initialized using 'CodeIgniter\Session\Handlers\FileHandler' driver.
WARNING - 2026-02-27 12:28:44 --> [DEPRECATED] Creation of dynamic property CodeIgniter\HTTP\IncomingRequest::$user is deprecated in APPPATH\Filters\JwtAuthWeb.php on line 32.
 1 SYSTEMPATH\Filters\Filters.php(182): App\Filters\JwtAuthWeb->before(Object(CodeIgniter\HTTP\IncomingRequest), null)
 2 SYSTEMPATH\CodeIgniter.php(475): CodeIgniter\Filters\Filters->run('cgServicerep', 'before')
 3 SYSTEMPATH\CodeIgniter.php(361): CodeIgniter\CodeIgniter->handleRequest(null, Object(Config\Cache), false)
 4 FCPATH\index.php(79): CodeIgniter\CodeIgniter->run()
WARNING - 2026-02-27 12:28:44 --> [DEPRECATED] Optional parameter $cg declared before required parameter $hcode is implicitly treated as a required parameter in APPPATH\Models\cgserviceModel.php on line 93.
 1 SYSTEMPATH\Autoloader\Autoloader.php(311): include_once('D:\\xampp6\\htdocs\\project-jwt\\vendor\\codeigniter4\\framework\\system\\Debug\\Exceptions.php')
 2 SYSTEMPATH\Autoloader\Autoloader.php(290): CodeIgniter\Autoloader\Autoloader->includeFile('D:\\xampp6\\htdocs\\project-jwt\\app\\Models\\cgserviceModel.php')
 3 SYSTEMPATH\Autoloader\Autoloader.php(266): CodeIgniter\Autoloader\Autoloader->loadInNamespace('App\\Models\\cgserviceModel')
 4 APPPATH\Controllers\ServiceController.php(21): CodeIgniter\Autoloader\Autoloader->loadClass('App\\Models\\cgserviceModel')
 5 SYSTEMPATH\CodeIgniter.php(915): App\Controllers\ServiceController->__construct()
 6 SYSTEMPATH\CodeIgniter.php(494): CodeIgniter\CodeIgniter->createController()
 7 SYSTEMPATH\CodeIgniter.php(361): CodeIgniter\CodeIgniter->handleRequest(null, Object(Config\Cache), false)
 8 FCPATH\index.php(79): CodeIgniter\CodeIgniter->run()
INFO - 2026-02-27 12:28:46 --> Session: Class initialized using 'CodeIgniter\Session\Handlers\FileHandler' driver.
WARNING - 2026-02-27 12:28:46 --> [DEPRECATED] Creation of dynamic property CodeIgniter\HTTP\IncomingRequest::$user is deprecated in APPPATH\Filters\JwtAuthWeb.php on line 32.
 1 SYSTEMPATH\Filters\Filters.php(182): App\Filters\JwtAuthWeb->before(Object(CodeIgniter\HTTP\IncomingRequest), null)
 2 SYSTEMPATH\CodeIgniter.php(475): CodeIgniter\Filters\Filters->run('ltc-view-details/258/2026/2', 'before')
 3 SYSTEMPATH\CodeIgniter.php(361): CodeIgniter\CodeIgniter->handleRequest(null, Object(Config\Cache), false)
 4 FCPATH\index.php(79): CodeIgniter\CodeIgniter->run()
WARNING - 2026-02-27 12:28:46 --> [DEPRECATED] Optional parameter $cg declared before required parameter $hcode is implicitly treated as a required parameter in APPPATH\Models\cgserviceModel.php on line 93.
 1 SYSTEMPATH\Autoloader\Autoloader.php(311): include_once('D:\\xampp6\\htdocs\\project-jwt\\vendor\\codeigniter4\\framework\\system\\Debug\\Exceptions.php')
 2 SYSTEMPATH\Autoloader\Autoloader.php(290): CodeIgniter\Autoloader\Autoloader->includeFile('D:\\xampp6\\htdocs\\project-jwt\\app\\Models\\cgserviceModel.php')
 3 SYSTEMPATH\Autoloader\Autoloader.php(266): CodeIgniter\Autoloader\Autoloader->loadInNamespace('App\\Models\\cgserviceModel')
 4 APPPATH\Controllers\ServiceController.php(21): CodeIgniter\Autoloader\Autoloader->loadClass('App\\Models\\cgserviceModel')
 5 SYSTEMPATH\CodeIgniter.php(915): App\Controllers\ServiceController->__construct()
 6 SYSTEMPATH\CodeIgniter.php(494): CodeIgniter\CodeIgniter->createController()
 7 SYSTEMPATH\CodeIgniter.php(361): CodeIgniter\CodeIgniter->handleRequest(null, Object(Config\Cache), false)
 8 FCPATH\index.php(79): CodeIgniter\CodeIgniter->run()
WARNING - 2026-02-27 12:28:46 --> [DEPRECATED] Creation of dynamic property CodeIgniter\HTTP\IncomingRequest::$user is deprecated in APPPATH\Filters\JwtAuth.php on line 47.
 1 SYSTEMPATH\Filters\Filters.php(182): App\Filters\JwtAuth->before(Object(CodeIgniter\HTTP\IncomingRequest), null)
 2 SYSTEMPATH\CodeIgniter.php(475): CodeIgniter\Filters\Filters->run('api/profile', 'before')
 3 SYSTEMPATH\CodeIgniter.php(361): CodeIgniter\CodeIgniter->handleRequest(null, Object(Config\Cache), false)
 4 FCPATH\index.php(79): CodeIgniter\CodeIgniter->run()
INFO - 2026-02-27 12:28:48 --> Session: Class initialized using 'CodeIgniter\Session\Handlers\FileHandler' driver.
WARNING - 2026-02-27 12:28:48 --> [DEPRECATED] Creation of dynamic property CodeIgniter\HTTP\IncomingRequest::$user is deprecated in APPPATH\Filters\JwtAuthWeb.php on line 32.
 1 SYSTEMPATH\Filters\Filters.php(182): App\Filters\JwtAuthWeb->before(Object(CodeIgniter\HTTP\IncomingRequest), null)
 2 SYSTEMPATH\CodeIgniter.php(475): CodeIgniter\Filters\Filters->run('getCGservice', 'before')
 3 SYSTEMPATH\CodeIgniter.php(361): CodeIgniter\CodeIgniter->handleRequest(null, Object(Config\Cache), false)
 4 FCPATH\index.php(79): CodeIgniter\CodeIgniter->run()
WARNING - 2026-02-27 12:28:48 --> [DEPRECATED] Optional parameter $cg declared before required parameter $hcode is implicitly treated as a required parameter in APPPATH\Models\cgserviceModel.php on line 93.
 1 SYSTEMPATH\Autoloader\Autoloader.php(311): include_once('D:\\xampp6\\htdocs\\project-jwt\\vendor\\codeigniter4\\framework\\system\\Debug\\Exceptions.php')
 2 SYSTEMPATH\Autoloader\Autoloader.php(290): CodeIgniter\Autoloader\Autoloader->includeFile('D:\\xampp6\\htdocs\\project-jwt\\app\\Models\\cgserviceModel.php')
 3 SYSTEMPATH\Autoloader\Autoloader.php(266): CodeIgniter\Autoloader\Autoloader->loadInNamespace('App\\Models\\cgserviceModel')
 4 APPPATH\Controllers\ServiceController.php(21): CodeIgniter\Autoloader\Autoloader->loadClass('App\\Models\\cgserviceModel')
 5 SYSTEMPATH\CodeIgniter.php(915): App\Controllers\ServiceController->__construct()
 6 SYSTEMPATH\CodeIgniter.php(494): CodeIgniter\CodeIgniter->createController()
 7 SYSTEMPATH\CodeIgniter.php(361): CodeIgniter\CodeIgniter->handleRequest(null, Object(Config\Cache), false)
 8 FCPATH\index.php(79): CodeIgniter\CodeIgniter->run()
INFO - 2026-02-27 12:28:51 --> Session: Class initialized using 'CodeIgniter\Session\Handlers\FileHandler' driver.
WARNING - 2026-02-27 12:28:51 --> [DEPRECATED] Creation of dynamic property CodeIgniter\HTTP\IncomingRequest::$user is deprecated in APPPATH\Filters\JwtAuthWeb.php on line 32.
 1 SYSTEMPATH\Filters\Filters.php(182): App\Filters\JwtAuthWeb->before(Object(CodeIgniter\HTTP\IncomingRequest), null)
 2 SYSTEMPATH\CodeIgniter.php(475): CodeIgniter\Filters\Filters->run('service-page', 'before')
 3 SYSTEMPATH\CodeIgniter.php(361): CodeIgniter\CodeIgniter->handleRequest(null, Object(Config\Cache), false)
 4 FCPATH\index.php(79): CodeIgniter\CodeIgniter->run()
WARNING - 2026-02-27 12:28:51 --> [DEPRECATED] Optional parameter $cg declared before required parameter $hcode is implicitly treated as a required parameter in APPPATH\Models\cgserviceModel.php on line 93.
 1 SYSTEMPATH\Autoloader\Autoloader.php(311): include_once('D:\\xampp6\\htdocs\\project-jwt\\vendor\\codeigniter4\\framework\\system\\Debug\\Exceptions.php')
 2 SYSTEMPATH\Autoloader\Autoloader.php(290): CodeIgniter\Autoloader\Autoloader->includeFile('D:\\xampp6\\htdocs\\project-jwt\\app\\Models\\cgserviceModel.php')
 3 SYSTEMPATH\Autoloader\Autoloader.php(266): CodeIgniter\Autoloader\Autoloader->loadInNamespace('App\\Models\\cgserviceModel')
 4 APPPATH\Controllers\ServiceController.php(21): CodeIgniter\Autoloader\Autoloader->loadClass('App\\Models\\cgserviceModel')
 5 SYSTEMPATH\CodeIgniter.php(915): App\Controllers\ServiceController->__construct()
 6 SYSTEMPATH\CodeIgniter.php(494): CodeIgniter\CodeIgniter->createController()
 7 SYSTEMPATH\CodeIgniter.php(361): CodeIgniter\CodeIgniter->handleRequest(null, Object(Config\Cache), false)
 8 FCPATH\index.php(79): CodeIgniter\CodeIgniter->run()
WARNING - 2026-02-27 12:28:52 --> [DEPRECATED] Creation of dynamic property CodeIgniter\HTTP\IncomingRequest::$user is deprecated in APPPATH\Filters\JwtAuth.php on line 47.
 1 SYSTEMPATH\Filters\Filters.php(182): App\Filters\JwtAuth->before(Object(CodeIgniter\HTTP\IncomingRequest), null)
 2 SYSTEMPATH\CodeIgniter.php(475): CodeIgniter\Filters\Filters->run('api/profile', 'before')
 3 SYSTEMPATH\CodeIgniter.php(361): CodeIgniter\CodeIgniter->handleRequest(null, Object(Config\Cache), false)
 4 FCPATH\index.php(79): CodeIgniter\CodeIgniter->run()
INFO - 2026-02-27 12:28:55 --> Session: Class initialized using 'CodeIgniter\Session\Handlers\FileHandler' driver.
WARNING - 2026-02-27 12:28:55 --> [DEPRECATED] Creation of dynamic property CodeIgniter\HTTP\IncomingRequest::$user is deprecated in APPPATH\Filters\JwtAuthWeb.php on line 32.
 1 SYSTEMPATH\Filters\Filters.php(182): App\Filters\JwtAuthWeb->before(Object(CodeIgniter\HTTP\IncomingRequest), null)
 2 SYSTEMPATH\CodeIgniter.php(475): CodeIgniter\Filters\Filters->run('cgServicerep', 'before')
 3 SYSTEMPATH\CodeIgniter.php(361): CodeIgniter\CodeIgniter->handleRequest(null, Object(Config\Cache), false)
 4 FCPATH\index.php(79): CodeIgniter\CodeIgniter->run()
WARNING - 2026-02-27 12:28:55 --> [DEPRECATED] Optional parameter $cg declared before required parameter $hcode is implicitly treated as a required parameter in APPPATH\Models\cgserviceModel.php on line 93.
 1 SYSTEMPATH\Autoloader\Autoloader.php(311): include_once('D:\\xampp6\\htdocs\\project-jwt\\vendor\\codeigniter4\\framework\\system\\Debug\\Exceptions.php')
 2 SYSTEMPATH\Autoloader\Autoloader.php(290): CodeIgniter\Autoloader\Autoloader->includeFile('D:\\xampp6\\htdocs\\project-jwt\\app\\Models\\cgserviceModel.php')
 3 SYSTEMPATH\Autoloader\Autoloader.php(266): CodeIgniter\Autoloader\Autoloader->loadInNamespace('App\\Models\\cgserviceModel')
 4 APPPATH\Controllers\ServiceController.php(21): CodeIgniter\Autoloader\Autoloader->loadClass('App\\Models\\cgserviceModel')
 5 SYSTEMPATH\CodeIgniter.php(915): App\Controllers\ServiceController->__construct()
 6 SYSTEMPATH\CodeIgniter.php(494): CodeIgniter\CodeIgniter->createController()
 7 SYSTEMPATH\CodeIgniter.php(361): CodeIgniter\CodeIgniter->handleRequest(null, Object(Config\Cache), false)
 8 FCPATH\index.php(79): CodeIgniter\CodeIgniter->run()
INFO - 2026-02-27 12:29:16 --> Session: Class initialized using 'CodeIgniter\Session\Handlers\FileHandler' driver.
WARNING - 2026-02-27 12:29:16 --> [DEPRECATED] Creation of dynamic property CodeIgniter\HTTP\IncomingRequest::$user is deprecated in APPPATH\Filters\JwtAuthWeb.php on line 32.
 1 SYSTEMPATH\Filters\Filters.php(182): App\Filters\JwtAuthWeb->before(Object(CodeIgniter\HTTP\IncomingRequest), null)
 2 SYSTEMPATH\CodeIgniter.php(475): CodeIgniter\Filters\Filters->run('service-page', 'before')
 3 SYSTEMPATH\CodeIgniter.php(361): CodeIgniter\CodeIgniter->handleRequest(null, Object(Config\Cache), false)
 4 FCPATH\index.php(79): CodeIgniter\CodeIgniter->run()
WARNING - 2026-02-27 12:29:16 --> [DEPRECATED] Optional parameter $cg declared before required parameter $hcode is implicitly treated as a required parameter in APPPATH\Models\cgserviceModel.php on line 93.
 1 SYSTEMPATH\Autoloader\Autoloader.php(311): include_once('D:\\xampp6\\htdocs\\project-jwt\\vendor\\codeigniter4\\framework\\system\\Debug\\Exceptions.php')
 2 SYSTEMPATH\Autoloader\Autoloader.php(290): CodeIgniter\Autoloader\Autoloader->includeFile('D:\\xampp6\\htdocs\\project-jwt\\app\\Models\\cgserviceModel.php')
 3 SYSTEMPATH\Autoloader\Autoloader.php(266): CodeIgniter\Autoloader\Autoloader->loadInNamespace('App\\Models\\cgserviceModel')
 4 APPPATH\Controllers\ServiceController.php(21): CodeIgniter\Autoloader\Autoloader->loadClass('App\\Models\\cgserviceModel')
 5 SYSTEMPATH\CodeIgniter.php(915): App\Controllers\ServiceController->__construct()
 6 SYSTEMPATH\CodeIgniter.php(494): CodeIgniter\CodeIgniter->createController()
 7 SYSTEMPATH\CodeIgniter.php(361): CodeIgniter\CodeIgniter->handleRequest(null, Object(Config\Cache), false)
 8 FCPATH\index.php(79): CodeIgniter\CodeIgniter->run()
WARNING - 2026-02-27 12:29:16 --> [DEPRECATED] Creation of dynamic property CodeIgniter\HTTP\IncomingRequest::$user is deprecated in APPPATH\Filters\JwtAuth.php on line 47.
 1 SYSTEMPATH\Filters\Filters.php(182): App\Filters\JwtAuth->before(Object(CodeIgniter\HTTP\IncomingRequest), null)
 2 SYSTEMPATH\CodeIgniter.php(475): CodeIgniter\Filters\Filters->run('api/profile', 'before')
 3 SYSTEMPATH\CodeIgniter.php(361): CodeIgniter\CodeIgniter->handleRequest(null, Object(Config\Cache), false)
 4 FCPATH\index.php(79): CodeIgniter\CodeIgniter->run()
INFO - 2026-02-27 12:29:20 --> Session: Class initialized using 'CodeIgniter\Session\Handlers\FileHandler' driver.
WARNING - 2026-02-27 12:29:20 --> [DEPRECATED] Creation of dynamic property CodeIgniter\HTTP\IncomingRequest::$user is deprecated in APPPATH\Filters\JwtAuthWeb.php on line 32.
 1 SYSTEMPATH\Filters\Filters.php(182): App\Filters\JwtAuthWeb->before(Object(CodeIgniter\HTTP\IncomingRequest), null)
 2 SYSTEMPATH\CodeIgniter.php(475): CodeIgniter\Filters\Filters->run('cgServicerep', 'before')
 3 SYSTEMPATH\CodeIgniter.php(361): CodeIgniter\CodeIgniter->handleRequest(null, Object(Config\Cache), false)
 4 FCPATH\index.php(79): CodeIgniter\CodeIgniter->run()
WARNING - 2026-02-27 12:29:20 --> [DEPRECATED] Optional parameter $cg declared before required parameter $hcode is implicitly treated as a required parameter in APPPATH\Models\cgserviceModel.php on line 93.
 1 SYSTEMPATH\Autoloader\Autoloader.php(311): include_once('D:\\xampp6\\htdocs\\project-jwt\\vendor\\codeigniter4\\framework\\system\\Debug\\Exceptions.php')
 2 SYSTEMPATH\Autoloader\Autoloader.php(290): CodeIgniter\Autoloader\Autoloader->includeFile('D:\\xampp6\\htdocs\\project-jwt\\app\\Models\\cgserviceModel.php')
 3 SYSTEMPATH\Autoloader\Autoloader.php(266): CodeIgniter\Autoloader\Autoloader->loadInNamespace('App\\Models\\cgserviceModel')
 4 APPPATH\Controllers\ServiceController.php(21): CodeIgniter\Autoloader\Autoloader->loadClass('App\\Models\\cgserviceModel')
 5 SYSTEMPATH\CodeIgniter.php(915): App\Controllers\ServiceController->__construct()
 6 SYSTEMPATH\CodeIgniter.php(494): CodeIgniter\CodeIgniter->createController()
 7 SYSTEMPATH\CodeIgniter.php(361): CodeIgniter\CodeIgniter->handleRequest(null, Object(Config\Cache), false)
 8 FCPATH\index.php(79): CodeIgniter\CodeIgniter->run()
INFO - 2026-02-27 12:29:30 --> Session: Class initialized using 'CodeIgniter\Session\Handlers\FileHandler' driver.
WARNING - 2026-02-27 12:29:30 --> [DEPRECATED] Creation of dynamic property CodeIgniter\HTTP\IncomingRequest::$user is deprecated in APPPATH\Filters\JwtAuthWeb.php on line 32.
 1 SYSTEMPATH\Filters\Filters.php(182): App\Filters\JwtAuthWeb->before(Object(CodeIgniter\HTTP\IncomingRequest), null)
 2 SYSTEMPATH\CodeIgniter.php(475): CodeIgniter\Filters\Filters->run('caregiver-page', 'before')
 3 SYSTEMPATH\CodeIgniter.php(361): CodeIgniter\CodeIgniter->handleRequest(null, Object(Config\Cache), false)
 4 FCPATH\index.php(79): CodeIgniter\CodeIgniter->run()
WARNING - 2026-02-27 12:29:30 --> [DEPRECATED] Creation of dynamic property CodeIgniter\HTTP\IncomingRequest::$user is deprecated in APPPATH\Filters\JwtAuth.php on line 47.
 1 SYSTEMPATH\Filters\Filters.php(182): App\Filters\JwtAuth->before(Object(CodeIgniter\HTTP\IncomingRequest), null)
 2 SYSTEMPATH\CodeIgniter.php(475): CodeIgniter\Filters\Filters->run('api/profile', 'before')
 3 SYSTEMPATH\CodeIgniter.php(361): CodeIgniter\CodeIgniter->handleRequest(null, Object(Config\Cache), false)
 4 FCPATH\index.php(79): CodeIgniter\CodeIgniter->run()
INFO - 2026-02-27 12:29:30 --> Session: Class initialized using 'CodeIgniter\Session\Handlers\FileHandler' driver.
WARNING - 2026-02-27 12:29:30 --> [DEPRECATED] Creation of dynamic property CodeIgniter\HTTP\IncomingRequest::$user is deprecated in APPPATH\Filters\JwtAuthWeb.php on line 32.
 1 SYSTEMPATH\Filters\Filters.php(182): App\Filters\JwtAuthWeb->before(Object(CodeIgniter\HTTP\IncomingRequest), null)
 2 SYSTEMPATH\CodeIgniter.php(475): CodeIgniter\Filters\Filters->run('getCaregiverData', 'before')
 3 SYSTEMPATH\CodeIgniter.php(361): CodeIgniter\CodeIgniter->handleRequest(null, Object(Config\Cache), false)
 4 FCPATH\index.php(79): CodeIgniter\CodeIgniter->run()
INFO - 2026-02-27 12:29:33 --> Session: Class initialized using 'CodeIgniter\Session\Handlers\FileHandler' driver.
WARNING - 2026-02-27 12:29:33 --> [DEPRECATED] Creation of dynamic property CodeIgniter\HTTP\IncomingRequest::$user is deprecated in APPPATH\Filters\JwtAuthWeb.php on line 32.
 1 SYSTEMPATH\Filters\Filters.php(182): App\Filters\JwtAuthWeb->before(Object(CodeIgniter\HTTP\IncomingRequest), null)
 2 SYSTEMPATH\CodeIgniter.php(475): CodeIgniter\Filters\Filters->run('getCaregiverData', 'before')
 3 SYSTEMPATH\CodeIgniter.php(361): CodeIgniter\CodeIgniter->handleRequest(null, Object(Config\Cache), false)
 4 FCPATH\index.php(79): CodeIgniter\CodeIgniter->run()
INFO - 2026-02-27 12:29:34 --> Session: Class initialized using 'CodeIgniter\Session\Handlers\FileHandler' driver.
WARNING - 2026-02-27 12:29:34 --> [DEPRECATED] Creation of dynamic property CodeIgniter\HTTP\IncomingRequest::$user is deprecated in APPPATH\Filters\JwtAuthWeb.php on line 32.
 1 SYSTEMPATH\Filters\Filters.php(182): App\Filters\JwtAuthWeb->before(Object(CodeIgniter\HTTP\IncomingRequest), null)
 2 SYSTEMPATH\CodeIgniter.php(475): CodeIgniter\Filters\Filters->run('getCaregiverData', 'before')
 3 SYSTEMPATH\CodeIgniter.php(361): CodeIgniter\CodeIgniter->handleRequest(null, Object(Config\Cache), false)
 4 FCPATH\index.php(79): CodeIgniter\CodeIgniter->run()
INFO - 2026-02-27 12:29:35 --> Session: Class initialized using 'CodeIgniter\Session\Handlers\FileHandler' driver.
WARNING - 2026-02-27 12:29:35 --> [DEPRECATED] Creation of dynamic property CodeIgniter\HTTP\IncomingRequest::$user is deprecated in APPPATH\Filters\JwtAuthWeb.php on line 32.
 1 SYSTEMPATH\Filters\Filters.php(182): App\Filters\JwtAuthWeb->before(Object(CodeIgniter\HTTP\IncomingRequest), null)
 2 SYSTEMPATH\CodeIgniter.php(475): CodeIgniter\Filters\Filters->run('getCaregiverData', 'before')
 3 SYSTEMPATH\CodeIgniter.php(361): CodeIgniter\CodeIgniter->handleRequest(null, Object(Config\Cache), false)
 4 FCPATH\index.php(79): CodeIgniter\CodeIgniter->run()
INFO - 2026-02-27 12:31:09 --> Session: Class initialized using 'CodeIgniter\Session\Handlers\FileHandler' driver.
WARNING - 2026-02-27 12:31:09 --> [DEPRECATED] Creation of dynamic property CodeIgniter\HTTP\IncomingRequest::$user is deprecated in APPPATH\Filters\JwtAuthWeb.php on line 32.
 1 SYSTEMPATH\Filters\Filters.php(182): App\Filters\JwtAuthWeb->before(Object(CodeIgniter\HTTP\IncomingRequest), null)
 2 SYSTEMPATH\CodeIgniter.php(475): CodeIgniter\Filters\Filters->run('caregiver-page', 'before')
 3 SYSTEMPATH\CodeIgniter.php(361): CodeIgniter\CodeIgniter->handleRequest(null, Object(Config\Cache), false)
 4 FCPATH\index.php(79): CodeIgniter\CodeIgniter->run()
WARNING - 2026-02-27 12:31:09 --> [DEPRECATED] Creation of dynamic property CodeIgniter\HTTP\IncomingRequest::$user is deprecated in APPPATH\Filters\JwtAuth.php on line 47.
 1 SYSTEMPATH\Filters\Filters.php(182): App\Filters\JwtAuth->before(Object(CodeIgniter\HTTP\IncomingRequest), null)
 2 SYSTEMPATH\CodeIgniter.php(475): CodeIgniter\Filters\Filters->run('api/profile', 'before')
 3 SYSTEMPATH\CodeIgniter.php(361): CodeIgniter\CodeIgniter->handleRequest(null, Object(Config\Cache), false)
 4 FCPATH\index.php(79): CodeIgniter\CodeIgniter->run()
INFO - 2026-02-27 12:31:09 --> Session: Class initialized using 'CodeIgniter\Session\Handlers\FileHandler' driver.
WARNING - 2026-02-27 12:31:09 --> [DEPRECATED] Creation of dynamic property CodeIgniter\HTTP\IncomingRequest::$user is deprecated in APPPATH\Filters\JwtAuthWeb.php on line 32.
 1 SYSTEMPATH\Filters\Filters.php(182): App\Filters\JwtAuthWeb->before(Object(CodeIgniter\HTTP\IncomingRequest), null)
 2 SYSTEMPATH\CodeIgniter.php(475): CodeIgniter\Filters\Filters->run('getCaregiverData', 'before')
 3 SYSTEMPATH\CodeIgniter.php(361): CodeIgniter\CodeIgniter->handleRequest(null, Object(Config\Cache), false)
 4 FCPATH\index.php(79): CodeIgniter\CodeIgniter->run()
INFO - 2026-02-27 12:31:16 --> Session: Class initialized using 'CodeIgniter\Session\Handlers\FileHandler' driver.
WARNING - 2026-02-27 12:31:16 --> [DEPRECATED] Creation of dynamic property CodeIgniter\HTTP\IncomingRequest::$user is deprecated in APPPATH\Filters\JwtAuthWeb.php on line 32.
 1 SYSTEMPATH\Filters\Filters.php(182): App\Filters\JwtAuthWeb->before(Object(CodeIgniter\HTTP\IncomingRequest), null)
 2 SYSTEMPATH\CodeIgniter.php(475): CodeIgniter\Filters\Filters->run('service-page', 'before')
 3 SYSTEMPATH\CodeIgniter.php(361): CodeIgniter\CodeIgniter->handleRequest(null, Object(Config\Cache), false)
 4 FCPATH\index.php(79): CodeIgniter\CodeIgniter->run()
WARNING - 2026-02-27 12:31:16 --> [DEPRECATED] Optional parameter $cg declared before required parameter $hcode is implicitly treated as a required parameter in APPPATH\Models\cgserviceModel.php on line 93.
 1 SYSTEMPATH\Autoloader\Autoloader.php(311): include_once('D:\\xampp6\\htdocs\\project-jwt\\vendor\\codeigniter4\\framework\\system\\Debug\\Exceptions.php')
 2 SYSTEMPATH\Autoloader\Autoloader.php(290): CodeIgniter\Autoloader\Autoloader->includeFile('D:\\xampp6\\htdocs\\project-jwt\\app\\Models\\cgserviceModel.php')
 3 SYSTEMPATH\Autoloader\Autoloader.php(266): CodeIgniter\Autoloader\Autoloader->loadInNamespace('App\\Models\\cgserviceModel')
 4 APPPATH\Controllers\ServiceController.php(21): CodeIgniter\Autoloader\Autoloader->loadClass('App\\Models\\cgserviceModel')
 5 SYSTEMPATH\CodeIgniter.php(915): App\Controllers\ServiceController->__construct()
 6 SYSTEMPATH\CodeIgniter.php(494): CodeIgniter\CodeIgniter->createController()
 7 SYSTEMPATH\CodeIgniter.php(361): CodeIgniter\CodeIgniter->handleRequest(null, Object(Config\Cache), false)
 8 FCPATH\index.php(79): CodeIgniter\CodeIgniter->run()
WARNING - 2026-02-27 12:31:16 --> [DEPRECATED] Creation of dynamic property CodeIgniter\HTTP\IncomingRequest::$user is deprecated in APPPATH\Filters\JwtAuth.php on line 47.
 1 SYSTEMPATH\Filters\Filters.php(182): App\Filters\JwtAuth->before(Object(CodeIgniter\HTTP\IncomingRequest), null)
 2 SYSTEMPATH\CodeIgniter.php(475): CodeIgniter\Filters\Filters->run('api/profile', 'before')
 3 SYSTEMPATH\CodeIgniter.php(361): CodeIgniter\CodeIgniter->handleRequest(null, Object(Config\Cache), false)
 4 FCPATH\index.php(79): CodeIgniter\CodeIgniter->run()
INFO - 2026-02-27 12:31:20 --> Session: Class initialized using 'CodeIgniter\Session\Handlers\FileHandler' driver.
WARNING - 2026-02-27 12:31:20 --> [DEPRECATED] Creation of dynamic property CodeIgniter\HTTP\IncomingRequest::$user is deprecated in APPPATH\Filters\JwtAuthWeb.php on line 32.
 1 SYSTEMPATH\Filters\Filters.php(182): App\Filters\JwtAuthWeb->before(Object(CodeIgniter\HTTP\IncomingRequest), null)
 2 SYSTEMPATH\CodeIgniter.php(475): CodeIgniter\Filters\Filters->run('cgServicerep', 'before')
 3 SYSTEMPATH\CodeIgniter.php(361): CodeIgniter\CodeIgniter->handleRequest(null, Object(Config\Cache), false)
 4 FCPATH\index.php(79): CodeIgniter\CodeIgniter->run()
WARNING - 2026-02-27 12:31:20 --> [DEPRECATED] Optional parameter $cg declared before required parameter $hcode is implicitly treated as a required parameter in APPPATH\Models\cgserviceModel.php on line 93.
 1 SYSTEMPATH\Autoloader\Autoloader.php(311): include_once('D:\\xampp6\\htdocs\\project-jwt\\vendor\\codeigniter4\\framework\\system\\Debug\\Exceptions.php')
 2 SYSTEMPATH\Autoloader\Autoloader.php(290): CodeIgniter\Autoloader\Autoloader->includeFile('D:\\xampp6\\htdocs\\project-jwt\\app\\Models\\cgserviceModel.php')
 3 SYSTEMPATH\Autoloader\Autoloader.php(266): CodeIgniter\Autoloader\Autoloader->loadInNamespace('App\\Models\\cgserviceModel')
 4 APPPATH\Controllers\ServiceController.php(21): CodeIgniter\Autoloader\Autoloader->loadClass('App\\Models\\cgserviceModel')
 5 SYSTEMPATH\CodeIgniter.php(915): App\Controllers\ServiceController->__construct()
 6 SYSTEMPATH\CodeIgniter.php(494): CodeIgniter\CodeIgniter->createController()
 7 SYSTEMPATH\CodeIgniter.php(361): CodeIgniter\CodeIgniter->handleRequest(null, Object(Config\Cache), false)
 8 FCPATH\index.php(79): CodeIgniter\CodeIgniter->run()
INFO - 2026-02-27 12:31:23 --> Session: Class initialized using 'CodeIgniter\Session\Handlers\FileHandler' driver.
WARNING - 2026-02-27 12:31:23 --> [DEPRECATED] Creation of dynamic property CodeIgniter\HTTP\IncomingRequest::$user is deprecated in APPPATH\Filters\JwtAuthWeb.php on line 32.
 1 SYSTEMPATH\Filters\Filters.php(182): App\Filters\JwtAuthWeb->before(Object(CodeIgniter\HTTP\IncomingRequest), null)
 2 SYSTEMPATH\CodeIgniter.php(475): CodeIgniter\Filters\Filters->run('cgServicerep', 'before')
 3 SYSTEMPATH\CodeIgniter.php(361): CodeIgniter\CodeIgniter->handleRequest(null, Object(Config\Cache), false)
 4 FCPATH\index.php(79): CodeIgniter\CodeIgniter->run()
WARNING - 2026-02-27 12:31:23 --> [DEPRECATED] Optional parameter $cg declared before required parameter $hcode is implicitly treated as a required parameter in APPPATH\Models\cgserviceModel.php on line 93.
 1 SYSTEMPATH\Autoloader\Autoloader.php(311): include_once('D:\\xampp6\\htdocs\\project-jwt\\vendor\\codeigniter4\\framework\\system\\Debug\\Exceptions.php')
 2 SYSTEMPATH\Autoloader\Autoloader.php(290): CodeIgniter\Autoloader\Autoloader->includeFile('D:\\xampp6\\htdocs\\project-jwt\\app\\Models\\cgserviceModel.php')
 3 SYSTEMPATH\Autoloader\Autoloader.php(266): CodeIgniter\Autoloader\Autoloader->loadInNamespace('App\\Models\\cgserviceModel')
 4 APPPATH\Controllers\ServiceController.php(21): CodeIgniter\Autoloader\Autoloader->loadClass('App\\Models\\cgserviceModel')
 5 SYSTEMPATH\CodeIgniter.php(915): App\Controllers\ServiceController->__construct()
 6 SYSTEMPATH\CodeIgniter.php(494): CodeIgniter\CodeIgniter->createController()
 7 SYSTEMPATH\CodeIgniter.php(361): CodeIgniter\CodeIgniter->handleRequest(null, Object(Config\Cache), false)
 8 FCPATH\index.php(79): CodeIgniter\CodeIgniter->run()
INFO - 2026-02-27 12:31:24 --> Session: Class initialized using 'CodeIgniter\Session\Handlers\FileHandler' driver.
WARNING - 2026-02-27 12:31:24 --> [DEPRECATED] Creation of dynamic property CodeIgniter\HTTP\IncomingRequest::$user is deprecated in APPPATH\Filters\JwtAuthWeb.php on line 32.
 1 SYSTEMPATH\Filters\Filters.php(182): App\Filters\JwtAuthWeb->before(Object(CodeIgniter\HTTP\IncomingRequest), null)
 2 SYSTEMPATH\CodeIgniter.php(475): CodeIgniter\Filters\Filters->run('ltc-view-details/267/2026/2', 'before')
 3 SYSTEMPATH\CodeIgniter.php(361): CodeIgniter\CodeIgniter->handleRequest(null, Object(Config\Cache), false)
 4 FCPATH\index.php(79): CodeIgniter\CodeIgniter->run()
WARNING - 2026-02-27 12:31:24 --> [DEPRECATED] Optional parameter $cg declared before required parameter $hcode is implicitly treated as a required parameter in APPPATH\Models\cgserviceModel.php on line 93.
 1 SYSTEMPATH\Autoloader\Autoloader.php(311): include_once('D:\\xampp6\\htdocs\\project-jwt\\vendor\\codeigniter4\\framework\\system\\Debug\\Exceptions.php')
 2 SYSTEMPATH\Autoloader\Autoloader.php(290): CodeIgniter\Autoloader\Autoloader->includeFile('D:\\xampp6\\htdocs\\project-jwt\\app\\Models\\cgserviceModel.php')
 3 SYSTEMPATH\Autoloader\Autoloader.php(266): CodeIgniter\Autoloader\Autoloader->loadInNamespace('App\\Models\\cgserviceModel')
 4 APPPATH\Controllers\ServiceController.php(21): CodeIgniter\Autoloader\Autoloader->loadClass('App\\Models\\cgserviceModel')
 5 SYSTEMPATH\CodeIgniter.php(915): App\Controllers\ServiceController->__construct()
 6 SYSTEMPATH\CodeIgniter.php(494): CodeIgniter\CodeIgniter->createController()
 7 SYSTEMPATH\CodeIgniter.php(361): CodeIgniter\CodeIgniter->handleRequest(null, Object(Config\Cache), false)
 8 FCPATH\index.php(79): CodeIgniter\CodeIgniter->run()
WARNING - 2026-02-27 12:31:24 --> [DEPRECATED] Creation of dynamic property CodeIgniter\HTTP\IncomingRequest::$user is deprecated in APPPATH\Filters\JwtAuth.php on line 47.
 1 SYSTEMPATH\Filters\Filters.php(182): App\Filters\JwtAuth->before(Object(CodeIgniter\HTTP\IncomingRequest), null)
 2 SYSTEMPATH\CodeIgniter.php(475): CodeIgniter\Filters\Filters->run('api/profile', 'before')
 3 SYSTEMPATH\CodeIgniter.php(361): CodeIgniter\CodeIgniter->handleRequest(null, Object(Config\Cache), false)
 4 FCPATH\index.php(79): CodeIgniter\CodeIgniter->run()
INFO - 2026-02-27 12:31:26 --> Session: Class initialized using 'CodeIgniter\Session\Handlers\FileHandler' driver.
WARNING - 2026-02-27 12:31:26 --> [DEPRECATED] Creation of dynamic property CodeIgniter\HTTP\IncomingRequest::$user is deprecated in APPPATH\Filters\JwtAuthWeb.php on line 32.
 1 SYSTEMPATH\Filters\Filters.php(182): App\Filters\JwtAuthWeb->before(Object(CodeIgniter\HTTP\IncomingRequest), null)
 2 SYSTEMPATH\CodeIgniter.php(475): CodeIgniter\Filters\Filters->run('getCGservice', 'before')
 3 SYSTEMPATH\CodeIgniter.php(361): CodeIgniter\CodeIgniter->handleRequest(null, Object(Config\Cache), false)
 4 FCPATH\index.php(79): CodeIgniter\CodeIgniter->run()
WARNING - 2026-02-27 12:31:26 --> [DEPRECATED] Optional parameter $cg declared before required parameter $hcode is implicitly treated as a required parameter in APPPATH\Models\cgserviceModel.php on line 93.
 1 SYSTEMPATH\Autoloader\Autoloader.php(311): include_once('D:\\xampp6\\htdocs\\project-jwt\\vendor\\codeigniter4\\framework\\system\\Debug\\Exceptions.php')
 2 SYSTEMPATH\Autoloader\Autoloader.php(290): CodeIgniter\Autoloader\Autoloader->includeFile('D:\\xampp6\\htdocs\\project-jwt\\app\\Models\\cgserviceModel.php')
 3 SYSTEMPATH\Autoloader\Autoloader.php(266): CodeIgniter\Autoloader\Autoloader->loadInNamespace('App\\Models\\cgserviceModel')
 4 APPPATH\Controllers\ServiceController.php(21): CodeIgniter\Autoloader\Autoloader->loadClass('App\\Models\\cgserviceModel')
 5 SYSTEMPATH\CodeIgniter.php(915): App\Controllers\ServiceController->__construct()
 6 SYSTEMPATH\CodeIgniter.php(494): CodeIgniter\CodeIgniter->createController()
 7 SYSTEMPATH\CodeIgniter.php(361): CodeIgniter\CodeIgniter->handleRequest(null, Object(Config\Cache), false)
 8 FCPATH\index.php(79): CodeIgniter\CodeIgniter->run()
INFO - 2026-02-27 12:32:18 --> Session: Class initialized using 'CodeIgniter\Session\Handlers\FileHandler' driver.
WARNING - 2026-02-27 12:32:18 --> [DEPRECATED] Creation of dynamic property CodeIgniter\HTTP\IncomingRequest::$user is deprecated in APPPATH\Filters\JwtAuthWeb.php on line 32.
 1 SYSTEMPATH\Filters\Filters.php(182): App\Filters\JwtAuthWeb->before(Object(CodeIgniter\HTTP\IncomingRequest), null)
 2 SYSTEMPATH\CodeIgniter.php(475): CodeIgniter\Filters\Filters->run('ltc-view-details/267/2026/2', 'before')
 3 SYSTEMPATH\CodeIgniter.php(361): CodeIgniter\CodeIgniter->handleRequest(null, Object(Config\Cache), false)
 4 FCPATH\index.php(79): CodeIgniter\CodeIgniter->run()
WARNING - 2026-02-27 12:32:19 --> [DEPRECATED] Optional parameter $cg declared before required parameter $hcode is implicitly treated as a required parameter in APPPATH\Models\cgserviceModel.php on line 93.
 1 SYSTEMPATH\Autoloader\Autoloader.php(311): include_once('D:\\xampp6\\htdocs\\project-jwt\\vendor\\codeigniter4\\framework\\system\\Debug\\Exceptions.php')
 2 SYSTEMPATH\Autoloader\Autoloader.php(290): CodeIgniter\Autoloader\Autoloader->includeFile('D:\\xampp6\\htdocs\\project-jwt\\app\\Models\\cgserviceModel.php')
 3 SYSTEMPATH\Autoloader\Autoloader.php(266): CodeIgniter\Autoloader\Autoloader->loadInNamespace('App\\Models\\cgserviceModel')
 4 APPPATH\Controllers\ServiceController.php(21): CodeIgniter\Autoloader\Autoloader->loadClass('App\\Models\\cgserviceModel')
 5 SYSTEMPATH\CodeIgniter.php(915): App\Controllers\ServiceController->__construct()
 6 SYSTEMPATH\CodeIgniter.php(494): CodeIgniter\CodeIgniter->createController()
 7 SYSTEMPATH\CodeIgniter.php(361): CodeIgniter\CodeIgniter->handleRequest(null, Object(Config\Cache), false)
 8 FCPATH\index.php(79): CodeIgniter\CodeIgniter->run()
WARNING - 2026-02-27 12:32:19 --> [DEPRECATED] Creation of dynamic property CodeIgniter\HTTP\IncomingRequest::$user is deprecated in APPPATH\Filters\JwtAuth.php on line 47.
 1 SYSTEMPATH\Filters\Filters.php(182): App\Filters\JwtAuth->before(Object(CodeIgniter\HTTP\IncomingRequest), null)
 2 SYSTEMPATH\CodeIgniter.php(475): CodeIgniter\Filters\Filters->run('api/profile', 'before')
 3 SYSTEMPATH\CodeIgniter.php(361): CodeIgniter\CodeIgniter->handleRequest(null, Object(Config\Cache), false)
 4 FCPATH\index.php(79): CodeIgniter\CodeIgniter->run()
INFO - 2026-02-27 12:32:20 --> Session: Class initialized using 'CodeIgniter\Session\Handlers\FileHandler' driver.
WARNING - 2026-02-27 12:32:20 --> [DEPRECATED] Creation of dynamic property CodeIgniter\HTTP\IncomingRequest::$user is deprecated in APPPATH\Filters\JwtAuthWeb.php on line 32.
 1 SYSTEMPATH\Filters\Filters.php(182): App\Filters\JwtAuthWeb->before(Object(CodeIgniter\HTTP\IncomingRequest), null)
 2 SYSTEMPATH\CodeIgniter.php(475): CodeIgniter\Filters\Filters->run('getCGservice', 'before')
 3 SYSTEMPATH\CodeIgniter.php(361): CodeIgniter\CodeIgniter->handleRequest(null, Object(Config\Cache), false)
 4 FCPATH\index.php(79): CodeIgniter\CodeIgniter->run()
WARNING - 2026-02-27 12:32:20 --> [DEPRECATED] Optional parameter $cg declared before required parameter $hcode is implicitly treated as a required parameter in APPPATH\Models\cgserviceModel.php on line 93.
 1 SYSTEMPATH\Autoloader\Autoloader.php(311): include_once('D:\\xampp6\\htdocs\\project-jwt\\vendor\\codeigniter4\\framework\\system\\Debug\\Exceptions.php')
 2 SYSTEMPATH\Autoloader\Autoloader.php(290): CodeIgniter\Autoloader\Autoloader->includeFile('D:\\xampp6\\htdocs\\project-jwt\\app\\Models\\cgserviceModel.php')
 3 SYSTEMPATH\Autoloader\Autoloader.php(266): CodeIgniter\Autoloader\Autoloader->loadInNamespace('App\\Models\\cgserviceModel')
 4 APPPATH\Controllers\ServiceController.php(21): CodeIgniter\Autoloader\Autoloader->loadClass('App\\Models\\cgserviceModel')
 5 SYSTEMPATH\CodeIgniter.php(915): App\Controllers\ServiceController->__construct()
 6 SYSTEMPATH\CodeIgniter.php(494): CodeIgniter\CodeIgniter->createController()
 7 SYSTEMPATH\CodeIgniter.php(361): CodeIgniter\CodeIgniter->handleRequest(null, Object(Config\Cache), false)
 8 FCPATH\index.php(79): CodeIgniter\CodeIgniter->run()
INFO - 2026-02-27 12:32:46 --> Session: Class initialized using 'CodeIgniter\Session\Handlers\FileHandler' driver.
WARNING - 2026-02-27 12:32:46 --> [DEPRECATED] Creation of dynamic property CodeIgniter\HTTP\IncomingRequest::$user is deprecated in APPPATH\Filters\JwtAuthWeb.php on line 32.
 1 SYSTEMPATH\Filters\Filters.php(182): App\Filters\JwtAuthWeb->before(Object(CodeIgniter\HTTP\IncomingRequest), null)
 2 SYSTEMPATH\CodeIgniter.php(475): CodeIgniter\Filters\Filters->run('ltc-view-details/267/2026/2', 'before')
 3 SYSTEMPATH\CodeIgniter.php(361): CodeIgniter\CodeIgniter->handleRequest(null, Object(Config\Cache), false)
 4 FCPATH\index.php(79): CodeIgniter\CodeIgniter->run()
WARNING - 2026-02-27 12:32:46 --> [DEPRECATED] Optional parameter $cg declared before required parameter $hcode is implicitly treated as a required parameter in APPPATH\Models\cgserviceModel.php on line 93.
 1 SYSTEMPATH\Autoloader\Autoloader.php(311): include_once('D:\\xampp6\\htdocs\\project-jwt\\vendor\\codeigniter4\\framework\\system\\Debug\\Exceptions.php')
 2 SYSTEMPATH\Autoloader\Autoloader.php(290): CodeIgniter\Autoloader\Autoloader->includeFile('D:\\xampp6\\htdocs\\project-jwt\\app\\Models\\cgserviceModel.php')
 3 SYSTEMPATH\Autoloader\Autoloader.php(266): CodeIgniter\Autoloader\Autoloader->loadInNamespace('App\\Models\\cgserviceModel')
 4 APPPATH\Controllers\ServiceController.php(21): CodeIgniter\Autoloader\Autoloader->loadClass('App\\Models\\cgserviceModel')
 5 SYSTEMPATH\CodeIgniter.php(915): App\Controllers\ServiceController->__construct()
 6 SYSTEMPATH\CodeIgniter.php(494): CodeIgniter\CodeIgniter->createController()
 7 SYSTEMPATH\CodeIgniter.php(361): CodeIgniter\CodeIgniter->handleRequest(null, Object(Config\Cache), false)
 8 FCPATH\index.php(79): CodeIgniter\CodeIgniter->run()
WARNING - 2026-02-27 12:32:47 --> [DEPRECATED] Creation of dynamic property CodeIgniter\HTTP\IncomingRequest::$user is deprecated in APPPATH\Filters\JwtAuth.php on line 47.
 1 SYSTEMPATH\Filters\Filters.php(182): App\Filters\JwtAuth->before(Object(CodeIgniter\HTTP\IncomingRequest), null)
 2 SYSTEMPATH\CodeIgniter.php(475): CodeIgniter\Filters\Filters->run('api/profile', 'before')
 3 SYSTEMPATH\CodeIgniter.php(361): CodeIgniter\CodeIgniter->handleRequest(null, Object(Config\Cache), false)
 4 FCPATH\index.php(79): CodeIgniter\CodeIgniter->run()
INFO - 2026-02-27 12:32:48 --> Session: Class initialized using 'CodeIgniter\Session\Handlers\FileHandler' driver.
WARNING - 2026-02-27 12:32:48 --> [DEPRECATED] Creation of dynamic property CodeIgniter\HTTP\IncomingRequest::$user is deprecated in APPPATH\Filters\JwtAuthWeb.php on line 32.
 1 SYSTEMPATH\Filters\Filters.php(182): App\Filters\JwtAuthWeb->before(Object(CodeIgniter\HTTP\IncomingRequest), null)
 2 SYSTEMPATH\CodeIgniter.php(475): CodeIgniter\Filters\Filters->run('getCGservice', 'before')
 3 SYSTEMPATH\CodeIgniter.php(361): CodeIgniter\CodeIgniter->handleRequest(null, Object(Config\Cache), false)
 4 FCPATH\index.php(79): CodeIgniter\CodeIgniter->run()
WARNING - 2026-02-27 12:32:48 --> [DEPRECATED] Optional parameter $cg declared before required parameter $hcode is implicitly treated as a required parameter in APPPATH\Models\cgserviceModel.php on line 93.
 1 SYSTEMPATH\Autoloader\Autoloader.php(311): include_once('D:\\xampp6\\htdocs\\project-jwt\\vendor\\codeigniter4\\framework\\system\\Debug\\Exceptions.php')
 2 SYSTEMPATH\Autoloader\Autoloader.php(290): CodeIgniter\Autoloader\Autoloader->includeFile('D:\\xampp6\\htdocs\\project-jwt\\app\\Models\\cgserviceModel.php')
 3 SYSTEMPATH\Autoloader\Autoloader.php(266): CodeIgniter\Autoloader\Autoloader->loadInNamespace('App\\Models\\cgserviceModel')
 4 APPPATH\Controllers\ServiceController.php(21): CodeIgniter\Autoloader\Autoloader->loadClass('App\\Models\\cgserviceModel')
 5 SYSTEMPATH\CodeIgniter.php(915): App\Controllers\ServiceController->__construct()
 6 SYSTEMPATH\CodeIgniter.php(494): CodeIgniter\CodeIgniter->createController()
 7 SYSTEMPATH\CodeIgniter.php(361): CodeIgniter\CodeIgniter->handleRequest(null, Object(Config\Cache), false)
 8 FCPATH\index.php(79): CodeIgniter\CodeIgniter->run()
INFO - 2026-02-27 12:34:58 --> Session: Class initialized using 'CodeIgniter\Session\Handlers\FileHandler' driver.
WARNING - 2026-02-27 12:34:58 --> [DEPRECATED] Creation of dynamic property CodeIgniter\HTTP\IncomingRequest::$user is deprecated in APPPATH\Filters\JwtAuthWeb.php on line 32.
 1 SYSTEMPATH\Filters\Filters.php(182): App\Filters\JwtAuthWeb->before(Object(CodeIgniter\HTTP\IncomingRequest), null)
 2 SYSTEMPATH\CodeIgniter.php(475): CodeIgniter\Filters\Filters->run('ltc-view-details/267/2026/2', 'before')
 3 SYSTEMPATH\CodeIgniter.php(361): CodeIgniter\CodeIgniter->handleRequest(null, Object(Config\Cache), false)
 4 FCPATH\index.php(79): CodeIgniter\CodeIgniter->run()
WARNING - 2026-02-27 12:34:58 --> [DEPRECATED] Optional parameter $cg declared before required parameter $hcode is implicitly treated as a required parameter in APPPATH\Models\cgserviceModel.php on line 93.
 1 SYSTEMPATH\Autoloader\Autoloader.php(311): include_once('D:\\xampp6\\htdocs\\project-jwt\\vendor\\codeigniter4\\framework\\system\\Debug\\Exceptions.php')
 2 SYSTEMPATH\Autoloader\Autoloader.php(290): CodeIgniter\Autoloader\Autoloader->includeFile('D:\\xampp6\\htdocs\\project-jwt\\app\\Models\\cgserviceModel.php')
 3 SYSTEMPATH\Autoloader\Autoloader.php(266): CodeIgniter\Autoloader\Autoloader->loadInNamespace('App\\Models\\cgserviceModel')
 4 APPPATH\Controllers\ServiceController.php(21): CodeIgniter\Autoloader\Autoloader->loadClass('App\\Models\\cgserviceModel')
 5 SYSTEMPATH\CodeIgniter.php(915): App\Controllers\ServiceController->__construct()
 6 SYSTEMPATH\CodeIgniter.php(494): CodeIgniter\CodeIgniter->createController()
 7 SYSTEMPATH\CodeIgniter.php(361): CodeIgniter\CodeIgniter->handleRequest(null, Object(Config\Cache), false)
 8 FCPATH\index.php(79): CodeIgniter\CodeIgniter->run()
WARNING - 2026-02-27 12:34:58 --> [DEPRECATED] Creation of dynamic property CodeIgniter\HTTP\IncomingRequest::$user is deprecated in APPPATH\Filters\JwtAuth.php on line 47.
 1 SYSTEMPATH\Filters\Filters.php(182): App\Filters\JwtAuth->before(Object(CodeIgniter\HTTP\IncomingRequest), null)
 2 SYSTEMPATH\CodeIgniter.php(475): CodeIgniter\Filters\Filters->run('api/profile', 'before')
 3 SYSTEMPATH\CodeIgniter.php(361): CodeIgniter\CodeIgniter->handleRequest(null, Object(Config\Cache), false)
 4 FCPATH\index.php(79): CodeIgniter\CodeIgniter->run()
INFO - 2026-02-27 12:34:59 --> Session: Class initialized using 'CodeIgniter\Session\Handlers\FileHandler' driver.
WARNING - 2026-02-27 12:34:59 --> [DEPRECATED] Creation of dynamic property CodeIgniter\HTTP\IncomingRequest::$user is deprecated in APPPATH\Filters\JwtAuthWeb.php on line 32.
 1 SYSTEMPATH\Filters\Filters.php(182): App\Filters\JwtAuthWeb->before(Object(CodeIgniter\HTTP\IncomingRequest), null)
 2 SYSTEMPATH\CodeIgniter.php(475): CodeIgniter\Filters\Filters->run('getCGservice', 'before')
 3 SYSTEMPATH\CodeIgniter.php(361): CodeIgniter\CodeIgniter->handleRequest(null, Object(Config\Cache), false)
 4 FCPATH\index.php(79): CodeIgniter\CodeIgniter->run()
WARNING - 2026-02-27 12:34:59 --> [DEPRECATED] Optional parameter $cg declared before required parameter $hcode is implicitly treated as a required parameter in APPPATH\Models\cgserviceModel.php on line 93.
 1 SYSTEMPATH\Autoloader\Autoloader.php(311): include_once('D:\\xampp6\\htdocs\\project-jwt\\vendor\\codeigniter4\\framework\\system\\Debug\\Exceptions.php')
 2 SYSTEMPATH\Autoloader\Autoloader.php(290): CodeIgniter\Autoloader\Autoloader->includeFile('D:\\xampp6\\htdocs\\project-jwt\\app\\Models\\cgserviceModel.php')
 3 SYSTEMPATH\Autoloader\Autoloader.php(266): CodeIgniter\Autoloader\Autoloader->loadInNamespace('App\\Models\\cgserviceModel')
 4 APPPATH\Controllers\ServiceController.php(21): CodeIgniter\Autoloader\Autoloader->loadClass('App\\Models\\cgserviceModel')
 5 SYSTEMPATH\CodeIgniter.php(915): App\Controllers\ServiceController->__construct()
 6 SYSTEMPATH\CodeIgniter.php(494): CodeIgniter\CodeIgniter->createController()
 7 SYSTEMPATH\CodeIgniter.php(361): CodeIgniter\CodeIgniter->handleRequest(null, Object(Config\Cache), false)
 8 FCPATH\index.php(79): CodeIgniter\CodeIgniter->run()
INFO - 2026-02-27 12:36:26 --> Session: Class initialized using 'CodeIgniter\Session\Handlers\FileHandler' driver.
WARNING - 2026-02-27 12:36:26 --> [DEPRECATED] Creation of dynamic property CodeIgniter\HTTP\IncomingRequest::$user is deprecated in APPPATH\Filters\JwtAuthWeb.php on line 32.
 1 SYSTEMPATH\Filters\Filters.php(182): App\Filters\JwtAuthWeb->before(Object(CodeIgniter\HTTP\IncomingRequest), null)
 2 SYSTEMPATH\CodeIgniter.php(475): CodeIgniter\Filters\Filters->run('ltc-view-details/267/2026/2', 'before')
 3 SYSTEMPATH\CodeIgniter.php(361): CodeIgniter\CodeIgniter->handleRequest(null, Object(Config\Cache), false)
 4 FCPATH\index.php(79): CodeIgniter\CodeIgniter->run()
WARNING - 2026-02-27 12:36:26 --> [DEPRECATED] Optional parameter $cg declared before required parameter $hcode is implicitly treated as a required parameter in APPPATH\Models\cgserviceModel.php on line 93.
 1 SYSTEMPATH\Autoloader\Autoloader.php(311): include_once('D:\\xampp6\\htdocs\\project-jwt\\vendor\\codeigniter4\\framework\\system\\Debug\\Exceptions.php')
 2 SYSTEMPATH\Autoloader\Autoloader.php(290): CodeIgniter\Autoloader\Autoloader->includeFile('D:\\xampp6\\htdocs\\project-jwt\\app\\Models\\cgserviceModel.php')
 3 SYSTEMPATH\Autoloader\Autoloader.php(266): CodeIgniter\Autoloader\Autoloader->loadInNamespace('App\\Models\\cgserviceModel')
 4 APPPATH\Controllers\ServiceController.php(21): CodeIgniter\Autoloader\Autoloader->loadClass('App\\Models\\cgserviceModel')
 5 SYSTEMPATH\CodeIgniter.php(915): App\Controllers\ServiceController->__construct()
 6 SYSTEMPATH\CodeIgniter.php(494): CodeIgniter\CodeIgniter->createController()
 7 SYSTEMPATH\CodeIgniter.php(361): CodeIgniter\CodeIgniter->handleRequest(null, Object(Config\Cache), false)
 8 FCPATH\index.php(79): CodeIgniter\CodeIgniter->run()
WARNING - 2026-02-27 12:36:26 --> [DEPRECATED] Creation of dynamic property CodeIgniter\HTTP\IncomingRequest::$user is deprecated in APPPATH\Filters\JwtAuth.php on line 47.
 1 SYSTEMPATH\Filters\Filters.php(182): App\Filters\JwtAuth->before(Object(CodeIgniter\HTTP\IncomingRequest), null)
 2 SYSTEMPATH\CodeIgniter.php(475): CodeIgniter\Filters\Filters->run('api/profile', 'before')
 3 SYSTEMPATH\CodeIgniter.php(361): CodeIgniter\CodeIgniter->handleRequest(null, Object(Config\Cache), false)
 4 FCPATH\index.php(79): CodeIgniter\CodeIgniter->run()
INFO - 2026-02-27 12:36:27 --> Session: Class initialized using 'CodeIgniter\Session\Handlers\FileHandler' driver.
WARNING - 2026-02-27 12:36:27 --> [DEPRECATED] Creation of dynamic property CodeIgniter\HTTP\IncomingRequest::$user is deprecated in APPPATH\Filters\JwtAuthWeb.php on line 32.
 1 SYSTEMPATH\Filters\Filters.php(182): App\Filters\JwtAuthWeb->before(Object(CodeIgniter\HTTP\IncomingRequest), null)
 2 SYSTEMPATH\CodeIgniter.php(475): CodeIgniter\Filters\Filters->run('getCGservice', 'before')
 3 SYSTEMPATH\CodeIgniter.php(361): CodeIgniter\CodeIgniter->handleRequest(null, Object(Config\Cache), false)
 4 FCPATH\index.php(79): CodeIgniter\CodeIgniter->run()
WARNING - 2026-02-27 12:36:27 --> [DEPRECATED] Optional parameter $cg declared before required parameter $hcode is implicitly treated as a required parameter in APPPATH\Models\cgserviceModel.php on line 93.
 1 SYSTEMPATH\Autoloader\Autoloader.php(311): include_once('D:\\xampp6\\htdocs\\project-jwt\\vendor\\codeigniter4\\framework\\system\\Debug\\Exceptions.php')
 2 SYSTEMPATH\Autoloader\Autoloader.php(290): CodeIgniter\Autoloader\Autoloader->includeFile('D:\\xampp6\\htdocs\\project-jwt\\app\\Models\\cgserviceModel.php')
 3 SYSTEMPATH\Autoloader\Autoloader.php(266): CodeIgniter\Autoloader\Autoloader->loadInNamespace('App\\Models\\cgserviceModel')
 4 APPPATH\Controllers\ServiceController.php(21): CodeIgniter\Autoloader\Autoloader->loadClass('App\\Models\\cgserviceModel')
 5 SYSTEMPATH\CodeIgniter.php(915): App\Controllers\ServiceController->__construct()
 6 SYSTEMPATH\CodeIgniter.php(494): CodeIgniter\CodeIgniter->createController()
 7 SYSTEMPATH\CodeIgniter.php(361): CodeIgniter\CodeIgniter->handleRequest(null, Object(Config\Cache), false)
 8 FCPATH\index.php(79): CodeIgniter\CodeIgniter->run()
INFO - 2026-02-27 12:37:21 --> Session: Class initialized using 'CodeIgniter\Session\Handlers\FileHandler' driver.
WARNING - 2026-02-27 12:37:21 --> [DEPRECATED] Creation of dynamic property CodeIgniter\HTTP\IncomingRequest::$user is deprecated in APPPATH\Filters\JwtAuthWeb.php on line 32.
 1 SYSTEMPATH\Filters\Filters.php(182): App\Filters\JwtAuthWeb->before(Object(CodeIgniter\HTTP\IncomingRequest), null)
 2 SYSTEMPATH\CodeIgniter.php(475): CodeIgniter\Filters\Filters->run('ltc-view-details/267/2026/2', 'before')
 3 SYSTEMPATH\CodeIgniter.php(361): CodeIgniter\CodeIgniter->handleRequest(null, Object(Config\Cache), false)
 4 FCPATH\index.php(79): CodeIgniter\CodeIgniter->run()
WARNING - 2026-02-27 12:37:21 --> [DEPRECATED] Optional parameter $cg declared before required parameter $hcode is implicitly treated as a required parameter in APPPATH\Models\cgserviceModel.php on line 93.
 1 SYSTEMPATH\Autoloader\Autoloader.php(311): include_once('D:\\xampp6\\htdocs\\project-jwt\\vendor\\codeigniter4\\framework\\system\\Debug\\Exceptions.php')
 2 SYSTEMPATH\Autoloader\Autoloader.php(290): CodeIgniter\Autoloader\Autoloader->includeFile('D:\\xampp6\\htdocs\\project-jwt\\app\\Models\\cgserviceModel.php')
 3 SYSTEMPATH\Autoloader\Autoloader.php(266): CodeIgniter\Autoloader\Autoloader->loadInNamespace('App\\Models\\cgserviceModel')
 4 APPPATH\Controllers\ServiceController.php(21): CodeIgniter\Autoloader\Autoloader->loadClass('App\\Models\\cgserviceModel')
 5 SYSTEMPATH\CodeIgniter.php(915): App\Controllers\ServiceController->__construct()
 6 SYSTEMPATH\CodeIgniter.php(494): CodeIgniter\CodeIgniter->createController()
 7 SYSTEMPATH\CodeIgniter.php(361): CodeIgniter\CodeIgniter->handleRequest(null, Object(Config\Cache), false)
 8 FCPATH\index.php(79): CodeIgniter\CodeIgniter->run()
WARNING - 2026-02-27 12:37:21 --> [DEPRECATED] Creation of dynamic property CodeIgniter\HTTP\IncomingRequest::$user is deprecated in APPPATH\Filters\JwtAuth.php on line 47.
 1 SYSTEMPATH\Filters\Filters.php(182): App\Filters\JwtAuth->before(Object(CodeIgniter\HTTP\IncomingRequest), null)
 2 SYSTEMPATH\CodeIgniter.php(475): CodeIgniter\Filters\Filters->run('api/profile', 'before')
 3 SYSTEMPATH\CodeIgniter.php(361): CodeIgniter\CodeIgniter->handleRequest(null, Object(Config\Cache), false)
 4 FCPATH\index.php(79): CodeIgniter\CodeIgniter->run()
INFO - 2026-02-27 12:37:22 --> Session: Class initialized using 'CodeIgniter\Session\Handlers\FileHandler' driver.
WARNING - 2026-02-27 12:37:22 --> [DEPRECATED] Creation of dynamic property CodeIgniter\HTTP\IncomingRequest::$user is deprecated in APPPATH\Filters\JwtAuthWeb.php on line 32.
 1 SYSTEMPATH\Filters\Filters.php(182): App\Filters\JwtAuthWeb->before(Object(CodeIgniter\HTTP\IncomingRequest), null)
 2 SYSTEMPATH\CodeIgniter.php(475): CodeIgniter\Filters\Filters->run('getCGservice', 'before')
 3 SYSTEMPATH\CodeIgniter.php(361): CodeIgniter\CodeIgniter->handleRequest(null, Object(Config\Cache), false)
 4 FCPATH\index.php(79): CodeIgniter\CodeIgniter->run()
WARNING - 2026-02-27 12:37:22 --> [DEPRECATED] Optional parameter $cg declared before required parameter $hcode is implicitly treated as a required parameter in APPPATH\Models\cgserviceModel.php on line 93.
 1 SYSTEMPATH\Autoloader\Autoloader.php(311): include_once('D:\\xampp6\\htdocs\\project-jwt\\vendor\\codeigniter4\\framework\\system\\Debug\\Exceptions.php')
 2 SYSTEMPATH\Autoloader\Autoloader.php(290): CodeIgniter\Autoloader\Autoloader->includeFile('D:\\xampp6\\htdocs\\project-jwt\\app\\Models\\cgserviceModel.php')
 3 SYSTEMPATH\Autoloader\Autoloader.php(266): CodeIgniter\Autoloader\Autoloader->loadInNamespace('App\\Models\\cgserviceModel')
 4 APPPATH\Controllers\ServiceController.php(21): CodeIgniter\Autoloader\Autoloader->loadClass('App\\Models\\cgserviceModel')
 5 SYSTEMPATH\CodeIgniter.php(915): App\Controllers\ServiceController->__construct()
 6 SYSTEMPATH\CodeIgniter.php(494): CodeIgniter\CodeIgniter->createController()
 7 SYSTEMPATH\CodeIgniter.php(361): CodeIgniter\CodeIgniter->handleRequest(null, Object(Config\Cache), false)
 8 FCPATH\index.php(79): CodeIgniter\CodeIgniter->run()
INFO - 2026-02-27 12:39:23 --> Session: Class initialized using 'CodeIgniter\Session\Handlers\FileHandler' driver.
WARNING - 2026-02-27 12:39:23 --> [DEPRECATED] Creation of dynamic property CodeIgniter\HTTP\IncomingRequest::$user is deprecated in APPPATH\Filters\JwtAuthWeb.php on line 32.
 1 SYSTEMPATH\Filters\Filters.php(182): App\Filters\JwtAuthWeb->before(Object(CodeIgniter\HTTP\IncomingRequest), null)
 2 SYSTEMPATH\CodeIgniter.php(475): CodeIgniter\Filters\Filters->run('ltc-view-details/267/2026/2', 'before')
 3 SYSTEMPATH\CodeIgniter.php(361): CodeIgniter\CodeIgniter->handleRequest(null, Object(Config\Cache), false)
 4 FCPATH\index.php(79): CodeIgniter\CodeIgniter->run()
WARNING - 2026-02-27 12:39:23 --> [DEPRECATED] Optional parameter $cg declared before required parameter $hcode is implicitly treated as a required parameter in APPPATH\Models\cgserviceModel.php on line 93.
 1 SYSTEMPATH\Autoloader\Autoloader.php(311): include_once('D:\\xampp6\\htdocs\\project-jwt\\vendor\\codeigniter4\\framework\\system\\Debug\\Exceptions.php')
 2 SYSTEMPATH\Autoloader\Autoloader.php(290): CodeIgniter\Autoloader\Autoloader->includeFile('D:\\xampp6\\htdocs\\project-jwt\\app\\Models\\cgserviceModel.php')
 3 SYSTEMPATH\Autoloader\Autoloader.php(266): CodeIgniter\Autoloader\Autoloader->loadInNamespace('App\\Models\\cgserviceModel')
 4 APPPATH\Controllers\ServiceController.php(21): CodeIgniter\Autoloader\Autoloader->loadClass('App\\Models\\cgserviceModel')
 5 SYSTEMPATH\CodeIgniter.php(915): App\Controllers\ServiceController->__construct()
 6 SYSTEMPATH\CodeIgniter.php(494): CodeIgniter\CodeIgniter->createController()
 7 SYSTEMPATH\CodeIgniter.php(361): CodeIgniter\CodeIgniter->handleRequest(null, Object(Config\Cache), false)
 8 FCPATH\index.php(79): CodeIgniter\CodeIgniter->run()
WARNING - 2026-02-27 12:39:23 --> [DEPRECATED] Creation of dynamic property CodeIgniter\HTTP\IncomingRequest::$user is deprecated in APPPATH\Filters\JwtAuth.php on line 47.
 1 SYSTEMPATH\Filters\Filters.php(182): App\Filters\JwtAuth->before(Object(CodeIgniter\HTTP\IncomingRequest), null)
 2 SYSTEMPATH\CodeIgniter.php(475): CodeIgniter\Filters\Filters->run('api/profile', 'before')
 3 SYSTEMPATH\CodeIgniter.php(361): CodeIgniter\CodeIgniter->handleRequest(null, Object(Config\Cache), false)
 4 FCPATH\index.php(79): CodeIgniter\CodeIgniter->run()
INFO - 2026-02-27 12:39:24 --> Session: Class initialized using 'CodeIgniter\Session\Handlers\FileHandler' driver.
WARNING - 2026-02-27 12:39:24 --> [DEPRECATED] Creation of dynamic property CodeIgniter\HTTP\IncomingRequest::$user is deprecated in APPPATH\Filters\JwtAuthWeb.php on line 32.
 1 SYSTEMPATH\Filters\Filters.php(182): App\Filters\JwtAuthWeb->before(Object(CodeIgniter\HTTP\IncomingRequest), null)
 2 SYSTEMPATH\CodeIgniter.php(475): CodeIgniter\Filters\Filters->run('getCGservice', 'before')
 3 SYSTEMPATH\CodeIgniter.php(361): CodeIgniter\CodeIgniter->handleRequest(null, Object(Config\Cache), false)
 4 FCPATH\index.php(79): CodeIgniter\CodeIgniter->run()
WARNING - 2026-02-27 12:39:24 --> [DEPRECATED] Optional parameter $cg declared before required parameter $hcode is implicitly treated as a required parameter in APPPATH\Models\cgserviceModel.php on line 93.
 1 SYSTEMPATH\Autoloader\Autoloader.php(311): include_once('D:\\xampp6\\htdocs\\project-jwt\\vendor\\codeigniter4\\framework\\system\\Debug\\Exceptions.php')
 2 SYSTEMPATH\Autoloader\Autoloader.php(290): CodeIgniter\Autoloader\Autoloader->includeFile('D:\\xampp6\\htdocs\\project-jwt\\app\\Models\\cgserviceModel.php')
 3 SYSTEMPATH\Autoloader\Autoloader.php(266): CodeIgniter\Autoloader\Autoloader->loadInNamespace('App\\Models\\cgserviceModel')
 4 APPPATH\Controllers\ServiceController.php(21): CodeIgniter\Autoloader\Autoloader->loadClass('App\\Models\\cgserviceModel')
 5 SYSTEMPATH\CodeIgniter.php(915): App\Controllers\ServiceController->__construct()
 6 SYSTEMPATH\CodeIgniter.php(494): CodeIgniter\CodeIgniter->createController()
 7 SYSTEMPATH\CodeIgniter.php(361): CodeIgniter\CodeIgniter->handleRequest(null, Object(Config\Cache), false)
 8 FCPATH\index.php(79): CodeIgniter\CodeIgniter->run()
INFO - 2026-02-27 12:42:58 --> Session: Class initialized using 'CodeIgniter\Session\Handlers\FileHandler' driver.
WARNING - 2026-02-27 12:42:58 --> [DEPRECATED] Creation of dynamic property CodeIgniter\HTTP\IncomingRequest::$user is deprecated in APPPATH\Filters\JwtAuthWeb.php on line 32.
 1 SYSTEMPATH\Filters\Filters.php(182): App\Filters\JwtAuthWeb->before(Object(CodeIgniter\HTTP\IncomingRequest), null)
 2 SYSTEMPATH\CodeIgniter.php(475): CodeIgniter\Filters\Filters->run('ltc-view-details/267/2026/2', 'before')
 3 SYSTEMPATH\CodeIgniter.php(361): CodeIgniter\CodeIgniter->handleRequest(null, Object(Config\Cache), false)
 4 FCPATH\index.php(79): CodeIgniter\CodeIgniter->run()
WARNING - 2026-02-27 12:42:58 --> [DEPRECATED] Optional parameter $cg declared before required parameter $hcode is implicitly treated as a required parameter in APPPATH\Models\cgserviceModel.php on line 93.
 1 SYSTEMPATH\Autoloader\Autoloader.php(311): include_once('D:\\xampp6\\htdocs\\project-jwt\\vendor\\codeigniter4\\framework\\system\\Debug\\Exceptions.php')
 2 SYSTEMPATH\Autoloader\Autoloader.php(290): CodeIgniter\Autoloader\Autoloader->includeFile('D:\\xampp6\\htdocs\\project-jwt\\app\\Models\\cgserviceModel.php')
 3 SYSTEMPATH\Autoloader\Autoloader.php(266): CodeIgniter\Autoloader\Autoloader->loadInNamespace('App\\Models\\cgserviceModel')
 4 APPPATH\Controllers\ServiceController.php(21): CodeIgniter\Autoloader\Autoloader->loadClass('App\\Models\\cgserviceModel')
 5 SYSTEMPATH\CodeIgniter.php(915): App\Controllers\ServiceController->__construct()
 6 SYSTEMPATH\CodeIgniter.php(494): CodeIgniter\CodeIgniter->createController()
 7 SYSTEMPATH\CodeIgniter.php(361): CodeIgniter\CodeIgniter->handleRequest(null, Object(Config\Cache), false)
 8 FCPATH\index.php(79): CodeIgniter\CodeIgniter->run()
WARNING - 2026-02-27 12:42:58 --> [DEPRECATED] Creation of dynamic property CodeIgniter\HTTP\IncomingRequest::$user is deprecated in APPPATH\Filters\JwtAuth.php on line 47.
 1 SYSTEMPATH\Filters\Filters.php(182): App\Filters\JwtAuth->before(Object(CodeIgniter\HTTP\IncomingRequest), null)
 2 SYSTEMPATH\CodeIgniter.php(475): CodeIgniter\Filters\Filters->run('api/profile', 'before')
 3 SYSTEMPATH\CodeIgniter.php(361): CodeIgniter\CodeIgniter->handleRequest(null, Object(Config\Cache), false)
 4 FCPATH\index.php(79): CodeIgniter\CodeIgniter->run()
INFO - 2026-02-27 12:42:59 --> Session: Class initialized using 'CodeIgniter\Session\Handlers\FileHandler' driver.
WARNING - 2026-02-27 12:42:59 --> [DEPRECATED] Creation of dynamic property CodeIgniter\HTTP\IncomingRequest::$user is deprecated in APPPATH\Filters\JwtAuthWeb.php on line 32.
 1 SYSTEMPATH\Filters\Filters.php(182): App\Filters\JwtAuthWeb->before(Object(CodeIgniter\HTTP\IncomingRequest), null)
 2 SYSTEMPATH\CodeIgniter.php(475): CodeIgniter\Filters\Filters->run('getCGservice', 'before')
 3 SYSTEMPATH\CodeIgniter.php(361): CodeIgniter\CodeIgniter->handleRequest(null, Object(Config\Cache), false)
 4 FCPATH\index.php(79): CodeIgniter\CodeIgniter->run()
WARNING - 2026-02-27 12:42:59 --> [DEPRECATED] Optional parameter $cg declared before required parameter $hcode is implicitly treated as a required parameter in APPPATH\Models\cgserviceModel.php on line 93.
 1 SYSTEMPATH\Autoloader\Autoloader.php(311): include_once('D:\\xampp6\\htdocs\\project-jwt\\vendor\\codeigniter4\\framework\\system\\Debug\\Exceptions.php')
 2 SYSTEMPATH\Autoloader\Autoloader.php(290): CodeIgniter\Autoloader\Autoloader->includeFile('D:\\xampp6\\htdocs\\project-jwt\\app\\Models\\cgserviceModel.php')
 3 SYSTEMPATH\Autoloader\Autoloader.php(266): CodeIgniter\Autoloader\Autoloader->loadInNamespace('App\\Models\\cgserviceModel')
 4 APPPATH\Controllers\ServiceController.php(21): CodeIgniter\Autoloader\Autoloader->loadClass('App\\Models\\cgserviceModel')
 5 SYSTEMPATH\CodeIgniter.php(915): App\Controllers\ServiceController->__construct()
 6 SYSTEMPATH\CodeIgniter.php(494): CodeIgniter\CodeIgniter->createController()
 7 SYSTEMPATH\CodeIgniter.php(361): CodeIgniter\CodeIgniter->handleRequest(null, Object(Config\Cache), false)
 8 FCPATH\index.php(79): CodeIgniter\CodeIgniter->run()
INFO - 2026-02-27 12:43:42 --> Session: Class initialized using 'CodeIgniter\Session\Handlers\FileHandler' driver.
WARNING - 2026-02-27 12:43:42 --> [DEPRECATED] Creation of dynamic property CodeIgniter\HTTP\IncomingRequest::$user is deprecated in APPPATH\Filters\JwtAuthWeb.php on line 32.
 1 SYSTEMPATH\Filters\Filters.php(182): App\Filters\JwtAuthWeb->before(Object(CodeIgniter\HTTP\IncomingRequest), null)
 2 SYSTEMPATH\CodeIgniter.php(475): CodeIgniter\Filters\Filters->run('getCGservice', 'before')
 3 SYSTEMPATH\CodeIgniter.php(361): CodeIgniter\CodeIgniter->handleRequest(null, Object(Config\Cache), false)
 4 FCPATH\index.php(79): CodeIgniter\CodeIgniter->run()
WARNING - 2026-02-27 12:43:42 --> [DEPRECATED] Optional parameter $cg declared before required parameter $hcode is implicitly treated as a required parameter in APPPATH\Models\cgserviceModel.php on line 93.
 1 SYSTEMPATH\Autoloader\Autoloader.php(311): include_once('D:\\xampp6\\htdocs\\project-jwt\\vendor\\codeigniter4\\framework\\system\\Debug\\Exceptions.php')
 2 SYSTEMPATH\Autoloader\Autoloader.php(290): CodeIgniter\Autoloader\Autoloader->includeFile('D:\\xampp6\\htdocs\\project-jwt\\app\\Models\\cgserviceModel.php')
 3 SYSTEMPATH\Autoloader\Autoloader.php(266): CodeIgniter\Autoloader\Autoloader->loadInNamespace('App\\Models\\cgserviceModel')
 4 APPPATH\Controllers\ServiceController.php(21): CodeIgniter\Autoloader\Autoloader->loadClass('App\\Models\\cgserviceModel')
 5 SYSTEMPATH\CodeIgniter.php(915): App\Controllers\ServiceController->__construct()
 6 SYSTEMPATH\CodeIgniter.php(494): CodeIgniter\CodeIgniter->createController()
 7 SYSTEMPATH\CodeIgniter.php(361): CodeIgniter\CodeIgniter->handleRequest(null, Object(Config\Cache), false)
 8 FCPATH\index.php(79): CodeIgniter\CodeIgniter->run()
INFO - 2026-02-27 12:44:14 --> Session: Class initialized using 'CodeIgniter\Session\Handlers\FileHandler' driver.
WARNING - 2026-02-27 12:44:14 --> [DEPRECATED] Creation of dynamic property CodeIgniter\HTTP\IncomingRequest::$user is deprecated in APPPATH\Filters\JwtAuthWeb.php on line 32.
 1 SYSTEMPATH\Filters\Filters.php(182): App\Filters\JwtAuthWeb->before(Object(CodeIgniter\HTTP\IncomingRequest), null)
 2 SYSTEMPATH\CodeIgniter.php(475): CodeIgniter\Filters\Filters->run('getCGservice', 'before')
 3 SYSTEMPATH\CodeIgniter.php(361): CodeIgniter\CodeIgniter->handleRequest(null, Object(Config\Cache), false)
 4 FCPATH\index.php(79): CodeIgniter\CodeIgniter->run()
WARNING - 2026-02-27 12:44:14 --> [DEPRECATED] Optional parameter $cg declared before required parameter $hcode is implicitly treated as a required parameter in APPPATH\Models\cgserviceModel.php on line 93.
 1 SYSTEMPATH\Autoloader\Autoloader.php(311): include_once('D:\\xampp6\\htdocs\\project-jwt\\vendor\\codeigniter4\\framework\\system\\Debug\\Exceptions.php')
 2 SYSTEMPATH\Autoloader\Autoloader.php(290): CodeIgniter\Autoloader\Autoloader->includeFile('D:\\xampp6\\htdocs\\project-jwt\\app\\Models\\cgserviceModel.php')
 3 SYSTEMPATH\Autoloader\Autoloader.php(266): CodeIgniter\Autoloader\Autoloader->loadInNamespace('App\\Models\\cgserviceModel')
 4 APPPATH\Controllers\ServiceController.php(21): CodeIgniter\Autoloader\Autoloader->loadClass('App\\Models\\cgserviceModel')
 5 SYSTEMPATH\CodeIgniter.php(915): App\Controllers\ServiceController->__construct()
 6 SYSTEMPATH\CodeIgniter.php(494): CodeIgniter\CodeIgniter->createController()
 7 SYSTEMPATH\CodeIgniter.php(361): CodeIgniter\CodeIgniter->handleRequest(null, Object(Config\Cache), false)
 8 FCPATH\index.php(79): CodeIgniter\CodeIgniter->run()
INFO - 2026-02-27 12:44:27 --> Session: Class initialized using 'CodeIgniter\Session\Handlers\FileHandler' driver.
WARNING - 2026-02-27 12:44:27 --> [DEPRECATED] Creation of dynamic property CodeIgniter\HTTP\IncomingRequest::$user is deprecated in APPPATH\Filters\JwtAuthWeb.php on line 32.
 1 SYSTEMPATH\Filters\Filters.php(182): App\Filters\JwtAuthWeb->before(Object(CodeIgniter\HTTP\IncomingRequest), null)
 2 SYSTEMPATH\CodeIgniter.php(475): CodeIgniter\Filters\Filters->run('ltc-view-details/267/2026/2', 'before')
 3 SYSTEMPATH\CodeIgniter.php(361): CodeIgniter\CodeIgniter->handleRequest(null, Object(Config\Cache), false)
 4 FCPATH\index.php(79): CodeIgniter\CodeIgniter->run()
WARNING - 2026-02-27 12:44:27 --> [DEPRECATED] Optional parameter $cg declared before required parameter $hcode is implicitly treated as a required parameter in APPPATH\Models\cgserviceModel.php on line 93.
 1 SYSTEMPATH\Autoloader\Autoloader.php(311): include_once('D:\\xampp6\\htdocs\\project-jwt\\vendor\\codeigniter4\\framework\\system\\Debug\\Exceptions.php')
 2 SYSTEMPATH\Autoloader\Autoloader.php(290): CodeIgniter\Autoloader\Autoloader->includeFile('D:\\xampp6\\htdocs\\project-jwt\\app\\Models\\cgserviceModel.php')
 3 SYSTEMPATH\Autoloader\Autoloader.php(266): CodeIgniter\Autoloader\Autoloader->loadInNamespace('App\\Models\\cgserviceModel')
 4 APPPATH\Controllers\ServiceController.php(21): CodeIgniter\Autoloader\Autoloader->loadClass('App\\Models\\cgserviceModel')
 5 SYSTEMPATH\CodeIgniter.php(915): App\Controllers\ServiceController->__construct()
 6 SYSTEMPATH\CodeIgniter.php(494): CodeIgniter\CodeIgniter->createController()
 7 SYSTEMPATH\CodeIgniter.php(361): CodeIgniter\CodeIgniter->handleRequest(null, Object(Config\Cache), false)
 8 FCPATH\index.php(79): CodeIgniter\CodeIgniter->run()
WARNING - 2026-02-27 12:44:27 --> [DEPRECATED] Creation of dynamic property CodeIgniter\HTTP\IncomingRequest::$user is deprecated in APPPATH\Filters\JwtAuth.php on line 47.
 1 SYSTEMPATH\Filters\Filters.php(182): App\Filters\JwtAuth->before(Object(CodeIgniter\HTTP\IncomingRequest), null)
 2 SYSTEMPATH\CodeIgniter.php(475): CodeIgniter\Filters\Filters->run('api/profile', 'before')
 3 SYSTEMPATH\CodeIgniter.php(361): CodeIgniter\CodeIgniter->handleRequest(null, Object(Config\Cache), false)
 4 FCPATH\index.php(79): CodeIgniter\CodeIgniter->run()
INFO - 2026-02-27 12:44:28 --> Session: Class initialized using 'CodeIgniter\Session\Handlers\FileHandler' driver.
WARNING - 2026-02-27 12:44:28 --> [DEPRECATED] Creation of dynamic property CodeIgniter\HTTP\IncomingRequest::$user is deprecated in APPPATH\Filters\JwtAuthWeb.php on line 32.
 1 SYSTEMPATH\Filters\Filters.php(182): App\Filters\JwtAuthWeb->before(Object(CodeIgniter\HTTP\IncomingRequest), null)
 2 SYSTEMPATH\CodeIgniter.php(475): CodeIgniter\Filters\Filters->run('getCGservice', 'before')
 3 SYSTEMPATH\CodeIgniter.php(361): CodeIgniter\CodeIgniter->handleRequest(null, Object(Config\Cache), false)
 4 FCPATH\index.php(79): CodeIgniter\CodeIgniter->run()
WARNING - 2026-02-27 12:44:28 --> [DEPRECATED] Optional parameter $cg declared before required parameter $hcode is implicitly treated as a required parameter in APPPATH\Models\cgserviceModel.php on line 93.
 1 SYSTEMPATH\Autoloader\Autoloader.php(311): include_once('D:\\xampp6\\htdocs\\project-jwt\\vendor\\codeigniter4\\framework\\system\\Debug\\Exceptions.php')
 2 SYSTEMPATH\Autoloader\Autoloader.php(290): CodeIgniter\Autoloader\Autoloader->includeFile('D:\\xampp6\\htdocs\\project-jwt\\app\\Models\\cgserviceModel.php')
 3 SYSTEMPATH\Autoloader\Autoloader.php(266): CodeIgniter\Autoloader\Autoloader->loadInNamespace('App\\Models\\cgserviceModel')
 4 APPPATH\Controllers\ServiceController.php(21): CodeIgniter\Autoloader\Autoloader->loadClass('App\\Models\\cgserviceModel')
 5 SYSTEMPATH\CodeIgniter.php(915): App\Controllers\ServiceController->__construct()
 6 SYSTEMPATH\CodeIgniter.php(494): CodeIgniter\CodeIgniter->createController()
 7 SYSTEMPATH\CodeIgniter.php(361): CodeIgniter\CodeIgniter->handleRequest(null, Object(Config\Cache), false)
 8 FCPATH\index.php(79): CodeIgniter\CodeIgniter->run()
INFO - 2026-02-27 12:45:40 --> Session: Class initialized using 'CodeIgniter\Session\Handlers\FileHandler' driver.
WARNING - 2026-02-27 12:45:40 --> [DEPRECATED] Creation of dynamic property CodeIgniter\HTTP\IncomingRequest::$user is deprecated in APPPATH\Filters\JwtAuthWeb.php on line 32.
 1 SYSTEMPATH\Filters\Filters.php(182): App\Filters\JwtAuthWeb->before(Object(CodeIgniter\HTTP\IncomingRequest), null)
 2 SYSTEMPATH\CodeIgniter.php(475): CodeIgniter\Filters\Filters->run('getCGservice', 'before')
 3 SYSTEMPATH\CodeIgniter.php(361): CodeIgniter\CodeIgniter->handleRequest(null, Object(Config\Cache), false)
 4 FCPATH\index.php(79): CodeIgniter\CodeIgniter->run()
WARNING - 2026-02-27 12:45:40 --> [DEPRECATED] Optional parameter $cg declared before required parameter $hcode is implicitly treated as a required parameter in APPPATH\Models\cgserviceModel.php on line 93.
 1 SYSTEMPATH\Autoloader\Autoloader.php(311): include_once('D:\\xampp6\\htdocs\\project-jwt\\vendor\\codeigniter4\\framework\\system\\Debug\\Exceptions.php')
 2 SYSTEMPATH\Autoloader\Autoloader.php(290): CodeIgniter\Autoloader\Autoloader->includeFile('D:\\xampp6\\htdocs\\project-jwt\\app\\Models\\cgserviceModel.php')
 3 SYSTEMPATH\Autoloader\Autoloader.php(266): CodeIgniter\Autoloader\Autoloader->loadInNamespace('App\\Models\\cgserviceModel')
 4 APPPATH\Controllers\ServiceController.php(21): CodeIgniter\Autoloader\Autoloader->loadClass('App\\Models\\cgserviceModel')
 5 SYSTEMPATH\CodeIgniter.php(915): App\Controllers\ServiceController->__construct()
 6 SYSTEMPATH\CodeIgniter.php(494): CodeIgniter\CodeIgniter->createController()
 7 SYSTEMPATH\CodeIgniter.php(361): CodeIgniter\CodeIgniter->handleRequest(null, Object(Config\Cache), false)
 8 FCPATH\index.php(79): CodeIgniter\CodeIgniter->run()
INFO - 2026-02-27 12:45:43 --> Session: Class initialized using 'CodeIgniter\Session\Handlers\FileHandler' driver.
WARNING - 2026-02-27 12:45:43 --> [DEPRECATED] Creation of dynamic property CodeIgniter\HTTP\IncomingRequest::$user is deprecated in APPPATH\Filters\JwtAuthWeb.php on line 32.
 1 SYSTEMPATH\Filters\Filters.php(182): App\Filters\JwtAuthWeb->before(Object(CodeIgniter\HTTP\IncomingRequest), null)
 2 SYSTEMPATH\CodeIgniter.php(475): CodeIgniter\Filters\Filters->run('ltc-view-details/267/2026/2', 'before')
 3 SYSTEMPATH\CodeIgniter.php(361): CodeIgniter\CodeIgniter->handleRequest(null, Object(Config\Cache), false)
 4 FCPATH\index.php(79): CodeIgniter\CodeIgniter->run()
WARNING - 2026-02-27 12:45:43 --> [DEPRECATED] Optional parameter $cg declared before required parameter $hcode is implicitly treated as a required parameter in APPPATH\Models\cgserviceModel.php on line 93.
 1 SYSTEMPATH\Autoloader\Autoloader.php(311): include_once('D:\\xampp6\\htdocs\\project-jwt\\vendor\\codeigniter4\\framework\\system\\Debug\\Exceptions.php')
 2 SYSTEMPATH\Autoloader\Autoloader.php(290): CodeIgniter\Autoloader\Autoloader->includeFile('D:\\xampp6\\htdocs\\project-jwt\\app\\Models\\cgserviceModel.php')
 3 SYSTEMPATH\Autoloader\Autoloader.php(266): CodeIgniter\Autoloader\Autoloader->loadInNamespace('App\\Models\\cgserviceModel')
 4 APPPATH\Controllers\ServiceController.php(21): CodeIgniter\Autoloader\Autoloader->loadClass('App\\Models\\cgserviceModel')
 5 SYSTEMPATH\CodeIgniter.php(915): App\Controllers\ServiceController->__construct()
 6 SYSTEMPATH\CodeIgniter.php(494): CodeIgniter\CodeIgniter->createController()
 7 SYSTEMPATH\CodeIgniter.php(361): CodeIgniter\CodeIgniter->handleRequest(null, Object(Config\Cache), false)
 8 FCPATH\index.php(79): CodeIgniter\CodeIgniter->run()
WARNING - 2026-02-27 12:45:43 --> [DEPRECATED] Creation of dynamic property CodeIgniter\HTTP\IncomingRequest::$user is deprecated in APPPATH\Filters\JwtAuth.php on line 47.
 1 SYSTEMPATH\Filters\Filters.php(182): App\Filters\JwtAuth->before(Object(CodeIgniter\HTTP\IncomingRequest), null)
 2 SYSTEMPATH\CodeIgniter.php(475): CodeIgniter\Filters\Filters->run('api/profile', 'before')
 3 SYSTEMPATH\CodeIgniter.php(361): CodeIgniter\CodeIgniter->handleRequest(null, Object(Config\Cache), false)
 4 FCPATH\index.php(79): CodeIgniter\CodeIgniter->run()
INFO - 2026-02-27 12:45:44 --> Session: Class initialized using 'CodeIgniter\Session\Handlers\FileHandler' driver.
WARNING - 2026-02-27 12:45:44 --> [DEPRECATED] Creation of dynamic property CodeIgniter\HTTP\IncomingRequest::$user is deprecated in APPPATH\Filters\JwtAuthWeb.php on line 32.
 1 SYSTEMPATH\Filters\Filters.php(182): App\Filters\JwtAuthWeb->before(Object(CodeIgniter\HTTP\IncomingRequest), null)
 2 SYSTEMPATH\CodeIgniter.php(475): CodeIgniter\Filters\Filters->run('getCGservice', 'before')
 3 SYSTEMPATH\CodeIgniter.php(361): CodeIgniter\CodeIgniter->handleRequest(null, Object(Config\Cache), false)
 4 FCPATH\index.php(79): CodeIgniter\CodeIgniter->run()
WARNING - 2026-02-27 12:45:44 --> [DEPRECATED] Optional parameter $cg declared before required parameter $hcode is implicitly treated as a required parameter in APPPATH\Models\cgserviceModel.php on line 93.
 1 SYSTEMPATH\Autoloader\Autoloader.php(311): include_once('D:\\xampp6\\htdocs\\project-jwt\\vendor\\codeigniter4\\framework\\system\\Debug\\Exceptions.php')
 2 SYSTEMPATH\Autoloader\Autoloader.php(290): CodeIgniter\Autoloader\Autoloader->includeFile('D:\\xampp6\\htdocs\\project-jwt\\app\\Models\\cgserviceModel.php')
 3 SYSTEMPATH\Autoloader\Autoloader.php(266): CodeIgniter\Autoloader\Autoloader->loadInNamespace('App\\Models\\cgserviceModel')
 4 APPPATH\Controllers\ServiceController.php(21): CodeIgniter\Autoloader\Autoloader->loadClass('App\\Models\\cgserviceModel')
 5 SYSTEMPATH\CodeIgniter.php(915): App\Controllers\ServiceController->__construct()
 6 SYSTEMPATH\CodeIgniter.php(494): CodeIgniter\CodeIgniter->createController()
 7 SYSTEMPATH\CodeIgniter.php(361): CodeIgniter\CodeIgniter->handleRequest(null, Object(Config\Cache), false)
 8 FCPATH\index.php(79): CodeIgniter\CodeIgniter->run()
INFO - 2026-02-27 12:46:15 --> Session: Class initialized using 'CodeIgniter\Session\Handlers\FileHandler' driver.
WARNING - 2026-02-27 12:46:15 --> [DEPRECATED] Creation of dynamic property CodeIgniter\HTTP\IncomingRequest::$user is deprecated in APPPATH\Filters\JwtAuthWeb.php on line 32.
 1 SYSTEMPATH\Filters\Filters.php(182): App\Filters\JwtAuthWeb->before(Object(CodeIgniter\HTTP\IncomingRequest), null)
 2 SYSTEMPATH\CodeIgniter.php(475): CodeIgniter\Filters\Filters->run('ltc-view-details/267/2026/2', 'before')
 3 SYSTEMPATH\CodeIgniter.php(361): CodeIgniter\CodeIgniter->handleRequest(null, Object(Config\Cache), false)
 4 FCPATH\index.php(79): CodeIgniter\CodeIgniter->run()
WARNING - 2026-02-27 12:46:15 --> [DEPRECATED] Optional parameter $cg declared before required parameter $hcode is implicitly treated as a required parameter in APPPATH\Models\cgserviceModel.php on line 93.
 1 SYSTEMPATH\Autoloader\Autoloader.php(311): include_once('D:\\xampp6\\htdocs\\project-jwt\\vendor\\codeigniter4\\framework\\system\\Debug\\Exceptions.php')
 2 SYSTEMPATH\Autoloader\Autoloader.php(290): CodeIgniter\Autoloader\Autoloader->includeFile('D:\\xampp6\\htdocs\\project-jwt\\app\\Models\\cgserviceModel.php')
 3 SYSTEMPATH\Autoloader\Autoloader.php(266): CodeIgniter\Autoloader\Autoloader->loadInNamespace('App\\Models\\cgserviceModel')
 4 APPPATH\Controllers\ServiceController.php(21): CodeIgniter\Autoloader\Autoloader->loadClass('App\\Models\\cgserviceModel')
 5 SYSTEMPATH\CodeIgniter.php(915): App\Controllers\ServiceController->__construct()
 6 SYSTEMPATH\CodeIgniter.php(494): CodeIgniter\CodeIgniter->createController()
 7 SYSTEMPATH\CodeIgniter.php(361): CodeIgniter\CodeIgniter->handleRequest(null, Object(Config\Cache), false)
 8 FCPATH\index.php(79): CodeIgniter\CodeIgniter->run()
WARNING - 2026-02-27 12:46:15 --> [DEPRECATED] Creation of dynamic property CodeIgniter\HTTP\IncomingRequest::$user is deprecated in APPPATH\Filters\JwtAuth.php on line 47.
 1 SYSTEMPATH\Filters\Filters.php(182): App\Filters\JwtAuth->before(Object(CodeIgniter\HTTP\IncomingRequest), null)
 2 SYSTEMPATH\CodeIgniter.php(475): CodeIgniter\Filters\Filters->run('api/profile', 'before')
 3 SYSTEMPATH\CodeIgniter.php(361): CodeIgniter\CodeIgniter->handleRequest(null, Object(Config\Cache), false)
 4 FCPATH\index.php(79): CodeIgniter\CodeIgniter->run()
INFO - 2026-02-27 12:46:16 --> Session: Class initialized using 'CodeIgniter\Session\Handlers\FileHandler' driver.
WARNING - 2026-02-27 12:46:16 --> [DEPRECATED] Creation of dynamic property CodeIgniter\HTTP\IncomingRequest::$user is deprecated in APPPATH\Filters\JwtAuthWeb.php on line 32.
 1 SYSTEMPATH\Filters\Filters.php(182): App\Filters\JwtAuthWeb->before(Object(CodeIgniter\HTTP\IncomingRequest), null)
 2 SYSTEMPATH\CodeIgniter.php(475): CodeIgniter\Filters\Filters->run('getCGservice', 'before')
 3 SYSTEMPATH\CodeIgniter.php(361): CodeIgniter\CodeIgniter->handleRequest(null, Object(Config\Cache), false)
 4 FCPATH\index.php(79): CodeIgniter\CodeIgniter->run()
WARNING - 2026-02-27 12:46:16 --> [DEPRECATED] Optional parameter $cg declared before required parameter $hcode is implicitly treated as a required parameter in APPPATH\Models\cgserviceModel.php on line 93.
 1 SYSTEMPATH\Autoloader\Autoloader.php(311): include_once('D:\\xampp6\\htdocs\\project-jwt\\vendor\\codeigniter4\\framework\\system\\Debug\\Exceptions.php')
 2 SYSTEMPATH\Autoloader\Autoloader.php(290): CodeIgniter\Autoloader\Autoloader->includeFile('D:\\xampp6\\htdocs\\project-jwt\\app\\Models\\cgserviceModel.php')
 3 SYSTEMPATH\Autoloader\Autoloader.php(266): CodeIgniter\Autoloader\Autoloader->loadInNamespace('App\\Models\\cgserviceModel')
 4 APPPATH\Controllers\ServiceController.php(21): CodeIgniter\Autoloader\Autoloader->loadClass('App\\Models\\cgserviceModel')
 5 SYSTEMPATH\CodeIgniter.php(915): App\Controllers\ServiceController->__construct()
 6 SYSTEMPATH\CodeIgniter.php(494): CodeIgniter\CodeIgniter->createController()
 7 SYSTEMPATH\CodeIgniter.php(361): CodeIgniter\CodeIgniter->handleRequest(null, Object(Config\Cache), false)
 8 FCPATH\index.php(79): CodeIgniter\CodeIgniter->run()
INFO - 2026-02-27 12:46:43 --> Session: Class initialized using 'CodeIgniter\Session\Handlers\FileHandler' driver.
WARNING - 2026-02-27 12:46:43 --> [DEPRECATED] Creation of dynamic property CodeIgniter\HTTP\IncomingRequest::$user is deprecated in APPPATH\Filters\JwtAuthWeb.php on line 32.
 1 SYSTEMPATH\Filters\Filters.php(182): App\Filters\JwtAuthWeb->before(Object(CodeIgniter\HTTP\IncomingRequest), null)
 2 SYSTEMPATH\CodeIgniter.php(475): CodeIgniter\Filters\Filters->run('ltc-view-details/267/2026/2', 'before')
 3 SYSTEMPATH\CodeIgniter.php(361): CodeIgniter\CodeIgniter->handleRequest(null, Object(Config\Cache), false)
 4 FCPATH\index.php(79): CodeIgniter\CodeIgniter->run()
WARNING - 2026-02-27 12:46:43 --> [DEPRECATED] Optional parameter $cg declared before required parameter $hcode is implicitly treated as a required parameter in APPPATH\Models\cgserviceModel.php on line 93.
 1 SYSTEMPATH\Autoloader\Autoloader.php(311): include_once('D:\\xampp6\\htdocs\\project-jwt\\vendor\\codeigniter4\\framework\\system\\Debug\\Exceptions.php')
 2 SYSTEMPATH\Autoloader\Autoloader.php(290): CodeIgniter\Autoloader\Autoloader->includeFile('D:\\xampp6\\htdocs\\project-jwt\\app\\Models\\cgserviceModel.php')
 3 SYSTEMPATH\Autoloader\Autoloader.php(266): CodeIgniter\Autoloader\Autoloader->loadInNamespace('App\\Models\\cgserviceModel')
 4 APPPATH\Controllers\ServiceController.php(21): CodeIgniter\Autoloader\Autoloader->loadClass('App\\Models\\cgserviceModel')
 5 SYSTEMPATH\CodeIgniter.php(915): App\Controllers\ServiceController->__construct()
 6 SYSTEMPATH\CodeIgniter.php(494): CodeIgniter\CodeIgniter->createController()
 7 SYSTEMPATH\CodeIgniter.php(361): CodeIgniter\CodeIgniter->handleRequest(null, Object(Config\Cache), false)
 8 FCPATH\index.php(79): CodeIgniter\CodeIgniter->run()
WARNING - 2026-02-27 12:46:44 --> [DEPRECATED] Creation of dynamic property CodeIgniter\HTTP\IncomingRequest::$user is deprecated in APPPATH\Filters\JwtAuth.php on line 47.
 1 SYSTEMPATH\Filters\Filters.php(182): App\Filters\JwtAuth->before(Object(CodeIgniter\HTTP\IncomingRequest), null)
 2 SYSTEMPATH\CodeIgniter.php(475): CodeIgniter\Filters\Filters->run('api/profile', 'before')
 3 SYSTEMPATH\CodeIgniter.php(361): CodeIgniter\CodeIgniter->handleRequest(null, Object(Config\Cache), false)
 4 FCPATH\index.php(79): CodeIgniter\CodeIgniter->run()
INFO - 2026-02-27 12:46:45 --> Session: Class initialized using 'CodeIgniter\Session\Handlers\FileHandler' driver.
WARNING - 2026-02-27 12:46:45 --> [DEPRECATED] Creation of dynamic property CodeIgniter\HTTP\IncomingRequest::$user is deprecated in APPPATH\Filters\JwtAuthWeb.php on line 32.
 1 SYSTEMPATH\Filters\Filters.php(182): App\Filters\JwtAuthWeb->before(Object(CodeIgniter\HTTP\IncomingRequest), null)
 2 SYSTEMPATH\CodeIgniter.php(475): CodeIgniter\Filters\Filters->run('getCGservice', 'before')
 3 SYSTEMPATH\CodeIgniter.php(361): CodeIgniter\CodeIgniter->handleRequest(null, Object(Config\Cache), false)
 4 FCPATH\index.php(79): CodeIgniter\CodeIgniter->run()
WARNING - 2026-02-27 12:46:45 --> [DEPRECATED] Optional parameter $cg declared before required parameter $hcode is implicitly treated as a required parameter in APPPATH\Models\cgserviceModel.php on line 93.
 1 SYSTEMPATH\Autoloader\Autoloader.php(311): include_once('D:\\xampp6\\htdocs\\project-jwt\\vendor\\codeigniter4\\framework\\system\\Debug\\Exceptions.php')
 2 SYSTEMPATH\Autoloader\Autoloader.php(290): CodeIgniter\Autoloader\Autoloader->includeFile('D:\\xampp6\\htdocs\\project-jwt\\app\\Models\\cgserviceModel.php')
 3 SYSTEMPATH\Autoloader\Autoloader.php(266): CodeIgniter\Autoloader\Autoloader->loadInNamespace('App\\Models\\cgserviceModel')
 4 APPPATH\Controllers\ServiceController.php(21): CodeIgniter\Autoloader\Autoloader->loadClass('App\\Models\\cgserviceModel')
 5 SYSTEMPATH\CodeIgniter.php(915): App\Controllers\ServiceController->__construct()
 6 SYSTEMPATH\CodeIgniter.php(494): CodeIgniter\CodeIgniter->createController()
 7 SYSTEMPATH\CodeIgniter.php(361): CodeIgniter\CodeIgniter->handleRequest(null, Object(Config\Cache), false)
 8 FCPATH\index.php(79): CodeIgniter\CodeIgniter->run()
INFO - 2026-02-27 12:47:26 --> Session: Class initialized using 'CodeIgniter\Session\Handlers\FileHandler' driver.
WARNING - 2026-02-27 12:47:26 --> [DEPRECATED] Creation of dynamic property CodeIgniter\HTTP\IncomingRequest::$user is deprecated in APPPATH\Filters\JwtAuthWeb.php on line 32.
 1 SYSTEMPATH\Filters\Filters.php(182): App\Filters\JwtAuthWeb->before(Object(CodeIgniter\HTTP\IncomingRequest), null)
 2 SYSTEMPATH\CodeIgniter.php(475): CodeIgniter\Filters\Filters->run('ltc-view-details/267/2026/2', 'before')
 3 SYSTEMPATH\CodeIgniter.php(361): CodeIgniter\CodeIgniter->handleRequest(null, Object(Config\Cache), false)
 4 FCPATH\index.php(79): CodeIgniter\CodeIgniter->run()
WARNING - 2026-02-27 12:47:26 --> [DEPRECATED] Optional parameter $cg declared before required parameter $hcode is implicitly treated as a required parameter in APPPATH\Models\cgserviceModel.php on line 93.
 1 SYSTEMPATH\Autoloader\Autoloader.php(311): include_once('D:\\xampp6\\htdocs\\project-jwt\\vendor\\codeigniter4\\framework\\system\\Debug\\Exceptions.php')
 2 SYSTEMPATH\Autoloader\Autoloader.php(290): CodeIgniter\Autoloader\Autoloader->includeFile('D:\\xampp6\\htdocs\\project-jwt\\app\\Models\\cgserviceModel.php')
 3 SYSTEMPATH\Autoloader\Autoloader.php(266): CodeIgniter\Autoloader\Autoloader->loadInNamespace('App\\Models\\cgserviceModel')
 4 APPPATH\Controllers\ServiceController.php(21): CodeIgniter\Autoloader\Autoloader->loadClass('App\\Models\\cgserviceModel')
 5 SYSTEMPATH\CodeIgniter.php(915): App\Controllers\ServiceController->__construct()
 6 SYSTEMPATH\CodeIgniter.php(494): CodeIgniter\CodeIgniter->createController()
 7 SYSTEMPATH\CodeIgniter.php(361): CodeIgniter\CodeIgniter->handleRequest(null, Object(Config\Cache), false)
 8 FCPATH\index.php(79): CodeIgniter\CodeIgniter->run()
WARNING - 2026-02-27 12:47:26 --> [DEPRECATED] Creation of dynamic property CodeIgniter\HTTP\IncomingRequest::$user is deprecated in APPPATH\Filters\JwtAuth.php on line 47.
 1 SYSTEMPATH\Filters\Filters.php(182): App\Filters\JwtAuth->before(Object(CodeIgniter\HTTP\IncomingRequest), null)
 2 SYSTEMPATH\CodeIgniter.php(475): CodeIgniter\Filters\Filters->run('api/profile', 'before')
 3 SYSTEMPATH\CodeIgniter.php(361): CodeIgniter\CodeIgniter->handleRequest(null, Object(Config\Cache), false)
 4 FCPATH\index.php(79): CodeIgniter\CodeIgniter->run()
INFO - 2026-02-27 12:47:27 --> Session: Class initialized using 'CodeIgniter\Session\Handlers\FileHandler' driver.
WARNING - 2026-02-27 12:47:27 --> [DEPRECATED] Creation of dynamic property CodeIgniter\HTTP\IncomingRequest::$user is deprecated in APPPATH\Filters\JwtAuthWeb.php on line 32.
 1 SYSTEMPATH\Filters\Filters.php(182): App\Filters\JwtAuthWeb->before(Object(CodeIgniter\HTTP\IncomingRequest), null)
 2 SYSTEMPATH\CodeIgniter.php(475): CodeIgniter\Filters\Filters->run('getCGservice', 'before')
 3 SYSTEMPATH\CodeIgniter.php(361): CodeIgniter\CodeIgniter->handleRequest(null, Object(Config\Cache), false)
 4 FCPATH\index.php(79): CodeIgniter\CodeIgniter->run()
WARNING - 2026-02-27 12:47:27 --> [DEPRECATED] Optional parameter $cg declared before required parameter $hcode is implicitly treated as a required parameter in APPPATH\Models\cgserviceModel.php on line 93.
 1 SYSTEMPATH\Autoloader\Autoloader.php(311): include_once('D:\\xampp6\\htdocs\\project-jwt\\vendor\\codeigniter4\\framework\\system\\Debug\\Exceptions.php')
 2 SYSTEMPATH\Autoloader\Autoloader.php(290): CodeIgniter\Autoloader\Autoloader->includeFile('D:\\xampp6\\htdocs\\project-jwt\\app\\Models\\cgserviceModel.php')
 3 SYSTEMPATH\Autoloader\Autoloader.php(266): CodeIgniter\Autoloader\Autoloader->loadInNamespace('App\\Models\\cgserviceModel')
 4 APPPATH\Controllers\ServiceController.php(21): CodeIgniter\Autoloader\Autoloader->loadClass('App\\Models\\cgserviceModel')
 5 SYSTEMPATH\CodeIgniter.php(915): App\Controllers\ServiceController->__construct()
 6 SYSTEMPATH\CodeIgniter.php(494): CodeIgniter\CodeIgniter->createController()
 7 SYSTEMPATH\CodeIgniter.php(361): CodeIgniter\CodeIgniter->handleRequest(null, Object(Config\Cache), false)
 8 FCPATH\index.php(79): CodeIgniter\CodeIgniter->run()
INFO - 2026-02-27 12:48:50 --> Session: Class initialized using 'CodeIgniter\Session\Handlers\FileHandler' driver.
WARNING - 2026-02-27 12:48:50 --> [DEPRECATED] Creation of dynamic property CodeIgniter\HTTP\IncomingRequest::$user is deprecated in APPPATH\Filters\JwtAuthWeb.php on line 32.
 1 SYSTEMPATH\Filters\Filters.php(182): App\Filters\JwtAuthWeb->before(Object(CodeIgniter\HTTP\IncomingRequest), null)
 2 SYSTEMPATH\CodeIgniter.php(475): CodeIgniter\Filters\Filters->run('getCGservice', 'before')
 3 SYSTEMPATH\CodeIgniter.php(361): CodeIgniter\CodeIgniter->handleRequest(null, Object(Config\Cache), false)
 4 FCPATH\index.php(79): CodeIgniter\CodeIgniter->run()
WARNING - 2026-02-27 12:48:50 --> [DEPRECATED] Optional parameter $cg declared before required parameter $hcode is implicitly treated as a required parameter in APPPATH\Models\cgserviceModel.php on line 93.
 1 SYSTEMPATH\Autoloader\Autoloader.php(311): include_once('D:\\xampp6\\htdocs\\project-jwt\\vendor\\codeigniter4\\framework\\system\\Debug\\Exceptions.php')
 2 SYSTEMPATH\Autoloader\Autoloader.php(290): CodeIgniter\Autoloader\Autoloader->includeFile('D:\\xampp6\\htdocs\\project-jwt\\app\\Models\\cgserviceModel.php')
 3 SYSTEMPATH\Autoloader\Autoloader.php(266): CodeIgniter\Autoloader\Autoloader->loadInNamespace('App\\Models\\cgserviceModel')
 4 APPPATH\Controllers\ServiceController.php(21): CodeIgniter\Autoloader\Autoloader->loadClass('App\\Models\\cgserviceModel')
 5 SYSTEMPATH\CodeIgniter.php(915): App\Controllers\ServiceController->__construct()
 6 SYSTEMPATH\CodeIgniter.php(494): CodeIgniter\CodeIgniter->createController()
 7 SYSTEMPATH\CodeIgniter.php(361): CodeIgniter\CodeIgniter->handleRequest(null, Object(Config\Cache), false)
 8 FCPATH\index.php(79): CodeIgniter\CodeIgniter->run()
INFO - 2026-02-27 12:48:54 --> Session: Class initialized using 'CodeIgniter\Session\Handlers\FileHandler' driver.
WARNING - 2026-02-27 12:48:54 --> [DEPRECATED] Creation of dynamic property CodeIgniter\HTTP\IncomingRequest::$user is deprecated in APPPATH\Filters\JwtAuthWeb.php on line 32.
 1 SYSTEMPATH\Filters\Filters.php(182): App\Filters\JwtAuthWeb->before(Object(CodeIgniter\HTTP\IncomingRequest), null)
 2 SYSTEMPATH\CodeIgniter.php(475): CodeIgniter\Filters\Filters->run('ltc-view-details/267/2026/2', 'before')
 3 SYSTEMPATH\CodeIgniter.php(361): CodeIgniter\CodeIgniter->handleRequest(null, Object(Config\Cache), false)
 4 FCPATH\index.php(79): CodeIgniter\CodeIgniter->run()
WARNING - 2026-02-27 12:48:54 --> [DEPRECATED] Optional parameter $cg declared before required parameter $hcode is implicitly treated as a required parameter in APPPATH\Models\cgserviceModel.php on line 93.
 1 SYSTEMPATH\Autoloader\Autoloader.php(311): include_once('D:\\xampp6\\htdocs\\project-jwt\\vendor\\codeigniter4\\framework\\system\\Debug\\Exceptions.php')
 2 SYSTEMPATH\Autoloader\Autoloader.php(290): CodeIgniter\Autoloader\Autoloader->includeFile('D:\\xampp6\\htdocs\\project-jwt\\app\\Models\\cgserviceModel.php')
 3 SYSTEMPATH\Autoloader\Autoloader.php(266): CodeIgniter\Autoloader\Autoloader->loadInNamespace('App\\Models\\cgserviceModel')
 4 APPPATH\Controllers\ServiceController.php(21): CodeIgniter\Autoloader\Autoloader->loadClass('App\\Models\\cgserviceModel')
 5 SYSTEMPATH\CodeIgniter.php(915): App\Controllers\ServiceController->__construct()
 6 SYSTEMPATH\CodeIgniter.php(494): CodeIgniter\CodeIgniter->createController()
 7 SYSTEMPATH\CodeIgniter.php(361): CodeIgniter\CodeIgniter->handleRequest(null, Object(Config\Cache), false)
 8 FCPATH\index.php(79): CodeIgniter\CodeIgniter->run()
WARNING - 2026-02-27 12:48:55 --> [DEPRECATED] Creation of dynamic property CodeIgniter\HTTP\IncomingRequest::$user is deprecated in APPPATH\Filters\JwtAuth.php on line 47.
 1 SYSTEMPATH\Filters\Filters.php(182): App\Filters\JwtAuth->before(Object(CodeIgniter\HTTP\IncomingRequest), null)
 2 SYSTEMPATH\CodeIgniter.php(475): CodeIgniter\Filters\Filters->run('api/profile', 'before')
 3 SYSTEMPATH\CodeIgniter.php(361): CodeIgniter\CodeIgniter->handleRequest(null, Object(Config\Cache), false)
 4 FCPATH\index.php(79): CodeIgniter\CodeIgniter->run()
INFO - 2026-02-27 12:48:56 --> Session: Class initialized using 'CodeIgniter\Session\Handlers\FileHandler' driver.
WARNING - 2026-02-27 12:48:56 --> [DEPRECATED] Creation of dynamic property CodeIgniter\HTTP\IncomingRequest::$user is deprecated in APPPATH\Filters\JwtAuthWeb.php on line 32.
 1 SYSTEMPATH\Filters\Filters.php(182): App\Filters\JwtAuthWeb->before(Object(CodeIgniter\HTTP\IncomingRequest), null)
 2 SYSTEMPATH\CodeIgniter.php(475): CodeIgniter\Filters\Filters->run('getCGservice', 'before')
 3 SYSTEMPATH\CodeIgniter.php(361): CodeIgniter\CodeIgniter->handleRequest(null, Object(Config\Cache), false)
 4 FCPATH\index.php(79): CodeIgniter\CodeIgniter->run()
WARNING - 2026-02-27 12:48:56 --> [DEPRECATED] Optional parameter $cg declared before required parameter $hcode is implicitly treated as a required parameter in APPPATH\Models\cgserviceModel.php on line 93.
 1 SYSTEMPATH\Autoloader\Autoloader.php(311): include_once('D:\\xampp6\\htdocs\\project-jwt\\vendor\\codeigniter4\\framework\\system\\Debug\\Exceptions.php')
 2 SYSTEMPATH\Autoloader\Autoloader.php(290): CodeIgniter\Autoloader\Autoloader->includeFile('D:\\xampp6\\htdocs\\project-jwt\\app\\Models\\cgserviceModel.php')
 3 SYSTEMPATH\Autoloader\Autoloader.php(266): CodeIgniter\Autoloader\Autoloader->loadInNamespace('App\\Models\\cgserviceModel')
 4 APPPATH\Controllers\ServiceController.php(21): CodeIgniter\Autoloader\Autoloader->loadClass('App\\Models\\cgserviceModel')
 5 SYSTEMPATH\CodeIgniter.php(915): App\Controllers\ServiceController->__construct()
 6 SYSTEMPATH\CodeIgniter.php(494): CodeIgniter\CodeIgniter->createController()
 7 SYSTEMPATH\CodeIgniter.php(361): CodeIgniter\CodeIgniter->handleRequest(null, Object(Config\Cache), false)
 8 FCPATH\index.php(79): CodeIgniter\CodeIgniter->run()
INFO - 2026-02-27 14:21:12 --> Session: Class initialized using 'CodeIgniter\Session\Handlers\FileHandler' driver.
WARNING - 2026-02-27 14:21:12 --> [DEPRECATED] Creation of dynamic property CodeIgniter\HTTP\IncomingRequest::$user is deprecated in APPPATH\Filters\JwtAuthWeb.php on line 32.
 1 SYSTEMPATH\Filters\Filters.php(182): App\Filters\JwtAuthWeb->before(Object(CodeIgniter\HTTP\IncomingRequest), null)
 2 SYSTEMPATH\CodeIgniter.php(475): CodeIgniter\Filters\Filters->run('ltc-view-details/267/2026/2', 'before')
 3 SYSTEMPATH\CodeIgniter.php(361): CodeIgniter\CodeIgniter->handleRequest(null, Object(Config\Cache), false)
 4 FCPATH\index.php(79): CodeIgniter\CodeIgniter->run()
WARNING - 2026-02-27 14:21:12 --> [DEPRECATED] Optional parameter $cg declared before required parameter $hcode is implicitly treated as a required parameter in APPPATH\Models\cgserviceModel.php on line 93.
 1 SYSTEMPATH\Autoloader\Autoloader.php(311): include_once('D:\\xampp6\\htdocs\\project-jwt\\vendor\\codeigniter4\\framework\\system\\Debug\\Exceptions.php')
 2 SYSTEMPATH\Autoloader\Autoloader.php(290): CodeIgniter\Autoloader\Autoloader->includeFile('D:\\xampp6\\htdocs\\project-jwt\\app\\Models\\cgserviceModel.php')
 3 SYSTEMPATH\Autoloader\Autoloader.php(266): CodeIgniter\Autoloader\Autoloader->loadInNamespace('App\\Models\\cgserviceModel')
 4 APPPATH\Controllers\ServiceController.php(21): CodeIgniter\Autoloader\Autoloader->loadClass('App\\Models\\cgserviceModel')
 5 SYSTEMPATH\CodeIgniter.php(915): App\Controllers\ServiceController->__construct()
 6 SYSTEMPATH\CodeIgniter.php(494): CodeIgniter\CodeIgniter->createController()
 7 SYSTEMPATH\CodeIgniter.php(361): CodeIgniter\CodeIgniter->handleRequest(null, Object(Config\Cache), false)
 8 FCPATH\index.php(79): CodeIgniter\CodeIgniter->run()
WARNING - 2026-02-27 14:21:12 --> [DEPRECATED] Creation of dynamic property CodeIgniter\HTTP\IncomingRequest::$user is deprecated in APPPATH\Filters\JwtAuth.php on line 47.
 1 SYSTEMPATH\Filters\Filters.php(182): App\Filters\JwtAuth->before(Object(CodeIgniter\HTTP\IncomingRequest), null)
 2 SYSTEMPATH\CodeIgniter.php(475): CodeIgniter\Filters\Filters->run('api/profile', 'before')
 3 SYSTEMPATH\CodeIgniter.php(361): CodeIgniter\CodeIgniter->handleRequest(null, Object(Config\Cache), false)
 4 FCPATH\index.php(79): CodeIgniter\CodeIgniter->run()
INFO - 2026-02-27 14:21:14 --> Session: Class initialized using 'CodeIgniter\Session\Handlers\FileHandler' driver.
WARNING - 2026-02-27 14:21:14 --> [DEPRECATED] Creation of dynamic property CodeIgniter\HTTP\IncomingRequest::$user is deprecated in APPPATH\Filters\JwtAuthWeb.php on line 32.
 1 SYSTEMPATH\Filters\Filters.php(182): App\Filters\JwtAuthWeb->before(Object(CodeIgniter\HTTP\IncomingRequest), null)
 2 SYSTEMPATH\CodeIgniter.php(475): CodeIgniter\Filters\Filters->run('getCGservice', 'before')
 3 SYSTEMPATH\CodeIgniter.php(361): CodeIgniter\CodeIgniter->handleRequest(null, Object(Config\Cache), false)
 4 FCPATH\index.php(79): CodeIgniter\CodeIgniter->run()
WARNING - 2026-02-27 14:21:14 --> [DEPRECATED] Optional parameter $cg declared before required parameter $hcode is implicitly treated as a required parameter in APPPATH\Models\cgserviceModel.php on line 93.
 1 SYSTEMPATH\Autoloader\Autoloader.php(311): include_once('D:\\xampp6\\htdocs\\project-jwt\\vendor\\codeigniter4\\framework\\system\\Debug\\Exceptions.php')
 2 SYSTEMPATH\Autoloader\Autoloader.php(290): CodeIgniter\Autoloader\Autoloader->includeFile('D:\\xampp6\\htdocs\\project-jwt\\app\\Models\\cgserviceModel.php')
 3 SYSTEMPATH\Autoloader\Autoloader.php(266): CodeIgniter\Autoloader\Autoloader->loadInNamespace('App\\Models\\cgserviceModel')
 4 APPPATH\Controllers\ServiceController.php(21): CodeIgniter\Autoloader\Autoloader->loadClass('App\\Models\\cgserviceModel')
 5 SYSTEMPATH\CodeIgniter.php(915): App\Controllers\ServiceController->__construct()
 6 SYSTEMPATH\CodeIgniter.php(494): CodeIgniter\CodeIgniter->createController()
 7 SYSTEMPATH\CodeIgniter.php(361): CodeIgniter\CodeIgniter->handleRequest(null, Object(Config\Cache), false)
 8 FCPATH\index.php(79): CodeIgniter\CodeIgniter->run()
INFO - 2026-02-27 14:22:05 --> Session: Class initialized using 'CodeIgniter\Session\Handlers\FileHandler' driver.
WARNING - 2026-02-27 14:22:05 --> [DEPRECATED] Creation of dynamic property CodeIgniter\HTTP\IncomingRequest::$user is deprecated in APPPATH\Filters\JwtAuthWeb.php on line 32.
 1 SYSTEMPATH\Filters\Filters.php(182): App\Filters\JwtAuthWeb->before(Object(CodeIgniter\HTTP\IncomingRequest), null)
 2 SYSTEMPATH\CodeIgniter.php(475): CodeIgniter\Filters\Filters->run('ltc-view-details/267/2026/2', 'before')
 3 SYSTEMPATH\CodeIgniter.php(361): CodeIgniter\CodeIgniter->handleRequest(null, Object(Config\Cache), false)
 4 FCPATH\index.php(79): CodeIgniter\CodeIgniter->run()
WARNING - 2026-02-27 14:22:05 --> [DEPRECATED] Optional parameter $cg declared before required parameter $hcode is implicitly treated as a required parameter in APPPATH\Models\cgserviceModel.php on line 93.
 1 SYSTEMPATH\Autoloader\Autoloader.php(311): include_once('D:\\xampp6\\htdocs\\project-jwt\\vendor\\codeigniter4\\framework\\system\\Debug\\Exceptions.php')
 2 SYSTEMPATH\Autoloader\Autoloader.php(290): CodeIgniter\Autoloader\Autoloader->includeFile('D:\\xampp6\\htdocs\\project-jwt\\app\\Models\\cgserviceModel.php')
 3 SYSTEMPATH\Autoloader\Autoloader.php(266): CodeIgniter\Autoloader\Autoloader->loadInNamespace('App\\Models\\cgserviceModel')
 4 APPPATH\Controllers\ServiceController.php(21): CodeIgniter\Autoloader\Autoloader->loadClass('App\\Models\\cgserviceModel')
 5 SYSTEMPATH\CodeIgniter.php(915): App\Controllers\ServiceController->__construct()
 6 SYSTEMPATH\CodeIgniter.php(494): CodeIgniter\CodeIgniter->createController()
 7 SYSTEMPATH\CodeIgniter.php(361): CodeIgniter\CodeIgniter->handleRequest(null, Object(Config\Cache), false)
 8 FCPATH\index.php(79): CodeIgniter\CodeIgniter->run()
WARNING - 2026-02-27 14:22:05 --> [DEPRECATED] Creation of dynamic property CodeIgniter\HTTP\IncomingRequest::$user is deprecated in APPPATH\Filters\JwtAuth.php on line 47.
 1 SYSTEMPATH\Filters\Filters.php(182): App\Filters\JwtAuth->before(Object(CodeIgniter\HTTP\IncomingRequest), null)
 2 SYSTEMPATH\CodeIgniter.php(475): CodeIgniter\Filters\Filters->run('api/profile', 'before')
 3 SYSTEMPATH\CodeIgniter.php(361): CodeIgniter\CodeIgniter->handleRequest(null, Object(Config\Cache), false)
 4 FCPATH\index.php(79): CodeIgniter\CodeIgniter->run()
INFO - 2026-02-27 14:22:06 --> Session: Class initialized using 'CodeIgniter\Session\Handlers\FileHandler' driver.
WARNING - 2026-02-27 14:22:06 --> [DEPRECATED] Creation of dynamic property CodeIgniter\HTTP\IncomingRequest::$user is deprecated in APPPATH\Filters\JwtAuthWeb.php on line 32.
 1 SYSTEMPATH\Filters\Filters.php(182): App\Filters\JwtAuthWeb->before(Object(CodeIgniter\HTTP\IncomingRequest), null)
 2 SYSTEMPATH\CodeIgniter.php(475): CodeIgniter\Filters\Filters->run('getCGservice', 'before')
 3 SYSTEMPATH\CodeIgniter.php(361): CodeIgniter\CodeIgniter->handleRequest(null, Object(Config\Cache), false)
 4 FCPATH\index.php(79): CodeIgniter\CodeIgniter->run()
WARNING - 2026-02-27 14:22:06 --> [DEPRECATED] Optional parameter $cg declared before required parameter $hcode is implicitly treated as a required parameter in APPPATH\Models\cgserviceModel.php on line 93.
 1 SYSTEMPATH\Autoloader\Autoloader.php(311): include_once('D:\\xampp6\\htdocs\\project-jwt\\vendor\\codeigniter4\\framework\\system\\Debug\\Exceptions.php')
 2 SYSTEMPATH\Autoloader\Autoloader.php(290): CodeIgniter\Autoloader\Autoloader->includeFile('D:\\xampp6\\htdocs\\project-jwt\\app\\Models\\cgserviceModel.php')
 3 SYSTEMPATH\Autoloader\Autoloader.php(266): CodeIgniter\Autoloader\Autoloader->loadInNamespace('App\\Models\\cgserviceModel')
 4 APPPATH\Controllers\ServiceController.php(21): CodeIgniter\Autoloader\Autoloader->loadClass('App\\Models\\cgserviceModel')
 5 SYSTEMPATH\CodeIgniter.php(915): App\Controllers\ServiceController->__construct()
 6 SYSTEMPATH\CodeIgniter.php(494): CodeIgniter\CodeIgniter->createController()
 7 SYSTEMPATH\CodeIgniter.php(361): CodeIgniter\CodeIgniter->handleRequest(null, Object(Config\Cache), false)
 8 FCPATH\index.php(79): CodeIgniter\CodeIgniter->run()
INFO - 2026-02-27 14:23:38 --> Session: Class initialized using 'CodeIgniter\Session\Handlers\FileHandler' driver.
WARNING - 2026-02-27 14:23:38 --> [DEPRECATED] Creation of dynamic property CodeIgniter\HTTP\IncomingRequest::$user is deprecated in APPPATH\Filters\JwtAuthWeb.php on line 32.
 1 SYSTEMPATH\Filters\Filters.php(182): App\Filters\JwtAuthWeb->before(Object(CodeIgniter\HTTP\IncomingRequest), null)
 2 SYSTEMPATH\CodeIgniter.php(475): CodeIgniter\Filters\Filters->run('ltc-view-details/267/2026/2', 'before')
 3 SYSTEMPATH\CodeIgniter.php(361): CodeIgniter\CodeIgniter->handleRequest(null, Object(Config\Cache), false)
 4 FCPATH\index.php(79): CodeIgniter\CodeIgniter->run()
WARNING - 2026-02-27 14:23:38 --> [DEPRECATED] Optional parameter $cg declared before required parameter $hcode is implicitly treated as a required parameter in APPPATH\Models\cgserviceModel.php on line 93.
 1 SYSTEMPATH\Autoloader\Autoloader.php(311): include_once('D:\\xampp6\\htdocs\\project-jwt\\vendor\\codeigniter4\\framework\\system\\Debug\\Exceptions.php')
 2 SYSTEMPATH\Autoloader\Autoloader.php(290): CodeIgniter\Autoloader\Autoloader->includeFile('D:\\xampp6\\htdocs\\project-jwt\\app\\Models\\cgserviceModel.php')
 3 SYSTEMPATH\Autoloader\Autoloader.php(266): CodeIgniter\Autoloader\Autoloader->loadInNamespace('App\\Models\\cgserviceModel')
 4 APPPATH\Controllers\ServiceController.php(21): CodeIgniter\Autoloader\Autoloader->loadClass('App\\Models\\cgserviceModel')
 5 SYSTEMPATH\CodeIgniter.php(915): App\Controllers\ServiceController->__construct()
 6 SYSTEMPATH\CodeIgniter.php(494): CodeIgniter\CodeIgniter->createController()
 7 SYSTEMPATH\CodeIgniter.php(361): CodeIgniter\CodeIgniter->handleRequest(null, Object(Config\Cache), false)
 8 FCPATH\index.php(79): CodeIgniter\CodeIgniter->run()
WARNING - 2026-02-27 14:23:39 --> [DEPRECATED] Creation of dynamic property CodeIgniter\HTTP\IncomingRequest::$user is deprecated in APPPATH\Filters\JwtAuth.php on line 47.
 1 SYSTEMPATH\Filters\Filters.php(182): App\Filters\JwtAuth->before(Object(CodeIgniter\HTTP\IncomingRequest), null)
 2 SYSTEMPATH\CodeIgniter.php(475): CodeIgniter\Filters\Filters->run('api/profile', 'before')
 3 SYSTEMPATH\CodeIgniter.php(361): CodeIgniter\CodeIgniter->handleRequest(null, Object(Config\Cache), false)
 4 FCPATH\index.php(79): CodeIgniter\CodeIgniter->run()
INFO - 2026-02-27 14:23:39 --> Session: Class initialized using 'CodeIgniter\Session\Handlers\FileHandler' driver.
WARNING - 2026-02-27 14:23:39 --> [DEPRECATED] Creation of dynamic property CodeIgniter\HTTP\IncomingRequest::$user is deprecated in APPPATH\Filters\JwtAuthWeb.php on line 32.
 1 SYSTEMPATH\Filters\Filters.php(182): App\Filters\JwtAuthWeb->before(Object(CodeIgniter\HTTP\IncomingRequest), null)
 2 SYSTEMPATH\CodeIgniter.php(475): CodeIgniter\Filters\Filters->run('getCGservice', 'before')
 3 SYSTEMPATH\CodeIgniter.php(361): CodeIgniter\CodeIgniter->handleRequest(null, Object(Config\Cache), false)
 4 FCPATH\index.php(79): CodeIgniter\CodeIgniter->run()
WARNING - 2026-02-27 14:23:39 --> [DEPRECATED] Optional parameter $cg declared before required parameter $hcode is implicitly treated as a required parameter in APPPATH\Models\cgserviceModel.php on line 93.
 1 SYSTEMPATH\Autoloader\Autoloader.php(311): include_once('D:\\xampp6\\htdocs\\project-jwt\\vendor\\codeigniter4\\framework\\system\\Debug\\Exceptions.php')
 2 SYSTEMPATH\Autoloader\Autoloader.php(290): CodeIgniter\Autoloader\Autoloader->includeFile('D:\\xampp6\\htdocs\\project-jwt\\app\\Models\\cgserviceModel.php')
 3 SYSTEMPATH\Autoloader\Autoloader.php(266): CodeIgniter\Autoloader\Autoloader->loadInNamespace('App\\Models\\cgserviceModel')
 4 APPPATH\Controllers\ServiceController.php(21): CodeIgniter\Autoloader\Autoloader->loadClass('App\\Models\\cgserviceModel')
 5 SYSTEMPATH\CodeIgniter.php(915): App\Controllers\ServiceController->__construct()
 6 SYSTEMPATH\CodeIgniter.php(494): CodeIgniter\CodeIgniter->createController()
 7 SYSTEMPATH\CodeIgniter.php(361): CodeIgniter\CodeIgniter->handleRequest(null, Object(Config\Cache), false)
 8 FCPATH\index.php(79): CodeIgniter\CodeIgniter->run()
INFO - 2026-02-27 14:24:24 --> Session: Class initialized using 'CodeIgniter\Session\Handlers\FileHandler' driver.
WARNING - 2026-02-27 14:24:24 --> [DEPRECATED] Creation of dynamic property CodeIgniter\HTTP\IncomingRequest::$user is deprecated in APPPATH\Filters\JwtAuthWeb.php on line 32.
 1 SYSTEMPATH\Filters\Filters.php(182): App\Filters\JwtAuthWeb->before(Object(CodeIgniter\HTTP\IncomingRequest), null)
 2 SYSTEMPATH\CodeIgniter.php(475): CodeIgniter\Filters\Filters->run('ltc-view-details/267/2026/2', 'before')
 3 SYSTEMPATH\CodeIgniter.php(361): CodeIgniter\CodeIgniter->handleRequest(null, Object(Config\Cache), false)
 4 FCPATH\index.php(79): CodeIgniter\CodeIgniter->run()
WARNING - 2026-02-27 14:24:24 --> [DEPRECATED] Optional parameter $cg declared before required parameter $hcode is implicitly treated as a required parameter in APPPATH\Models\cgserviceModel.php on line 93.
 1 SYSTEMPATH\Autoloader\Autoloader.php(311): include_once('D:\\xampp6\\htdocs\\project-jwt\\vendor\\codeigniter4\\framework\\system\\Debug\\Exceptions.php')
 2 SYSTEMPATH\Autoloader\Autoloader.php(290): CodeIgniter\Autoloader\Autoloader->includeFile('D:\\xampp6\\htdocs\\project-jwt\\app\\Models\\cgserviceModel.php')
 3 SYSTEMPATH\Autoloader\Autoloader.php(266): CodeIgniter\Autoloader\Autoloader->loadInNamespace('App\\Models\\cgserviceModel')
 4 APPPATH\Controllers\ServiceController.php(21): CodeIgniter\Autoloader\Autoloader->loadClass('App\\Models\\cgserviceModel')
 5 SYSTEMPATH\CodeIgniter.php(915): App\Controllers\ServiceController->__construct()
 6 SYSTEMPATH\CodeIgniter.php(494): CodeIgniter\CodeIgniter->createController()
 7 SYSTEMPATH\CodeIgniter.php(361): CodeIgniter\CodeIgniter->handleRequest(null, Object(Config\Cache), false)
 8 FCPATH\index.php(79): CodeIgniter\CodeIgniter->run()
WARNING - 2026-02-27 14:24:24 --> [DEPRECATED] Creation of dynamic property CodeIgniter\HTTP\IncomingRequest::$user is deprecated in APPPATH\Filters\JwtAuth.php on line 47.
 1 SYSTEMPATH\Filters\Filters.php(182): App\Filters\JwtAuth->before(Object(CodeIgniter\HTTP\IncomingRequest), null)
 2 SYSTEMPATH\CodeIgniter.php(475): CodeIgniter\Filters\Filters->run('api/profile', 'before')
 3 SYSTEMPATH\CodeIgniter.php(361): CodeIgniter\CodeIgniter->handleRequest(null, Object(Config\Cache), false)
 4 FCPATH\index.php(79): CodeIgniter\CodeIgniter->run()
INFO - 2026-02-27 14:24:25 --> Session: Class initialized using 'CodeIgniter\Session\Handlers\FileHandler' driver.
WARNING - 2026-02-27 14:24:25 --> [DEPRECATED] Creation of dynamic property CodeIgniter\HTTP\IncomingRequest::$user is deprecated in APPPATH\Filters\JwtAuthWeb.php on line 32.
 1 SYSTEMPATH\Filters\Filters.php(182): App\Filters\JwtAuthWeb->before(Object(CodeIgniter\HTTP\IncomingRequest), null)
 2 SYSTEMPATH\CodeIgniter.php(475): CodeIgniter\Filters\Filters->run('getCGservice', 'before')
 3 SYSTEMPATH\CodeIgniter.php(361): CodeIgniter\CodeIgniter->handleRequest(null, Object(Config\Cache), false)
 4 FCPATH\index.php(79): CodeIgniter\CodeIgniter->run()
WARNING - 2026-02-27 14:24:25 --> [DEPRECATED] Optional parameter $cg declared before required parameter $hcode is implicitly treated as a required parameter in APPPATH\Models\cgserviceModel.php on line 93.
 1 SYSTEMPATH\Autoloader\Autoloader.php(311): include_once('D:\\xampp6\\htdocs\\project-jwt\\vendor\\codeigniter4\\framework\\system\\Debug\\Exceptions.php')
 2 SYSTEMPATH\Autoloader\Autoloader.php(290): CodeIgniter\Autoloader\Autoloader->includeFile('D:\\xampp6\\htdocs\\project-jwt\\app\\Models\\cgserviceModel.php')
 3 SYSTEMPATH\Autoloader\Autoloader.php(266): CodeIgniter\Autoloader\Autoloader->loadInNamespace('App\\Models\\cgserviceModel')
 4 APPPATH\Controllers\ServiceController.php(21): CodeIgniter\Autoloader\Autoloader->loadClass('App\\Models\\cgserviceModel')
 5 SYSTEMPATH\CodeIgniter.php(915): App\Controllers\ServiceController->__construct()
 6 SYSTEMPATH\CodeIgniter.php(494): CodeIgniter\CodeIgniter->createController()
 7 SYSTEMPATH\CodeIgniter.php(361): CodeIgniter\CodeIgniter->handleRequest(null, Object(Config\Cache), false)
 8 FCPATH\index.php(79): CodeIgniter\CodeIgniter->run()
INFO - 2026-02-27 14:24:46 --> Session: Class initialized using 'CodeIgniter\Session\Handlers\FileHandler' driver.
WARNING - 2026-02-27 14:24:46 --> [DEPRECATED] Creation of dynamic property CodeIgniter\HTTP\IncomingRequest::$user is deprecated in APPPATH\Filters\JwtAuthWeb.php on line 32.
 1 SYSTEMPATH\Filters\Filters.php(182): App\Filters\JwtAuthWeb->before(Object(CodeIgniter\HTTP\IncomingRequest), null)
 2 SYSTEMPATH\CodeIgniter.php(475): CodeIgniter\Filters\Filters->run('ltc-view-details/267/2026/2', 'before')
 3 SYSTEMPATH\CodeIgniter.php(361): CodeIgniter\CodeIgniter->handleRequest(null, Object(Config\Cache), false)
 4 FCPATH\index.php(79): CodeIgniter\CodeIgniter->run()
WARNING - 2026-02-27 14:24:46 --> [DEPRECATED] Optional parameter $cg declared before required parameter $hcode is implicitly treated as a required parameter in APPPATH\Models\cgserviceModel.php on line 93.
 1 SYSTEMPATH\Autoloader\Autoloader.php(311): include_once('D:\\xampp6\\htdocs\\project-jwt\\vendor\\codeigniter4\\framework\\system\\Debug\\Exceptions.php')
 2 SYSTEMPATH\Autoloader\Autoloader.php(290): CodeIgniter\Autoloader\Autoloader->includeFile('D:\\xampp6\\htdocs\\project-jwt\\app\\Models\\cgserviceModel.php')
 3 SYSTEMPATH\Autoloader\Autoloader.php(266): CodeIgniter\Autoloader\Autoloader->loadInNamespace('App\\Models\\cgserviceModel')
 4 APPPATH\Controllers\ServiceController.php(21): CodeIgniter\Autoloader\Autoloader->loadClass('App\\Models\\cgserviceModel')
 5 SYSTEMPATH\CodeIgniter.php(915): App\Controllers\ServiceController->__construct()
 6 SYSTEMPATH\CodeIgniter.php(494): CodeIgniter\CodeIgniter->createController()
 7 SYSTEMPATH\CodeIgniter.php(361): CodeIgniter\CodeIgniter->handleRequest(null, Object(Config\Cache), false)
 8 FCPATH\index.php(79): CodeIgniter\CodeIgniter->run()
WARNING - 2026-02-27 14:24:46 --> [DEPRECATED] Creation of dynamic property CodeIgniter\HTTP\IncomingRequest::$user is deprecated in APPPATH\Filters\JwtAuth.php on line 47.
 1 SYSTEMPATH\Filters\Filters.php(182): App\Filters\JwtAuth->before(Object(CodeIgniter\HTTP\IncomingRequest), null)
 2 SYSTEMPATH\CodeIgniter.php(475): CodeIgniter\Filters\Filters->run('api/profile', 'before')
 3 SYSTEMPATH\CodeIgniter.php(361): CodeIgniter\CodeIgniter->handleRequest(null, Object(Config\Cache), false)
 4 FCPATH\index.php(79): CodeIgniter\CodeIgniter->run()
INFO - 2026-02-27 14:24:47 --> Session: Class initialized using 'CodeIgniter\Session\Handlers\FileHandler' driver.
WARNING - 2026-02-27 14:24:47 --> [DEPRECATED] Creation of dynamic property CodeIgniter\HTTP\IncomingRequest::$user is deprecated in APPPATH\Filters\JwtAuthWeb.php on line 32.
 1 SYSTEMPATH\Filters\Filters.php(182): App\Filters\JwtAuthWeb->before(Object(CodeIgniter\HTTP\IncomingRequest), null)
 2 SYSTEMPATH\CodeIgniter.php(475): CodeIgniter\Filters\Filters->run('getCGservice', 'before')
 3 SYSTEMPATH\CodeIgniter.php(361): CodeIgniter\CodeIgniter->handleRequest(null, Object(Config\Cache), false)
 4 FCPATH\index.php(79): CodeIgniter\CodeIgniter->run()
WARNING - 2026-02-27 14:24:47 --> [DEPRECATED] Optional parameter $cg declared before required parameter $hcode is implicitly treated as a required parameter in APPPATH\Models\cgserviceModel.php on line 93.
 1 SYSTEMPATH\Autoloader\Autoloader.php(311): include_once('D:\\xampp6\\htdocs\\project-jwt\\vendor\\codeigniter4\\framework\\system\\Debug\\Exceptions.php')
 2 SYSTEMPATH\Autoloader\Autoloader.php(290): CodeIgniter\Autoloader\Autoloader->includeFile('D:\\xampp6\\htdocs\\project-jwt\\app\\Models\\cgserviceModel.php')
 3 SYSTEMPATH\Autoloader\Autoloader.php(266): CodeIgniter\Autoloader\Autoloader->loadInNamespace('App\\Models\\cgserviceModel')
 4 APPPATH\Controllers\ServiceController.php(21): CodeIgniter\Autoloader\Autoloader->loadClass('App\\Models\\cgserviceModel')
 5 SYSTEMPATH\CodeIgniter.php(915): App\Controllers\ServiceController->__construct()
 6 SYSTEMPATH\CodeIgniter.php(494): CodeIgniter\CodeIgniter->createController()
 7 SYSTEMPATH\CodeIgniter.php(361): CodeIgniter\CodeIgniter->handleRequest(null, Object(Config\Cache), false)
 8 FCPATH\index.php(79): CodeIgniter\CodeIgniter->run()
INFO - 2026-02-27 14:26:16 --> Session: Class initialized using 'CodeIgniter\Session\Handlers\FileHandler' driver.
WARNING - 2026-02-27 14:26:16 --> [DEPRECATED] Creation of dynamic property CodeIgniter\HTTP\IncomingRequest::$user is deprecated in APPPATH\Filters\JwtAuthWeb.php on line 32.
 1 SYSTEMPATH\Filters\Filters.php(182): App\Filters\JwtAuthWeb->before(Object(CodeIgniter\HTTP\IncomingRequest), null)
 2 SYSTEMPATH\CodeIgniter.php(475): CodeIgniter\Filters\Filters->run('ltc-view-details/267/2026/2', 'before')
 3 SYSTEMPATH\CodeIgniter.php(361): CodeIgniter\CodeIgniter->handleRequest(null, Object(Config\Cache), false)
 4 FCPATH\index.php(79): CodeIgniter\CodeIgniter->run()
WARNING - 2026-02-27 14:26:16 --> [DEPRECATED] Optional parameter $cg declared before required parameter $hcode is implicitly treated as a required parameter in APPPATH\Models\cgserviceModel.php on line 93.
 1 SYSTEMPATH\Autoloader\Autoloader.php(311): include_once('D:\\xampp6\\htdocs\\project-jwt\\vendor\\codeigniter4\\framework\\system\\Debug\\Exceptions.php')
 2 SYSTEMPATH\Autoloader\Autoloader.php(290): CodeIgniter\Autoloader\Autoloader->includeFile('D:\\xampp6\\htdocs\\project-jwt\\app\\Models\\cgserviceModel.php')
 3 SYSTEMPATH\Autoloader\Autoloader.php(266): CodeIgniter\Autoloader\Autoloader->loadInNamespace('App\\Models\\cgserviceModel')
 4 APPPATH\Controllers\ServiceController.php(21): CodeIgniter\Autoloader\Autoloader->loadClass('App\\Models\\cgserviceModel')
 5 SYSTEMPATH\CodeIgniter.php(915): App\Controllers\ServiceController->__construct()
 6 SYSTEMPATH\CodeIgniter.php(494): CodeIgniter\CodeIgniter->createController()
 7 SYSTEMPATH\CodeIgniter.php(361): CodeIgniter\CodeIgniter->handleRequest(null, Object(Config\Cache), false)
 8 FCPATH\index.php(79): CodeIgniter\CodeIgniter->run()
WARNING - 2026-02-27 14:26:16 --> [DEPRECATED] Creation of dynamic property CodeIgniter\HTTP\IncomingRequest::$user is deprecated in APPPATH\Filters\JwtAuth.php on line 47.
 1 SYSTEMPATH\Filters\Filters.php(182): App\Filters\JwtAuth->before(Object(CodeIgniter\HTTP\IncomingRequest), null)
 2 SYSTEMPATH\CodeIgniter.php(475): CodeIgniter\Filters\Filters->run('api/profile', 'before')
 3 SYSTEMPATH\CodeIgniter.php(361): CodeIgniter\CodeIgniter->handleRequest(null, Object(Config\Cache), false)
 4 FCPATH\index.php(79): CodeIgniter\CodeIgniter->run()
INFO - 2026-02-27 14:26:18 --> Session: Class initialized using 'CodeIgniter\Session\Handlers\FileHandler' driver.
WARNING - 2026-02-27 14:26:18 --> [DEPRECATED] Creation of dynamic property CodeIgniter\HTTP\IncomingRequest::$user is deprecated in APPPATH\Filters\JwtAuthWeb.php on line 32.
 1 SYSTEMPATH\Filters\Filters.php(182): App\Filters\JwtAuthWeb->before(Object(CodeIgniter\HTTP\IncomingRequest), null)
 2 SYSTEMPATH\CodeIgniter.php(475): CodeIgniter\Filters\Filters->run('getCGservice', 'before')
 3 SYSTEMPATH\CodeIgniter.php(361): CodeIgniter\CodeIgniter->handleRequest(null, Object(Config\Cache), false)
 4 FCPATH\index.php(79): CodeIgniter\CodeIgniter->run()
WARNING - 2026-02-27 14:26:18 --> [DEPRECATED] Optional parameter $cg declared before required parameter $hcode is implicitly treated as a required parameter in APPPATH\Models\cgserviceModel.php on line 93.
 1 SYSTEMPATH\Autoloader\Autoloader.php(311): include_once('D:\\xampp6\\htdocs\\project-jwt\\vendor\\codeigniter4\\framework\\system\\Debug\\Exceptions.php')
 2 SYSTEMPATH\Autoloader\Autoloader.php(290): CodeIgniter\Autoloader\Autoloader->includeFile('D:\\xampp6\\htdocs\\project-jwt\\app\\Models\\cgserviceModel.php')
 3 SYSTEMPATH\Autoloader\Autoloader.php(266): CodeIgniter\Autoloader\Autoloader->loadInNamespace('App\\Models\\cgserviceModel')
 4 APPPATH\Controllers\ServiceController.php(21): CodeIgniter\Autoloader\Autoloader->loadClass('App\\Models\\cgserviceModel')
 5 SYSTEMPATH\CodeIgniter.php(915): App\Controllers\ServiceController->__construct()
 6 SYSTEMPATH\CodeIgniter.php(494): CodeIgniter\CodeIgniter->createController()
 7 SYSTEMPATH\CodeIgniter.php(361): CodeIgniter\CodeIgniter->handleRequest(null, Object(Config\Cache), false)
 8 FCPATH\index.php(79): CodeIgniter\CodeIgniter->run()
INFO - 2026-02-27 14:30:15 --> Session: Class initialized using 'CodeIgniter\Session\Handlers\FileHandler' driver.
INFO - 2026-02-27 14:30:17 --> Session: Class initialized using 'CodeIgniter\Session\Handlers\FileHandler' driver.
INFO - 2026-02-27 14:30:19 --> Session: Class initialized using 'CodeIgniter\Session\Handlers\FileHandler' driver.
WARNING - 2026-02-27 14:30:19 --> [DEPRECATED] Creation of dynamic property CodeIgniter\HTTP\IncomingRequest::$user is deprecated in APPPATH\Filters\JwtAuthWeb.php on line 32.
 1 SYSTEMPATH\Filters\Filters.php(182): App\Filters\JwtAuthWeb->before(Object(CodeIgniter\HTTP\IncomingRequest), null)
 2 SYSTEMPATH\CodeIgniter.php(475): CodeIgniter\Filters\Filters->run('setting/dashboard-page', 'before')
 3 SYSTEMPATH\CodeIgniter.php(361): CodeIgniter\CodeIgniter->handleRequest(null, Object(Config\Cache), false)
 4 FCPATH\index.php(79): CodeIgniter\CodeIgniter->run()
WARNING - 2026-02-27 14:30:20 --> [DEPRECATED] Creation of dynamic property CodeIgniter\HTTP\IncomingRequest::$user is deprecated in APPPATH\Filters\JwtAuth.php on line 47.
 1 SYSTEMPATH\Filters\Filters.php(182): App\Filters\JwtAuth->before(Object(CodeIgniter\HTTP\IncomingRequest), null)
 2 SYSTEMPATH\CodeIgniter.php(475): CodeIgniter\Filters\Filters->run('api/profile', 'before')
 3 SYSTEMPATH\CodeIgniter.php(361): CodeIgniter\CodeIgniter->handleRequest(null, Object(Config\Cache), false)
 4 FCPATH\index.php(79): CodeIgniter\CodeIgniter->run()
INFO - 2026-02-27 14:30:23 --> Session: Class initialized using 'CodeIgniter\Session\Handlers\FileHandler' driver.
WARNING - 2026-02-27 14:30:23 --> [DEPRECATED] Creation of dynamic property CodeIgniter\HTTP\IncomingRequest::$user is deprecated in APPPATH\Filters\JwtAuthWeb.php on line 32.
 1 SYSTEMPATH\Filters\Filters.php(182): App\Filters\JwtAuthWeb->before(Object(CodeIgniter\HTTP\IncomingRequest), null)
 2 SYSTEMPATH\CodeIgniter.php(475): CodeIgniter\Filters\Filters->run('service-page', 'before')
 3 SYSTEMPATH\CodeIgniter.php(361): CodeIgniter\CodeIgniter->handleRequest(null, Object(Config\Cache), false)
 4 FCPATH\index.php(79): CodeIgniter\CodeIgniter->run()
WARNING - 2026-02-27 14:30:23 --> [DEPRECATED] Optional parameter $cg declared before required parameter $hcode is implicitly treated as a required parameter in APPPATH\Models\cgserviceModel.php on line 93.
 1 SYSTEMPATH\Autoloader\Autoloader.php(311): include_once('D:\\xampp6\\htdocs\\project-jwt\\vendor\\codeigniter4\\framework\\system\\Debug\\Exceptions.php')
 2 SYSTEMPATH\Autoloader\Autoloader.php(290): CodeIgniter\Autoloader\Autoloader->includeFile('D:\\xampp6\\htdocs\\project-jwt\\app\\Models\\cgserviceModel.php')
 3 SYSTEMPATH\Autoloader\Autoloader.php(266): CodeIgniter\Autoloader\Autoloader->loadInNamespace('App\\Models\\cgserviceModel')
 4 APPPATH\Controllers\ServiceController.php(21): CodeIgniter\Autoloader\Autoloader->loadClass('App\\Models\\cgserviceModel')
 5 SYSTEMPATH\CodeIgniter.php(915): App\Controllers\ServiceController->__construct()
 6 SYSTEMPATH\CodeIgniter.php(494): CodeIgniter\CodeIgniter->createController()
 7 SYSTEMPATH\CodeIgniter.php(361): CodeIgniter\CodeIgniter->handleRequest(null, Object(Config\Cache), false)
 8 FCPATH\index.php(79): CodeIgniter\CodeIgniter->run()
WARNING - 2026-02-27 14:30:23 --> [DEPRECATED] Creation of dynamic property CodeIgniter\HTTP\IncomingRequest::$user is deprecated in APPPATH\Filters\JwtAuth.php on line 47.
 1 SYSTEMPATH\Filters\Filters.php(182): App\Filters\JwtAuth->before(Object(CodeIgniter\HTTP\IncomingRequest), null)
 2 SYSTEMPATH\CodeIgniter.php(475): CodeIgniter\Filters\Filters->run('api/profile', 'before')
 3 SYSTEMPATH\CodeIgniter.php(361): CodeIgniter\CodeIgniter->handleRequest(null, Object(Config\Cache), false)
 4 FCPATH\index.php(79): CodeIgniter\CodeIgniter->run()
INFO - 2026-02-27 14:30:26 --> Session: Class initialized using 'CodeIgniter\Session\Handlers\FileHandler' driver.
WARNING - 2026-02-27 14:30:26 --> [DEPRECATED] Creation of dynamic property CodeIgniter\HTTP\IncomingRequest::$user is deprecated in APPPATH\Filters\JwtAuthWeb.php on line 32.
 1 SYSTEMPATH\Filters\Filters.php(182): App\Filters\JwtAuthWeb->before(Object(CodeIgniter\HTTP\IncomingRequest), null)
 2 SYSTEMPATH\CodeIgniter.php(475): CodeIgniter\Filters\Filters->run('cgServicerep', 'before')
 3 SYSTEMPATH\CodeIgniter.php(361): CodeIgniter\CodeIgniter->handleRequest(null, Object(Config\Cache), false)
 4 FCPATH\index.php(79): CodeIgniter\CodeIgniter->run()
WARNING - 2026-02-27 14:30:26 --> [DEPRECATED] Optional parameter $cg declared before required parameter $hcode is implicitly treated as a required parameter in APPPATH\Models\cgserviceModel.php on line 93.
 1 SYSTEMPATH\Autoloader\Autoloader.php(311): include_once('D:\\xampp6\\htdocs\\project-jwt\\vendor\\codeigniter4\\framework\\system\\Debug\\Exceptions.php')
 2 SYSTEMPATH\Autoloader\Autoloader.php(290): CodeIgniter\Autoloader\Autoloader->includeFile('D:\\xampp6\\htdocs\\project-jwt\\app\\Models\\cgserviceModel.php')
 3 SYSTEMPATH\Autoloader\Autoloader.php(266): CodeIgniter\Autoloader\Autoloader->loadInNamespace('App\\Models\\cgserviceModel')
 4 APPPATH\Controllers\ServiceController.php(21): CodeIgniter\Autoloader\Autoloader->loadClass('App\\Models\\cgserviceModel')
 5 SYSTEMPATH\CodeIgniter.php(915): App\Controllers\ServiceController->__construct()
 6 SYSTEMPATH\CodeIgniter.php(494): CodeIgniter\CodeIgniter->createController()
 7 SYSTEMPATH\CodeIgniter.php(361): CodeIgniter\CodeIgniter->handleRequest(null, Object(Config\Cache), false)
 8 FCPATH\index.php(79): CodeIgniter\CodeIgniter->run()
INFO - 2026-02-27 14:30:27 --> Session: Class initialized using 'CodeIgniter\Session\Handlers\FileHandler' driver.
WARNING - 2026-02-27 14:30:27 --> [DEPRECATED] Creation of dynamic property CodeIgniter\HTTP\IncomingRequest::$user is deprecated in APPPATH\Filters\JwtAuthWeb.php on line 32.
 1 SYSTEMPATH\Filters\Filters.php(182): App\Filters\JwtAuthWeb->before(Object(CodeIgniter\HTTP\IncomingRequest), null)
 2 SYSTEMPATH\CodeIgniter.php(475): CodeIgniter\Filters\Filters->run('ltc-view-details/258/2026/2', 'before')
 3 SYSTEMPATH\CodeIgniter.php(361): CodeIgniter\CodeIgniter->handleRequest(null, Object(Config\Cache), false)
 4 FCPATH\index.php(79): CodeIgniter\CodeIgniter->run()
WARNING - 2026-02-27 14:30:27 --> [DEPRECATED] Optional parameter $cg declared before required parameter $hcode is implicitly treated as a required parameter in APPPATH\Models\cgserviceModel.php on line 93.
 1 SYSTEMPATH\Autoloader\Autoloader.php(311): include_once('D:\\xampp6\\htdocs\\project-jwt\\vendor\\codeigniter4\\framework\\system\\Debug\\Exceptions.php')
 2 SYSTEMPATH\Autoloader\Autoloader.php(290): CodeIgniter\Autoloader\Autoloader->includeFile('D:\\xampp6\\htdocs\\project-jwt\\app\\Models\\cgserviceModel.php')
 3 SYSTEMPATH\Autoloader\Autoloader.php(266): CodeIgniter\Autoloader\Autoloader->loadInNamespace('App\\Models\\cgserviceModel')
 4 APPPATH\Controllers\ServiceController.php(21): CodeIgniter\Autoloader\Autoloader->loadClass('App\\Models\\cgserviceModel')
 5 SYSTEMPATH\CodeIgniter.php(915): App\Controllers\ServiceController->__construct()
 6 SYSTEMPATH\CodeIgniter.php(494): CodeIgniter\CodeIgniter->createController()
 7 SYSTEMPATH\CodeIgniter.php(361): CodeIgniter\CodeIgniter->handleRequest(null, Object(Config\Cache), false)
 8 FCPATH\index.php(79): CodeIgniter\CodeIgniter->run()
WARNING - 2026-02-27 14:30:28 --> [DEPRECATED] Creation of dynamic property CodeIgniter\HTTP\IncomingRequest::$user is deprecated in APPPATH\Filters\JwtAuth.php on line 47.
 1 SYSTEMPATH\Filters\Filters.php(182): App\Filters\JwtAuth->before(Object(CodeIgniter\HTTP\IncomingRequest), null)
 2 SYSTEMPATH\CodeIgniter.php(475): CodeIgniter\Filters\Filters->run('api/profile', 'before')
 3 SYSTEMPATH\CodeIgniter.php(361): CodeIgniter\CodeIgniter->handleRequest(null, Object(Config\Cache), false)
 4 FCPATH\index.php(79): CodeIgniter\CodeIgniter->run()
INFO - 2026-02-27 14:30:29 --> Session: Class initialized using 'CodeIgniter\Session\Handlers\FileHandler' driver.
WARNING - 2026-02-27 14:30:29 --> [DEPRECATED] Creation of dynamic property CodeIgniter\HTTP\IncomingRequest::$user is deprecated in APPPATH\Filters\JwtAuthWeb.php on line 32.
 1 SYSTEMPATH\Filters\Filters.php(182): App\Filters\JwtAuthWeb->before(Object(CodeIgniter\HTTP\IncomingRequest), null)
 2 SYSTEMPATH\CodeIgniter.php(475): CodeIgniter\Filters\Filters->run('getCGservice', 'before')
 3 SYSTEMPATH\CodeIgniter.php(361): CodeIgniter\CodeIgniter->handleRequest(null, Object(Config\Cache), false)
 4 FCPATH\index.php(79): CodeIgniter\CodeIgniter->run()
WARNING - 2026-02-27 14:30:29 --> [DEPRECATED] Optional parameter $cg declared before required parameter $hcode is implicitly treated as a required parameter in APPPATH\Models\cgserviceModel.php on line 93.
 1 SYSTEMPATH\Autoloader\Autoloader.php(311): include_once('D:\\xampp6\\htdocs\\project-jwt\\vendor\\codeigniter4\\framework\\system\\Debug\\Exceptions.php')
 2 SYSTEMPATH\Autoloader\Autoloader.php(290): CodeIgniter\Autoloader\Autoloader->includeFile('D:\\xampp6\\htdocs\\project-jwt\\app\\Models\\cgserviceModel.php')
 3 SYSTEMPATH\Autoloader\Autoloader.php(266): CodeIgniter\Autoloader\Autoloader->loadInNamespace('App\\Models\\cgserviceModel')
 4 APPPATH\Controllers\ServiceController.php(21): CodeIgniter\Autoloader\Autoloader->loadClass('App\\Models\\cgserviceModel')
 5 SYSTEMPATH\CodeIgniter.php(915): App\Controllers\ServiceController->__construct()
 6 SYSTEMPATH\CodeIgniter.php(494): CodeIgniter\CodeIgniter->createController()
 7 SYSTEMPATH\CodeIgniter.php(361): CodeIgniter\CodeIgniter->handleRequest(null, Object(Config\Cache), false)
 8 FCPATH\index.php(79): CodeIgniter\CodeIgniter->run()
INFO - 2026-02-27 14:30:50 --> Session: Class initialized using 'CodeIgniter\Session\Handlers\FileHandler' driver.
WARNING - 2026-02-27 14:30:50 --> [DEPRECATED] Creation of dynamic property CodeIgniter\HTTP\IncomingRequest::$user is deprecated in APPPATH\Filters\JwtAuthWeb.php on line 32.
 1 SYSTEMPATH\Filters\Filters.php(182): App\Filters\JwtAuthWeb->before(Object(CodeIgniter\HTTP\IncomingRequest), null)
 2 SYSTEMPATH\CodeIgniter.php(475): CodeIgniter\Filters\Filters->run('service-page', 'before')
 3 SYSTEMPATH\CodeIgniter.php(361): CodeIgniter\CodeIgniter->handleRequest(null, Object(Config\Cache), false)
 4 FCPATH\index.php(79): CodeIgniter\CodeIgniter->run()
WARNING - 2026-02-27 14:30:50 --> [DEPRECATED] Optional parameter $cg declared before required parameter $hcode is implicitly treated as a required parameter in APPPATH\Models\cgserviceModel.php on line 93.
 1 SYSTEMPATH\Autoloader\Autoloader.php(311): include_once('D:\\xampp6\\htdocs\\project-jwt\\vendor\\codeigniter4\\framework\\system\\Debug\\Exceptions.php')
 2 SYSTEMPATH\Autoloader\Autoloader.php(290): CodeIgniter\Autoloader\Autoloader->includeFile('D:\\xampp6\\htdocs\\project-jwt\\app\\Models\\cgserviceModel.php')
 3 SYSTEMPATH\Autoloader\Autoloader.php(266): CodeIgniter\Autoloader\Autoloader->loadInNamespace('App\\Models\\cgserviceModel')
 4 APPPATH\Controllers\ServiceController.php(21): CodeIgniter\Autoloader\Autoloader->loadClass('App\\Models\\cgserviceModel')
 5 SYSTEMPATH\CodeIgniter.php(915): App\Controllers\ServiceController->__construct()
 6 SYSTEMPATH\CodeIgniter.php(494): CodeIgniter\CodeIgniter->createController()
 7 SYSTEMPATH\CodeIgniter.php(361): CodeIgniter\CodeIgniter->handleRequest(null, Object(Config\Cache), false)
 8 FCPATH\index.php(79): CodeIgniter\CodeIgniter->run()
WARNING - 2026-02-27 14:30:50 --> [DEPRECATED] Creation of dynamic property CodeIgniter\HTTP\IncomingRequest::$user is deprecated in APPPATH\Filters\JwtAuth.php on line 47.
 1 SYSTEMPATH\Filters\Filters.php(182): App\Filters\JwtAuth->before(Object(CodeIgniter\HTTP\IncomingRequest), null)
 2 SYSTEMPATH\CodeIgniter.php(475): CodeIgniter\Filters\Filters->run('api/profile', 'before')
 3 SYSTEMPATH\CodeIgniter.php(361): CodeIgniter\CodeIgniter->handleRequest(null, Object(Config\Cache), false)
 4 FCPATH\index.php(79): CodeIgniter\CodeIgniter->run()
INFO - 2026-02-27 14:30:53 --> Session: Class initialized using 'CodeIgniter\Session\Handlers\FileHandler' driver.
WARNING - 2026-02-27 14:30:53 --> [DEPRECATED] Creation of dynamic property CodeIgniter\HTTP\IncomingRequest::$user is deprecated in APPPATH\Filters\JwtAuthWeb.php on line 32.
 1 SYSTEMPATH\Filters\Filters.php(182): App\Filters\JwtAuthWeb->before(Object(CodeIgniter\HTTP\IncomingRequest), null)
 2 SYSTEMPATH\CodeIgniter.php(475): CodeIgniter\Filters\Filters->run('cgServicerep', 'before')
 3 SYSTEMPATH\CodeIgniter.php(361): CodeIgniter\CodeIgniter->handleRequest(null, Object(Config\Cache), false)
 4 FCPATH\index.php(79): CodeIgniter\CodeIgniter->run()
WARNING - 2026-02-27 14:30:53 --> [DEPRECATED] Optional parameter $cg declared before required parameter $hcode is implicitly treated as a required parameter in APPPATH\Models\cgserviceModel.php on line 93.
 1 SYSTEMPATH\Autoloader\Autoloader.php(311): include_once('D:\\xampp6\\htdocs\\project-jwt\\vendor\\codeigniter4\\framework\\system\\Debug\\Exceptions.php')
 2 SYSTEMPATH\Autoloader\Autoloader.php(290): CodeIgniter\Autoloader\Autoloader->includeFile('D:\\xampp6\\htdocs\\project-jwt\\app\\Models\\cgserviceModel.php')
 3 SYSTEMPATH\Autoloader\Autoloader.php(266): CodeIgniter\Autoloader\Autoloader->loadInNamespace('App\\Models\\cgserviceModel')
 4 APPPATH\Controllers\ServiceController.php(21): CodeIgniter\Autoloader\Autoloader->loadClass('App\\Models\\cgserviceModel')
 5 SYSTEMPATH\CodeIgniter.php(915): App\Controllers\ServiceController->__construct()
 6 SYSTEMPATH\CodeIgniter.php(494): CodeIgniter\CodeIgniter->createController()
 7 SYSTEMPATH\CodeIgniter.php(361): CodeIgniter\CodeIgniter->handleRequest(null, Object(Config\Cache), false)
 8 FCPATH\index.php(79): CodeIgniter\CodeIgniter->run()
INFO - 2026-02-27 14:30:58 --> Session: Class initialized using 'CodeIgniter\Session\Handlers\FileHandler' driver.
WARNING - 2026-02-27 14:30:58 --> [DEPRECATED] Creation of dynamic property CodeIgniter\HTTP\IncomingRequest::$user is deprecated in APPPATH\Filters\JwtAuthWeb.php on line 32.
 1 SYSTEMPATH\Filters\Filters.php(182): App\Filters\JwtAuthWeb->before(Object(CodeIgniter\HTTP\IncomingRequest), null)
 2 SYSTEMPATH\CodeIgniter.php(475): CodeIgniter\Filters\Filters->run('cgServicerep', 'before')
 3 SYSTEMPATH\CodeIgniter.php(361): CodeIgniter\CodeIgniter->handleRequest(null, Object(Config\Cache), false)
 4 FCPATH\index.php(79): CodeIgniter\CodeIgniter->run()
WARNING - 2026-02-27 14:30:58 --> [DEPRECATED] Optional parameter $cg declared before required parameter $hcode is implicitly treated as a required parameter in APPPATH\Models\cgserviceModel.php on line 93.
 1 SYSTEMPATH\Autoloader\Autoloader.php(311): include_once('D:\\xampp6\\htdocs\\project-jwt\\vendor\\codeigniter4\\framework\\system\\Debug\\Exceptions.php')
 2 SYSTEMPATH\Autoloader\Autoloader.php(290): CodeIgniter\Autoloader\Autoloader->includeFile('D:\\xampp6\\htdocs\\project-jwt\\app\\Models\\cgserviceModel.php')
 3 SYSTEMPATH\Autoloader\Autoloader.php(266): CodeIgniter\Autoloader\Autoloader->loadInNamespace('App\\Models\\cgserviceModel')
 4 APPPATH\Controllers\ServiceController.php(21): CodeIgniter\Autoloader\Autoloader->loadClass('App\\Models\\cgserviceModel')
 5 SYSTEMPATH\CodeIgniter.php(915): App\Controllers\ServiceController->__construct()
 6 SYSTEMPATH\CodeIgniter.php(494): CodeIgniter\CodeIgniter->createController()
 7 SYSTEMPATH\CodeIgniter.php(361): CodeIgniter\CodeIgniter->handleRequest(null, Object(Config\Cache), false)
 8 FCPATH\index.php(79): CodeIgniter\CodeIgniter->run()
INFO - 2026-02-27 14:31:00 --> Session: Class initialized using 'CodeIgniter\Session\Handlers\FileHandler' driver.
WARNING - 2026-02-27 14:31:00 --> [DEPRECATED] Creation of dynamic property CodeIgniter\HTTP\IncomingRequest::$user is deprecated in APPPATH\Filters\JwtAuthWeb.php on line 32.
 1 SYSTEMPATH\Filters\Filters.php(182): App\Filters\JwtAuthWeb->before(Object(CodeIgniter\HTTP\IncomingRequest), null)
 2 SYSTEMPATH\CodeIgniter.php(475): CodeIgniter\Filters\Filters->run('ltc-view-details/348/2026/2', 'before')
 3 SYSTEMPATH\CodeIgniter.php(361): CodeIgniter\CodeIgniter->handleRequest(null, Object(Config\Cache), false)
 4 FCPATH\index.php(79): CodeIgniter\CodeIgniter->run()
WARNING - 2026-02-27 14:31:00 --> [DEPRECATED] Optional parameter $cg declared before required parameter $hcode is implicitly treated as a required parameter in APPPATH\Models\cgserviceModel.php on line 93.
 1 SYSTEMPATH\Autoloader\Autoloader.php(311): include_once('D:\\xampp6\\htdocs\\project-jwt\\vendor\\codeigniter4\\framework\\system\\Debug\\Exceptions.php')
 2 SYSTEMPATH\Autoloader\Autoloader.php(290): CodeIgniter\Autoloader\Autoloader->includeFile('D:\\xampp6\\htdocs\\project-jwt\\app\\Models\\cgserviceModel.php')
 3 SYSTEMPATH\Autoloader\Autoloader.php(266): CodeIgniter\Autoloader\Autoloader->loadInNamespace('App\\Models\\cgserviceModel')
 4 APPPATH\Controllers\ServiceController.php(21): CodeIgniter\Autoloader\Autoloader->loadClass('App\\Models\\cgserviceModel')
 5 SYSTEMPATH\CodeIgniter.php(915): App\Controllers\ServiceController->__construct()
 6 SYSTEMPATH\CodeIgniter.php(494): CodeIgniter\CodeIgniter->createController()
 7 SYSTEMPATH\CodeIgniter.php(361): CodeIgniter\CodeIgniter->handleRequest(null, Object(Config\Cache), false)
 8 FCPATH\index.php(79): CodeIgniter\CodeIgniter->run()
WARNING - 2026-02-27 14:31:00 --> [DEPRECATED] Creation of dynamic property CodeIgniter\HTTP\IncomingRequest::$user is deprecated in APPPATH\Filters\JwtAuth.php on line 47.
 1 SYSTEMPATH\Filters\Filters.php(182): App\Filters\JwtAuth->before(Object(CodeIgniter\HTTP\IncomingRequest), null)
 2 SYSTEMPATH\CodeIgniter.php(475): CodeIgniter\Filters\Filters->run('api/profile', 'before')
 3 SYSTEMPATH\CodeIgniter.php(361): CodeIgniter\CodeIgniter->handleRequest(null, Object(Config\Cache), false)
 4 FCPATH\index.php(79): CodeIgniter\CodeIgniter->run()
INFO - 2026-02-27 14:31:01 --> Session: Class initialized using 'CodeIgniter\Session\Handlers\FileHandler' driver.
WARNING - 2026-02-27 14:31:01 --> [DEPRECATED] Creation of dynamic property CodeIgniter\HTTP\IncomingRequest::$user is deprecated in APPPATH\Filters\JwtAuthWeb.php on line 32.
 1 SYSTEMPATH\Filters\Filters.php(182): App\Filters\JwtAuthWeb->before(Object(CodeIgniter\HTTP\IncomingRequest), null)
 2 SYSTEMPATH\CodeIgniter.php(475): CodeIgniter\Filters\Filters->run('getCGservice', 'before')
 3 SYSTEMPATH\CodeIgniter.php(361): CodeIgniter\CodeIgniter->handleRequest(null, Object(Config\Cache), false)
 4 FCPATH\index.php(79): CodeIgniter\CodeIgniter->run()
WARNING - 2026-02-27 14:31:01 --> [DEPRECATED] Optional parameter $cg declared before required parameter $hcode is implicitly treated as a required parameter in APPPATH\Models\cgserviceModel.php on line 93.
 1 SYSTEMPATH\Autoloader\Autoloader.php(311): include_once('D:\\xampp6\\htdocs\\project-jwt\\vendor\\codeigniter4\\framework\\system\\Debug\\Exceptions.php')
 2 SYSTEMPATH\Autoloader\Autoloader.php(290): CodeIgniter\Autoloader\Autoloader->includeFile('D:\\xampp6\\htdocs\\project-jwt\\app\\Models\\cgserviceModel.php')
 3 SYSTEMPATH\Autoloader\Autoloader.php(266): CodeIgniter\Autoloader\Autoloader->loadInNamespace('App\\Models\\cgserviceModel')
 4 APPPATH\Controllers\ServiceController.php(21): CodeIgniter\Autoloader\Autoloader->loadClass('App\\Models\\cgserviceModel')
 5 SYSTEMPATH\CodeIgniter.php(915): App\Controllers\ServiceController->__construct()
 6 SYSTEMPATH\CodeIgniter.php(494): CodeIgniter\CodeIgniter->createController()
 7 SYSTEMPATH\CodeIgniter.php(361): CodeIgniter\CodeIgniter->handleRequest(null, Object(Config\Cache), false)
 8 FCPATH\index.php(79): CodeIgniter\CodeIgniter->run()
INFO - 2026-02-27 14:34:56 --> Session: Class initialized using 'CodeIgniter\Session\Handlers\FileHandler' driver.
WARNING - 2026-02-27 14:34:56 --> [DEPRECATED] Creation of dynamic property CodeIgniter\HTTP\IncomingRequest::$user is deprecated in APPPATH\Filters\JwtAuthWeb.php on line 32.
 1 SYSTEMPATH\Filters\Filters.php(182): App\Filters\JwtAuthWeb->before(Object(CodeIgniter\HTTP\IncomingRequest), null)
 2 SYSTEMPATH\CodeIgniter.php(475): CodeIgniter\Filters\Filters->run('ltc-view-details/348/2026/2', 'before')
 3 SYSTEMPATH\CodeIgniter.php(361): CodeIgniter\CodeIgniter->handleRequest(null, Object(Config\Cache), false)
 4 FCPATH\index.php(79): CodeIgniter\CodeIgniter->run()
WARNING - 2026-02-27 14:34:56 --> [DEPRECATED] Optional parameter $cg declared before required parameter $hcode is implicitly treated as a required parameter in APPPATH\Models\cgserviceModel.php on line 93.
 1 SYSTEMPATH\Autoloader\Autoloader.php(311): include_once('D:\\xampp6\\htdocs\\project-jwt\\vendor\\codeigniter4\\framework\\system\\Debug\\Exceptions.php')
 2 SYSTEMPATH\Autoloader\Autoloader.php(290): CodeIgniter\Autoloader\Autoloader->includeFile('D:\\xampp6\\htdocs\\project-jwt\\app\\Models\\cgserviceModel.php')
 3 SYSTEMPATH\Autoloader\Autoloader.php(266): CodeIgniter\Autoloader\Autoloader->loadInNamespace('App\\Models\\cgserviceModel')
 4 APPPATH\Controllers\ServiceController.php(21): CodeIgniter\Autoloader\Autoloader->loadClass('App\\Models\\cgserviceModel')
 5 SYSTEMPATH\CodeIgniter.php(915): App\Controllers\ServiceController->__construct()
 6 SYSTEMPATH\CodeIgniter.php(494): CodeIgniter\CodeIgniter->createController()
 7 SYSTEMPATH\CodeIgniter.php(361): CodeIgniter\CodeIgniter->handleRequest(null, Object(Config\Cache), false)
 8 FCPATH\index.php(79): CodeIgniter\CodeIgniter->run()
WARNING - 2026-02-27 14:34:56 --> [DEPRECATED] Creation of dynamic property CodeIgniter\HTTP\IncomingRequest::$user is deprecated in APPPATH\Filters\JwtAuth.php on line 47.
 1 SYSTEMPATH\Filters\Filters.php(182): App\Filters\JwtAuth->before(Object(CodeIgniter\HTTP\IncomingRequest), null)
 2 SYSTEMPATH\CodeIgniter.php(475): CodeIgniter\Filters\Filters->run('api/profile', 'before')
 3 SYSTEMPATH\CodeIgniter.php(361): CodeIgniter\CodeIgniter->handleRequest(null, Object(Config\Cache), false)
 4 FCPATH\index.php(79): CodeIgniter\CodeIgniter->run()
INFO - 2026-02-27 14:34:57 --> Session: Class initialized using 'CodeIgniter\Session\Handlers\FileHandler' driver.
WARNING - 2026-02-27 14:34:57 --> [DEPRECATED] Creation of dynamic property CodeIgniter\HTTP\IncomingRequest::$user is deprecated in APPPATH\Filters\JwtAuthWeb.php on line 32.
 1 SYSTEMPATH\Filters\Filters.php(182): App\Filters\JwtAuthWeb->before(Object(CodeIgniter\HTTP\IncomingRequest), null)
 2 SYSTEMPATH\CodeIgniter.php(475): CodeIgniter\Filters\Filters->run('getCGservice', 'before')
 3 SYSTEMPATH\CodeIgniter.php(361): CodeIgniter\CodeIgniter->handleRequest(null, Object(Config\Cache), false)
 4 FCPATH\index.php(79): CodeIgniter\CodeIgniter->run()
WARNING - 2026-02-27 14:34:57 --> [DEPRECATED] Optional parameter $cg declared before required parameter $hcode is implicitly treated as a required parameter in APPPATH\Models\cgserviceModel.php on line 93.
 1 SYSTEMPATH\Autoloader\Autoloader.php(311): include_once('D:\\xampp6\\htdocs\\project-jwt\\vendor\\codeigniter4\\framework\\system\\Debug\\Exceptions.php')
 2 SYSTEMPATH\Autoloader\Autoloader.php(290): CodeIgniter\Autoloader\Autoloader->includeFile('D:\\xampp6\\htdocs\\project-jwt\\app\\Models\\cgserviceModel.php')
 3 SYSTEMPATH\Autoloader\Autoloader.php(266): CodeIgniter\Autoloader\Autoloader->loadInNamespace('App\\Models\\cgserviceModel')
 4 APPPATH\Controllers\ServiceController.php(21): CodeIgniter\Autoloader\Autoloader->loadClass('App\\Models\\cgserviceModel')
 5 SYSTEMPATH\CodeIgniter.php(915): App\Controllers\ServiceController->__construct()
 6 SYSTEMPATH\CodeIgniter.php(494): CodeIgniter\CodeIgniter->createController()
 7 SYSTEMPATH\CodeIgniter.php(361): CodeIgniter\CodeIgniter->handleRequest(null, Object(Config\Cache), false)
 8 FCPATH\index.php(79): CodeIgniter\CodeIgniter->run()
INFO - 2026-02-27 14:36:41 --> Session: Class initialized using 'CodeIgniter\Session\Handlers\FileHandler' driver.
WARNING - 2026-02-27 14:36:41 --> [DEPRECATED] Creation of dynamic property CodeIgniter\HTTP\IncomingRequest::$user is deprecated in APPPATH\Filters\JwtAuthWeb.php on line 32.
 1 SYSTEMPATH\Filters\Filters.php(182): App\Filters\JwtAuthWeb->before(Object(CodeIgniter\HTTP\IncomingRequest), null)
 2 SYSTEMPATH\CodeIgniter.php(475): CodeIgniter\Filters\Filters->run('ltc-view-details/348/2026/2', 'before')
 3 SYSTEMPATH\CodeIgniter.php(361): CodeIgniter\CodeIgniter->handleRequest(null, Object(Config\Cache), false)
 4 FCPATH\index.php(79): CodeIgniter\CodeIgniter->run()
WARNING - 2026-02-27 14:36:41 --> [DEPRECATED] Optional parameter $cg declared before required parameter $hcode is implicitly treated as a required parameter in APPPATH\Models\cgserviceModel.php on line 93.
 1 SYSTEMPATH\Autoloader\Autoloader.php(311): include_once('D:\\xampp6\\htdocs\\project-jwt\\vendor\\codeigniter4\\framework\\system\\Debug\\Exceptions.php')
 2 SYSTEMPATH\Autoloader\Autoloader.php(290): CodeIgniter\Autoloader\Autoloader->includeFile('D:\\xampp6\\htdocs\\project-jwt\\app\\Models\\cgserviceModel.php')
 3 SYSTEMPATH\Autoloader\Autoloader.php(266): CodeIgniter\Autoloader\Autoloader->loadInNamespace('App\\Models\\cgserviceModel')
 4 APPPATH\Controllers\ServiceController.php(21): CodeIgniter\Autoloader\Autoloader->loadClass('App\\Models\\cgserviceModel')
 5 SYSTEMPATH\CodeIgniter.php(915): App\Controllers\ServiceController->__construct()
 6 SYSTEMPATH\CodeIgniter.php(494): CodeIgniter\CodeIgniter->createController()
 7 SYSTEMPATH\CodeIgniter.php(361): CodeIgniter\CodeIgniter->handleRequest(null, Object(Config\Cache), false)
 8 FCPATH\index.php(79): CodeIgniter\CodeIgniter->run()
WARNING - 2026-02-27 14:36:42 --> [DEPRECATED] Creation of dynamic property CodeIgniter\HTTP\IncomingRequest::$user is deprecated in APPPATH\Filters\JwtAuth.php on line 47.
 1 SYSTEMPATH\Filters\Filters.php(182): App\Filters\JwtAuth->before(Object(CodeIgniter\HTTP\IncomingRequest), null)
 2 SYSTEMPATH\CodeIgniter.php(475): CodeIgniter\Filters\Filters->run('api/profile', 'before')
 3 SYSTEMPATH\CodeIgniter.php(361): CodeIgniter\CodeIgniter->handleRequest(null, Object(Config\Cache), false)
 4 FCPATH\index.php(79): CodeIgniter\CodeIgniter->run()
INFO - 2026-02-27 14:36:43 --> Session: Class initialized using 'CodeIgniter\Session\Handlers\FileHandler' driver.
WARNING - 2026-02-27 14:36:43 --> [DEPRECATED] Creation of dynamic property CodeIgniter\HTTP\IncomingRequest::$user is deprecated in APPPATH\Filters\JwtAuthWeb.php on line 32.
 1 SYSTEMPATH\Filters\Filters.php(182): App\Filters\JwtAuthWeb->before(Object(CodeIgniter\HTTP\IncomingRequest), null)
 2 SYSTEMPATH\CodeIgniter.php(475): CodeIgniter\Filters\Filters->run('getCGservice', 'before')
 3 SYSTEMPATH\CodeIgniter.php(361): CodeIgniter\CodeIgniter->handleRequest(null, Object(Config\Cache), false)
 4 FCPATH\index.php(79): CodeIgniter\CodeIgniter->run()
WARNING - 2026-02-27 14:36:43 --> [DEPRECATED] Optional parameter $cg declared before required parameter $hcode is implicitly treated as a required parameter in APPPATH\Models\cgserviceModel.php on line 93.
 1 SYSTEMPATH\Autoloader\Autoloader.php(311): include_once('D:\\xampp6\\htdocs\\project-jwt\\vendor\\codeigniter4\\framework\\system\\Debug\\Exceptions.php')
 2 SYSTEMPATH\Autoloader\Autoloader.php(290): CodeIgniter\Autoloader\Autoloader->includeFile('D:\\xampp6\\htdocs\\project-jwt\\app\\Models\\cgserviceModel.php')
 3 SYSTEMPATH\Autoloader\Autoloader.php(266): CodeIgniter\Autoloader\Autoloader->loadInNamespace('App\\Models\\cgserviceModel')
 4 APPPATH\Controllers\ServiceController.php(21): CodeIgniter\Autoloader\Autoloader->loadClass('App\\Models\\cgserviceModel')
 5 SYSTEMPATH\CodeIgniter.php(915): App\Controllers\ServiceController->__construct()
 6 SYSTEMPATH\CodeIgniter.php(494): CodeIgniter\CodeIgniter->createController()
 7 SYSTEMPATH\CodeIgniter.php(361): CodeIgniter\CodeIgniter->handleRequest(null, Object(Config\Cache), false)
 8 FCPATH\index.php(79): CodeIgniter\CodeIgniter->run()
INFO - 2026-02-27 14:37:11 --> Session: Class initialized using 'CodeIgniter\Session\Handlers\FileHandler' driver.
WARNING - 2026-02-27 14:37:11 --> [DEPRECATED] Creation of dynamic property CodeIgniter\HTTP\IncomingRequest::$user is deprecated in APPPATH\Filters\JwtAuthWeb.php on line 32.
 1 SYSTEMPATH\Filters\Filters.php(182): App\Filters\JwtAuthWeb->before(Object(CodeIgniter\HTTP\IncomingRequest), null)
 2 SYSTEMPATH\CodeIgniter.php(475): CodeIgniter\Filters\Filters->run('ltc-view-details/348/2026/2', 'before')
 3 SYSTEMPATH\CodeIgniter.php(361): CodeIgniter\CodeIgniter->handleRequest(null, Object(Config\Cache), false)
 4 FCPATH\index.php(79): CodeIgniter\CodeIgniter->run()
WARNING - 2026-02-27 14:37:11 --> [DEPRECATED] Optional parameter $cg declared before required parameter $hcode is implicitly treated as a required parameter in APPPATH\Models\cgserviceModel.php on line 93.
 1 SYSTEMPATH\Autoloader\Autoloader.php(311): include_once('D:\\xampp6\\htdocs\\project-jwt\\vendor\\codeigniter4\\framework\\system\\Debug\\Exceptions.php')
 2 SYSTEMPATH\Autoloader\Autoloader.php(290): CodeIgniter\Autoloader\Autoloader->includeFile('D:\\xampp6\\htdocs\\project-jwt\\app\\Models\\cgserviceModel.php')
 3 SYSTEMPATH\Autoloader\Autoloader.php(266): CodeIgniter\Autoloader\Autoloader->loadInNamespace('App\\Models\\cgserviceModel')
 4 APPPATH\Controllers\ServiceController.php(21): CodeIgniter\Autoloader\Autoloader->loadClass('App\\Models\\cgserviceModel')
 5 SYSTEMPATH\CodeIgniter.php(915): App\Controllers\ServiceController->__construct()
 6 SYSTEMPATH\CodeIgniter.php(494): CodeIgniter\CodeIgniter->createController()
 7 SYSTEMPATH\CodeIgniter.php(361): CodeIgniter\CodeIgniter->handleRequest(null, Object(Config\Cache), false)
 8 FCPATH\index.php(79): CodeIgniter\CodeIgniter->run()
WARNING - 2026-02-27 14:37:11 --> [DEPRECATED] Creation of dynamic property CodeIgniter\HTTP\IncomingRequest::$user is deprecated in APPPATH\Filters\JwtAuth.php on line 47.
 1 SYSTEMPATH\Filters\Filters.php(182): App\Filters\JwtAuth->before(Object(CodeIgniter\HTTP\IncomingRequest), null)
 2 SYSTEMPATH\CodeIgniter.php(475): CodeIgniter\Filters\Filters->run('api/profile', 'before')
 3 SYSTEMPATH\CodeIgniter.php(361): CodeIgniter\CodeIgniter->handleRequest(null, Object(Config\Cache), false)
 4 FCPATH\index.php(79): CodeIgniter\CodeIgniter->run()
INFO - 2026-02-27 14:37:12 --> Session: Class initialized using 'CodeIgniter\Session\Handlers\FileHandler' driver.
WARNING - 2026-02-27 14:37:12 --> [DEPRECATED] Creation of dynamic property CodeIgniter\HTTP\IncomingRequest::$user is deprecated in APPPATH\Filters\JwtAuthWeb.php on line 32.
 1 SYSTEMPATH\Filters\Filters.php(182): App\Filters\JwtAuthWeb->before(Object(CodeIgniter\HTTP\IncomingRequest), null)
 2 SYSTEMPATH\CodeIgniter.php(475): CodeIgniter\Filters\Filters->run('getCGservice', 'before')
 3 SYSTEMPATH\CodeIgniter.php(361): CodeIgniter\CodeIgniter->handleRequest(null, Object(Config\Cache), false)
 4 FCPATH\index.php(79): CodeIgniter\CodeIgniter->run()
WARNING - 2026-02-27 14:37:12 --> [DEPRECATED] Optional parameter $cg declared before required parameter $hcode is implicitly treated as a required parameter in APPPATH\Models\cgserviceModel.php on line 93.
 1 SYSTEMPATH\Autoloader\Autoloader.php(311): include_once('D:\\xampp6\\htdocs\\project-jwt\\vendor\\codeigniter4\\framework\\system\\Debug\\Exceptions.php')
 2 SYSTEMPATH\Autoloader\Autoloader.php(290): CodeIgniter\Autoloader\Autoloader->includeFile('D:\\xampp6\\htdocs\\project-jwt\\app\\Models\\cgserviceModel.php')
 3 SYSTEMPATH\Autoloader\Autoloader.php(266): CodeIgniter\Autoloader\Autoloader->loadInNamespace('App\\Models\\cgserviceModel')
 4 APPPATH\Controllers\ServiceController.php(21): CodeIgniter\Autoloader\Autoloader->loadClass('App\\Models\\cgserviceModel')
 5 SYSTEMPATH\CodeIgniter.php(915): App\Controllers\ServiceController->__construct()
 6 SYSTEMPATH\CodeIgniter.php(494): CodeIgniter\CodeIgniter->createController()
 7 SYSTEMPATH\CodeIgniter.php(361): CodeIgniter\CodeIgniter->handleRequest(null, Object(Config\Cache), false)
 8 FCPATH\index.php(79): CodeIgniter\CodeIgniter->run()
INFO - 2026-02-27 14:38:06 --> Session: Class initialized using 'CodeIgniter\Session\Handlers\FileHandler' driver.
WARNING - 2026-02-27 14:38:06 --> [DEPRECATED] Creation of dynamic property CodeIgniter\HTTP\IncomingRequest::$user is deprecated in APPPATH\Filters\JwtAuthWeb.php on line 32.
 1 SYSTEMPATH\Filters\Filters.php(182): App\Filters\JwtAuthWeb->before(Object(CodeIgniter\HTTP\IncomingRequest), null)
 2 SYSTEMPATH\CodeIgniter.php(475): CodeIgniter\Filters\Filters->run('ltc-view-details/348/2026/2', 'before')
 3 SYSTEMPATH\CodeIgniter.php(361): CodeIgniter\CodeIgniter->handleRequest(null, Object(Config\Cache), false)
 4 FCPATH\index.php(79): CodeIgniter\CodeIgniter->run()
WARNING - 2026-02-27 14:38:06 --> [DEPRECATED] Optional parameter $cg declared before required parameter $hcode is implicitly treated as a required parameter in APPPATH\Models\cgserviceModel.php on line 93.
 1 SYSTEMPATH\Autoloader\Autoloader.php(311): include_once('D:\\xampp6\\htdocs\\project-jwt\\vendor\\codeigniter4\\framework\\system\\Debug\\Exceptions.php')
 2 SYSTEMPATH\Autoloader\Autoloader.php(290): CodeIgniter\Autoloader\Autoloader->includeFile('D:\\xampp6\\htdocs\\project-jwt\\app\\Models\\cgserviceModel.php')
 3 SYSTEMPATH\Autoloader\Autoloader.php(266): CodeIgniter\Autoloader\Autoloader->loadInNamespace('App\\Models\\cgserviceModel')
 4 APPPATH\Controllers\ServiceController.php(21): CodeIgniter\Autoloader\Autoloader->loadClass('App\\Models\\cgserviceModel')
 5 SYSTEMPATH\CodeIgniter.php(915): App\Controllers\ServiceController->__construct()
 6 SYSTEMPATH\CodeIgniter.php(494): CodeIgniter\CodeIgniter->createController()
 7 SYSTEMPATH\CodeIgniter.php(361): CodeIgniter\CodeIgniter->handleRequest(null, Object(Config\Cache), false)
 8 FCPATH\index.php(79): CodeIgniter\CodeIgniter->run()
WARNING - 2026-02-27 14:38:06 --> [DEPRECATED] Creation of dynamic property CodeIgniter\HTTP\IncomingRequest::$user is deprecated in APPPATH\Filters\JwtAuth.php on line 47.
 1 SYSTEMPATH\Filters\Filters.php(182): App\Filters\JwtAuth->before(Object(CodeIgniter\HTTP\IncomingRequest), null)
 2 SYSTEMPATH\CodeIgniter.php(475): CodeIgniter\Filters\Filters->run('api/profile', 'before')
 3 SYSTEMPATH\CodeIgniter.php(361): CodeIgniter\CodeIgniter->handleRequest(null, Object(Config\Cache), false)
 4 FCPATH\index.php(79): CodeIgniter\CodeIgniter->run()
INFO - 2026-02-27 14:38:09 --> Session: Class initialized using 'CodeIgniter\Session\Handlers\FileHandler' driver.
WARNING - 2026-02-27 14:38:09 --> [DEPRECATED] Creation of dynamic property CodeIgniter\HTTP\IncomingRequest::$user is deprecated in APPPATH\Filters\JwtAuthWeb.php on line 32.
 1 SYSTEMPATH\Filters\Filters.php(182): App\Filters\JwtAuthWeb->before(Object(CodeIgniter\HTTP\IncomingRequest), null)
 2 SYSTEMPATH\CodeIgniter.php(475): CodeIgniter\Filters\Filters->run('getCGservice', 'before')
 3 SYSTEMPATH\CodeIgniter.php(361): CodeIgniter\CodeIgniter->handleRequest(null, Object(Config\Cache), false)
 4 FCPATH\index.php(79): CodeIgniter\CodeIgniter->run()
WARNING - 2026-02-27 14:38:09 --> [DEPRECATED] Optional parameter $cg declared before required parameter $hcode is implicitly treated as a required parameter in APPPATH\Models\cgserviceModel.php on line 93.
 1 SYSTEMPATH\Autoloader\Autoloader.php(311): include_once('D:\\xampp6\\htdocs\\project-jwt\\vendor\\codeigniter4\\framework\\system\\Debug\\Exceptions.php')
 2 SYSTEMPATH\Autoloader\Autoloader.php(290): CodeIgniter\Autoloader\Autoloader->includeFile('D:\\xampp6\\htdocs\\project-jwt\\app\\Models\\cgserviceModel.php')
 3 SYSTEMPATH\Autoloader\Autoloader.php(266): CodeIgniter\Autoloader\Autoloader->loadInNamespace('App\\Models\\cgserviceModel')
 4 APPPATH\Controllers\ServiceController.php(21): CodeIgniter\Autoloader\Autoloader->loadClass('App\\Models\\cgserviceModel')
 5 SYSTEMPATH\CodeIgniter.php(915): App\Controllers\ServiceController->__construct()
 6 SYSTEMPATH\CodeIgniter.php(494): CodeIgniter\CodeIgniter->createController()
 7 SYSTEMPATH\CodeIgniter.php(361): CodeIgniter\CodeIgniter->handleRequest(null, Object(Config\Cache), false)
 8 FCPATH\index.php(79): CodeIgniter\CodeIgniter->run()
INFO - 2026-02-27 14:39:05 --> Session: Class initialized using 'CodeIgniter\Session\Handlers\FileHandler' driver.
WARNING - 2026-02-27 14:39:05 --> [DEPRECATED] Creation of dynamic property CodeIgniter\HTTP\IncomingRequest::$user is deprecated in APPPATH\Filters\JwtAuthWeb.php on line 32.
 1 SYSTEMPATH\Filters\Filters.php(182): App\Filters\JwtAuthWeb->before(Object(CodeIgniter\HTTP\IncomingRequest), null)
 2 SYSTEMPATH\CodeIgniter.php(475): CodeIgniter\Filters\Filters->run('ltc-view-details/348/2026/2', 'before')
 3 SYSTEMPATH\CodeIgniter.php(361): CodeIgniter\CodeIgniter->handleRequest(null, Object(Config\Cache), false)
 4 FCPATH\index.php(79): CodeIgniter\CodeIgniter->run()
WARNING - 2026-02-27 14:39:05 --> [DEPRECATED] Optional parameter $cg declared before required parameter $hcode is implicitly treated as a required parameter in APPPATH\Models\cgserviceModel.php on line 93.
 1 SYSTEMPATH\Autoloader\Autoloader.php(311): include_once('D:\\xampp6\\htdocs\\project-jwt\\vendor\\codeigniter4\\framework\\system\\Debug\\Exceptions.php')
 2 SYSTEMPATH\Autoloader\Autoloader.php(290): CodeIgniter\Autoloader\Autoloader->includeFile('D:\\xampp6\\htdocs\\project-jwt\\app\\Models\\cgserviceModel.php')
 3 SYSTEMPATH\Autoloader\Autoloader.php(266): CodeIgniter\Autoloader\Autoloader->loadInNamespace('App\\Models\\cgserviceModel')
 4 APPPATH\Controllers\ServiceController.php(21): CodeIgniter\Autoloader\Autoloader->loadClass('App\\Models\\cgserviceModel')
 5 SYSTEMPATH\CodeIgniter.php(915): App\Controllers\ServiceController->__construct()
 6 SYSTEMPATH\CodeIgniter.php(494): CodeIgniter\CodeIgniter->createController()
 7 SYSTEMPATH\CodeIgniter.php(361): CodeIgniter\CodeIgniter->handleRequest(null, Object(Config\Cache), false)
 8 FCPATH\index.php(79): CodeIgniter\CodeIgniter->run()
WARNING - 2026-02-27 14:39:05 --> [DEPRECATED] Creation of dynamic property CodeIgniter\HTTP\IncomingRequest::$user is deprecated in APPPATH\Filters\JwtAuth.php on line 47.
 1 SYSTEMPATH\Filters\Filters.php(182): App\Filters\JwtAuth->before(Object(CodeIgniter\HTTP\IncomingRequest), null)
 2 SYSTEMPATH\CodeIgniter.php(475): CodeIgniter\Filters\Filters->run('api/profile', 'before')
 3 SYSTEMPATH\CodeIgniter.php(361): CodeIgniter\CodeIgniter->handleRequest(null, Object(Config\Cache), false)
 4 FCPATH\index.php(79): CodeIgniter\CodeIgniter->run()
INFO - 2026-02-27 14:39:08 --> Session: Class initialized using 'CodeIgniter\Session\Handlers\FileHandler' driver.
WARNING - 2026-02-27 14:39:08 --> [DEPRECATED] Creation of dynamic property CodeIgniter\HTTP\IncomingRequest::$user is deprecated in APPPATH\Filters\JwtAuthWeb.php on line 32.
 1 SYSTEMPATH\Filters\Filters.php(182): App\Filters\JwtAuthWeb->before(Object(CodeIgniter\HTTP\IncomingRequest), null)
 2 SYSTEMPATH\CodeIgniter.php(475): CodeIgniter\Filters\Filters->run('getCGservice', 'before')
 3 SYSTEMPATH\CodeIgniter.php(361): CodeIgniter\CodeIgniter->handleRequest(null, Object(Config\Cache), false)
 4 FCPATH\index.php(79): CodeIgniter\CodeIgniter->run()
WARNING - 2026-02-27 14:39:08 --> [DEPRECATED] Optional parameter $cg declared before required parameter $hcode is implicitly treated as a required parameter in APPPATH\Models\cgserviceModel.php on line 93.
 1 SYSTEMPATH\Autoloader\Autoloader.php(311): include_once('D:\\xampp6\\htdocs\\project-jwt\\vendor\\codeigniter4\\framework\\system\\Debug\\Exceptions.php')
 2 SYSTEMPATH\Autoloader\Autoloader.php(290): CodeIgniter\Autoloader\Autoloader->includeFile('D:\\xampp6\\htdocs\\project-jwt\\app\\Models\\cgserviceModel.php')
 3 SYSTEMPATH\Autoloader\Autoloader.php(266): CodeIgniter\Autoloader\Autoloader->loadInNamespace('App\\Models\\cgserviceModel')
 4 APPPATH\Controllers\ServiceController.php(21): CodeIgniter\Autoloader\Autoloader->loadClass('App\\Models\\cgserviceModel')
 5 SYSTEMPATH\CodeIgniter.php(915): App\Controllers\ServiceController->__construct()
 6 SYSTEMPATH\CodeIgniter.php(494): CodeIgniter\CodeIgniter->createController()
 7 SYSTEMPATH\CodeIgniter.php(361): CodeIgniter\CodeIgniter->handleRequest(null, Object(Config\Cache), false)
 8 FCPATH\index.php(79): CodeIgniter\CodeIgniter->run()
INFO - 2026-02-27 14:40:23 --> Session: Class initialized using 'CodeIgniter\Session\Handlers\FileHandler' driver.
WARNING - 2026-02-27 14:40:23 --> [DEPRECATED] Creation of dynamic property CodeIgniter\HTTP\IncomingRequest::$user is deprecated in APPPATH\Filters\JwtAuthWeb.php on line 32.
 1 SYSTEMPATH\Filters\Filters.php(182): App\Filters\JwtAuthWeb->before(Object(CodeIgniter\HTTP\IncomingRequest), null)
 2 SYSTEMPATH\CodeIgniter.php(475): CodeIgniter\Filters\Filters->run('ltc-view-details/348/2026/2', 'before')
 3 SYSTEMPATH\CodeIgniter.php(361): CodeIgniter\CodeIgniter->handleRequest(null, Object(Config\Cache), false)
 4 FCPATH\index.php(79): CodeIgniter\CodeIgniter->run()
WARNING - 2026-02-27 14:40:23 --> [DEPRECATED] Optional parameter $cg declared before required parameter $hcode is implicitly treated as a required parameter in APPPATH\Models\cgserviceModel.php on line 93.
 1 SYSTEMPATH\Autoloader\Autoloader.php(311): include_once('D:\\xampp6\\htdocs\\project-jwt\\vendor\\codeigniter4\\framework\\system\\Debug\\Exceptions.php')
 2 SYSTEMPATH\Autoloader\Autoloader.php(290): CodeIgniter\Autoloader\Autoloader->includeFile('D:\\xampp6\\htdocs\\project-jwt\\app\\Models\\cgserviceModel.php')
 3 SYSTEMPATH\Autoloader\Autoloader.php(266): CodeIgniter\Autoloader\Autoloader->loadInNamespace('App\\Models\\cgserviceModel')
 4 APPPATH\Controllers\ServiceController.php(21): CodeIgniter\Autoloader\Autoloader->loadClass('App\\Models\\cgserviceModel')
 5 SYSTEMPATH\CodeIgniter.php(915): App\Controllers\ServiceController->__construct()
 6 SYSTEMPATH\CodeIgniter.php(494): CodeIgniter\CodeIgniter->createController()
 7 SYSTEMPATH\CodeIgniter.php(361): CodeIgniter\CodeIgniter->handleRequest(null, Object(Config\Cache), false)
 8 FCPATH\index.php(79): CodeIgniter\CodeIgniter->run()
WARNING - 2026-02-27 14:40:23 --> [DEPRECATED] Creation of dynamic property CodeIgniter\HTTP\IncomingRequest::$user is deprecated in APPPATH\Filters\JwtAuth.php on line 47.
 1 SYSTEMPATH\Filters\Filters.php(182): App\Filters\JwtAuth->before(Object(CodeIgniter\HTTP\IncomingRequest), null)
 2 SYSTEMPATH\CodeIgniter.php(475): CodeIgniter\Filters\Filters->run('api/profile', 'before')
 3 SYSTEMPATH\CodeIgniter.php(361): CodeIgniter\CodeIgniter->handleRequest(null, Object(Config\Cache), false)
 4 FCPATH\index.php(79): CodeIgniter\CodeIgniter->run()
INFO - 2026-02-27 14:40:24 --> Session: Class initialized using 'CodeIgniter\Session\Handlers\FileHandler' driver.
WARNING - 2026-02-27 14:40:24 --> [DEPRECATED] Creation of dynamic property CodeIgniter\HTTP\IncomingRequest::$user is deprecated in APPPATH\Filters\JwtAuthWeb.php on line 32.
 1 SYSTEMPATH\Filters\Filters.php(182): App\Filters\JwtAuthWeb->before(Object(CodeIgniter\HTTP\IncomingRequest), null)
 2 SYSTEMPATH\CodeIgniter.php(475): CodeIgniter\Filters\Filters->run('getCGservice', 'before')
 3 SYSTEMPATH\CodeIgniter.php(361): CodeIgniter\CodeIgniter->handleRequest(null, Object(Config\Cache), false)
 4 FCPATH\index.php(79): CodeIgniter\CodeIgniter->run()
WARNING - 2026-02-27 14:40:24 --> [DEPRECATED] Optional parameter $cg declared before required parameter $hcode is implicitly treated as a required parameter in APPPATH\Models\cgserviceModel.php on line 93.
 1 SYSTEMPATH\Autoloader\Autoloader.php(311): include_once('D:\\xampp6\\htdocs\\project-jwt\\vendor\\codeigniter4\\framework\\system\\Debug\\Exceptions.php')
 2 SYSTEMPATH\Autoloader\Autoloader.php(290): CodeIgniter\Autoloader\Autoloader->includeFile('D:\\xampp6\\htdocs\\project-jwt\\app\\Models\\cgserviceModel.php')
 3 SYSTEMPATH\Autoloader\Autoloader.php(266): CodeIgniter\Autoloader\Autoloader->loadInNamespace('App\\Models\\cgserviceModel')
 4 APPPATH\Controllers\ServiceController.php(21): CodeIgniter\Autoloader\Autoloader->loadClass('App\\Models\\cgserviceModel')
 5 SYSTEMPATH\CodeIgniter.php(915): App\Controllers\ServiceController->__construct()
 6 SYSTEMPATH\CodeIgniter.php(494): CodeIgniter\CodeIgniter->createController()
 7 SYSTEMPATH\CodeIgniter.php(361): CodeIgniter\CodeIgniter->handleRequest(null, Object(Config\Cache), false)
 8 FCPATH\index.php(79): CodeIgniter\CodeIgniter->run()
INFO - 2026-02-27 14:40:49 --> Session: Class initialized using 'CodeIgniter\Session\Handlers\FileHandler' driver.
WARNING - 2026-02-27 14:40:49 --> [DEPRECATED] Creation of dynamic property CodeIgniter\HTTP\IncomingRequest::$user is deprecated in APPPATH\Filters\JwtAuthWeb.php on line 32.
 1 SYSTEMPATH\Filters\Filters.php(182): App\Filters\JwtAuthWeb->before(Object(CodeIgniter\HTTP\IncomingRequest), null)
 2 SYSTEMPATH\CodeIgniter.php(475): CodeIgniter\Filters\Filters->run('ltc-view-details/348/2026/2', 'before')
 3 SYSTEMPATH\CodeIgniter.php(361): CodeIgniter\CodeIgniter->handleRequest(null, Object(Config\Cache), false)
 4 FCPATH\index.php(79): CodeIgniter\CodeIgniter->run()
WARNING - 2026-02-27 14:40:49 --> [DEPRECATED] Optional parameter $cg declared before required parameter $hcode is implicitly treated as a required parameter in APPPATH\Models\cgserviceModel.php on line 93.
 1 SYSTEMPATH\Autoloader\Autoloader.php(311): include_once('D:\\xampp6\\htdocs\\project-jwt\\vendor\\codeigniter4\\framework\\system\\Debug\\Exceptions.php')
 2 SYSTEMPATH\Autoloader\Autoloader.php(290): CodeIgniter\Autoloader\Autoloader->includeFile('D:\\xampp6\\htdocs\\project-jwt\\app\\Models\\cgserviceModel.php')
 3 SYSTEMPATH\Autoloader\Autoloader.php(266): CodeIgniter\Autoloader\Autoloader->loadInNamespace('App\\Models\\cgserviceModel')
 4 APPPATH\Controllers\ServiceController.php(21): CodeIgniter\Autoloader\Autoloader->loadClass('App\\Models\\cgserviceModel')
 5 SYSTEMPATH\CodeIgniter.php(915): App\Controllers\ServiceController->__construct()
 6 SYSTEMPATH\CodeIgniter.php(494): CodeIgniter\CodeIgniter->createController()
 7 SYSTEMPATH\CodeIgniter.php(361): CodeIgniter\CodeIgniter->handleRequest(null, Object(Config\Cache), false)
 8 FCPATH\index.php(79): CodeIgniter\CodeIgniter->run()
WARNING - 2026-02-27 14:40:50 --> [DEPRECATED] Creation of dynamic property CodeIgniter\HTTP\IncomingRequest::$user is deprecated in APPPATH\Filters\JwtAuth.php on line 47.
 1 SYSTEMPATH\Filters\Filters.php(182): App\Filters\JwtAuth->before(Object(CodeIgniter\HTTP\IncomingRequest), null)
 2 SYSTEMPATH\CodeIgniter.php(475): CodeIgniter\Filters\Filters->run('api/profile', 'before')
 3 SYSTEMPATH\CodeIgniter.php(361): CodeIgniter\CodeIgniter->handleRequest(null, Object(Config\Cache), false)
 4 FCPATH\index.php(79): CodeIgniter\CodeIgniter->run()
INFO - 2026-02-27 14:40:51 --> Session: Class initialized using 'CodeIgniter\Session\Handlers\FileHandler' driver.
WARNING - 2026-02-27 14:40:51 --> [DEPRECATED] Creation of dynamic property CodeIgniter\HTTP\IncomingRequest::$user is deprecated in APPPATH\Filters\JwtAuthWeb.php on line 32.
 1 SYSTEMPATH\Filters\Filters.php(182): App\Filters\JwtAuthWeb->before(Object(CodeIgniter\HTTP\IncomingRequest), null)
 2 SYSTEMPATH\CodeIgniter.php(475): CodeIgniter\Filters\Filters->run('getCGservice', 'before')
 3 SYSTEMPATH\CodeIgniter.php(361): CodeIgniter\CodeIgniter->handleRequest(null, Object(Config\Cache), false)
 4 FCPATH\index.php(79): CodeIgniter\CodeIgniter->run()
WARNING - 2026-02-27 14:40:51 --> [DEPRECATED] Optional parameter $cg declared before required parameter $hcode is implicitly treated as a required parameter in APPPATH\Models\cgserviceModel.php on line 93.
 1 SYSTEMPATH\Autoloader\Autoloader.php(311): include_once('D:\\xampp6\\htdocs\\project-jwt\\vendor\\codeigniter4\\framework\\system\\Debug\\Exceptions.php')
 2 SYSTEMPATH\Autoloader\Autoloader.php(290): CodeIgniter\Autoloader\Autoloader->includeFile('D:\\xampp6\\htdocs\\project-jwt\\app\\Models\\cgserviceModel.php')
 3 SYSTEMPATH\Autoloader\Autoloader.php(266): CodeIgniter\Autoloader\Autoloader->loadInNamespace('App\\Models\\cgserviceModel')
 4 APPPATH\Controllers\ServiceController.php(21): CodeIgniter\Autoloader\Autoloader->loadClass('App\\Models\\cgserviceModel')
 5 SYSTEMPATH\CodeIgniter.php(915): App\Controllers\ServiceController->__construct()
 6 SYSTEMPATH\CodeIgniter.php(494): CodeIgniter\CodeIgniter->createController()
 7 SYSTEMPATH\CodeIgniter.php(361): CodeIgniter\CodeIgniter->handleRequest(null, Object(Config\Cache), false)
 8 FCPATH\index.php(79): CodeIgniter\CodeIgniter->run()
INFO - 2026-02-27 14:42:15 --> Session: Class initialized using 'CodeIgniter\Session\Handlers\FileHandler' driver.
WARNING - 2026-02-27 14:42:15 --> [DEPRECATED] Creation of dynamic property CodeIgniter\HTTP\IncomingRequest::$user is deprecated in APPPATH\Filters\JwtAuthWeb.php on line 32.
 1 SYSTEMPATH\Filters\Filters.php(182): App\Filters\JwtAuthWeb->before(Object(CodeIgniter\HTTP\IncomingRequest), null)
 2 SYSTEMPATH\CodeIgniter.php(475): CodeIgniter\Filters\Filters->run('ltc-view-details/348/2026/2', 'before')
 3 SYSTEMPATH\CodeIgniter.php(361): CodeIgniter\CodeIgniter->handleRequest(null, Object(Config\Cache), false)
 4 FCPATH\index.php(79): CodeIgniter\CodeIgniter->run()
WARNING - 2026-02-27 14:42:15 --> [DEPRECATED] Optional parameter $cg declared before required parameter $hcode is implicitly treated as a required parameter in APPPATH\Models\cgserviceModel.php on line 93.
 1 SYSTEMPATH\Autoloader\Autoloader.php(311): include_once('D:\\xampp6\\htdocs\\project-jwt\\vendor\\codeigniter4\\framework\\system\\Debug\\Exceptions.php')
 2 SYSTEMPATH\Autoloader\Autoloader.php(290): CodeIgniter\Autoloader\Autoloader->includeFile('D:\\xampp6\\htdocs\\project-jwt\\app\\Models\\cgserviceModel.php')
 3 SYSTEMPATH\Autoloader\Autoloader.php(266): CodeIgniter\Autoloader\Autoloader->loadInNamespace('App\\Models\\cgserviceModel')
 4 APPPATH\Controllers\ServiceController.php(21): CodeIgniter\Autoloader\Autoloader->loadClass('App\\Models\\cgserviceModel')
 5 SYSTEMPATH\CodeIgniter.php(915): App\Controllers\ServiceController->__construct()
 6 SYSTEMPATH\CodeIgniter.php(494): CodeIgniter\CodeIgniter->createController()
 7 SYSTEMPATH\CodeIgniter.php(361): CodeIgniter\CodeIgniter->handleRequest(null, Object(Config\Cache), false)
 8 FCPATH\index.php(79): CodeIgniter\CodeIgniter->run()
WARNING - 2026-02-27 14:42:15 --> [DEPRECATED] Creation of dynamic property CodeIgniter\HTTP\IncomingRequest::$user is deprecated in APPPATH\Filters\JwtAuth.php on line 47.
 1 SYSTEMPATH\Filters\Filters.php(182): App\Filters\JwtAuth->before(Object(CodeIgniter\HTTP\IncomingRequest), null)
 2 SYSTEMPATH\CodeIgniter.php(475): CodeIgniter\Filters\Filters->run('api/profile', 'before')
 3 SYSTEMPATH\CodeIgniter.php(361): CodeIgniter\CodeIgniter->handleRequest(null, Object(Config\Cache), false)
 4 FCPATH\index.php(79): CodeIgniter\CodeIgniter->run()
INFO - 2026-02-27 14:42:16 --> Session: Class initialized using 'CodeIgniter\Session\Handlers\FileHandler' driver.
WARNING - 2026-02-27 14:42:16 --> [DEPRECATED] Creation of dynamic property CodeIgniter\HTTP\IncomingRequest::$user is deprecated in APPPATH\Filters\JwtAuthWeb.php on line 32.
 1 SYSTEMPATH\Filters\Filters.php(182): App\Filters\JwtAuthWeb->before(Object(CodeIgniter\HTTP\IncomingRequest), null)
 2 SYSTEMPATH\CodeIgniter.php(475): CodeIgniter\Filters\Filters->run('getCGservice', 'before')
 3 SYSTEMPATH\CodeIgniter.php(361): CodeIgniter\CodeIgniter->handleRequest(null, Object(Config\Cache), false)
 4 FCPATH\index.php(79): CodeIgniter\CodeIgniter->run()
WARNING - 2026-02-27 14:42:16 --> [DEPRECATED] Optional parameter $cg declared before required parameter $hcode is implicitly treated as a required parameter in APPPATH\Models\cgserviceModel.php on line 93.
 1 SYSTEMPATH\Autoloader\Autoloader.php(311): include_once('D:\\xampp6\\htdocs\\project-jwt\\vendor\\codeigniter4\\framework\\system\\Debug\\Exceptions.php')
 2 SYSTEMPATH\Autoloader\Autoloader.php(290): CodeIgniter\Autoloader\Autoloader->includeFile('D:\\xampp6\\htdocs\\project-jwt\\app\\Models\\cgserviceModel.php')
 3 SYSTEMPATH\Autoloader\Autoloader.php(266): CodeIgniter\Autoloader\Autoloader->loadInNamespace('App\\Models\\cgserviceModel')
 4 APPPATH\Controllers\ServiceController.php(21): CodeIgniter\Autoloader\Autoloader->loadClass('App\\Models\\cgserviceModel')
 5 SYSTEMPATH\CodeIgniter.php(915): App\Controllers\ServiceController->__construct()
 6 SYSTEMPATH\CodeIgniter.php(494): CodeIgniter\CodeIgniter->createController()
 7 SYSTEMPATH\CodeIgniter.php(361): CodeIgniter\CodeIgniter->handleRequest(null, Object(Config\Cache), false)
 8 FCPATH\index.php(79): CodeIgniter\CodeIgniter->run()
INFO - 2026-02-27 14:42:49 --> Session: Class initialized using 'CodeIgniter\Session\Handlers\FileHandler' driver.
WARNING - 2026-02-27 14:42:49 --> [DEPRECATED] Creation of dynamic property CodeIgniter\HTTP\IncomingRequest::$user is deprecated in APPPATH\Filters\JwtAuthWeb.php on line 32.
 1 SYSTEMPATH\Filters\Filters.php(182): App\Filters\JwtAuthWeb->before(Object(CodeIgniter\HTTP\IncomingRequest), null)
 2 SYSTEMPATH\CodeIgniter.php(475): CodeIgniter\Filters\Filters->run('getCGservice', 'before')
 3 SYSTEMPATH\CodeIgniter.php(361): CodeIgniter\CodeIgniter->handleRequest(null, Object(Config\Cache), false)
 4 FCPATH\index.php(79): CodeIgniter\CodeIgniter->run()
WARNING - 2026-02-27 14:42:49 --> [DEPRECATED] Optional parameter $cg declared before required parameter $hcode is implicitly treated as a required parameter in APPPATH\Models\cgserviceModel.php on line 93.
 1 SYSTEMPATH\Autoloader\Autoloader.php(311): include_once('D:\\xampp6\\htdocs\\project-jwt\\vendor\\codeigniter4\\framework\\system\\Debug\\Exceptions.php')
 2 SYSTEMPATH\Autoloader\Autoloader.php(290): CodeIgniter\Autoloader\Autoloader->includeFile('D:\\xampp6\\htdocs\\project-jwt\\app\\Models\\cgserviceModel.php')
 3 SYSTEMPATH\Autoloader\Autoloader.php(266): CodeIgniter\Autoloader\Autoloader->loadInNamespace('App\\Models\\cgserviceModel')
 4 APPPATH\Controllers\ServiceController.php(21): CodeIgniter\Autoloader\Autoloader->loadClass('App\\Models\\cgserviceModel')
 5 SYSTEMPATH\CodeIgniter.php(915): App\Controllers\ServiceController->__construct()
 6 SYSTEMPATH\CodeIgniter.php(494): CodeIgniter\CodeIgniter->createController()
 7 SYSTEMPATH\CodeIgniter.php(361): CodeIgniter\CodeIgniter->handleRequest(null, Object(Config\Cache), false)
 8 FCPATH\index.php(79): CodeIgniter\CodeIgniter->run()
INFO - 2026-02-27 14:42:52 --> Session: Class initialized using 'CodeIgniter\Session\Handlers\FileHandler' driver.
WARNING - 2026-02-27 14:42:52 --> [DEPRECATED] Creation of dynamic property CodeIgniter\HTTP\IncomingRequest::$user is deprecated in APPPATH\Filters\JwtAuthWeb.php on line 32.
 1 SYSTEMPATH\Filters\Filters.php(182): App\Filters\JwtAuthWeb->before(Object(CodeIgniter\HTTP\IncomingRequest), null)
 2 SYSTEMPATH\CodeIgniter.php(475): CodeIgniter\Filters\Filters->run('ltc-view-details/348/2026/2', 'before')
 3 SYSTEMPATH\CodeIgniter.php(361): CodeIgniter\CodeIgniter->handleRequest(null, Object(Config\Cache), false)
 4 FCPATH\index.php(79): CodeIgniter\CodeIgniter->run()
WARNING - 2026-02-27 14:42:52 --> [DEPRECATED] Optional parameter $cg declared before required parameter $hcode is implicitly treated as a required parameter in APPPATH\Models\cgserviceModel.php on line 93.
 1 SYSTEMPATH\Autoloader\Autoloader.php(311): include_once('D:\\xampp6\\htdocs\\project-jwt\\vendor\\codeigniter4\\framework\\system\\Debug\\Exceptions.php')
 2 SYSTEMPATH\Autoloader\Autoloader.php(290): CodeIgniter\Autoloader\Autoloader->includeFile('D:\\xampp6\\htdocs\\project-jwt\\app\\Models\\cgserviceModel.php')
 3 SYSTEMPATH\Autoloader\Autoloader.php(266): CodeIgniter\Autoloader\Autoloader->loadInNamespace('App\\Models\\cgserviceModel')
 4 APPPATH\Controllers\ServiceController.php(21): CodeIgniter\Autoloader\Autoloader->loadClass('App\\Models\\cgserviceModel')
 5 SYSTEMPATH\CodeIgniter.php(915): App\Controllers\ServiceController->__construct()
 6 SYSTEMPATH\CodeIgniter.php(494): CodeIgniter\CodeIgniter->createController()
 7 SYSTEMPATH\CodeIgniter.php(361): CodeIgniter\CodeIgniter->handleRequest(null, Object(Config\Cache), false)
 8 FCPATH\index.php(79): CodeIgniter\CodeIgniter->run()
WARNING - 2026-02-27 14:42:52 --> [DEPRECATED] Creation of dynamic property CodeIgniter\HTTP\IncomingRequest::$user is deprecated in APPPATH\Filters\JwtAuth.php on line 47.
 1 SYSTEMPATH\Filters\Filters.php(182): App\Filters\JwtAuth->before(Object(CodeIgniter\HTTP\IncomingRequest), null)
 2 SYSTEMPATH\CodeIgniter.php(475): CodeIgniter\Filters\Filters->run('api/profile', 'before')
 3 SYSTEMPATH\CodeIgniter.php(361): CodeIgniter\CodeIgniter->handleRequest(null, Object(Config\Cache), false)
 4 FCPATH\index.php(79): CodeIgniter\CodeIgniter->run()
INFO - 2026-02-27 14:42:53 --> Session: Class initialized using 'CodeIgniter\Session\Handlers\FileHandler' driver.
WARNING - 2026-02-27 14:42:53 --> [DEPRECATED] Creation of dynamic property CodeIgniter\HTTP\IncomingRequest::$user is deprecated in APPPATH\Filters\JwtAuthWeb.php on line 32.
 1 SYSTEMPATH\Filters\Filters.php(182): App\Filters\JwtAuthWeb->before(Object(CodeIgniter\HTTP\IncomingRequest), null)
 2 SYSTEMPATH\CodeIgniter.php(475): CodeIgniter\Filters\Filters->run('getCGservice', 'before')
 3 SYSTEMPATH\CodeIgniter.php(361): CodeIgniter\CodeIgniter->handleRequest(null, Object(Config\Cache), false)
 4 FCPATH\index.php(79): CodeIgniter\CodeIgniter->run()
WARNING - 2026-02-27 14:42:53 --> [DEPRECATED] Optional parameter $cg declared before required parameter $hcode is implicitly treated as a required parameter in APPPATH\Models\cgserviceModel.php on line 93.
 1 SYSTEMPATH\Autoloader\Autoloader.php(311): include_once('D:\\xampp6\\htdocs\\project-jwt\\vendor\\codeigniter4\\framework\\system\\Debug\\Exceptions.php')
 2 SYSTEMPATH\Autoloader\Autoloader.php(290): CodeIgniter\Autoloader\Autoloader->includeFile('D:\\xampp6\\htdocs\\project-jwt\\app\\Models\\cgserviceModel.php')
 3 SYSTEMPATH\Autoloader\Autoloader.php(266): CodeIgniter\Autoloader\Autoloader->loadInNamespace('App\\Models\\cgserviceModel')
 4 APPPATH\Controllers\ServiceController.php(21): CodeIgniter\Autoloader\Autoloader->loadClass('App\\Models\\cgserviceModel')
 5 SYSTEMPATH\CodeIgniter.php(915): App\Controllers\ServiceController->__construct()
 6 SYSTEMPATH\CodeIgniter.php(494): CodeIgniter\CodeIgniter->createController()
 7 SYSTEMPATH\CodeIgniter.php(361): CodeIgniter\CodeIgniter->handleRequest(null, Object(Config\Cache), false)
 8 FCPATH\index.php(79): CodeIgniter\CodeIgniter->run()
INFO - 2026-02-27 14:43:14 --> Session: Class initialized using 'CodeIgniter\Session\Handlers\FileHandler' driver.
WARNING - 2026-02-27 14:43:14 --> [DEPRECATED] Creation of dynamic property CodeIgniter\HTTP\IncomingRequest::$user is deprecated in APPPATH\Filters\JwtAuthWeb.php on line 32.
 1 SYSTEMPATH\Filters\Filters.php(182): App\Filters\JwtAuthWeb->before(Object(CodeIgniter\HTTP\IncomingRequest), null)
 2 SYSTEMPATH\CodeIgniter.php(475): CodeIgniter\Filters\Filters->run('ltc-view-details/348/2026/2', 'before')
 3 SYSTEMPATH\CodeIgniter.php(361): CodeIgniter\CodeIgniter->handleRequest(null, Object(Config\Cache), false)
 4 FCPATH\index.php(79): CodeIgniter\CodeIgniter->run()
WARNING - 2026-02-27 14:43:14 --> [DEPRECATED] Optional parameter $cg declared before required parameter $hcode is implicitly treated as a required parameter in APPPATH\Models\cgserviceModel.php on line 93.
 1 SYSTEMPATH\Autoloader\Autoloader.php(311): include_once('D:\\xampp6\\htdocs\\project-jwt\\vendor\\codeigniter4\\framework\\system\\Debug\\Exceptions.php')
 2 SYSTEMPATH\Autoloader\Autoloader.php(290): CodeIgniter\Autoloader\Autoloader->includeFile('D:\\xampp6\\htdocs\\project-jwt\\app\\Models\\cgserviceModel.php')
 3 SYSTEMPATH\Autoloader\Autoloader.php(266): CodeIgniter\Autoloader\Autoloader->loadInNamespace('App\\Models\\cgserviceModel')
 4 APPPATH\Controllers\ServiceController.php(21): CodeIgniter\Autoloader\Autoloader->loadClass('App\\Models\\cgserviceModel')
 5 SYSTEMPATH\CodeIgniter.php(915): App\Controllers\ServiceController->__construct()
 6 SYSTEMPATH\CodeIgniter.php(494): CodeIgniter\CodeIgniter->createController()
 7 SYSTEMPATH\CodeIgniter.php(361): CodeIgniter\CodeIgniter->handleRequest(null, Object(Config\Cache), false)
 8 FCPATH\index.php(79): CodeIgniter\CodeIgniter->run()
WARNING - 2026-02-27 14:43:14 --> [DEPRECATED] Creation of dynamic property CodeIgniter\HTTP\IncomingRequest::$user is deprecated in APPPATH\Filters\JwtAuth.php on line 47.
 1 SYSTEMPATH\Filters\Filters.php(182): App\Filters\JwtAuth->before(Object(CodeIgniter\HTTP\IncomingRequest), null)
 2 SYSTEMPATH\CodeIgniter.php(475): CodeIgniter\Filters\Filters->run('api/profile', 'before')
 3 SYSTEMPATH\CodeIgniter.php(361): CodeIgniter\CodeIgniter->handleRequest(null, Object(Config\Cache), false)
 4 FCPATH\index.php(79): CodeIgniter\CodeIgniter->run()
INFO - 2026-02-27 14:43:15 --> Session: Class initialized using 'CodeIgniter\Session\Handlers\FileHandler' driver.
WARNING - 2026-02-27 14:43:15 --> [DEPRECATED] Creation of dynamic property CodeIgniter\HTTP\IncomingRequest::$user is deprecated in APPPATH\Filters\JwtAuthWeb.php on line 32.
 1 SYSTEMPATH\Filters\Filters.php(182): App\Filters\JwtAuthWeb->before(Object(CodeIgniter\HTTP\IncomingRequest), null)
 2 SYSTEMPATH\CodeIgniter.php(475): CodeIgniter\Filters\Filters->run('getCGservice', 'before')
 3 SYSTEMPATH\CodeIgniter.php(361): CodeIgniter\CodeIgniter->handleRequest(null, Object(Config\Cache), false)
 4 FCPATH\index.php(79): CodeIgniter\CodeIgniter->run()
WARNING - 2026-02-27 14:43:15 --> [DEPRECATED] Optional parameter $cg declared before required parameter $hcode is implicitly treated as a required parameter in APPPATH\Models\cgserviceModel.php on line 93.
 1 SYSTEMPATH\Autoloader\Autoloader.php(311): include_once('D:\\xampp6\\htdocs\\project-jwt\\vendor\\codeigniter4\\framework\\system\\Debug\\Exceptions.php')
 2 SYSTEMPATH\Autoloader\Autoloader.php(290): CodeIgniter\Autoloader\Autoloader->includeFile('D:\\xampp6\\htdocs\\project-jwt\\app\\Models\\cgserviceModel.php')
 3 SYSTEMPATH\Autoloader\Autoloader.php(266): CodeIgniter\Autoloader\Autoloader->loadInNamespace('App\\Models\\cgserviceModel')
 4 APPPATH\Controllers\ServiceController.php(21): CodeIgniter\Autoloader\Autoloader->loadClass('App\\Models\\cgserviceModel')
 5 SYSTEMPATH\CodeIgniter.php(915): App\Controllers\ServiceController->__construct()
 6 SYSTEMPATH\CodeIgniter.php(494): CodeIgniter\CodeIgniter->createController()
 7 SYSTEMPATH\CodeIgniter.php(361): CodeIgniter\CodeIgniter->handleRequest(null, Object(Config\Cache), false)
 8 FCPATH\index.php(79): CodeIgniter\CodeIgniter->run()
INFO - 2026-02-27 14:44:23 --> Session: Class initialized using 'CodeIgniter\Session\Handlers\FileHandler' driver.
WARNING - 2026-02-27 14:44:23 --> [DEPRECATED] Creation of dynamic property CodeIgniter\HTTP\IncomingRequest::$user is deprecated in APPPATH\Filters\JwtAuthWeb.php on line 32.
 1 SYSTEMPATH\Filters\Filters.php(182): App\Filters\JwtAuthWeb->before(Object(CodeIgniter\HTTP\IncomingRequest), null)
 2 SYSTEMPATH\CodeIgniter.php(475): CodeIgniter\Filters\Filters->run('ltc-view-details/348/2026/2', 'before')
 3 SYSTEMPATH\CodeIgniter.php(361): CodeIgniter\CodeIgniter->handleRequest(null, Object(Config\Cache), false)
 4 FCPATH\index.php(79): CodeIgniter\CodeIgniter->run()
WARNING - 2026-02-27 14:44:23 --> [DEPRECATED] Optional parameter $cg declared before required parameter $hcode is implicitly treated as a required parameter in APPPATH\Models\cgserviceModel.php on line 93.
 1 SYSTEMPATH\Autoloader\Autoloader.php(311): include_once('D:\\xampp6\\htdocs\\project-jwt\\vendor\\codeigniter4\\framework\\system\\Debug\\Exceptions.php')
 2 SYSTEMPATH\Autoloader\Autoloader.php(290): CodeIgniter\Autoloader\Autoloader->includeFile('D:\\xampp6\\htdocs\\project-jwt\\app\\Models\\cgserviceModel.php')
 3 SYSTEMPATH\Autoloader\Autoloader.php(266): CodeIgniter\Autoloader\Autoloader->loadInNamespace('App\\Models\\cgserviceModel')
 4 APPPATH\Controllers\ServiceController.php(21): CodeIgniter\Autoloader\Autoloader->loadClass('App\\Models\\cgserviceModel')
 5 SYSTEMPATH\CodeIgniter.php(915): App\Controllers\ServiceController->__construct()
 6 SYSTEMPATH\CodeIgniter.php(494): CodeIgniter\CodeIgniter->createController()
 7 SYSTEMPATH\CodeIgniter.php(361): CodeIgniter\CodeIgniter->handleRequest(null, Object(Config\Cache), false)
 8 FCPATH\index.php(79): CodeIgniter\CodeIgniter->run()
WARNING - 2026-02-27 14:44:23 --> [DEPRECATED] Creation of dynamic property CodeIgniter\HTTP\IncomingRequest::$user is deprecated in APPPATH\Filters\JwtAuth.php on line 47.
 1 SYSTEMPATH\Filters\Filters.php(182): App\Filters\JwtAuth->before(Object(CodeIgniter\HTTP\IncomingRequest), null)
 2 SYSTEMPATH\CodeIgniter.php(475): CodeIgniter\Filters\Filters->run('api/profile', 'before')
 3 SYSTEMPATH\CodeIgniter.php(361): CodeIgniter\CodeIgniter->handleRequest(null, Object(Config\Cache), false)
 4 FCPATH\index.php(79): CodeIgniter\CodeIgniter->run()
INFO - 2026-02-27 14:44:24 --> Session: Class initialized using 'CodeIgniter\Session\Handlers\FileHandler' driver.
WARNING - 2026-02-27 14:44:24 --> [DEPRECATED] Creation of dynamic property CodeIgniter\HTTP\IncomingRequest::$user is deprecated in APPPATH\Filters\JwtAuthWeb.php on line 32.
 1 SYSTEMPATH\Filters\Filters.php(182): App\Filters\JwtAuthWeb->before(Object(CodeIgniter\HTTP\IncomingRequest), null)
 2 SYSTEMPATH\CodeIgniter.php(475): CodeIgniter\Filters\Filters->run('getCGservice', 'before')
 3 SYSTEMPATH\CodeIgniter.php(361): CodeIgniter\CodeIgniter->handleRequest(null, Object(Config\Cache), false)
 4 FCPATH\index.php(79): CodeIgniter\CodeIgniter->run()
WARNING - 2026-02-27 14:44:24 --> [DEPRECATED] Optional parameter $cg declared before required parameter $hcode is implicitly treated as a required parameter in APPPATH\Models\cgserviceModel.php on line 93.
 1 SYSTEMPATH\Autoloader\Autoloader.php(311): include_once('D:\\xampp6\\htdocs\\project-jwt\\vendor\\codeigniter4\\framework\\system\\Debug\\Exceptions.php')
 2 SYSTEMPATH\Autoloader\Autoloader.php(290): CodeIgniter\Autoloader\Autoloader->includeFile('D:\\xampp6\\htdocs\\project-jwt\\app\\Models\\cgserviceModel.php')
 3 SYSTEMPATH\Autoloader\Autoloader.php(266): CodeIgniter\Autoloader\Autoloader->loadInNamespace('App\\Models\\cgserviceModel')
 4 APPPATH\Controllers\ServiceController.php(21): CodeIgniter\Autoloader\Autoloader->loadClass('App\\Models\\cgserviceModel')
 5 SYSTEMPATH\CodeIgniter.php(915): App\Controllers\ServiceController->__construct()
 6 SYSTEMPATH\CodeIgniter.php(494): CodeIgniter\CodeIgniter->createController()
 7 SYSTEMPATH\CodeIgniter.php(361): CodeIgniter\CodeIgniter->handleRequest(null, Object(Config\Cache), false)
 8 FCPATH\index.php(79): CodeIgniter\CodeIgniter->run()
INFO - 2026-02-27 14:45:35 --> Session: Class initialized using 'CodeIgniter\Session\Handlers\FileHandler' driver.
WARNING - 2026-02-27 14:45:35 --> [DEPRECATED] Creation of dynamic property CodeIgniter\HTTP\IncomingRequest::$user is deprecated in APPPATH\Filters\JwtAuthWeb.php on line 32.
 1 SYSTEMPATH\Filters\Filters.php(182): App\Filters\JwtAuthWeb->before(Object(CodeIgniter\HTTP\IncomingRequest), null)
 2 SYSTEMPATH\CodeIgniter.php(475): CodeIgniter\Filters\Filters->run('ltc-view-details/348/2026/2', 'before')
 3 SYSTEMPATH\CodeIgniter.php(361): CodeIgniter\CodeIgniter->handleRequest(null, Object(Config\Cache), false)
 4 FCPATH\index.php(79): CodeIgniter\CodeIgniter->run()
WARNING - 2026-02-27 14:45:35 --> [DEPRECATED] Optional parameter $cg declared before required parameter $hcode is implicitly treated as a required parameter in APPPATH\Models\cgserviceModel.php on line 93.
 1 SYSTEMPATH\Autoloader\Autoloader.php(311): include_once('D:\\xampp6\\htdocs\\project-jwt\\vendor\\codeigniter4\\framework\\system\\Debug\\Exceptions.php')
 2 SYSTEMPATH\Autoloader\Autoloader.php(290): CodeIgniter\Autoloader\Autoloader->includeFile('D:\\xampp6\\htdocs\\project-jwt\\app\\Models\\cgserviceModel.php')
 3 SYSTEMPATH\Autoloader\Autoloader.php(266): CodeIgniter\Autoloader\Autoloader->loadInNamespace('App\\Models\\cgserviceModel')
 4 APPPATH\Controllers\ServiceController.php(21): CodeIgniter\Autoloader\Autoloader->loadClass('App\\Models\\cgserviceModel')
 5 SYSTEMPATH\CodeIgniter.php(915): App\Controllers\ServiceController->__construct()
 6 SYSTEMPATH\CodeIgniter.php(494): CodeIgniter\CodeIgniter->createController()
 7 SYSTEMPATH\CodeIgniter.php(361): CodeIgniter\CodeIgniter->handleRequest(null, Object(Config\Cache), false)
 8 FCPATH\index.php(79): CodeIgniter\CodeIgniter->run()
WARNING - 2026-02-27 14:45:35 --> [DEPRECATED] Creation of dynamic property CodeIgniter\HTTP\IncomingRequest::$user is deprecated in APPPATH\Filters\JwtAuth.php on line 47.
 1 SYSTEMPATH\Filters\Filters.php(182): App\Filters\JwtAuth->before(Object(CodeIgniter\HTTP\IncomingRequest), null)
 2 SYSTEMPATH\CodeIgniter.php(475): CodeIgniter\Filters\Filters->run('api/profile', 'before')
 3 SYSTEMPATH\CodeIgniter.php(361): CodeIgniter\CodeIgniter->handleRequest(null, Object(Config\Cache), false)
 4 FCPATH\index.php(79): CodeIgniter\CodeIgniter->run()
INFO - 2026-02-27 14:45:36 --> Session: Class initialized using 'CodeIgniter\Session\Handlers\FileHandler' driver.
WARNING - 2026-02-27 14:45:36 --> [DEPRECATED] Creation of dynamic property CodeIgniter\HTTP\IncomingRequest::$user is deprecated in APPPATH\Filters\JwtAuthWeb.php on line 32.
 1 SYSTEMPATH\Filters\Filters.php(182): App\Filters\JwtAuthWeb->before(Object(CodeIgniter\HTTP\IncomingRequest), null)
 2 SYSTEMPATH\CodeIgniter.php(475): CodeIgniter\Filters\Filters->run('getCGservice', 'before')
 3 SYSTEMPATH\CodeIgniter.php(361): CodeIgniter\CodeIgniter->handleRequest(null, Object(Config\Cache), false)
 4 FCPATH\index.php(79): CodeIgniter\CodeIgniter->run()
WARNING - 2026-02-27 14:45:36 --> [DEPRECATED] Optional parameter $cg declared before required parameter $hcode is implicitly treated as a required parameter in APPPATH\Models\cgserviceModel.php on line 93.
 1 SYSTEMPATH\Autoloader\Autoloader.php(311): include_once('D:\\xampp6\\htdocs\\project-jwt\\vendor\\codeigniter4\\framework\\system\\Debug\\Exceptions.php')
 2 SYSTEMPATH\Autoloader\Autoloader.php(290): CodeIgniter\Autoloader\Autoloader->includeFile('D:\\xampp6\\htdocs\\project-jwt\\app\\Models\\cgserviceModel.php')
 3 SYSTEMPATH\Autoloader\Autoloader.php(266): CodeIgniter\Autoloader\Autoloader->loadInNamespace('App\\Models\\cgserviceModel')
 4 APPPATH\Controllers\ServiceController.php(21): CodeIgniter\Autoloader\Autoloader->loadClass('App\\Models\\cgserviceModel')
 5 SYSTEMPATH\CodeIgniter.php(915): App\Controllers\ServiceController->__construct()
 6 SYSTEMPATH\CodeIgniter.php(494): CodeIgniter\CodeIgniter->createController()
 7 SYSTEMPATH\CodeIgniter.php(361): CodeIgniter\CodeIgniter->handleRequest(null, Object(Config\Cache), false)
 8 FCPATH\index.php(79): CodeIgniter\CodeIgniter->run()
INFO - 2026-02-27 14:46:35 --> Session: Class initialized using 'CodeIgniter\Session\Handlers\FileHandler' driver.
WARNING - 2026-02-27 14:46:35 --> [DEPRECATED] Creation of dynamic property CodeIgniter\HTTP\IncomingRequest::$user is deprecated in APPPATH\Filters\JwtAuthWeb.php on line 32.
 1 SYSTEMPATH\Filters\Filters.php(182): App\Filters\JwtAuthWeb->before(Object(CodeIgniter\HTTP\IncomingRequest), null)
 2 SYSTEMPATH\CodeIgniter.php(475): CodeIgniter\Filters\Filters->run('ltc-view-details/348/2026/2', 'before')
 3 SYSTEMPATH\CodeIgniter.php(361): CodeIgniter\CodeIgniter->handleRequest(null, Object(Config\Cache), false)
 4 FCPATH\index.php(79): CodeIgniter\CodeIgniter->run()
WARNING - 2026-02-27 14:46:35 --> [DEPRECATED] Optional parameter $cg declared before required parameter $hcode is implicitly treated as a required parameter in APPPATH\Models\cgserviceModel.php on line 93.
 1 SYSTEMPATH\Autoloader\Autoloader.php(311): include_once('D:\\xampp6\\htdocs\\project-jwt\\vendor\\codeigniter4\\framework\\system\\Debug\\Exceptions.php')
 2 SYSTEMPATH\Autoloader\Autoloader.php(290): CodeIgniter\Autoloader\Autoloader->includeFile('D:\\xampp6\\htdocs\\project-jwt\\app\\Models\\cgserviceModel.php')
 3 SYSTEMPATH\Autoloader\Autoloader.php(266): CodeIgniter\Autoloader\Autoloader->loadInNamespace('App\\Models\\cgserviceModel')
 4 APPPATH\Controllers\ServiceController.php(21): CodeIgniter\Autoloader\Autoloader->loadClass('App\\Models\\cgserviceModel')
 5 SYSTEMPATH\CodeIgniter.php(915): App\Controllers\ServiceController->__construct()
 6 SYSTEMPATH\CodeIgniter.php(494): CodeIgniter\CodeIgniter->createController()
 7 SYSTEMPATH\CodeIgniter.php(361): CodeIgniter\CodeIgniter->handleRequest(null, Object(Config\Cache), false)
 8 FCPATH\index.php(79): CodeIgniter\CodeIgniter->run()
WARNING - 2026-02-27 14:46:35 --> [DEPRECATED] Creation of dynamic property CodeIgniter\HTTP\IncomingRequest::$user is deprecated in APPPATH\Filters\JwtAuth.php on line 47.
 1 SYSTEMPATH\Filters\Filters.php(182): App\Filters\JwtAuth->before(Object(CodeIgniter\HTTP\IncomingRequest), null)
 2 SYSTEMPATH\CodeIgniter.php(475): CodeIgniter\Filters\Filters->run('api/profile', 'before')
 3 SYSTEMPATH\CodeIgniter.php(361): CodeIgniter\CodeIgniter->handleRequest(null, Object(Config\Cache), false)
 4 FCPATH\index.php(79): CodeIgniter\CodeIgniter->run()
INFO - 2026-02-27 14:46:36 --> Session: Class initialized using 'CodeIgniter\Session\Handlers\FileHandler' driver.
WARNING - 2026-02-27 14:46:36 --> [DEPRECATED] Creation of dynamic property CodeIgniter\HTTP\IncomingRequest::$user is deprecated in APPPATH\Filters\JwtAuthWeb.php on line 32.
 1 SYSTEMPATH\Filters\Filters.php(182): App\Filters\JwtAuthWeb->before(Object(CodeIgniter\HTTP\IncomingRequest), null)
 2 SYSTEMPATH\CodeIgniter.php(475): CodeIgniter\Filters\Filters->run('getCGservice', 'before')
 3 SYSTEMPATH\CodeIgniter.php(361): CodeIgniter\CodeIgniter->handleRequest(null, Object(Config\Cache), false)
 4 FCPATH\index.php(79): CodeIgniter\CodeIgniter->run()
WARNING - 2026-02-27 14:46:36 --> [DEPRECATED] Optional parameter $cg declared before required parameter $hcode is implicitly treated as a required parameter in APPPATH\Models\cgserviceModel.php on line 93.
 1 SYSTEMPATH\Autoloader\Autoloader.php(311): include_once('D:\\xampp6\\htdocs\\project-jwt\\vendor\\codeigniter4\\framework\\system\\Debug\\Exceptions.php')
 2 SYSTEMPATH\Autoloader\Autoloader.php(290): CodeIgniter\Autoloader\Autoloader->includeFile('D:\\xampp6\\htdocs\\project-jwt\\app\\Models\\cgserviceModel.php')
 3 SYSTEMPATH\Autoloader\Autoloader.php(266): CodeIgniter\Autoloader\Autoloader->loadInNamespace('App\\Models\\cgserviceModel')
 4 APPPATH\Controllers\ServiceController.php(21): CodeIgniter\Autoloader\Autoloader->loadClass('App\\Models\\cgserviceModel')
 5 SYSTEMPATH\CodeIgniter.php(915): App\Controllers\ServiceController->__construct()
 6 SYSTEMPATH\CodeIgniter.php(494): CodeIgniter\CodeIgniter->createController()
 7 SYSTEMPATH\CodeIgniter.php(361): CodeIgniter\CodeIgniter->handleRequest(null, Object(Config\Cache), false)
 8 FCPATH\index.php(79): CodeIgniter\CodeIgniter->run()
INFO - 2026-02-27 14:47:08 --> Session: Class initialized using 'CodeIgniter\Session\Handlers\FileHandler' driver.
WARNING - 2026-02-27 14:47:08 --> [DEPRECATED] Creation of dynamic property CodeIgniter\HTTP\IncomingRequest::$user is deprecated in APPPATH\Filters\JwtAuthWeb.php on line 32.
 1 SYSTEMPATH\Filters\Filters.php(182): App\Filters\JwtAuthWeb->before(Object(CodeIgniter\HTTP\IncomingRequest), null)
 2 SYSTEMPATH\CodeIgniter.php(475): CodeIgniter\Filters\Filters->run('ltc-view-details/348/2026/2', 'before')
 3 SYSTEMPATH\CodeIgniter.php(361): CodeIgniter\CodeIgniter->handleRequest(null, Object(Config\Cache), false)
 4 FCPATH\index.php(79): CodeIgniter\CodeIgniter->run()
WARNING - 2026-02-27 14:47:09 --> [DEPRECATED] Optional parameter $cg declared before required parameter $hcode is implicitly treated as a required parameter in APPPATH\Models\cgserviceModel.php on line 93.
 1 SYSTEMPATH\Autoloader\Autoloader.php(311): include_once('D:\\xampp6\\htdocs\\project-jwt\\vendor\\codeigniter4\\framework\\system\\Debug\\Exceptions.php')
 2 SYSTEMPATH\Autoloader\Autoloader.php(290): CodeIgniter\Autoloader\Autoloader->includeFile('D:\\xampp6\\htdocs\\project-jwt\\app\\Models\\cgserviceModel.php')
 3 SYSTEMPATH\Autoloader\Autoloader.php(266): CodeIgniter\Autoloader\Autoloader->loadInNamespace('App\\Models\\cgserviceModel')
 4 APPPATH\Controllers\ServiceController.php(21): CodeIgniter\Autoloader\Autoloader->loadClass('App\\Models\\cgserviceModel')
 5 SYSTEMPATH\CodeIgniter.php(915): App\Controllers\ServiceController->__construct()
 6 SYSTEMPATH\CodeIgniter.php(494): CodeIgniter\CodeIgniter->createController()
 7 SYSTEMPATH\CodeIgniter.php(361): CodeIgniter\CodeIgniter->handleRequest(null, Object(Config\Cache), false)
 8 FCPATH\index.php(79): CodeIgniter\CodeIgniter->run()
WARNING - 2026-02-27 14:47:09 --> [DEPRECATED] Creation of dynamic property CodeIgniter\HTTP\IncomingRequest::$user is deprecated in APPPATH\Filters\JwtAuth.php on line 47.
 1 SYSTEMPATH\Filters\Filters.php(182): App\Filters\JwtAuth->before(Object(CodeIgniter\HTTP\IncomingRequest), null)
 2 SYSTEMPATH\CodeIgniter.php(475): CodeIgniter\Filters\Filters->run('api/profile', 'before')
 3 SYSTEMPATH\CodeIgniter.php(361): CodeIgniter\CodeIgniter->handleRequest(null, Object(Config\Cache), false)
 4 FCPATH\index.php(79): CodeIgniter\CodeIgniter->run()
INFO - 2026-02-27 14:47:10 --> Session: Class initialized using 'CodeIgniter\Session\Handlers\FileHandler' driver.
WARNING - 2026-02-27 14:47:10 --> [DEPRECATED] Creation of dynamic property CodeIgniter\HTTP\IncomingRequest::$user is deprecated in APPPATH\Filters\JwtAuthWeb.php on line 32.
 1 SYSTEMPATH\Filters\Filters.php(182): App\Filters\JwtAuthWeb->before(Object(CodeIgniter\HTTP\IncomingRequest), null)
 2 SYSTEMPATH\CodeIgniter.php(475): CodeIgniter\Filters\Filters->run('getCGservice', 'before')
 3 SYSTEMPATH\CodeIgniter.php(361): CodeIgniter\CodeIgniter->handleRequest(null, Object(Config\Cache), false)
 4 FCPATH\index.php(79): CodeIgniter\CodeIgniter->run()
WARNING - 2026-02-27 14:47:10 --> [DEPRECATED] Optional parameter $cg declared before required parameter $hcode is implicitly treated as a required parameter in APPPATH\Models\cgserviceModel.php on line 93.
 1 SYSTEMPATH\Autoloader\Autoloader.php(311): include_once('D:\\xampp6\\htdocs\\project-jwt\\vendor\\codeigniter4\\framework\\system\\Debug\\Exceptions.php')
 2 SYSTEMPATH\Autoloader\Autoloader.php(290): CodeIgniter\Autoloader\Autoloader->includeFile('D:\\xampp6\\htdocs\\project-jwt\\app\\Models\\cgserviceModel.php')
 3 SYSTEMPATH\Autoloader\Autoloader.php(266): CodeIgniter\Autoloader\Autoloader->loadInNamespace('App\\Models\\cgserviceModel')
 4 APPPATH\Controllers\ServiceController.php(21): CodeIgniter\Autoloader\Autoloader->loadClass('App\\Models\\cgserviceModel')
 5 SYSTEMPATH\CodeIgniter.php(915): App\Controllers\ServiceController->__construct()
 6 SYSTEMPATH\CodeIgniter.php(494): CodeIgniter\CodeIgniter->createController()
 7 SYSTEMPATH\CodeIgniter.php(361): CodeIgniter\CodeIgniter->handleRequest(null, Object(Config\Cache), false)
 8 FCPATH\index.php(79): CodeIgniter\CodeIgniter->run()
INFO - 2026-02-27 14:47:40 --> Session: Class initialized using 'CodeIgniter\Session\Handlers\FileHandler' driver.
WARNING - 2026-02-27 14:47:40 --> [DEPRECATED] Creation of dynamic property CodeIgniter\HTTP\IncomingRequest::$user is deprecated in APPPATH\Filters\JwtAuthWeb.php on line 32.
 1 SYSTEMPATH\Filters\Filters.php(182): App\Filters\JwtAuthWeb->before(Object(CodeIgniter\HTTP\IncomingRequest), null)
 2 SYSTEMPATH\CodeIgniter.php(475): CodeIgniter\Filters\Filters->run('ltc-view-details/348/2026/2', 'before')
 3 SYSTEMPATH\CodeIgniter.php(361): CodeIgniter\CodeIgniter->handleRequest(null, Object(Config\Cache), false)
 4 FCPATH\index.php(79): CodeIgniter\CodeIgniter->run()
WARNING - 2026-02-27 14:47:40 --> [DEPRECATED] Optional parameter $cg declared before required parameter $hcode is implicitly treated as a required parameter in APPPATH\Models\cgserviceModel.php on line 93.
 1 SYSTEMPATH\Autoloader\Autoloader.php(311): include_once('D:\\xampp6\\htdocs\\project-jwt\\vendor\\codeigniter4\\framework\\system\\Debug\\Exceptions.php')
 2 SYSTEMPATH\Autoloader\Autoloader.php(290): CodeIgniter\Autoloader\Autoloader->includeFile('D:\\xampp6\\htdocs\\project-jwt\\app\\Models\\cgserviceModel.php')
 3 SYSTEMPATH\Autoloader\Autoloader.php(266): CodeIgniter\Autoloader\Autoloader->loadInNamespace('App\\Models\\cgserviceModel')
 4 APPPATH\Controllers\ServiceController.php(21): CodeIgniter\Autoloader\Autoloader->loadClass('App\\Models\\cgserviceModel')
 5 SYSTEMPATH\CodeIgniter.php(915): App\Controllers\ServiceController->__construct()
 6 SYSTEMPATH\CodeIgniter.php(494): CodeIgniter\CodeIgniter->createController()
 7 SYSTEMPATH\CodeIgniter.php(361): CodeIgniter\CodeIgniter->handleRequest(null, Object(Config\Cache), false)
 8 FCPATH\index.php(79): CodeIgniter\CodeIgniter->run()
WARNING - 2026-02-27 14:47:40 --> [DEPRECATED] Creation of dynamic property CodeIgniter\HTTP\IncomingRequest::$user is deprecated in APPPATH\Filters\JwtAuth.php on line 47.
 1 SYSTEMPATH\Filters\Filters.php(182): App\Filters\JwtAuth->before(Object(CodeIgniter\HTTP\IncomingRequest), null)
 2 SYSTEMPATH\CodeIgniter.php(475): CodeIgniter\Filters\Filters->run('api/profile', 'before')
 3 SYSTEMPATH\CodeIgniter.php(361): CodeIgniter\CodeIgniter->handleRequest(null, Object(Config\Cache), false)
 4 FCPATH\index.php(79): CodeIgniter\CodeIgniter->run()
INFO - 2026-02-27 14:47:41 --> Session: Class initialized using 'CodeIgniter\Session\Handlers\FileHandler' driver.
WARNING - 2026-02-27 14:47:41 --> [DEPRECATED] Creation of dynamic property CodeIgniter\HTTP\IncomingRequest::$user is deprecated in APPPATH\Filters\JwtAuthWeb.php on line 32.
 1 SYSTEMPATH\Filters\Filters.php(182): App\Filters\JwtAuthWeb->before(Object(CodeIgniter\HTTP\IncomingRequest), null)
 2 SYSTEMPATH\CodeIgniter.php(475): CodeIgniter\Filters\Filters->run('getCGservice', 'before')
 3 SYSTEMPATH\CodeIgniter.php(361): CodeIgniter\CodeIgniter->handleRequest(null, Object(Config\Cache), false)
 4 FCPATH\index.php(79): CodeIgniter\CodeIgniter->run()
WARNING - 2026-02-27 14:47:41 --> [DEPRECATED] Optional parameter $cg declared before required parameter $hcode is implicitly treated as a required parameter in APPPATH\Models\cgserviceModel.php on line 93.
 1 SYSTEMPATH\Autoloader\Autoloader.php(311): include_once('D:\\xampp6\\htdocs\\project-jwt\\vendor\\codeigniter4\\framework\\system\\Debug\\Exceptions.php')
 2 SYSTEMPATH\Autoloader\Autoloader.php(290): CodeIgniter\Autoloader\Autoloader->includeFile('D:\\xampp6\\htdocs\\project-jwt\\app\\Models\\cgserviceModel.php')
 3 SYSTEMPATH\Autoloader\Autoloader.php(266): CodeIgniter\Autoloader\Autoloader->loadInNamespace('App\\Models\\cgserviceModel')
 4 APPPATH\Controllers\ServiceController.php(21): CodeIgniter\Autoloader\Autoloader->loadClass('App\\Models\\cgserviceModel')
 5 SYSTEMPATH\CodeIgniter.php(915): App\Controllers\ServiceController->__construct()
 6 SYSTEMPATH\CodeIgniter.php(494): CodeIgniter\CodeIgniter->createController()
 7 SYSTEMPATH\CodeIgniter.php(361): CodeIgniter\CodeIgniter->handleRequest(null, Object(Config\Cache), false)
 8 FCPATH\index.php(79): CodeIgniter\CodeIgniter->run()
INFO - 2026-02-27 14:49:05 --> Session: Class initialized using 'CodeIgniter\Session\Handlers\FileHandler' driver.
WARNING - 2026-02-27 14:49:05 --> [DEPRECATED] Creation of dynamic property CodeIgniter\HTTP\IncomingRequest::$user is deprecated in APPPATH\Filters\JwtAuthWeb.php on line 32.
 1 SYSTEMPATH\Filters\Filters.php(182): App\Filters\JwtAuthWeb->before(Object(CodeIgniter\HTTP\IncomingRequest), null)
 2 SYSTEMPATH\CodeIgniter.php(475): CodeIgniter\Filters\Filters->run('ltc-view-details/348/2026/2', 'before')
 3 SYSTEMPATH\CodeIgniter.php(361): CodeIgniter\CodeIgniter->handleRequest(null, Object(Config\Cache), false)
 4 FCPATH\index.php(79): CodeIgniter\CodeIgniter->run()
WARNING - 2026-02-27 14:49:05 --> [DEPRECATED] Optional parameter $cg declared before required parameter $hcode is implicitly treated as a required parameter in APPPATH\Models\cgserviceModel.php on line 93.
 1 SYSTEMPATH\Autoloader\Autoloader.php(311): include_once('D:\\xampp6\\htdocs\\project-jwt\\vendor\\codeigniter4\\framework\\system\\Debug\\Exceptions.php')
 2 SYSTEMPATH\Autoloader\Autoloader.php(290): CodeIgniter\Autoloader\Autoloader->includeFile('D:\\xampp6\\htdocs\\project-jwt\\app\\Models\\cgserviceModel.php')
 3 SYSTEMPATH\Autoloader\Autoloader.php(266): CodeIgniter\Autoloader\Autoloader->loadInNamespace('App\\Models\\cgserviceModel')
 4 APPPATH\Controllers\ServiceController.php(21): CodeIgniter\Autoloader\Autoloader->loadClass('App\\Models\\cgserviceModel')
 5 SYSTEMPATH\CodeIgniter.php(915): App\Controllers\ServiceController->__construct()
 6 SYSTEMPATH\CodeIgniter.php(494): CodeIgniter\CodeIgniter->createController()
 7 SYSTEMPATH\CodeIgniter.php(361): CodeIgniter\CodeIgniter->handleRequest(null, Object(Config\Cache), false)
 8 FCPATH\index.php(79): CodeIgniter\CodeIgniter->run()
WARNING - 2026-02-27 14:49:06 --> [DEPRECATED] Creation of dynamic property CodeIgniter\HTTP\IncomingRequest::$user is deprecated in APPPATH\Filters\JwtAuth.php on line 47.
 1 SYSTEMPATH\Filters\Filters.php(182): App\Filters\JwtAuth->before(Object(CodeIgniter\HTTP\IncomingRequest), null)
 2 SYSTEMPATH\CodeIgniter.php(475): CodeIgniter\Filters\Filters->run('api/profile', 'before')
 3 SYSTEMPATH\CodeIgniter.php(361): CodeIgniter\CodeIgniter->handleRequest(null, Object(Config\Cache), false)
 4 FCPATH\index.php(79): CodeIgniter\CodeIgniter->run()
INFO - 2026-02-27 14:49:07 --> Session: Class initialized using 'CodeIgniter\Session\Handlers\FileHandler' driver.
WARNING - 2026-02-27 14:49:07 --> [DEPRECATED] Creation of dynamic property CodeIgniter\HTTP\IncomingRequest::$user is deprecated in APPPATH\Filters\JwtAuthWeb.php on line 32.
 1 SYSTEMPATH\Filters\Filters.php(182): App\Filters\JwtAuthWeb->before(Object(CodeIgniter\HTTP\IncomingRequest), null)
 2 SYSTEMPATH\CodeIgniter.php(475): CodeIgniter\Filters\Filters->run('getCGservice', 'before')
 3 SYSTEMPATH\CodeIgniter.php(361): CodeIgniter\CodeIgniter->handleRequest(null, Object(Config\Cache), false)
 4 FCPATH\index.php(79): CodeIgniter\CodeIgniter->run()
WARNING - 2026-02-27 14:49:07 --> [DEPRECATED] Optional parameter $cg declared before required parameter $hcode is implicitly treated as a required parameter in APPPATH\Models\cgserviceModel.php on line 93.
 1 SYSTEMPATH\Autoloader\Autoloader.php(311): include_once('D:\\xampp6\\htdocs\\project-jwt\\vendor\\codeigniter4\\framework\\system\\Debug\\Exceptions.php')
 2 SYSTEMPATH\Autoloader\Autoloader.php(290): CodeIgniter\Autoloader\Autoloader->includeFile('D:\\xampp6\\htdocs\\project-jwt\\app\\Models\\cgserviceModel.php')
 3 SYSTEMPATH\Autoloader\Autoloader.php(266): CodeIgniter\Autoloader\Autoloader->loadInNamespace('App\\Models\\cgserviceModel')
 4 APPPATH\Controllers\ServiceController.php(21): CodeIgniter\Autoloader\Autoloader->loadClass('App\\Models\\cgserviceModel')
 5 SYSTEMPATH\CodeIgniter.php(915): App\Controllers\ServiceController->__construct()
 6 SYSTEMPATH\CodeIgniter.php(494): CodeIgniter\CodeIgniter->createController()
 7 SYSTEMPATH\CodeIgniter.php(361): CodeIgniter\CodeIgniter->handleRequest(null, Object(Config\Cache), false)
 8 FCPATH\index.php(79): CodeIgniter\CodeIgniter->run()
INFO - 2026-02-27 14:51:34 --> Session: Class initialized using 'CodeIgniter\Session\Handlers\FileHandler' driver.
WARNING - 2026-02-27 14:51:34 --> [DEPRECATED] Creation of dynamic property CodeIgniter\HTTP\IncomingRequest::$user is deprecated in APPPATH\Filters\JwtAuthWeb.php on line 32.
 1 SYSTEMPATH\Filters\Filters.php(182): App\Filters\JwtAuthWeb->before(Object(CodeIgniter\HTTP\IncomingRequest), null)
 2 SYSTEMPATH\CodeIgniter.php(475): CodeIgniter\Filters\Filters->run('ltc-view-details/348/2026/2', 'before')
 3 SYSTEMPATH\CodeIgniter.php(361): CodeIgniter\CodeIgniter->handleRequest(null, Object(Config\Cache), false)
 4 FCPATH\index.php(79): CodeIgniter\CodeIgniter->run()
WARNING - 2026-02-27 14:51:34 --> [DEPRECATED] Optional parameter $cg declared before required parameter $hcode is implicitly treated as a required parameter in APPPATH\Models\cgserviceModel.php on line 93.
 1 SYSTEMPATH\Autoloader\Autoloader.php(311): include_once('D:\\xampp6\\htdocs\\project-jwt\\vendor\\codeigniter4\\framework\\system\\Debug\\Exceptions.php')
 2 SYSTEMPATH\Autoloader\Autoloader.php(290): CodeIgniter\Autoloader\Autoloader->includeFile('D:\\xampp6\\htdocs\\project-jwt\\app\\Models\\cgserviceModel.php')
 3 SYSTEMPATH\Autoloader\Autoloader.php(266): CodeIgniter\Autoloader\Autoloader->loadInNamespace('App\\Models\\cgserviceModel')
 4 APPPATH\Controllers\ServiceController.php(21): CodeIgniter\Autoloader\Autoloader->loadClass('App\\Models\\cgserviceModel')
 5 SYSTEMPATH\CodeIgniter.php(915): App\Controllers\ServiceController->__construct()
 6 SYSTEMPATH\CodeIgniter.php(494): CodeIgniter\CodeIgniter->createController()
 7 SYSTEMPATH\CodeIgniter.php(361): CodeIgniter\CodeIgniter->handleRequest(null, Object(Config\Cache), false)
 8 FCPATH\index.php(79): CodeIgniter\CodeIgniter->run()
WARNING - 2026-02-27 14:51:34 --> [DEPRECATED] Creation of dynamic property CodeIgniter\HTTP\IncomingRequest::$user is deprecated in APPPATH\Filters\JwtAuth.php on line 47.
 1 SYSTEMPATH\Filters\Filters.php(182): App\Filters\JwtAuth->before(Object(CodeIgniter\HTTP\IncomingRequest), null)
 2 SYSTEMPATH\CodeIgniter.php(475): CodeIgniter\Filters\Filters->run('api/profile', 'before')
 3 SYSTEMPATH\CodeIgniter.php(361): CodeIgniter\CodeIgniter->handleRequest(null, Object(Config\Cache), false)
 4 FCPATH\index.php(79): CodeIgniter\CodeIgniter->run()
INFO - 2026-02-27 14:51:36 --> Session: Class initialized using 'CodeIgniter\Session\Handlers\FileHandler' driver.
WARNING - 2026-02-27 14:51:36 --> [DEPRECATED] Creation of dynamic property CodeIgniter\HTTP\IncomingRequest::$user is deprecated in APPPATH\Filters\JwtAuthWeb.php on line 32.
 1 SYSTEMPATH\Filters\Filters.php(182): App\Filters\JwtAuthWeb->before(Object(CodeIgniter\HTTP\IncomingRequest), null)
 2 SYSTEMPATH\CodeIgniter.php(475): CodeIgniter\Filters\Filters->run('getCGservice', 'before')
 3 SYSTEMPATH\CodeIgniter.php(361): CodeIgniter\CodeIgniter->handleRequest(null, Object(Config\Cache), false)
 4 FCPATH\index.php(79): CodeIgniter\CodeIgniter->run()
WARNING - 2026-02-27 14:51:36 --> [DEPRECATED] Optional parameter $cg declared before required parameter $hcode is implicitly treated as a required parameter in APPPATH\Models\cgserviceModel.php on line 93.
 1 SYSTEMPATH\Autoloader\Autoloader.php(311): include_once('D:\\xampp6\\htdocs\\project-jwt\\vendor\\codeigniter4\\framework\\system\\Debug\\Exceptions.php')
 2 SYSTEMPATH\Autoloader\Autoloader.php(290): CodeIgniter\Autoloader\Autoloader->includeFile('D:\\xampp6\\htdocs\\project-jwt\\app\\Models\\cgserviceModel.php')
 3 SYSTEMPATH\Autoloader\Autoloader.php(266): CodeIgniter\Autoloader\Autoloader->loadInNamespace('App\\Models\\cgserviceModel')
 4 APPPATH\Controllers\ServiceController.php(21): CodeIgniter\Autoloader\Autoloader->loadClass('App\\Models\\cgserviceModel')
 5 SYSTEMPATH\CodeIgniter.php(915): App\Controllers\ServiceController->__construct()
 6 SYSTEMPATH\CodeIgniter.php(494): CodeIgniter\CodeIgniter->createController()
 7 SYSTEMPATH\CodeIgniter.php(361): CodeIgniter\CodeIgniter->handleRequest(null, Object(Config\Cache), false)
 8 FCPATH\index.php(79): CodeIgniter\CodeIgniter->run()
INFO - 2026-02-27 14:51:59 --> Session: Class initialized using 'CodeIgniter\Session\Handlers\FileHandler' driver.
WARNING - 2026-02-27 14:51:59 --> [DEPRECATED] Creation of dynamic property CodeIgniter\HTTP\IncomingRequest::$user is deprecated in APPPATH\Filters\JwtAuthWeb.php on line 32.
 1 SYSTEMPATH\Filters\Filters.php(182): App\Filters\JwtAuthWeb->before(Object(CodeIgniter\HTTP\IncomingRequest), null)
 2 SYSTEMPATH\CodeIgniter.php(475): CodeIgniter\Filters\Filters->run('ltc-view-details/348/2026/2', 'before')
 3 SYSTEMPATH\CodeIgniter.php(361): CodeIgniter\CodeIgniter->handleRequest(null, Object(Config\Cache), false)
 4 FCPATH\index.php(79): CodeIgniter\CodeIgniter->run()
WARNING - 2026-02-27 14:51:59 --> [DEPRECATED] Optional parameter $cg declared before required parameter $hcode is implicitly treated as a required parameter in APPPATH\Models\cgserviceModel.php on line 93.
 1 SYSTEMPATH\Autoloader\Autoloader.php(311): include_once('D:\\xampp6\\htdocs\\project-jwt\\vendor\\codeigniter4\\framework\\system\\Debug\\Exceptions.php')
 2 SYSTEMPATH\Autoloader\Autoloader.php(290): CodeIgniter\Autoloader\Autoloader->includeFile('D:\\xampp6\\htdocs\\project-jwt\\app\\Models\\cgserviceModel.php')
 3 SYSTEMPATH\Autoloader\Autoloader.php(266): CodeIgniter\Autoloader\Autoloader->loadInNamespace('App\\Models\\cgserviceModel')
 4 APPPATH\Controllers\ServiceController.php(21): CodeIgniter\Autoloader\Autoloader->loadClass('App\\Models\\cgserviceModel')
 5 SYSTEMPATH\CodeIgniter.php(915): App\Controllers\ServiceController->__construct()
 6 SYSTEMPATH\CodeIgniter.php(494): CodeIgniter\CodeIgniter->createController()
 7 SYSTEMPATH\CodeIgniter.php(361): CodeIgniter\CodeIgniter->handleRequest(null, Object(Config\Cache), false)
 8 FCPATH\index.php(79): CodeIgniter\CodeIgniter->run()
WARNING - 2026-02-27 14:51:59 --> [DEPRECATED] Creation of dynamic property CodeIgniter\HTTP\IncomingRequest::$user is deprecated in APPPATH\Filters\JwtAuth.php on line 47.
 1 SYSTEMPATH\Filters\Filters.php(182): App\Filters\JwtAuth->before(Object(CodeIgniter\HTTP\IncomingRequest), null)
 2 SYSTEMPATH\CodeIgniter.php(475): CodeIgniter\Filters\Filters->run('api/profile', 'before')
 3 SYSTEMPATH\CodeIgniter.php(361): CodeIgniter\CodeIgniter->handleRequest(null, Object(Config\Cache), false)
 4 FCPATH\index.php(79): CodeIgniter\CodeIgniter->run()
INFO - 2026-02-27 14:52:00 --> Session: Class initialized using 'CodeIgniter\Session\Handlers\FileHandler' driver.
WARNING - 2026-02-27 14:52:00 --> [DEPRECATED] Creation of dynamic property CodeIgniter\HTTP\IncomingRequest::$user is deprecated in APPPATH\Filters\JwtAuthWeb.php on line 32.
 1 SYSTEMPATH\Filters\Filters.php(182): App\Filters\JwtAuthWeb->before(Object(CodeIgniter\HTTP\IncomingRequest), null)
 2 SYSTEMPATH\CodeIgniter.php(475): CodeIgniter\Filters\Filters->run('getCGservice', 'before')
 3 SYSTEMPATH\CodeIgniter.php(361): CodeIgniter\CodeIgniter->handleRequest(null, Object(Config\Cache), false)
 4 FCPATH\index.php(79): CodeIgniter\CodeIgniter->run()
WARNING - 2026-02-27 14:52:00 --> [DEPRECATED] Optional parameter $cg declared before required parameter $hcode is implicitly treated as a required parameter in APPPATH\Models\cgserviceModel.php on line 93.
 1 SYSTEMPATH\Autoloader\Autoloader.php(311): include_once('D:\\xampp6\\htdocs\\project-jwt\\vendor\\codeigniter4\\framework\\system\\Debug\\Exceptions.php')
 2 SYSTEMPATH\Autoloader\Autoloader.php(290): CodeIgniter\Autoloader\Autoloader->includeFile('D:\\xampp6\\htdocs\\project-jwt\\app\\Models\\cgserviceModel.php')
 3 SYSTEMPATH\Autoloader\Autoloader.php(266): CodeIgniter\Autoloader\Autoloader->loadInNamespace('App\\Models\\cgserviceModel')
 4 APPPATH\Controllers\ServiceController.php(21): CodeIgniter\Autoloader\Autoloader->loadClass('App\\Models\\cgserviceModel')
 5 SYSTEMPATH\CodeIgniter.php(915): App\Controllers\ServiceController->__construct()
 6 SYSTEMPATH\CodeIgniter.php(494): CodeIgniter\CodeIgniter->createController()
 7 SYSTEMPATH\CodeIgniter.php(361): CodeIgniter\CodeIgniter->handleRequest(null, Object(Config\Cache), false)
 8 FCPATH\index.php(79): CodeIgniter\CodeIgniter->run()
INFO - 2026-02-27 14:52:29 --> Session: Class initialized using 'CodeIgniter\Session\Handlers\FileHandler' driver.
WARNING - 2026-02-27 14:52:29 --> [DEPRECATED] Creation of dynamic property CodeIgniter\HTTP\IncomingRequest::$user is deprecated in APPPATH\Filters\JwtAuthWeb.php on line 32.
 1 SYSTEMPATH\Filters\Filters.php(182): App\Filters\JwtAuthWeb->before(Object(CodeIgniter\HTTP\IncomingRequest), null)
 2 SYSTEMPATH\CodeIgniter.php(475): CodeIgniter\Filters\Filters->run('ltc-view-details/348/2026/2', 'before')
 3 SYSTEMPATH\CodeIgniter.php(361): CodeIgniter\CodeIgniter->handleRequest(null, Object(Config\Cache), false)
 4 FCPATH\index.php(79): CodeIgniter\CodeIgniter->run()
WARNING - 2026-02-27 14:52:29 --> [DEPRECATED] Optional parameter $cg declared before required parameter $hcode is implicitly treated as a required parameter in APPPATH\Models\cgserviceModel.php on line 93.
 1 SYSTEMPATH\Autoloader\Autoloader.php(311): include_once('D:\\xampp6\\htdocs\\project-jwt\\vendor\\codeigniter4\\framework\\system\\Debug\\Exceptions.php')
 2 SYSTEMPATH\Autoloader\Autoloader.php(290): CodeIgniter\Autoloader\Autoloader->includeFile('D:\\xampp6\\htdocs\\project-jwt\\app\\Models\\cgserviceModel.php')
 3 SYSTEMPATH\Autoloader\Autoloader.php(266): CodeIgniter\Autoloader\Autoloader->loadInNamespace('App\\Models\\cgserviceModel')
 4 APPPATH\Controllers\ServiceController.php(21): CodeIgniter\Autoloader\Autoloader->loadClass('App\\Models\\cgserviceModel')
 5 SYSTEMPATH\CodeIgniter.php(915): App\Controllers\ServiceController->__construct()
 6 SYSTEMPATH\CodeIgniter.php(494): CodeIgniter\CodeIgniter->createController()
 7 SYSTEMPATH\CodeIgniter.php(361): CodeIgniter\CodeIgniter->handleRequest(null, Object(Config\Cache), false)
 8 FCPATH\index.php(79): CodeIgniter\CodeIgniter->run()
WARNING - 2026-02-27 14:52:29 --> [DEPRECATED] Creation of dynamic property CodeIgniter\HTTP\IncomingRequest::$user is deprecated in APPPATH\Filters\JwtAuth.php on line 47.
 1 SYSTEMPATH\Filters\Filters.php(182): App\Filters\JwtAuth->before(Object(CodeIgniter\HTTP\IncomingRequest), null)
 2 SYSTEMPATH\CodeIgniter.php(475): CodeIgniter\Filters\Filters->run('api/profile', 'before')
 3 SYSTEMPATH\CodeIgniter.php(361): CodeIgniter\CodeIgniter->handleRequest(null, Object(Config\Cache), false)
 4 FCPATH\index.php(79): CodeIgniter\CodeIgniter->run()
INFO - 2026-02-27 14:52:30 --> Session: Class initialized using 'CodeIgniter\Session\Handlers\FileHandler' driver.
WARNING - 2026-02-27 14:52:30 --> [DEPRECATED] Creation of dynamic property CodeIgniter\HTTP\IncomingRequest::$user is deprecated in APPPATH\Filters\JwtAuthWeb.php on line 32.
 1 SYSTEMPATH\Filters\Filters.php(182): App\Filters\JwtAuthWeb->before(Object(CodeIgniter\HTTP\IncomingRequest), null)
 2 SYSTEMPATH\CodeIgniter.php(475): CodeIgniter\Filters\Filters->run('getCGservice', 'before')
 3 SYSTEMPATH\CodeIgniter.php(361): CodeIgniter\CodeIgniter->handleRequest(null, Object(Config\Cache), false)
 4 FCPATH\index.php(79): CodeIgniter\CodeIgniter->run()
WARNING - 2026-02-27 14:52:30 --> [DEPRECATED] Optional parameter $cg declared before required parameter $hcode is implicitly treated as a required parameter in APPPATH\Models\cgserviceModel.php on line 93.
 1 SYSTEMPATH\Autoloader\Autoloader.php(311): include_once('D:\\xampp6\\htdocs\\project-jwt\\vendor\\codeigniter4\\framework\\system\\Debug\\Exceptions.php')
 2 SYSTEMPATH\Autoloader\Autoloader.php(290): CodeIgniter\Autoloader\Autoloader->includeFile('D:\\xampp6\\htdocs\\project-jwt\\app\\Models\\cgserviceModel.php')
 3 SYSTEMPATH\Autoloader\Autoloader.php(266): CodeIgniter\Autoloader\Autoloader->loadInNamespace('App\\Models\\cgserviceModel')
 4 APPPATH\Controllers\ServiceController.php(21): CodeIgniter\Autoloader\Autoloader->loadClass('App\\Models\\cgserviceModel')
 5 SYSTEMPATH\CodeIgniter.php(915): App\Controllers\ServiceController->__construct()
 6 SYSTEMPATH\CodeIgniter.php(494): CodeIgniter\CodeIgniter->createController()
 7 SYSTEMPATH\CodeIgniter.php(361): CodeIgniter\CodeIgniter->handleRequest(null, Object(Config\Cache), false)
 8 FCPATH\index.php(79): CodeIgniter\CodeIgniter->run()
INFO - 2026-02-27 14:54:04 --> Session: Class initialized using 'CodeIgniter\Session\Handlers\FileHandler' driver.
WARNING - 2026-02-27 14:54:04 --> [DEPRECATED] Creation of dynamic property CodeIgniter\HTTP\IncomingRequest::$user is deprecated in APPPATH\Filters\JwtAuthWeb.php on line 32.
 1 SYSTEMPATH\Filters\Filters.php(182): App\Filters\JwtAuthWeb->before(Object(CodeIgniter\HTTP\IncomingRequest), null)
 2 SYSTEMPATH\CodeIgniter.php(475): CodeIgniter\Filters\Filters->run('ltc-view-details/348/2026/2', 'before')
 3 SYSTEMPATH\CodeIgniter.php(361): CodeIgniter\CodeIgniter->handleRequest(null, Object(Config\Cache), false)
 4 FCPATH\index.php(79): CodeIgniter\CodeIgniter->run()
WARNING - 2026-02-27 14:54:04 --> [DEPRECATED] Optional parameter $cg declared before required parameter $hcode is implicitly treated as a required parameter in APPPATH\Models\cgserviceModel.php on line 93.
 1 SYSTEMPATH\Autoloader\Autoloader.php(311): include_once('D:\\xampp6\\htdocs\\project-jwt\\vendor\\codeigniter4\\framework\\system\\Debug\\Exceptions.php')
 2 SYSTEMPATH\Autoloader\Autoloader.php(290): CodeIgniter\Autoloader\Autoloader->includeFile('D:\\xampp6\\htdocs\\project-jwt\\app\\Models\\cgserviceModel.php')
 3 SYSTEMPATH\Autoloader\Autoloader.php(266): CodeIgniter\Autoloader\Autoloader->loadInNamespace('App\\Models\\cgserviceModel')
 4 APPPATH\Controllers\ServiceController.php(21): CodeIgniter\Autoloader\Autoloader->loadClass('App\\Models\\cgserviceModel')
 5 SYSTEMPATH\CodeIgniter.php(915): App\Controllers\ServiceController->__construct()
 6 SYSTEMPATH\CodeIgniter.php(494): CodeIgniter\CodeIgniter->createController()
 7 SYSTEMPATH\CodeIgniter.php(361): CodeIgniter\CodeIgniter->handleRequest(null, Object(Config\Cache), false)
 8 FCPATH\index.php(79): CodeIgniter\CodeIgniter->run()
WARNING - 2026-02-27 14:54:05 --> [DEPRECATED] Creation of dynamic property CodeIgniter\HTTP\IncomingRequest::$user is deprecated in APPPATH\Filters\JwtAuth.php on line 47.
 1 SYSTEMPATH\Filters\Filters.php(182): App\Filters\JwtAuth->before(Object(CodeIgniter\HTTP\IncomingRequest), null)
 2 SYSTEMPATH\CodeIgniter.php(475): CodeIgniter\Filters\Filters->run('api/profile', 'before')
 3 SYSTEMPATH\CodeIgniter.php(361): CodeIgniter\CodeIgniter->handleRequest(null, Object(Config\Cache), false)
 4 FCPATH\index.php(79): CodeIgniter\CodeIgniter->run()
INFO - 2026-02-27 14:54:05 --> Session: Class initialized using 'CodeIgniter\Session\Handlers\FileHandler' driver.
WARNING - 2026-02-27 14:54:05 --> [DEPRECATED] Creation of dynamic property CodeIgniter\HTTP\IncomingRequest::$user is deprecated in APPPATH\Filters\JwtAuthWeb.php on line 32.
 1 SYSTEMPATH\Filters\Filters.php(182): App\Filters\JwtAuthWeb->before(Object(CodeIgniter\HTTP\IncomingRequest), null)
 2 SYSTEMPATH\CodeIgniter.php(475): CodeIgniter\Filters\Filters->run('getCGservice', 'before')
 3 SYSTEMPATH\CodeIgniter.php(361): CodeIgniter\CodeIgniter->handleRequest(null, Object(Config\Cache), false)
 4 FCPATH\index.php(79): CodeIgniter\CodeIgniter->run()
WARNING - 2026-02-27 14:54:05 --> [DEPRECATED] Optional parameter $cg declared before required parameter $hcode is implicitly treated as a required parameter in APPPATH\Models\cgserviceModel.php on line 93.
 1 SYSTEMPATH\Autoloader\Autoloader.php(311): include_once('D:\\xampp6\\htdocs\\project-jwt\\vendor\\codeigniter4\\framework\\system\\Debug\\Exceptions.php')
 2 SYSTEMPATH\Autoloader\Autoloader.php(290): CodeIgniter\Autoloader\Autoloader->includeFile('D:\\xampp6\\htdocs\\project-jwt\\app\\Models\\cgserviceModel.php')
 3 SYSTEMPATH\Autoloader\Autoloader.php(266): CodeIgniter\Autoloader\Autoloader->loadInNamespace('App\\Models\\cgserviceModel')
 4 APPPATH\Controllers\ServiceController.php(21): CodeIgniter\Autoloader\Autoloader->loadClass('App\\Models\\cgserviceModel')
 5 SYSTEMPATH\CodeIgniter.php(915): App\Controllers\ServiceController->__construct()
 6 SYSTEMPATH\CodeIgniter.php(494): CodeIgniter\CodeIgniter->createController()
 7 SYSTEMPATH\CodeIgniter.php(361): CodeIgniter\CodeIgniter->handleRequest(null, Object(Config\Cache), false)
 8 FCPATH\index.php(79): CodeIgniter\CodeIgniter->run()
INFO - 2026-02-27 14:54:23 --> Session: Class initialized using 'CodeIgniter\Session\Handlers\FileHandler' driver.
WARNING - 2026-02-27 14:54:23 --> [DEPRECATED] Creation of dynamic property CodeIgniter\HTTP\IncomingRequest::$user is deprecated in APPPATH\Filters\JwtAuthWeb.php on line 32.
 1 SYSTEMPATH\Filters\Filters.php(182): App\Filters\JwtAuthWeb->before(Object(CodeIgniter\HTTP\IncomingRequest), null)
 2 SYSTEMPATH\CodeIgniter.php(475): CodeIgniter\Filters\Filters->run('ltc-view-details/348/2026/2', 'before')
 3 SYSTEMPATH\CodeIgniter.php(361): CodeIgniter\CodeIgniter->handleRequest(null, Object(Config\Cache), false)
 4 FCPATH\index.php(79): CodeIgniter\CodeIgniter->run()
WARNING - 2026-02-27 14:54:23 --> [DEPRECATED] Optional parameter $cg declared before required parameter $hcode is implicitly treated as a required parameter in APPPATH\Models\cgserviceModel.php on line 93.
 1 SYSTEMPATH\Autoloader\Autoloader.php(311): include_once('D:\\xampp6\\htdocs\\project-jwt\\vendor\\codeigniter4\\framework\\system\\Debug\\Exceptions.php')
 2 SYSTEMPATH\Autoloader\Autoloader.php(290): CodeIgniter\Autoloader\Autoloader->includeFile('D:\\xampp6\\htdocs\\project-jwt\\app\\Models\\cgserviceModel.php')
 3 SYSTEMPATH\Autoloader\Autoloader.php(266): CodeIgniter\Autoloader\Autoloader->loadInNamespace('App\\Models\\cgserviceModel')
 4 APPPATH\Controllers\ServiceController.php(21): CodeIgniter\Autoloader\Autoloader->loadClass('App\\Models\\cgserviceModel')
 5 SYSTEMPATH\CodeIgniter.php(915): App\Controllers\ServiceController->__construct()
 6 SYSTEMPATH\CodeIgniter.php(494): CodeIgniter\CodeIgniter->createController()
 7 SYSTEMPATH\CodeIgniter.php(361): CodeIgniter\CodeIgniter->handleRequest(null, Object(Config\Cache), false)
 8 FCPATH\index.php(79): CodeIgniter\CodeIgniter->run()
WARNING - 2026-02-27 14:54:23 --> [DEPRECATED] Creation of dynamic property CodeIgniter\HTTP\IncomingRequest::$user is deprecated in APPPATH\Filters\JwtAuth.php on line 47.
 1 SYSTEMPATH\Filters\Filters.php(182): App\Filters\JwtAuth->before(Object(CodeIgniter\HTTP\IncomingRequest), null)
 2 SYSTEMPATH\CodeIgniter.php(475): CodeIgniter\Filters\Filters->run('api/profile', 'before')
 3 SYSTEMPATH\CodeIgniter.php(361): CodeIgniter\CodeIgniter->handleRequest(null, Object(Config\Cache), false)
 4 FCPATH\index.php(79): CodeIgniter\CodeIgniter->run()
INFO - 2026-02-27 14:54:24 --> Session: Class initialized using 'CodeIgniter\Session\Handlers\FileHandler' driver.
WARNING - 2026-02-27 14:54:24 --> [DEPRECATED] Creation of dynamic property CodeIgniter\HTTP\IncomingRequest::$user is deprecated in APPPATH\Filters\JwtAuthWeb.php on line 32.
 1 SYSTEMPATH\Filters\Filters.php(182): App\Filters\JwtAuthWeb->before(Object(CodeIgniter\HTTP\IncomingRequest), null)
 2 SYSTEMPATH\CodeIgniter.php(475): CodeIgniter\Filters\Filters->run('getCGservice', 'before')
 3 SYSTEMPATH\CodeIgniter.php(361): CodeIgniter\CodeIgniter->handleRequest(null, Object(Config\Cache), false)
 4 FCPATH\index.php(79): CodeIgniter\CodeIgniter->run()
WARNING - 2026-02-27 14:54:24 --> [DEPRECATED] Optional parameter $cg declared before required parameter $hcode is implicitly treated as a required parameter in APPPATH\Models\cgserviceModel.php on line 93.
 1 SYSTEMPATH\Autoloader\Autoloader.php(311): include_once('D:\\xampp6\\htdocs\\project-jwt\\vendor\\codeigniter4\\framework\\system\\Debug\\Exceptions.php')
 2 SYSTEMPATH\Autoloader\Autoloader.php(290): CodeIgniter\Autoloader\Autoloader->includeFile('D:\\xampp6\\htdocs\\project-jwt\\app\\Models\\cgserviceModel.php')
 3 SYSTEMPATH\Autoloader\Autoloader.php(266): CodeIgniter\Autoloader\Autoloader->loadInNamespace('App\\Models\\cgserviceModel')
 4 APPPATH\Controllers\ServiceController.php(21): CodeIgniter\Autoloader\Autoloader->loadClass('App\\Models\\cgserviceModel')
 5 SYSTEMPATH\CodeIgniter.php(915): App\Controllers\ServiceController->__construct()
 6 SYSTEMPATH\CodeIgniter.php(494): CodeIgniter\CodeIgniter->createController()
 7 SYSTEMPATH\CodeIgniter.php(361): CodeIgniter\CodeIgniter->handleRequest(null, Object(Config\Cache), false)
 8 FCPATH\index.php(79): CodeIgniter\CodeIgniter->run()
INFO - 2026-02-27 14:54:46 --> Session: Class initialized using 'CodeIgniter\Session\Handlers\FileHandler' driver.
WARNING - 2026-02-27 14:54:46 --> [DEPRECATED] Creation of dynamic property CodeIgniter\HTTP\IncomingRequest::$user is deprecated in APPPATH\Filters\JwtAuthWeb.php on line 32.
 1 SYSTEMPATH\Filters\Filters.php(182): App\Filters\JwtAuthWeb->before(Object(CodeIgniter\HTTP\IncomingRequest), null)
 2 SYSTEMPATH\CodeIgniter.php(475): CodeIgniter\Filters\Filters->run('ltc-view-details/348/2026/2', 'before')
 3 SYSTEMPATH\CodeIgniter.php(361): CodeIgniter\CodeIgniter->handleRequest(null, Object(Config\Cache), false)
 4 FCPATH\index.php(79): CodeIgniter\CodeIgniter->run()
WARNING - 2026-02-27 14:54:46 --> [DEPRECATED] Optional parameter $cg declared before required parameter $hcode is implicitly treated as a required parameter in APPPATH\Models\cgserviceModel.php on line 93.
 1 SYSTEMPATH\Autoloader\Autoloader.php(311): include_once('D:\\xampp6\\htdocs\\project-jwt\\vendor\\codeigniter4\\framework\\system\\Debug\\Exceptions.php')
 2 SYSTEMPATH\Autoloader\Autoloader.php(290): CodeIgniter\Autoloader\Autoloader->includeFile('D:\\xampp6\\htdocs\\project-jwt\\app\\Models\\cgserviceModel.php')
 3 SYSTEMPATH\Autoloader\Autoloader.php(266): CodeIgniter\Autoloader\Autoloader->loadInNamespace('App\\Models\\cgserviceModel')
 4 APPPATH\Controllers\ServiceController.php(21): CodeIgniter\Autoloader\Autoloader->loadClass('App\\Models\\cgserviceModel')
 5 SYSTEMPATH\CodeIgniter.php(915): App\Controllers\ServiceController->__construct()
 6 SYSTEMPATH\CodeIgniter.php(494): CodeIgniter\CodeIgniter->createController()
 7 SYSTEMPATH\CodeIgniter.php(361): CodeIgniter\CodeIgniter->handleRequest(null, Object(Config\Cache), false)
 8 FCPATH\index.php(79): CodeIgniter\CodeIgniter->run()
WARNING - 2026-02-27 14:54:46 --> [DEPRECATED] Creation of dynamic property CodeIgniter\HTTP\IncomingRequest::$user is deprecated in APPPATH\Filters\JwtAuth.php on line 47.
 1 SYSTEMPATH\Filters\Filters.php(182): App\Filters\JwtAuth->before(Object(CodeIgniter\HTTP\IncomingRequest), null)
 2 SYSTEMPATH\CodeIgniter.php(475): CodeIgniter\Filters\Filters->run('api/profile', 'before')
 3 SYSTEMPATH\CodeIgniter.php(361): CodeIgniter\CodeIgniter->handleRequest(null, Object(Config\Cache), false)
 4 FCPATH\index.php(79): CodeIgniter\CodeIgniter->run()
INFO - 2026-02-27 14:54:47 --> Session: Class initialized using 'CodeIgniter\Session\Handlers\FileHandler' driver.
WARNING - 2026-02-27 14:54:47 --> [DEPRECATED] Creation of dynamic property CodeIgniter\HTTP\IncomingRequest::$user is deprecated in APPPATH\Filters\JwtAuthWeb.php on line 32.
 1 SYSTEMPATH\Filters\Filters.php(182): App\Filters\JwtAuthWeb->before(Object(CodeIgniter\HTTP\IncomingRequest), null)
 2 SYSTEMPATH\CodeIgniter.php(475): CodeIgniter\Filters\Filters->run('getCGservice', 'before')
 3 SYSTEMPATH\CodeIgniter.php(361): CodeIgniter\CodeIgniter->handleRequest(null, Object(Config\Cache), false)
 4 FCPATH\index.php(79): CodeIgniter\CodeIgniter->run()
WARNING - 2026-02-27 14:54:47 --> [DEPRECATED] Optional parameter $cg declared before required parameter $hcode is implicitly treated as a required parameter in APPPATH\Models\cgserviceModel.php on line 93.
 1 SYSTEMPATH\Autoloader\Autoloader.php(311): include_once('D:\\xampp6\\htdocs\\project-jwt\\vendor\\codeigniter4\\framework\\system\\Debug\\Exceptions.php')
 2 SYSTEMPATH\Autoloader\Autoloader.php(290): CodeIgniter\Autoloader\Autoloader->includeFile('D:\\xampp6\\htdocs\\project-jwt\\app\\Models\\cgserviceModel.php')
 3 SYSTEMPATH\Autoloader\Autoloader.php(266): CodeIgniter\Autoloader\Autoloader->loadInNamespace('App\\Models\\cgserviceModel')
 4 APPPATH\Controllers\ServiceController.php(21): CodeIgniter\Autoloader\Autoloader->loadClass('App\\Models\\cgserviceModel')
 5 SYSTEMPATH\CodeIgniter.php(915): App\Controllers\ServiceController->__construct()
 6 SYSTEMPATH\CodeIgniter.php(494): CodeIgniter\CodeIgniter->createController()
 7 SYSTEMPATH\CodeIgniter.php(361): CodeIgniter\CodeIgniter->handleRequest(null, Object(Config\Cache), false)
 8 FCPATH\index.php(79): CodeIgniter\CodeIgniter->run()
INFO - 2026-02-27 14:55:26 --> Session: Class initialized using 'CodeIgniter\Session\Handlers\FileHandler' driver.
WARNING - 2026-02-27 14:55:26 --> [DEPRECATED] Creation of dynamic property CodeIgniter\HTTP\IncomingRequest::$user is deprecated in APPPATH\Filters\JwtAuthWeb.php on line 32.
 1 SYSTEMPATH\Filters\Filters.php(182): App\Filters\JwtAuthWeb->before(Object(CodeIgniter\HTTP\IncomingRequest), null)
 2 SYSTEMPATH\CodeIgniter.php(475): CodeIgniter\Filters\Filters->run('ltc-view-details/348/2026/2', 'before')
 3 SYSTEMPATH\CodeIgniter.php(361): CodeIgniter\CodeIgniter->handleRequest(null, Object(Config\Cache), false)
 4 FCPATH\index.php(79): CodeIgniter\CodeIgniter->run()
WARNING - 2026-02-27 14:55:26 --> [DEPRECATED] Optional parameter $cg declared before required parameter $hcode is implicitly treated as a required parameter in APPPATH\Models\cgserviceModel.php on line 93.
 1 SYSTEMPATH\Autoloader\Autoloader.php(311): include_once('D:\\xampp6\\htdocs\\project-jwt\\vendor\\codeigniter4\\framework\\system\\Debug\\Exceptions.php')
 2 SYSTEMPATH\Autoloader\Autoloader.php(290): CodeIgniter\Autoloader\Autoloader->includeFile('D:\\xampp6\\htdocs\\project-jwt\\app\\Models\\cgserviceModel.php')
 3 SYSTEMPATH\Autoloader\Autoloader.php(266): CodeIgniter\Autoloader\Autoloader->loadInNamespace('App\\Models\\cgserviceModel')
 4 APPPATH\Controllers\ServiceController.php(21): CodeIgniter\Autoloader\Autoloader->loadClass('App\\Models\\cgserviceModel')
 5 SYSTEMPATH\CodeIgniter.php(915): App\Controllers\ServiceController->__construct()
 6 SYSTEMPATH\CodeIgniter.php(494): CodeIgniter\CodeIgniter->createController()
 7 SYSTEMPATH\CodeIgniter.php(361): CodeIgniter\CodeIgniter->handleRequest(null, Object(Config\Cache), false)
 8 FCPATH\index.php(79): CodeIgniter\CodeIgniter->run()
WARNING - 2026-02-27 14:55:26 --> [DEPRECATED] Creation of dynamic property CodeIgniter\HTTP\IncomingRequest::$user is deprecated in APPPATH\Filters\JwtAuth.php on line 47.
 1 SYSTEMPATH\Filters\Filters.php(182): App\Filters\JwtAuth->before(Object(CodeIgniter\HTTP\IncomingRequest), null)
 2 SYSTEMPATH\CodeIgniter.php(475): CodeIgniter\Filters\Filters->run('api/profile', 'before')
 3 SYSTEMPATH\CodeIgniter.php(361): CodeIgniter\CodeIgniter->handleRequest(null, Object(Config\Cache), false)
 4 FCPATH\index.php(79): CodeIgniter\CodeIgniter->run()
INFO - 2026-02-27 14:55:27 --> Session: Class initialized using 'CodeIgniter\Session\Handlers\FileHandler' driver.
WARNING - 2026-02-27 14:55:27 --> [DEPRECATED] Creation of dynamic property CodeIgniter\HTTP\IncomingRequest::$user is deprecated in APPPATH\Filters\JwtAuthWeb.php on line 32.
 1 SYSTEMPATH\Filters\Filters.php(182): App\Filters\JwtAuthWeb->before(Object(CodeIgniter\HTTP\IncomingRequest), null)
 2 SYSTEMPATH\CodeIgniter.php(475): CodeIgniter\Filters\Filters->run('getCGservice', 'before')
 3 SYSTEMPATH\CodeIgniter.php(361): CodeIgniter\CodeIgniter->handleRequest(null, Object(Config\Cache), false)
 4 FCPATH\index.php(79): CodeIgniter\CodeIgniter->run()
WARNING - 2026-02-27 14:55:27 --> [DEPRECATED] Optional parameter $cg declared before required parameter $hcode is implicitly treated as a required parameter in APPPATH\Models\cgserviceModel.php on line 93.
 1 SYSTEMPATH\Autoloader\Autoloader.php(311): include_once('D:\\xampp6\\htdocs\\project-jwt\\vendor\\codeigniter4\\framework\\system\\Debug\\Exceptions.php')
 2 SYSTEMPATH\Autoloader\Autoloader.php(290): CodeIgniter\Autoloader\Autoloader->includeFile('D:\\xampp6\\htdocs\\project-jwt\\app\\Models\\cgserviceModel.php')
 3 SYSTEMPATH\Autoloader\Autoloader.php(266): CodeIgniter\Autoloader\Autoloader->loadInNamespace('App\\Models\\cgserviceModel')
 4 APPPATH\Controllers\ServiceController.php(21): CodeIgniter\Autoloader\Autoloader->loadClass('App\\Models\\cgserviceModel')
 5 SYSTEMPATH\CodeIgniter.php(915): App\Controllers\ServiceController->__construct()
 6 SYSTEMPATH\CodeIgniter.php(494): CodeIgniter\CodeIgniter->createController()
 7 SYSTEMPATH\CodeIgniter.php(361): CodeIgniter\CodeIgniter->handleRequest(null, Object(Config\Cache), false)
 8 FCPATH\index.php(79): CodeIgniter\CodeIgniter->run()
INFO - 2026-02-27 14:59:03 --> Session: Class initialized using 'CodeIgniter\Session\Handlers\FileHandler' driver.
WARNING - 2026-02-27 14:59:03 --> [DEPRECATED] Creation of dynamic property CodeIgniter\HTTP\IncomingRequest::$user is deprecated in APPPATH\Filters\JwtAuthWeb.php on line 32.
 1 SYSTEMPATH\Filters\Filters.php(182): App\Filters\JwtAuthWeb->before(Object(CodeIgniter\HTTP\IncomingRequest), null)
 2 SYSTEMPATH\CodeIgniter.php(475): CodeIgniter\Filters\Filters->run('ltc-view-details/348/2026/2', 'before')
 3 SYSTEMPATH\CodeIgniter.php(361): CodeIgniter\CodeIgniter->handleRequest(null, Object(Config\Cache), false)
 4 FCPATH\index.php(79): CodeIgniter\CodeIgniter->run()
WARNING - 2026-02-27 14:59:03 --> [DEPRECATED] Optional parameter $cg declared before required parameter $hcode is implicitly treated as a required parameter in APPPATH\Models\cgserviceModel.php on line 93.
 1 SYSTEMPATH\Autoloader\Autoloader.php(311): include_once('D:\\xampp6\\htdocs\\project-jwt\\vendor\\codeigniter4\\framework\\system\\Debug\\Exceptions.php')
 2 SYSTEMPATH\Autoloader\Autoloader.php(290): CodeIgniter\Autoloader\Autoloader->includeFile('D:\\xampp6\\htdocs\\project-jwt\\app\\Models\\cgserviceModel.php')
 3 SYSTEMPATH\Autoloader\Autoloader.php(266): CodeIgniter\Autoloader\Autoloader->loadInNamespace('App\\Models\\cgserviceModel')
 4 APPPATH\Controllers\ServiceController.php(21): CodeIgniter\Autoloader\Autoloader->loadClass('App\\Models\\cgserviceModel')
 5 SYSTEMPATH\CodeIgniter.php(915): App\Controllers\ServiceController->__construct()
 6 SYSTEMPATH\CodeIgniter.php(494): CodeIgniter\CodeIgniter->createController()
 7 SYSTEMPATH\CodeIgniter.php(361): CodeIgniter\CodeIgniter->handleRequest(null, Object(Config\Cache), false)
 8 FCPATH\index.php(79): CodeIgniter\CodeIgniter->run()
WARNING - 2026-02-27 14:59:03 --> [DEPRECATED] Creation of dynamic property CodeIgniter\HTTP\IncomingRequest::$user is deprecated in APPPATH\Filters\JwtAuth.php on line 47.
 1 SYSTEMPATH\Filters\Filters.php(182): App\Filters\JwtAuth->before(Object(CodeIgniter\HTTP\IncomingRequest), null)
 2 SYSTEMPATH\CodeIgniter.php(475): CodeIgniter\Filters\Filters->run('api/profile', 'before')
 3 SYSTEMPATH\CodeIgniter.php(361): CodeIgniter\CodeIgniter->handleRequest(null, Object(Config\Cache), false)
 4 FCPATH\index.php(79): CodeIgniter\CodeIgniter->run()
INFO - 2026-02-27 14:59:05 --> Session: Class initialized using 'CodeIgniter\Session\Handlers\FileHandler' driver.
WARNING - 2026-02-27 14:59:05 --> [DEPRECATED] Creation of dynamic property CodeIgniter\HTTP\IncomingRequest::$user is deprecated in APPPATH\Filters\JwtAuthWeb.php on line 32.
 1 SYSTEMPATH\Filters\Filters.php(182): App\Filters\JwtAuthWeb->before(Object(CodeIgniter\HTTP\IncomingRequest), null)
 2 SYSTEMPATH\CodeIgniter.php(475): CodeIgniter\Filters\Filters->run('getCGservice', 'before')
 3 SYSTEMPATH\CodeIgniter.php(361): CodeIgniter\CodeIgniter->handleRequest(null, Object(Config\Cache), false)
 4 FCPATH\index.php(79): CodeIgniter\CodeIgniter->run()
WARNING - 2026-02-27 14:59:05 --> [DEPRECATED] Optional parameter $cg declared before required parameter $hcode is implicitly treated as a required parameter in APPPATH\Models\cgserviceModel.php on line 93.
 1 SYSTEMPATH\Autoloader\Autoloader.php(311): include_once('D:\\xampp6\\htdocs\\project-jwt\\vendor\\codeigniter4\\framework\\system\\Debug\\Exceptions.php')
 2 SYSTEMPATH\Autoloader\Autoloader.php(290): CodeIgniter\Autoloader\Autoloader->includeFile('D:\\xampp6\\htdocs\\project-jwt\\app\\Models\\cgserviceModel.php')
 3 SYSTEMPATH\Autoloader\Autoloader.php(266): CodeIgniter\Autoloader\Autoloader->loadInNamespace('App\\Models\\cgserviceModel')
 4 APPPATH\Controllers\ServiceController.php(21): CodeIgniter\Autoloader\Autoloader->loadClass('App\\Models\\cgserviceModel')
 5 SYSTEMPATH\CodeIgniter.php(915): App\Controllers\ServiceController->__construct()
 6 SYSTEMPATH\CodeIgniter.php(494): CodeIgniter\CodeIgniter->createController()
 7 SYSTEMPATH\CodeIgniter.php(361): CodeIgniter\CodeIgniter->handleRequest(null, Object(Config\Cache), false)
 8 FCPATH\index.php(79): CodeIgniter\CodeIgniter->run()
INFO - 2026-02-27 15:03:42 --> Session: Class initialized using 'CodeIgniter\Session\Handlers\FileHandler' driver.
WARNING - 2026-02-27 15:03:42 --> [DEPRECATED] Creation of dynamic property CodeIgniter\HTTP\IncomingRequest::$user is deprecated in APPPATH\Filters\JwtAuthWeb.php on line 32.
 1 SYSTEMPATH\Filters\Filters.php(182): App\Filters\JwtAuthWeb->before(Object(CodeIgniter\HTTP\IncomingRequest), null)
 2 SYSTEMPATH\CodeIgniter.php(475): CodeIgniter\Filters\Filters->run('ltc-view-details/348/2026/2', 'before')
 3 SYSTEMPATH\CodeIgniter.php(361): CodeIgniter\CodeIgniter->handleRequest(null, Object(Config\Cache), false)
 4 FCPATH\index.php(79): CodeIgniter\CodeIgniter->run()
WARNING - 2026-02-27 15:03:42 --> [DEPRECATED] Optional parameter $cg declared before required parameter $hcode is implicitly treated as a required parameter in APPPATH\Models\cgserviceModel.php on line 93.
 1 SYSTEMPATH\Autoloader\Autoloader.php(311): include_once('D:\\xampp6\\htdocs\\project-jwt\\vendor\\codeigniter4\\framework\\system\\Debug\\Exceptions.php')
 2 SYSTEMPATH\Autoloader\Autoloader.php(290): CodeIgniter\Autoloader\Autoloader->includeFile('D:\\xampp6\\htdocs\\project-jwt\\app\\Models\\cgserviceModel.php')
 3 SYSTEMPATH\Autoloader\Autoloader.php(266): CodeIgniter\Autoloader\Autoloader->loadInNamespace('App\\Models\\cgserviceModel')
 4 APPPATH\Controllers\ServiceController.php(21): CodeIgniter\Autoloader\Autoloader->loadClass('App\\Models\\cgserviceModel')
 5 SYSTEMPATH\CodeIgniter.php(915): App\Controllers\ServiceController->__construct()
 6 SYSTEMPATH\CodeIgniter.php(494): CodeIgniter\CodeIgniter->createController()
 7 SYSTEMPATH\CodeIgniter.php(361): CodeIgniter\CodeIgniter->handleRequest(null, Object(Config\Cache), false)
 8 FCPATH\index.php(79): CodeIgniter\CodeIgniter->run()
WARNING - 2026-02-27 15:03:42 --> [DEPRECATED] Creation of dynamic property CodeIgniter\HTTP\IncomingRequest::$user is deprecated in APPPATH\Filters\JwtAuth.php on line 47.
 1 SYSTEMPATH\Filters\Filters.php(182): App\Filters\JwtAuth->before(Object(CodeIgniter\HTTP\IncomingRequest), null)
 2 SYSTEMPATH\CodeIgniter.php(475): CodeIgniter\Filters\Filters->run('api/profile', 'before')
 3 SYSTEMPATH\CodeIgniter.php(361): CodeIgniter\CodeIgniter->handleRequest(null, Object(Config\Cache), false)
 4 FCPATH\index.php(79): CodeIgniter\CodeIgniter->run()
INFO - 2026-02-27 15:03:43 --> Session: Class initialized using 'CodeIgniter\Session\Handlers\FileHandler' driver.
WARNING - 2026-02-27 15:03:43 --> [DEPRECATED] Creation of dynamic property CodeIgniter\HTTP\IncomingRequest::$user is deprecated in APPPATH\Filters\JwtAuthWeb.php on line 32.
 1 SYSTEMPATH\Filters\Filters.php(182): App\Filters\JwtAuthWeb->before(Object(CodeIgniter\HTTP\IncomingRequest), null)
 2 SYSTEMPATH\CodeIgniter.php(475): CodeIgniter\Filters\Filters->run('getCGservice', 'before')
 3 SYSTEMPATH\CodeIgniter.php(361): CodeIgniter\CodeIgniter->handleRequest(null, Object(Config\Cache), false)
 4 FCPATH\index.php(79): CodeIgniter\CodeIgniter->run()
WARNING - 2026-02-27 15:03:43 --> [DEPRECATED] Optional parameter $cg declared before required parameter $hcode is implicitly treated as a required parameter in APPPATH\Models\cgserviceModel.php on line 93.
 1 SYSTEMPATH\Autoloader\Autoloader.php(311): include_once('D:\\xampp6\\htdocs\\project-jwt\\vendor\\codeigniter4\\framework\\system\\Debug\\Exceptions.php')
 2 SYSTEMPATH\Autoloader\Autoloader.php(290): CodeIgniter\Autoloader\Autoloader->includeFile('D:\\xampp6\\htdocs\\project-jwt\\app\\Models\\cgserviceModel.php')
 3 SYSTEMPATH\Autoloader\Autoloader.php(266): CodeIgniter\Autoloader\Autoloader->loadInNamespace('App\\Models\\cgserviceModel')
 4 APPPATH\Controllers\ServiceController.php(21): CodeIgniter\Autoloader\Autoloader->loadClass('App\\Models\\cgserviceModel')
 5 SYSTEMPATH\CodeIgniter.php(915): App\Controllers\ServiceController->__construct()
 6 SYSTEMPATH\CodeIgniter.php(494): CodeIgniter\CodeIgniter->createController()
 7 SYSTEMPATH\CodeIgniter.php(361): CodeIgniter\CodeIgniter->handleRequest(null, Object(Config\Cache), false)
 8 FCPATH\index.php(79): CodeIgniter\CodeIgniter->run()
ERROR - 2026-02-27 15:03:43 --> mysqli_sql_exception: Column 'id' in where clause is ambiguous in D:\xampp6\htdocs\project-jwt\vendor\codeigniter4\framework\system\Database\MySQLi\Connection.php:306
Stack trace:
#0 D:\xampp6\htdocs\project-jwt\vendor\codeigniter4\framework\system\Database\MySQLi\Connection.php(306): mysqli->query('SELECT cs.*,ltc...', 0)
#1 D:\xampp6\htdocs\project-jwt\vendor\codeigniter4\framework\system\Database\BaseConnection.php(693): CodeIgniter\Database\MySQLi\Connection->execute('SELECT cs.*,ltc...')
#2 D:\xampp6\htdocs\project-jwt\vendor\codeigniter4\framework\system\Database\BaseConnection.php(607): CodeIgniter\Database\BaseConnection->simpleQuery('SELECT cs.*,ltc...')
#3 D:\xampp6\htdocs\project-jwt\vendor\codeigniter4\framework\system\Model.php(873): CodeIgniter\Database\BaseConnection->query('SELECT cs.*,ltc...')
#4 D:\xampp6\htdocs\project-jwt\app\Controllers\ServiceController.php(278): CodeIgniter\Model->__call('QUERY', Array)
#5 D:\xampp6\htdocs\project-jwt\vendor\codeigniter4\framework\system\CodeIgniter.php(943): App\Controllers\ServiceController->getCGservice()
#6 D:\xampp6\htdocs\project-jwt\vendor\codeigniter4\framework\system\CodeIgniter.php(503): CodeIgniter\CodeIgniter->runController(Object(App\Controllers\ServiceController))
#7 D:\xampp6\htdocs\project-jwt\vendor\codeigniter4\framework\system\CodeIgniter.php(361): CodeIgniter\CodeIgniter->handleRequest(NULL, Object(Config\Cache), false)
#8 D:\xampp6\htdocs\project-jwt\public\index.php(79): CodeIgniter\CodeIgniter->run()
#9 {main}
CRITICAL - 2026-02-27 15:03:43 --> CodeIgniter\Database\Exceptions\DatabaseException: Column 'id' in where clause is ambiguous
in SYSTEMPATH\Database\BaseConnection.php on line 647.
 1 SYSTEMPATH\Model.php(873): CodeIgniter\Database\BaseConnection->query('SELECT cs.*,ltc.name,ltc.age,ltc.adl,CONCAT(cg.prename,cg.fname,\' \',cg.lname) as cgname,cg.tumnang FROM ltc_cgservice cs 
                    INNER JOIN ltc_caregiver cg ON cs.cg = cg.cgid 
                    INNER JOIN ltc_ltc ltc ON cs.ltc_id = ltc.id 
                    WHERE id=\'55\'')
 2 APPPATH\Controllers\ServiceController.php(278): CodeIgniter\Model->__call('QUERY', [...])
 3 SYSTEMPATH\CodeIgniter.php(943): App\Controllers\ServiceController->getCGservice()
 4 SYSTEMPATH\CodeIgniter.php(503): CodeIgniter\CodeIgniter->runController(Object(App\Controllers\ServiceController))
 5 SYSTEMPATH\CodeIgniter.php(361): CodeIgniter\CodeIgniter->handleRequest(null, Object(Config\Cache), false)
 6 FCPATH\index.php(79): CodeIgniter\CodeIgniter->run()
CRITICAL - 2026-02-27 15:03:43 --> [Caused by] CodeIgniter\Database\Exceptions\DatabaseException: Column 'id' in where clause is ambiguous
in SYSTEMPATH\Database\MySQLi\Connection.php on line 311.
 1 SYSTEMPATH\Database\BaseConnection.php(693): CodeIgniter\Database\MySQLi\Connection->execute('SELECT cs.*,ltc.name,ltc.age,ltc.adl,CONCAT(cg.prename,cg.fname,\' \',cg.lname) as cgname,cg.tumnang FROM ltc_cgservice cs 
                    INNER JOIN ltc_caregiver cg ON cs.cg = cg.cgid 
                    INNER JOIN ltc_ltc ltc ON cs.ltc_id = ltc.id 
                    WHERE id=\'55\'')
 2 SYSTEMPATH\Database\BaseConnection.php(607): CodeIgniter\Database\BaseConnection->simpleQuery('SELECT cs.*,ltc.name,ltc.age,ltc.adl,CONCAT(cg.prename,cg.fname,\' \',cg.lname) as cgname,cg.tumnang FROM ltc_cgservice cs 
                    INNER JOIN ltc_caregiver cg ON cs.cg = cg.cgid 
                    INNER JOIN ltc_ltc ltc ON cs.ltc_id = ltc.id 
                    WHERE id=\'55\'')
 3 SYSTEMPATH\Model.php(873): CodeIgniter\Database\BaseConnection->query('SELECT cs.*,ltc.name,ltc.age,ltc.adl,CONCAT(cg.prename,cg.fname,\' \',cg.lname) as cgname,cg.tumnang FROM ltc_cgservice cs 
                    INNER JOIN ltc_caregiver cg ON cs.cg = cg.cgid 
                    INNER JOIN ltc_ltc ltc ON cs.ltc_id = ltc.id 
                    WHERE id=\'55\'')
 4 APPPATH\Controllers\ServiceController.php(278): CodeIgniter\Model->__call('QUERY', [...])
 5 SYSTEMPATH\CodeIgniter.php(943): App\Controllers\ServiceController->getCGservice()
 6 SYSTEMPATH\CodeIgniter.php(503): CodeIgniter\CodeIgniter->runController(Object(App\Controllers\ServiceController))
 7 SYSTEMPATH\CodeIgniter.php(361): CodeIgniter\CodeIgniter->handleRequest(null, Object(Config\Cache), false)
 8 FCPATH\index.php(79): CodeIgniter\CodeIgniter->run()
CRITICAL - 2026-02-27 15:03:43 --> [Caused by] mysqli_sql_exception: Column 'id' in where clause is ambiguous
in SYSTEMPATH\Database\MySQLi\Connection.php on line 306.
 1 SYSTEMPATH\Database\MySQLi\Connection.php(306): mysqli->query('SELECT cs.*,ltc.name,ltc.age,ltc.adl,CONCAT(cg.prename,cg.fname,\' \',cg.lname) as cgname,cg.tumnang FROM ltc_cgservice cs 
                    INNER JOIN ltc_caregiver cg ON cs.cg = cg.cgid 
                    INNER JOIN ltc_ltc ltc ON cs.ltc_id = ltc.id 
                    WHERE id=\'55\'', 0)
 2 SYSTEMPATH\Database\BaseConnection.php(693): CodeIgniter\Database\MySQLi\Connection->execute('SELECT cs.*,ltc.name,ltc.age,ltc.adl,CONCAT(cg.prename,cg.fname,\' \',cg.lname) as cgname,cg.tumnang FROM ltc_cgservice cs 
                    INNER JOIN ltc_caregiver cg ON cs.cg = cg.cgid 
                    INNER JOIN ltc_ltc ltc ON cs.ltc_id = ltc.id 
                    WHERE id=\'55\'')
 3 SYSTEMPATH\Database\BaseConnection.php(607): CodeIgniter\Database\BaseConnection->simpleQuery('SELECT cs.*,ltc.name,ltc.age,ltc.adl,CONCAT(cg.prename,cg.fname,\' \',cg.lname) as cgname,cg.tumnang FROM ltc_cgservice cs 
                    INNER JOIN ltc_caregiver cg ON cs.cg = cg.cgid 
                    INNER JOIN ltc_ltc ltc ON cs.ltc_id = ltc.id 
                    WHERE id=\'55\'')
 4 SYSTEMPATH\Model.php(873): CodeIgniter\Database\BaseConnection->query('SELECT cs.*,ltc.name,ltc.age,ltc.adl,CONCAT(cg.prename,cg.fname,\' \',cg.lname) as cgname,cg.tumnang FROM ltc_cgservice cs 
                    INNER JOIN ltc_caregiver cg ON cs.cg = cg.cgid 
                    INNER JOIN ltc_ltc ltc ON cs.ltc_id = ltc.id 
                    WHERE id=\'55\'')
 5 APPPATH\Controllers\ServiceController.php(278): CodeIgniter\Model->__call('QUERY', [...])
 6 SYSTEMPATH\CodeIgniter.php(943): App\Controllers\ServiceController->getCGservice()
 7 SYSTEMPATH\CodeIgniter.php(503): CodeIgniter\CodeIgniter->runController(Object(App\Controllers\ServiceController))
 8 SYSTEMPATH\CodeIgniter.php(361): CodeIgniter\CodeIgniter->handleRequest(null, Object(Config\Cache), false)
 9 FCPATH\index.php(79): CodeIgniter\CodeIgniter->run()
INFO - 2026-02-27 15:03:45 --> Session: Class initialized using 'CodeIgniter\Session\Handlers\FileHandler' driver.
WARNING - 2026-02-27 15:03:45 --> [DEPRECATED] Creation of dynamic property CodeIgniter\HTTP\IncomingRequest::$user is deprecated in APPPATH\Filters\JwtAuthWeb.php on line 32.
 1 SYSTEMPATH\Filters\Filters.php(182): App\Filters\JwtAuthWeb->before(Object(CodeIgniter\HTTP\IncomingRequest), null)
 2 SYSTEMPATH\CodeIgniter.php(475): CodeIgniter\Filters\Filters->run('getCGservice', 'before')
 3 SYSTEMPATH\CodeIgniter.php(361): CodeIgniter\CodeIgniter->handleRequest(null, Object(Config\Cache), false)
 4 FCPATH\index.php(79): CodeIgniter\CodeIgniter->run()
WARNING - 2026-02-27 15:03:45 --> [DEPRECATED] Optional parameter $cg declared before required parameter $hcode is implicitly treated as a required parameter in APPPATH\Models\cgserviceModel.php on line 93.
 1 SYSTEMPATH\Autoloader\Autoloader.php(311): include_once('D:\\xampp6\\htdocs\\project-jwt\\vendor\\codeigniter4\\framework\\system\\Debug\\Exceptions.php')
 2 SYSTEMPATH\Autoloader\Autoloader.php(290): CodeIgniter\Autoloader\Autoloader->includeFile('D:\\xampp6\\htdocs\\project-jwt\\app\\Models\\cgserviceModel.php')
 3 SYSTEMPATH\Autoloader\Autoloader.php(266): CodeIgniter\Autoloader\Autoloader->loadInNamespace('App\\Models\\cgserviceModel')
 4 APPPATH\Controllers\ServiceController.php(21): CodeIgniter\Autoloader\Autoloader->loadClass('App\\Models\\cgserviceModel')
 5 SYSTEMPATH\CodeIgniter.php(915): App\Controllers\ServiceController->__construct()
 6 SYSTEMPATH\CodeIgniter.php(494): CodeIgniter\CodeIgniter->createController()
 7 SYSTEMPATH\CodeIgniter.php(361): CodeIgniter\CodeIgniter->handleRequest(null, Object(Config\Cache), false)
 8 FCPATH\index.php(79): CodeIgniter\CodeIgniter->run()
ERROR - 2026-02-27 15:03:45 --> mysqli_sql_exception: Column 'id' in where clause is ambiguous in D:\xampp6\htdocs\project-jwt\vendor\codeigniter4\framework\system\Database\MySQLi\Connection.php:306
Stack trace:
#0 D:\xampp6\htdocs\project-jwt\vendor\codeigniter4\framework\system\Database\MySQLi\Connection.php(306): mysqli->query('SELECT cs.*,ltc...', 0)
#1 D:\xampp6\htdocs\project-jwt\vendor\codeigniter4\framework\system\Database\BaseConnection.php(693): CodeIgniter\Database\MySQLi\Connection->execute('SELECT cs.*,ltc...')
#2 D:\xampp6\htdocs\project-jwt\vendor\codeigniter4\framework\system\Database\BaseConnection.php(607): CodeIgniter\Database\BaseConnection->simpleQuery('SELECT cs.*,ltc...')
#3 D:\xampp6\htdocs\project-jwt\vendor\codeigniter4\framework\system\Model.php(873): CodeIgniter\Database\BaseConnection->query('SELECT cs.*,ltc...')
#4 D:\xampp6\htdocs\project-jwt\app\Controllers\ServiceController.php(278): CodeIgniter\Model->__call('QUERY', Array)
#5 D:\xampp6\htdocs\project-jwt\vendor\codeigniter4\framework\system\CodeIgniter.php(943): App\Controllers\ServiceController->getCGservice()
#6 D:\xampp6\htdocs\project-jwt\vendor\codeigniter4\framework\system\CodeIgniter.php(503): CodeIgniter\CodeIgniter->runController(Object(App\Controllers\ServiceController))
#7 D:\xampp6\htdocs\project-jwt\vendor\codeigniter4\framework\system\CodeIgniter.php(361): CodeIgniter\CodeIgniter->handleRequest(NULL, Object(Config\Cache), false)
#8 D:\xampp6\htdocs\project-jwt\public\index.php(79): CodeIgniter\CodeIgniter->run()
#9 {main}
CRITICAL - 2026-02-27 15:03:45 --> CodeIgniter\Database\Exceptions\DatabaseException: Column 'id' in where clause is ambiguous
in SYSTEMPATH\Database\BaseConnection.php on line 647.
 1 SYSTEMPATH\Model.php(873): CodeIgniter\Database\BaseConnection->query('SELECT cs.*,ltc.name,ltc.age,ltc.adl,CONCAT(cg.prename,cg.fname,\' \',cg.lname) as cgname,cg.tumnang FROM ltc_cgservice cs 
                    INNER JOIN ltc_caregiver cg ON cs.cg = cg.cgid 
                    INNER JOIN ltc_ltc ltc ON cs.ltc_id = ltc.id 
                    WHERE id=\'55\'')
 2 APPPATH\Controllers\ServiceController.php(278): CodeIgniter\Model->__call('QUERY', [...])
 3 SYSTEMPATH\CodeIgniter.php(943): App\Controllers\ServiceController->getCGservice()
 4 SYSTEMPATH\CodeIgniter.php(503): CodeIgniter\CodeIgniter->runController(Object(App\Controllers\ServiceController))
 5 SYSTEMPATH\CodeIgniter.php(361): CodeIgniter\CodeIgniter->handleRequest(null, Object(Config\Cache), false)
 6 FCPATH\index.php(79): CodeIgniter\CodeIgniter->run()
CRITICAL - 2026-02-27 15:03:45 --> [Caused by] CodeIgniter\Database\Exceptions\DatabaseException: Column 'id' in where clause is ambiguous
in SYSTEMPATH\Database\MySQLi\Connection.php on line 311.
 1 SYSTEMPATH\Database\BaseConnection.php(693): CodeIgniter\Database\MySQLi\Connection->execute('SELECT cs.*,ltc.name,ltc.age,ltc.adl,CONCAT(cg.prename,cg.fname,\' \',cg.lname) as cgname,cg.tumnang FROM ltc_cgservice cs 
                    INNER JOIN ltc_caregiver cg ON cs.cg = cg.cgid 
                    INNER JOIN ltc_ltc ltc ON cs.ltc_id = ltc.id 
                    WHERE id=\'55\'')
 2 SYSTEMPATH\Database\BaseConnection.php(607): CodeIgniter\Database\BaseConnection->simpleQuery('SELECT cs.*,ltc.name,ltc.age,ltc.adl,CONCAT(cg.prename,cg.fname,\' \',cg.lname) as cgname,cg.tumnang FROM ltc_cgservice cs 
                    INNER JOIN ltc_caregiver cg ON cs.cg = cg.cgid 
                    INNER JOIN ltc_ltc ltc ON cs.ltc_id = ltc.id 
                    WHERE id=\'55\'')
 3 SYSTEMPATH\Model.php(873): CodeIgniter\Database\BaseConnection->query('SELECT cs.*,ltc.name,ltc.age,ltc.adl,CONCAT(cg.prename,cg.fname,\' \',cg.lname) as cgname,cg.tumnang FROM ltc_cgservice cs 
                    INNER JOIN ltc_caregiver cg ON cs.cg = cg.cgid 
                    INNER JOIN ltc_ltc ltc ON cs.ltc_id = ltc.id 
                    WHERE id=\'55\'')
 4 APPPATH\Controllers\ServiceController.php(278): CodeIgniter\Model->__call('QUERY', [...])
 5 SYSTEMPATH\CodeIgniter.php(943): App\Controllers\ServiceController->getCGservice()
 6 SYSTEMPATH\CodeIgniter.php(503): CodeIgniter\CodeIgniter->runController(Object(App\Controllers\ServiceController))
 7 SYSTEMPATH\CodeIgniter.php(361): CodeIgniter\CodeIgniter->handleRequest(null, Object(Config\Cache), false)
 8 FCPATH\index.php(79): CodeIgniter\CodeIgniter->run()
CRITICAL - 2026-02-27 15:03:45 --> [Caused by] mysqli_sql_exception: Column 'id' in where clause is ambiguous
in SYSTEMPATH\Database\MySQLi\Connection.php on line 306.
 1 SYSTEMPATH\Database\MySQLi\Connection.php(306): mysqli->query('SELECT cs.*,ltc.name,ltc.age,ltc.adl,CONCAT(cg.prename,cg.fname,\' \',cg.lname) as cgname,cg.tumnang FROM ltc_cgservice cs 
                    INNER JOIN ltc_caregiver cg ON cs.cg = cg.cgid 
                    INNER JOIN ltc_ltc ltc ON cs.ltc_id = ltc.id 
                    WHERE id=\'55\'', 0)
 2 SYSTEMPATH\Database\BaseConnection.php(693): CodeIgniter\Database\MySQLi\Connection->execute('SELECT cs.*,ltc.name,ltc.age,ltc.adl,CONCAT(cg.prename,cg.fname,\' \',cg.lname) as cgname,cg.tumnang FROM ltc_cgservice cs 
                    INNER JOIN ltc_caregiver cg ON cs.cg = cg.cgid 
                    INNER JOIN ltc_ltc ltc ON cs.ltc_id = ltc.id 
                    WHERE id=\'55\'')
 3 SYSTEMPATH\Database\BaseConnection.php(607): CodeIgniter\Database\BaseConnection->simpleQuery('SELECT cs.*,ltc.name,ltc.age,ltc.adl,CONCAT(cg.prename,cg.fname,\' \',cg.lname) as cgname,cg.tumnang FROM ltc_cgservice cs 
                    INNER JOIN ltc_caregiver cg ON cs.cg = cg.cgid 
                    INNER JOIN ltc_ltc ltc ON cs.ltc_id = ltc.id 
                    WHERE id=\'55\'')
 4 SYSTEMPATH\Model.php(873): CodeIgniter\Database\BaseConnection->query('SELECT cs.*,ltc.name,ltc.age,ltc.adl,CONCAT(cg.prename,cg.fname,\' \',cg.lname) as cgname,cg.tumnang FROM ltc_cgservice cs 
                    INNER JOIN ltc_caregiver cg ON cs.cg = cg.cgid 
                    INNER JOIN ltc_ltc ltc ON cs.ltc_id = ltc.id 
                    WHERE id=\'55\'')
 5 APPPATH\Controllers\ServiceController.php(278): CodeIgniter\Model->__call('QUERY', [...])
 6 SYSTEMPATH\CodeIgniter.php(943): App\Controllers\ServiceController->getCGservice()
 7 SYSTEMPATH\CodeIgniter.php(503): CodeIgniter\CodeIgniter->runController(Object(App\Controllers\ServiceController))
 8 SYSTEMPATH\CodeIgniter.php(361): CodeIgniter\CodeIgniter->handleRequest(null, Object(Config\Cache), false)
 9 FCPATH\index.php(79): CodeIgniter\CodeIgniter->run()
INFO - 2026-02-27 15:03:51 --> Session: Class initialized using 'CodeIgniter\Session\Handlers\FileHandler' driver.
WARNING - 2026-02-27 15:03:51 --> [DEPRECATED] Creation of dynamic property CodeIgniter\HTTP\IncomingRequest::$user is deprecated in APPPATH\Filters\JwtAuthWeb.php on line 32.
 1 SYSTEMPATH\Filters\Filters.php(182): App\Filters\JwtAuthWeb->before(Object(CodeIgniter\HTTP\IncomingRequest), null)
 2 SYSTEMPATH\CodeIgniter.php(475): CodeIgniter\Filters\Filters->run('getCGservice', 'before')
 3 SYSTEMPATH\CodeIgniter.php(361): CodeIgniter\CodeIgniter->handleRequest(null, Object(Config\Cache), false)
 4 FCPATH\index.php(79): CodeIgniter\CodeIgniter->run()
WARNING - 2026-02-27 15:03:51 --> [DEPRECATED] Optional parameter $cg declared before required parameter $hcode is implicitly treated as a required parameter in APPPATH\Models\cgserviceModel.php on line 93.
 1 SYSTEMPATH\Autoloader\Autoloader.php(311): include_once('D:\\xampp6\\htdocs\\project-jwt\\vendor\\codeigniter4\\framework\\system\\Debug\\Exceptions.php')
 2 SYSTEMPATH\Autoloader\Autoloader.php(290): CodeIgniter\Autoloader\Autoloader->includeFile('D:\\xampp6\\htdocs\\project-jwt\\app\\Models\\cgserviceModel.php')
 3 SYSTEMPATH\Autoloader\Autoloader.php(266): CodeIgniter\Autoloader\Autoloader->loadInNamespace('App\\Models\\cgserviceModel')
 4 APPPATH\Controllers\ServiceController.php(21): CodeIgniter\Autoloader\Autoloader->loadClass('App\\Models\\cgserviceModel')
 5 SYSTEMPATH\CodeIgniter.php(915): App\Controllers\ServiceController->__construct()
 6 SYSTEMPATH\CodeIgniter.php(494): CodeIgniter\CodeIgniter->createController()
 7 SYSTEMPATH\CodeIgniter.php(361): CodeIgniter\CodeIgniter->handleRequest(null, Object(Config\Cache), false)
 8 FCPATH\index.php(79): CodeIgniter\CodeIgniter->run()
ERROR - 2026-02-27 15:03:51 --> mysqli_sql_exception: Column 'id' in where clause is ambiguous in D:\xampp6\htdocs\project-jwt\vendor\codeigniter4\framework\system\Database\MySQLi\Connection.php:306
Stack trace:
#0 D:\xampp6\htdocs\project-jwt\vendor\codeigniter4\framework\system\Database\MySQLi\Connection.php(306): mysqli->query('SELECT cs.*,ltc...', 0)
#1 D:\xampp6\htdocs\project-jwt\vendor\codeigniter4\framework\system\Database\BaseConnection.php(693): CodeIgniter\Database\MySQLi\Connection->execute('SELECT cs.*,ltc...')
#2 D:\xampp6\htdocs\project-jwt\vendor\codeigniter4\framework\system\Database\BaseConnection.php(607): CodeIgniter\Database\BaseConnection->simpleQuery('SELECT cs.*,ltc...')
#3 D:\xampp6\htdocs\project-jwt\vendor\codeigniter4\framework\system\Model.php(873): CodeIgniter\Database\BaseConnection->query('SELECT cs.*,ltc...')
#4 D:\xampp6\htdocs\project-jwt\app\Controllers\ServiceController.php(278): CodeIgniter\Model->__call('QUERY', Array)
#5 D:\xampp6\htdocs\project-jwt\vendor\codeigniter4\framework\system\CodeIgniter.php(943): App\Controllers\ServiceController->getCGservice()
#6 D:\xampp6\htdocs\project-jwt\vendor\codeigniter4\framework\system\CodeIgniter.php(503): CodeIgniter\CodeIgniter->runController(Object(App\Controllers\ServiceController))
#7 D:\xampp6\htdocs\project-jwt\vendor\codeigniter4\framework\system\CodeIgniter.php(361): CodeIgniter\CodeIgniter->handleRequest(NULL, Object(Config\Cache), false)
#8 D:\xampp6\htdocs\project-jwt\public\index.php(79): CodeIgniter\CodeIgniter->run()
#9 {main}
CRITICAL - 2026-02-27 15:03:51 --> CodeIgniter\Database\Exceptions\DatabaseException: Column 'id' in where clause is ambiguous
in SYSTEMPATH\Database\BaseConnection.php on line 647.
 1 SYSTEMPATH\Model.php(873): CodeIgniter\Database\BaseConnection->query('SELECT cs.*,ltc.name,ltc.age,ltc.adl,CONCAT(cg.prename,cg.fname,\' \',cg.lname) as cgname,cg.tumnang FROM ltc_cgservice cs 
                    INNER JOIN ltc_caregiver cg ON cs.cg = cg.cgid 
                    INNER JOIN ltc_ltc ltc ON cs.ltc_id = ltc.id 
                    WHERE id=\'\'')
 2 APPPATH\Controllers\ServiceController.php(278): CodeIgniter\Model->__call('QUERY', [...])
 3 SYSTEMPATH\CodeIgniter.php(943): App\Controllers\ServiceController->getCGservice()
 4 SYSTEMPATH\CodeIgniter.php(503): CodeIgniter\CodeIgniter->runController(Object(App\Controllers\ServiceController))
 5 SYSTEMPATH\CodeIgniter.php(361): CodeIgniter\CodeIgniter->handleRequest(null, Object(Config\Cache), false)
 6 FCPATH\index.php(79): CodeIgniter\CodeIgniter->run()
CRITICAL - 2026-02-27 15:03:51 --> [Caused by] CodeIgniter\Database\Exceptions\DatabaseException: Column 'id' in where clause is ambiguous
in SYSTEMPATH\Database\MySQLi\Connection.php on line 311.
 1 SYSTEMPATH\Database\BaseConnection.php(693): CodeIgniter\Database\MySQLi\Connection->execute('SELECT cs.*,ltc.name,ltc.age,ltc.adl,CONCAT(cg.prename,cg.fname,\' \',cg.lname) as cgname,cg.tumnang FROM ltc_cgservice cs 
                    INNER JOIN ltc_caregiver cg ON cs.cg = cg.cgid 
                    INNER JOIN ltc_ltc ltc ON cs.ltc_id = ltc.id 
                    WHERE id=\'\'')
 2 SYSTEMPATH\Database\BaseConnection.php(607): CodeIgniter\Database\BaseConnection->simpleQuery('SELECT cs.*,ltc.name,ltc.age,ltc.adl,CONCAT(cg.prename,cg.fname,\' \',cg.lname) as cgname,cg.tumnang FROM ltc_cgservice cs 
                    INNER JOIN ltc_caregiver cg ON cs.cg = cg.cgid 
                    INNER JOIN ltc_ltc ltc ON cs.ltc_id = ltc.id 
                    WHERE id=\'\'')
 3 SYSTEMPATH\Model.php(873): CodeIgniter\Database\BaseConnection->query('SELECT cs.*,ltc.name,ltc.age,ltc.adl,CONCAT(cg.prename,cg.fname,\' \',cg.lname) as cgname,cg.tumnang FROM ltc_cgservice cs 
                    INNER JOIN ltc_caregiver cg ON cs.cg = cg.cgid 
                    INNER JOIN ltc_ltc ltc ON cs.ltc_id = ltc.id 
                    WHERE id=\'\'')
 4 APPPATH\Controllers\ServiceController.php(278): CodeIgniter\Model->__call('QUERY', [...])
 5 SYSTEMPATH\CodeIgniter.php(943): App\Controllers\ServiceController->getCGservice()
 6 SYSTEMPATH\CodeIgniter.php(503): CodeIgniter\CodeIgniter->runController(Object(App\Controllers\ServiceController))
 7 SYSTEMPATH\CodeIgniter.php(361): CodeIgniter\CodeIgniter->handleRequest(null, Object(Config\Cache), false)
 8 FCPATH\index.php(79): CodeIgniter\CodeIgniter->run()
CRITICAL - 2026-02-27 15:03:51 --> [Caused by] mysqli_sql_exception: Column 'id' in where clause is ambiguous
in SYSTEMPATH\Database\MySQLi\Connection.php on line 306.
 1 SYSTEMPATH\Database\MySQLi\Connection.php(306): mysqli->query('SELECT cs.*,ltc.name,ltc.age,ltc.adl,CONCAT(cg.prename,cg.fname,\' \',cg.lname) as cgname,cg.tumnang FROM ltc_cgservice cs 
                    INNER JOIN ltc_caregiver cg ON cs.cg = cg.cgid 
                    INNER JOIN ltc_ltc ltc ON cs.ltc_id = ltc.id 
                    WHERE id=\'\'', 0)
 2 SYSTEMPATH\Database\BaseConnection.php(693): CodeIgniter\Database\MySQLi\Connection->execute('SELECT cs.*,ltc.name,ltc.age,ltc.adl,CONCAT(cg.prename,cg.fname,\' \',cg.lname) as cgname,cg.tumnang FROM ltc_cgservice cs 
                    INNER JOIN ltc_caregiver cg ON cs.cg = cg.cgid 
                    INNER JOIN ltc_ltc ltc ON cs.ltc_id = ltc.id 
                    WHERE id=\'\'')
 3 SYSTEMPATH\Database\BaseConnection.php(607): CodeIgniter\Database\BaseConnection->simpleQuery('SELECT cs.*,ltc.name,ltc.age,ltc.adl,CONCAT(cg.prename,cg.fname,\' \',cg.lname) as cgname,cg.tumnang FROM ltc_cgservice cs 
                    INNER JOIN ltc_caregiver cg ON cs.cg = cg.cgid 
                    INNER JOIN ltc_ltc ltc ON cs.ltc_id = ltc.id 
                    WHERE id=\'\'')
 4 SYSTEMPATH\Model.php(873): CodeIgniter\Database\BaseConnection->query('SELECT cs.*,ltc.name,ltc.age,ltc.adl,CONCAT(cg.prename,cg.fname,\' \',cg.lname) as cgname,cg.tumnang FROM ltc_cgservice cs 
                    INNER JOIN ltc_caregiver cg ON cs.cg = cg.cgid 
                    INNER JOIN ltc_ltc ltc ON cs.ltc_id = ltc.id 
                    WHERE id=\'\'')
 5 APPPATH\Controllers\ServiceController.php(278): CodeIgniter\Model->__call('QUERY', [...])
 6 SYSTEMPATH\CodeIgniter.php(943): App\Controllers\ServiceController->getCGservice()
 7 SYSTEMPATH\CodeIgniter.php(503): CodeIgniter\CodeIgniter->runController(Object(App\Controllers\ServiceController))
 8 SYSTEMPATH\CodeIgniter.php(361): CodeIgniter\CodeIgniter->handleRequest(null, Object(Config\Cache), false)
 9 FCPATH\index.php(79): CodeIgniter\CodeIgniter->run()
INFO - 2026-02-27 15:04:10 --> Session: Class initialized using 'CodeIgniter\Session\Handlers\FileHandler' driver.
WARNING - 2026-02-27 15:04:10 --> [DEPRECATED] Creation of dynamic property CodeIgniter\HTTP\IncomingRequest::$user is deprecated in APPPATH\Filters\JwtAuthWeb.php on line 32.
 1 SYSTEMPATH\Filters\Filters.php(182): App\Filters\JwtAuthWeb->before(Object(CodeIgniter\HTTP\IncomingRequest), null)
 2 SYSTEMPATH\CodeIgniter.php(475): CodeIgniter\Filters\Filters->run('getCGservice', 'before')
 3 SYSTEMPATH\CodeIgniter.php(361): CodeIgniter\CodeIgniter->handleRequest(null, Object(Config\Cache), false)
 4 FCPATH\index.php(79): CodeIgniter\CodeIgniter->run()
WARNING - 2026-02-27 15:04:10 --> [DEPRECATED] Optional parameter $cg declared before required parameter $hcode is implicitly treated as a required parameter in APPPATH\Models\cgserviceModel.php on line 93.
 1 SYSTEMPATH\Autoloader\Autoloader.php(311): include_once('D:\\xampp6\\htdocs\\project-jwt\\vendor\\codeigniter4\\framework\\system\\Debug\\Exceptions.php')
 2 SYSTEMPATH\Autoloader\Autoloader.php(290): CodeIgniter\Autoloader\Autoloader->includeFile('D:\\xampp6\\htdocs\\project-jwt\\app\\Models\\cgserviceModel.php')
 3 SYSTEMPATH\Autoloader\Autoloader.php(266): CodeIgniter\Autoloader\Autoloader->loadInNamespace('App\\Models\\cgserviceModel')
 4 APPPATH\Controllers\ServiceController.php(21): CodeIgniter\Autoloader\Autoloader->loadClass('App\\Models\\cgserviceModel')
 5 SYSTEMPATH\CodeIgniter.php(915): App\Controllers\ServiceController->__construct()
 6 SYSTEMPATH\CodeIgniter.php(494): CodeIgniter\CodeIgniter->createController()
 7 SYSTEMPATH\CodeIgniter.php(361): CodeIgniter\CodeIgniter->handleRequest(null, Object(Config\Cache), false)
 8 FCPATH\index.php(79): CodeIgniter\CodeIgniter->run()
INFO - 2026-02-27 15:04:15 --> Session: Class initialized using 'CodeIgniter\Session\Handlers\FileHandler' driver.
WARNING - 2026-02-27 15:04:15 --> [DEPRECATED] Creation of dynamic property CodeIgniter\HTTP\IncomingRequest::$user is deprecated in APPPATH\Filters\JwtAuthWeb.php on line 32.
 1 SYSTEMPATH\Filters\Filters.php(182): App\Filters\JwtAuthWeb->before(Object(CodeIgniter\HTTP\IncomingRequest), null)
 2 SYSTEMPATH\CodeIgniter.php(475): CodeIgniter\Filters\Filters->run('ltc-view-details/348/2026/2', 'before')
 3 SYSTEMPATH\CodeIgniter.php(361): CodeIgniter\CodeIgniter->handleRequest(null, Object(Config\Cache), false)
 4 FCPATH\index.php(79): CodeIgniter\CodeIgniter->run()
WARNING - 2026-02-27 15:04:15 --> [DEPRECATED] Optional parameter $cg declared before required parameter $hcode is implicitly treated as a required parameter in APPPATH\Models\cgserviceModel.php on line 93.
 1 SYSTEMPATH\Autoloader\Autoloader.php(311): include_once('D:\\xampp6\\htdocs\\project-jwt\\vendor\\codeigniter4\\framework\\system\\Debug\\Exceptions.php')
 2 SYSTEMPATH\Autoloader\Autoloader.php(290): CodeIgniter\Autoloader\Autoloader->includeFile('D:\\xampp6\\htdocs\\project-jwt\\app\\Models\\cgserviceModel.php')
 3 SYSTEMPATH\Autoloader\Autoloader.php(266): CodeIgniter\Autoloader\Autoloader->loadInNamespace('App\\Models\\cgserviceModel')
 4 APPPATH\Controllers\ServiceController.php(21): CodeIgniter\Autoloader\Autoloader->loadClass('App\\Models\\cgserviceModel')
 5 SYSTEMPATH\CodeIgniter.php(915): App\Controllers\ServiceController->__construct()
 6 SYSTEMPATH\CodeIgniter.php(494): CodeIgniter\CodeIgniter->createController()
 7 SYSTEMPATH\CodeIgniter.php(361): CodeIgniter\CodeIgniter->handleRequest(null, Object(Config\Cache), false)
 8 FCPATH\index.php(79): CodeIgniter\CodeIgniter->run()
WARNING - 2026-02-27 15:04:15 --> [DEPRECATED] Creation of dynamic property CodeIgniter\HTTP\IncomingRequest::$user is deprecated in APPPATH\Filters\JwtAuth.php on line 47.
 1 SYSTEMPATH\Filters\Filters.php(182): App\Filters\JwtAuth->before(Object(CodeIgniter\HTTP\IncomingRequest), null)
 2 SYSTEMPATH\CodeIgniter.php(475): CodeIgniter\Filters\Filters->run('api/profile', 'before')
 3 SYSTEMPATH\CodeIgniter.php(361): CodeIgniter\CodeIgniter->handleRequest(null, Object(Config\Cache), false)
 4 FCPATH\index.php(79): CodeIgniter\CodeIgniter->run()
INFO - 2026-02-27 15:04:16 --> Session: Class initialized using 'CodeIgniter\Session\Handlers\FileHandler' driver.
WARNING - 2026-02-27 15:04:16 --> [DEPRECATED] Creation of dynamic property CodeIgniter\HTTP\IncomingRequest::$user is deprecated in APPPATH\Filters\JwtAuthWeb.php on line 32.
 1 SYSTEMPATH\Filters\Filters.php(182): App\Filters\JwtAuthWeb->before(Object(CodeIgniter\HTTP\IncomingRequest), null)
 2 SYSTEMPATH\CodeIgniter.php(475): CodeIgniter\Filters\Filters->run('getCGservice', 'before')
 3 SYSTEMPATH\CodeIgniter.php(361): CodeIgniter\CodeIgniter->handleRequest(null, Object(Config\Cache), false)
 4 FCPATH\index.php(79): CodeIgniter\CodeIgniter->run()
WARNING - 2026-02-27 15:04:16 --> [DEPRECATED] Optional parameter $cg declared before required parameter $hcode is implicitly treated as a required parameter in APPPATH\Models\cgserviceModel.php on line 93.
 1 SYSTEMPATH\Autoloader\Autoloader.php(311): include_once('D:\\xampp6\\htdocs\\project-jwt\\vendor\\codeigniter4\\framework\\system\\Debug\\Exceptions.php')
 2 SYSTEMPATH\Autoloader\Autoloader.php(290): CodeIgniter\Autoloader\Autoloader->includeFile('D:\\xampp6\\htdocs\\project-jwt\\app\\Models\\cgserviceModel.php')
 3 SYSTEMPATH\Autoloader\Autoloader.php(266): CodeIgniter\Autoloader\Autoloader->loadInNamespace('App\\Models\\cgserviceModel')
 4 APPPATH\Controllers\ServiceController.php(21): CodeIgniter\Autoloader\Autoloader->loadClass('App\\Models\\cgserviceModel')
 5 SYSTEMPATH\CodeIgniter.php(915): App\Controllers\ServiceController->__construct()
 6 SYSTEMPATH\CodeIgniter.php(494): CodeIgniter\CodeIgniter->createController()
 7 SYSTEMPATH\CodeIgniter.php(361): CodeIgniter\CodeIgniter->handleRequest(null, Object(Config\Cache), false)
 8 FCPATH\index.php(79): CodeIgniter\CodeIgniter->run()
INFO - 2026-02-27 15:05:53 --> Session: Class initialized using 'CodeIgniter\Session\Handlers\FileHandler' driver.
WARNING - 2026-02-27 15:05:53 --> [DEPRECATED] Creation of dynamic property CodeIgniter\HTTP\IncomingRequest::$user is deprecated in APPPATH\Filters\JwtAuthWeb.php on line 32.
 1 SYSTEMPATH\Filters\Filters.php(182): App\Filters\JwtAuthWeb->before(Object(CodeIgniter\HTTP\IncomingRequest), null)
 2 SYSTEMPATH\CodeIgniter.php(475): CodeIgniter\Filters\Filters->run('ltc-view-details/348/2026/2', 'before')
 3 SYSTEMPATH\CodeIgniter.php(361): CodeIgniter\CodeIgniter->handleRequest(null, Object(Config\Cache), false)
 4 FCPATH\index.php(79): CodeIgniter\CodeIgniter->run()
WARNING - 2026-02-27 15:05:53 --> [DEPRECATED] Optional parameter $cg declared before required parameter $hcode is implicitly treated as a required parameter in APPPATH\Models\cgserviceModel.php on line 93.
 1 SYSTEMPATH\Autoloader\Autoloader.php(311): include_once('D:\\xampp6\\htdocs\\project-jwt\\vendor\\codeigniter4\\framework\\system\\Debug\\Exceptions.php')
 2 SYSTEMPATH\Autoloader\Autoloader.php(290): CodeIgniter\Autoloader\Autoloader->includeFile('D:\\xampp6\\htdocs\\project-jwt\\app\\Models\\cgserviceModel.php')
 3 SYSTEMPATH\Autoloader\Autoloader.php(266): CodeIgniter\Autoloader\Autoloader->loadInNamespace('App\\Models\\cgserviceModel')
 4 APPPATH\Controllers\ServiceController.php(21): CodeIgniter\Autoloader\Autoloader->loadClass('App\\Models\\cgserviceModel')
 5 SYSTEMPATH\CodeIgniter.php(915): App\Controllers\ServiceController->__construct()
 6 SYSTEMPATH\CodeIgniter.php(494): CodeIgniter\CodeIgniter->createController()
 7 SYSTEMPATH\CodeIgniter.php(361): CodeIgniter\CodeIgniter->handleRequest(null, Object(Config\Cache), false)
 8 FCPATH\index.php(79): CodeIgniter\CodeIgniter->run()
WARNING - 2026-02-27 15:05:53 --> [DEPRECATED] Creation of dynamic property CodeIgniter\HTTP\IncomingRequest::$user is deprecated in APPPATH\Filters\JwtAuth.php on line 47.
 1 SYSTEMPATH\Filters\Filters.php(182): App\Filters\JwtAuth->before(Object(CodeIgniter\HTTP\IncomingRequest), null)
 2 SYSTEMPATH\CodeIgniter.php(475): CodeIgniter\Filters\Filters->run('api/profile', 'before')
 3 SYSTEMPATH\CodeIgniter.php(361): CodeIgniter\CodeIgniter->handleRequest(null, Object(Config\Cache), false)
 4 FCPATH\index.php(79): CodeIgniter\CodeIgniter->run()
INFO - 2026-02-27 15:05:54 --> Session: Class initialized using 'CodeIgniter\Session\Handlers\FileHandler' driver.
WARNING - 2026-02-27 15:05:54 --> [DEPRECATED] Creation of dynamic property CodeIgniter\HTTP\IncomingRequest::$user is deprecated in APPPATH\Filters\JwtAuthWeb.php on line 32.
 1 SYSTEMPATH\Filters\Filters.php(182): App\Filters\JwtAuthWeb->before(Object(CodeIgniter\HTTP\IncomingRequest), null)
 2 SYSTEMPATH\CodeIgniter.php(475): CodeIgniter\Filters\Filters->run('getCGservice', 'before')
 3 SYSTEMPATH\CodeIgniter.php(361): CodeIgniter\CodeIgniter->handleRequest(null, Object(Config\Cache), false)
 4 FCPATH\index.php(79): CodeIgniter\CodeIgniter->run()
WARNING - 2026-02-27 15:05:54 --> [DEPRECATED] Optional parameter $cg declared before required parameter $hcode is implicitly treated as a required parameter in APPPATH\Models\cgserviceModel.php on line 93.
 1 SYSTEMPATH\Autoloader\Autoloader.php(311): include_once('D:\\xampp6\\htdocs\\project-jwt\\vendor\\codeigniter4\\framework\\system\\Debug\\Exceptions.php')
 2 SYSTEMPATH\Autoloader\Autoloader.php(290): CodeIgniter\Autoloader\Autoloader->includeFile('D:\\xampp6\\htdocs\\project-jwt\\app\\Models\\cgserviceModel.php')
 3 SYSTEMPATH\Autoloader\Autoloader.php(266): CodeIgniter\Autoloader\Autoloader->loadInNamespace('App\\Models\\cgserviceModel')
 4 APPPATH\Controllers\ServiceController.php(21): CodeIgniter\Autoloader\Autoloader->loadClass('App\\Models\\cgserviceModel')
 5 SYSTEMPATH\CodeIgniter.php(915): App\Controllers\ServiceController->__construct()
 6 SYSTEMPATH\CodeIgniter.php(494): CodeIgniter\CodeIgniter->createController()
 7 SYSTEMPATH\CodeIgniter.php(361): CodeIgniter\CodeIgniter->handleRequest(null, Object(Config\Cache), false)
 8 FCPATH\index.php(79): CodeIgniter\CodeIgniter->run()
INFO - 2026-02-27 15:08:51 --> Session: Class initialized using 'CodeIgniter\Session\Handlers\FileHandler' driver.
WARNING - 2026-02-27 15:08:51 --> [DEPRECATED] Creation of dynamic property CodeIgniter\HTTP\IncomingRequest::$user is deprecated in APPPATH\Filters\JwtAuthWeb.php on line 32.
 1 SYSTEMPATH\Filters\Filters.php(182): App\Filters\JwtAuthWeb->before(Object(CodeIgniter\HTTP\IncomingRequest), null)
 2 SYSTEMPATH\CodeIgniter.php(475): CodeIgniter\Filters\Filters->run('ltc-view-details/348/2026/2', 'before')
 3 SYSTEMPATH\CodeIgniter.php(361): CodeIgniter\CodeIgniter->handleRequest(null, Object(Config\Cache), false)
 4 FCPATH\index.php(79): CodeIgniter\CodeIgniter->run()
WARNING - 2026-02-27 15:08:51 --> [DEPRECATED] Optional parameter $cg declared before required parameter $hcode is implicitly treated as a required parameter in APPPATH\Models\cgserviceModel.php on line 93.
 1 SYSTEMPATH\Autoloader\Autoloader.php(311): include_once('D:\\xampp6\\htdocs\\project-jwt\\vendor\\codeigniter4\\framework\\system\\Debug\\Exceptions.php')
 2 SYSTEMPATH\Autoloader\Autoloader.php(290): CodeIgniter\Autoloader\Autoloader->includeFile('D:\\xampp6\\htdocs\\project-jwt\\app\\Models\\cgserviceModel.php')
 3 SYSTEMPATH\Autoloader\Autoloader.php(266): CodeIgniter\Autoloader\Autoloader->loadInNamespace('App\\Models\\cgserviceModel')
 4 APPPATH\Controllers\ServiceController.php(21): CodeIgniter\Autoloader\Autoloader->loadClass('App\\Models\\cgserviceModel')
 5 SYSTEMPATH\CodeIgniter.php(915): App\Controllers\ServiceController->__construct()
 6 SYSTEMPATH\CodeIgniter.php(494): CodeIgniter\CodeIgniter->createController()
 7 SYSTEMPATH\CodeIgniter.php(361): CodeIgniter\CodeIgniter->handleRequest(null, Object(Config\Cache), false)
 8 FCPATH\index.php(79): CodeIgniter\CodeIgniter->run()
WARNING - 2026-02-27 15:08:51 --> [DEPRECATED] Creation of dynamic property CodeIgniter\HTTP\IncomingRequest::$user is deprecated in APPPATH\Filters\JwtAuth.php on line 47.
 1 SYSTEMPATH\Filters\Filters.php(182): App\Filters\JwtAuth->before(Object(CodeIgniter\HTTP\IncomingRequest), null)
 2 SYSTEMPATH\CodeIgniter.php(475): CodeIgniter\Filters\Filters->run('api/profile', 'before')
 3 SYSTEMPATH\CodeIgniter.php(361): CodeIgniter\CodeIgniter->handleRequest(null, Object(Config\Cache), false)
 4 FCPATH\index.php(79): CodeIgniter\CodeIgniter->run()
INFO - 2026-02-27 15:08:53 --> Session: Class initialized using 'CodeIgniter\Session\Handlers\FileHandler' driver.
WARNING - 2026-02-27 15:08:53 --> [DEPRECATED] Creation of dynamic property CodeIgniter\HTTP\IncomingRequest::$user is deprecated in APPPATH\Filters\JwtAuthWeb.php on line 32.
 1 SYSTEMPATH\Filters\Filters.php(182): App\Filters\JwtAuthWeb->before(Object(CodeIgniter\HTTP\IncomingRequest), null)
 2 SYSTEMPATH\CodeIgniter.php(475): CodeIgniter\Filters\Filters->run('getCGservice', 'before')
 3 SYSTEMPATH\CodeIgniter.php(361): CodeIgniter\CodeIgniter->handleRequest(null, Object(Config\Cache), false)
 4 FCPATH\index.php(79): CodeIgniter\CodeIgniter->run()
WARNING - 2026-02-27 15:08:53 --> [DEPRECATED] Optional parameter $cg declared before required parameter $hcode is implicitly treated as a required parameter in APPPATH\Models\cgserviceModel.php on line 93.
 1 SYSTEMPATH\Autoloader\Autoloader.php(311): include_once('D:\\xampp6\\htdocs\\project-jwt\\vendor\\codeigniter4\\framework\\system\\Debug\\Exceptions.php')
 2 SYSTEMPATH\Autoloader\Autoloader.php(290): CodeIgniter\Autoloader\Autoloader->includeFile('D:\\xampp6\\htdocs\\project-jwt\\app\\Models\\cgserviceModel.php')
 3 SYSTEMPATH\Autoloader\Autoloader.php(266): CodeIgniter\Autoloader\Autoloader->loadInNamespace('App\\Models\\cgserviceModel')
 4 APPPATH\Controllers\ServiceController.php(21): CodeIgniter\Autoloader\Autoloader->loadClass('App\\Models\\cgserviceModel')
 5 SYSTEMPATH\CodeIgniter.php(915): App\Controllers\ServiceController->__construct()
 6 SYSTEMPATH\CodeIgniter.php(494): CodeIgniter\CodeIgniter->createController()
 7 SYSTEMPATH\CodeIgniter.php(361): CodeIgniter\CodeIgniter->handleRequest(null, Object(Config\Cache), false)
 8 FCPATH\index.php(79): CodeIgniter\CodeIgniter->run()
INFO - 2026-02-27 15:09:54 --> Session: Class initialized using 'CodeIgniter\Session\Handlers\FileHandler' driver.
WARNING - 2026-02-27 15:09:54 --> [DEPRECATED] Creation of dynamic property CodeIgniter\HTTP\IncomingRequest::$user is deprecated in APPPATH\Filters\JwtAuthWeb.php on line 32.
 1 SYSTEMPATH\Filters\Filters.php(182): App\Filters\JwtAuthWeb->before(Object(CodeIgniter\HTTP\IncomingRequest), null)
 2 SYSTEMPATH\CodeIgniter.php(475): CodeIgniter\Filters\Filters->run('ltc-view-details/348/2026/2', 'before')
 3 SYSTEMPATH\CodeIgniter.php(361): CodeIgniter\CodeIgniter->handleRequest(null, Object(Config\Cache), false)
 4 FCPATH\index.php(79): CodeIgniter\CodeIgniter->run()
WARNING - 2026-02-27 15:09:54 --> [DEPRECATED] Optional parameter $cg declared before required parameter $hcode is implicitly treated as a required parameter in APPPATH\Models\cgserviceModel.php on line 93.
 1 SYSTEMPATH\Autoloader\Autoloader.php(311): include_once('D:\\xampp6\\htdocs\\project-jwt\\vendor\\codeigniter4\\framework\\system\\Debug\\Exceptions.php')
 2 SYSTEMPATH\Autoloader\Autoloader.php(290): CodeIgniter\Autoloader\Autoloader->includeFile('D:\\xampp6\\htdocs\\project-jwt\\app\\Models\\cgserviceModel.php')
 3 SYSTEMPATH\Autoloader\Autoloader.php(266): CodeIgniter\Autoloader\Autoloader->loadInNamespace('App\\Models\\cgserviceModel')
 4 APPPATH\Controllers\ServiceController.php(21): CodeIgniter\Autoloader\Autoloader->loadClass('App\\Models\\cgserviceModel')
 5 SYSTEMPATH\CodeIgniter.php(915): App\Controllers\ServiceController->__construct()
 6 SYSTEMPATH\CodeIgniter.php(494): CodeIgniter\CodeIgniter->createController()
 7 SYSTEMPATH\CodeIgniter.php(361): CodeIgniter\CodeIgniter->handleRequest(null, Object(Config\Cache), false)
 8 FCPATH\index.php(79): CodeIgniter\CodeIgniter->run()
WARNING - 2026-02-27 15:09:54 --> [DEPRECATED] Creation of dynamic property CodeIgniter\HTTP\IncomingRequest::$user is deprecated in APPPATH\Filters\JwtAuth.php on line 47.
 1 SYSTEMPATH\Filters\Filters.php(182): App\Filters\JwtAuth->before(Object(CodeIgniter\HTTP\IncomingRequest), null)
 2 SYSTEMPATH\CodeIgniter.php(475): CodeIgniter\Filters\Filters->run('api/profile', 'before')
 3 SYSTEMPATH\CodeIgniter.php(361): CodeIgniter\CodeIgniter->handleRequest(null, Object(Config\Cache), false)
 4 FCPATH\index.php(79): CodeIgniter\CodeIgniter->run()
INFO - 2026-02-27 15:09:55 --> Session: Class initialized using 'CodeIgniter\Session\Handlers\FileHandler' driver.
WARNING - 2026-02-27 15:09:55 --> [DEPRECATED] Creation of dynamic property CodeIgniter\HTTP\IncomingRequest::$user is deprecated in APPPATH\Filters\JwtAuthWeb.php on line 32.
 1 SYSTEMPATH\Filters\Filters.php(182): App\Filters\JwtAuthWeb->before(Object(CodeIgniter\HTTP\IncomingRequest), null)
 2 SYSTEMPATH\CodeIgniter.php(475): CodeIgniter\Filters\Filters->run('getCGservice', 'before')
 3 SYSTEMPATH\CodeIgniter.php(361): CodeIgniter\CodeIgniter->handleRequest(null, Object(Config\Cache), false)
 4 FCPATH\index.php(79): CodeIgniter\CodeIgniter->run()
WARNING - 2026-02-27 15:09:55 --> [DEPRECATED] Optional parameter $cg declared before required parameter $hcode is implicitly treated as a required parameter in APPPATH\Models\cgserviceModel.php on line 93.
 1 SYSTEMPATH\Autoloader\Autoloader.php(311): include_once('D:\\xampp6\\htdocs\\project-jwt\\vendor\\codeigniter4\\framework\\system\\Debug\\Exceptions.php')
 2 SYSTEMPATH\Autoloader\Autoloader.php(290): CodeIgniter\Autoloader\Autoloader->includeFile('D:\\xampp6\\htdocs\\project-jwt\\app\\Models\\cgserviceModel.php')
 3 SYSTEMPATH\Autoloader\Autoloader.php(266): CodeIgniter\Autoloader\Autoloader->loadInNamespace('App\\Models\\cgserviceModel')
 4 APPPATH\Controllers\ServiceController.php(21): CodeIgniter\Autoloader\Autoloader->loadClass('App\\Models\\cgserviceModel')
 5 SYSTEMPATH\CodeIgniter.php(915): App\Controllers\ServiceController->__construct()
 6 SYSTEMPATH\CodeIgniter.php(494): CodeIgniter\CodeIgniter->createController()
 7 SYSTEMPATH\CodeIgniter.php(361): CodeIgniter\CodeIgniter->handleRequest(null, Object(Config\Cache), false)
 8 FCPATH\index.php(79): CodeIgniter\CodeIgniter->run()
INFO - 2026-02-27 15:10:31 --> Session: Class initialized using 'CodeIgniter\Session\Handlers\FileHandler' driver.
WARNING - 2026-02-27 15:10:31 --> [DEPRECATED] Creation of dynamic property CodeIgniter\HTTP\IncomingRequest::$user is deprecated in APPPATH\Filters\JwtAuthWeb.php on line 32.
 1 SYSTEMPATH\Filters\Filters.php(182): App\Filters\JwtAuthWeb->before(Object(CodeIgniter\HTTP\IncomingRequest), null)
 2 SYSTEMPATH\CodeIgniter.php(475): CodeIgniter\Filters\Filters->run('ltc-view-details/348/2026/2', 'before')
 3 SYSTEMPATH\CodeIgniter.php(361): CodeIgniter\CodeIgniter->handleRequest(null, Object(Config\Cache), false)
 4 FCPATH\index.php(79): CodeIgniter\CodeIgniter->run()
WARNING - 2026-02-27 15:10:31 --> [DEPRECATED] Optional parameter $cg declared before required parameter $hcode is implicitly treated as a required parameter in APPPATH\Models\cgserviceModel.php on line 93.
 1 SYSTEMPATH\Autoloader\Autoloader.php(311): include_once('D:\\xampp6\\htdocs\\project-jwt\\vendor\\codeigniter4\\framework\\system\\Debug\\Exceptions.php')
 2 SYSTEMPATH\Autoloader\Autoloader.php(290): CodeIgniter\Autoloader\Autoloader->includeFile('D:\\xampp6\\htdocs\\project-jwt\\app\\Models\\cgserviceModel.php')
 3 SYSTEMPATH\Autoloader\Autoloader.php(266): CodeIgniter\Autoloader\Autoloader->loadInNamespace('App\\Models\\cgserviceModel')
 4 APPPATH\Controllers\ServiceController.php(21): CodeIgniter\Autoloader\Autoloader->loadClass('App\\Models\\cgserviceModel')
 5 SYSTEMPATH\CodeIgniter.php(915): App\Controllers\ServiceController->__construct()
 6 SYSTEMPATH\CodeIgniter.php(494): CodeIgniter\CodeIgniter->createController()
 7 SYSTEMPATH\CodeIgniter.php(361): CodeIgniter\CodeIgniter->handleRequest(null, Object(Config\Cache), false)
 8 FCPATH\index.php(79): CodeIgniter\CodeIgniter->run()
WARNING - 2026-02-27 15:10:31 --> [DEPRECATED] Creation of dynamic property CodeIgniter\HTTP\IncomingRequest::$user is deprecated in APPPATH\Filters\JwtAuth.php on line 47.
 1 SYSTEMPATH\Filters\Filters.php(182): App\Filters\JwtAuth->before(Object(CodeIgniter\HTTP\IncomingRequest), null)
 2 SYSTEMPATH\CodeIgniter.php(475): CodeIgniter\Filters\Filters->run('api/profile', 'before')
 3 SYSTEMPATH\CodeIgniter.php(361): CodeIgniter\CodeIgniter->handleRequest(null, Object(Config\Cache), false)
 4 FCPATH\index.php(79): CodeIgniter\CodeIgniter->run()
INFO - 2026-02-27 15:10:32 --> Session: Class initialized using 'CodeIgniter\Session\Handlers\FileHandler' driver.
WARNING - 2026-02-27 15:10:32 --> [DEPRECATED] Creation of dynamic property CodeIgniter\HTTP\IncomingRequest::$user is deprecated in APPPATH\Filters\JwtAuthWeb.php on line 32.
 1 SYSTEMPATH\Filters\Filters.php(182): App\Filters\JwtAuthWeb->before(Object(CodeIgniter\HTTP\IncomingRequest), null)
 2 SYSTEMPATH\CodeIgniter.php(475): CodeIgniter\Filters\Filters->run('getCGservice', 'before')
 3 SYSTEMPATH\CodeIgniter.php(361): CodeIgniter\CodeIgniter->handleRequest(null, Object(Config\Cache), false)
 4 FCPATH\index.php(79): CodeIgniter\CodeIgniter->run()
WARNING - 2026-02-27 15:10:32 --> [DEPRECATED] Optional parameter $cg declared before required parameter $hcode is implicitly treated as a required parameter in APPPATH\Models\cgserviceModel.php on line 93.
 1 SYSTEMPATH\Autoloader\Autoloader.php(311): include_once('D:\\xampp6\\htdocs\\project-jwt\\vendor\\codeigniter4\\framework\\system\\Debug\\Exceptions.php')
 2 SYSTEMPATH\Autoloader\Autoloader.php(290): CodeIgniter\Autoloader\Autoloader->includeFile('D:\\xampp6\\htdocs\\project-jwt\\app\\Models\\cgserviceModel.php')
 3 SYSTEMPATH\Autoloader\Autoloader.php(266): CodeIgniter\Autoloader\Autoloader->loadInNamespace('App\\Models\\cgserviceModel')
 4 APPPATH\Controllers\ServiceController.php(21): CodeIgniter\Autoloader\Autoloader->loadClass('App\\Models\\cgserviceModel')
 5 SYSTEMPATH\CodeIgniter.php(915): App\Controllers\ServiceController->__construct()
 6 SYSTEMPATH\CodeIgniter.php(494): CodeIgniter\CodeIgniter->createController()
 7 SYSTEMPATH\CodeIgniter.php(361): CodeIgniter\CodeIgniter->handleRequest(null, Object(Config\Cache), false)
 8 FCPATH\index.php(79): CodeIgniter\CodeIgniter->run()
ERROR - 2026-02-27 15:10:32 --> mysqli_sql_exception: Unknown column 'ltc' in 'field list' in D:\xampp6\htdocs\project-jwt\vendor\codeigniter4\framework\system\Database\MySQLi\Connection.php:306
Stack trace:
#0 D:\xampp6\htdocs\project-jwt\vendor\codeigniter4\framework\system\Database\MySQLi\Connection.php(306): mysqli->query('SELECT cs.*,ltc...', 0)
#1 D:\xampp6\htdocs\project-jwt\vendor\codeigniter4\framework\system\Database\BaseConnection.php(693): CodeIgniter\Database\MySQLi\Connection->execute('SELECT cs.*,ltc...')
#2 D:\xampp6\htdocs\project-jwt\vendor\codeigniter4\framework\system\Database\BaseConnection.php(607): CodeIgniter\Database\BaseConnection->simpleQuery('SELECT cs.*,ltc...')
#3 D:\xampp6\htdocs\project-jwt\vendor\codeigniter4\framework\system\Model.php(873): CodeIgniter\Database\BaseConnection->query('SELECT cs.*,ltc...')
#4 D:\xampp6\htdocs\project-jwt\app\Controllers\ServiceController.php(279): CodeIgniter\Model->__call('QUERY', Array)
#5 D:\xampp6\htdocs\project-jwt\vendor\codeigniter4\framework\system\CodeIgniter.php(943): App\Controllers\ServiceController->getCGservice()
#6 D:\xampp6\htdocs\project-jwt\vendor\codeigniter4\framework\system\CodeIgniter.php(503): CodeIgniter\CodeIgniter->runController(Object(App\Controllers\ServiceController))
#7 D:\xampp6\htdocs\project-jwt\vendor\codeigniter4\framework\system\CodeIgniter.php(361): CodeIgniter\CodeIgniter->handleRequest(NULL, Object(Config\Cache), false)
#8 D:\xampp6\htdocs\project-jwt\public\index.php(79): CodeIgniter\CodeIgniter->run()
#9 {main}
CRITICAL - 2026-02-27 15:10:32 --> CodeIgniter\Database\Exceptions\DatabaseException: Unknown column 'ltc' in 'field list'
in SYSTEMPATH\Database\BaseConnection.php on line 647.
 1 SYSTEMPATH\Model.php(873): CodeIgniter\Database\BaseConnection->query('SELECT cs.*,ltc.name,ltc.age,ltc.adl,ltc.grp,ltc.adress,ltc,careplan,
                    CONCAT(cg.prename,cg.fname,\' \',cg.lname) as cgname,cg.tumnang FROM ltc_cgservice cs 
                    INNER JOIN ltc_caregiver cg ON cs.cg = cg.cgid 
                    INNER JOIN ltc_ltc ltc ON cs.ltc_id = ltc.id 
                    WHERE cs.id=\'55\'')
 2 APPPATH\Controllers\ServiceController.php(279): CodeIgniter\Model->__call('QUERY', [...])
 3 SYSTEMPATH\CodeIgniter.php(943): App\Controllers\ServiceController->getCGservice()
 4 SYSTEMPATH\CodeIgniter.php(503): CodeIgniter\CodeIgniter->runController(Object(App\Controllers\ServiceController))
 5 SYSTEMPATH\CodeIgniter.php(361): CodeIgniter\CodeIgniter->handleRequest(null, Object(Config\Cache), false)
 6 FCPATH\index.php(79): CodeIgniter\CodeIgniter->run()
CRITICAL - 2026-02-27 15:10:32 --> [Caused by] CodeIgniter\Database\Exceptions\DatabaseException: Unknown column 'ltc' in 'field list'
in SYSTEMPATH\Database\MySQLi\Connection.php on line 311.
 1 SYSTEMPATH\Database\BaseConnection.php(693): CodeIgniter\Database\MySQLi\Connection->execute('SELECT cs.*,ltc.name,ltc.age,ltc.adl,ltc.grp,ltc.adress,ltc,careplan,
                    CONCAT(cg.prename,cg.fname,\' \',cg.lname) as cgname,cg.tumnang FROM ltc_cgservice cs 
                    INNER JOIN ltc_caregiver cg ON cs.cg = cg.cgid 
                    INNER JOIN ltc_ltc ltc ON cs.ltc_id = ltc.id 
                    WHERE cs.id=\'55\'')
 2 SYSTEMPATH\Database\BaseConnection.php(607): CodeIgniter\Database\BaseConnection->simpleQuery('SELECT cs.*,ltc.name,ltc.age,ltc.adl,ltc.grp,ltc.adress,ltc,careplan,
                    CONCAT(cg.prename,cg.fname,\' \',cg.lname) as cgname,cg.tumnang FROM ltc_cgservice cs 
                    INNER JOIN ltc_caregiver cg ON cs.cg = cg.cgid 
                    INNER JOIN ltc_ltc ltc ON cs.ltc_id = ltc.id 
                    WHERE cs.id=\'55\'')
 3 SYSTEMPATH\Model.php(873): CodeIgniter\Database\BaseConnection->query('SELECT cs.*,ltc.name,ltc.age,ltc.adl,ltc.grp,ltc.adress,ltc,careplan,
                    CONCAT(cg.prename,cg.fname,\' \',cg.lname) as cgname,cg.tumnang FROM ltc_cgservice cs 
                    INNER JOIN ltc_caregiver cg ON cs.cg = cg.cgid 
                    INNER JOIN ltc_ltc ltc ON cs.ltc_id = ltc.id 
                    WHERE cs.id=\'55\'')
 4 APPPATH\Controllers\ServiceController.php(279): CodeIgniter\Model->__call('QUERY', [...])
 5 SYSTEMPATH\CodeIgniter.php(943): App\Controllers\ServiceController->getCGservice()
 6 SYSTEMPATH\CodeIgniter.php(503): CodeIgniter\CodeIgniter->runController(Object(App\Controllers\ServiceController))
 7 SYSTEMPATH\CodeIgniter.php(361): CodeIgniter\CodeIgniter->handleRequest(null, Object(Config\Cache), false)
 8 FCPATH\index.php(79): CodeIgniter\CodeIgniter->run()
CRITICAL - 2026-02-27 15:10:32 --> [Caused by] mysqli_sql_exception: Unknown column 'ltc' in 'field list'
in SYSTEMPATH\Database\MySQLi\Connection.php on line 306.
 1 SYSTEMPATH\Database\MySQLi\Connection.php(306): mysqli->query('SELECT cs.*,ltc.name,ltc.age,ltc.adl,ltc.grp,ltc.adress,ltc,careplan,
                    CONCAT(cg.prename,cg.fname,\' \',cg.lname) as cgname,cg.tumnang FROM ltc_cgservice cs 
                    INNER JOIN ltc_caregiver cg ON cs.cg = cg.cgid 
                    INNER JOIN ltc_ltc ltc ON cs.ltc_id = ltc.id 
                    WHERE cs.id=\'55\'', 0)
 2 SYSTEMPATH\Database\BaseConnection.php(693): CodeIgniter\Database\MySQLi\Connection->execute('SELECT cs.*,ltc.name,ltc.age,ltc.adl,ltc.grp,ltc.adress,ltc,careplan,
                    CONCAT(cg.prename,cg.fname,\' \',cg.lname) as cgname,cg.tumnang FROM ltc_cgservice cs 
                    INNER JOIN ltc_caregiver cg ON cs.cg = cg.cgid 
                    INNER JOIN ltc_ltc ltc ON cs.ltc_id = ltc.id 
                    WHERE cs.id=\'55\'')
 3 SYSTEMPATH\Database\BaseConnection.php(607): CodeIgniter\Database\BaseConnection->simpleQuery('SELECT cs.*,ltc.name,ltc.age,ltc.adl,ltc.grp,ltc.adress,ltc,careplan,
                    CONCAT(cg.prename,cg.fname,\' \',cg.lname) as cgname,cg.tumnang FROM ltc_cgservice cs 
                    INNER JOIN ltc_caregiver cg ON cs.cg = cg.cgid 
                    INNER JOIN ltc_ltc ltc ON cs.ltc_id = ltc.id 
                    WHERE cs.id=\'55\'')
 4 SYSTEMPATH\Model.php(873): CodeIgniter\Database\BaseConnection->query('SELECT cs.*,ltc.name,ltc.age,ltc.adl,ltc.grp,ltc.adress,ltc,careplan,
                    CONCAT(cg.prename,cg.fname,\' \',cg.lname) as cgname,cg.tumnang FROM ltc_cgservice cs 
                    INNER JOIN ltc_caregiver cg ON cs.cg = cg.cgid 
                    INNER JOIN ltc_ltc ltc ON cs.ltc_id = ltc.id 
                    WHERE cs.id=\'55\'')
 5 APPPATH\Controllers\ServiceController.php(279): CodeIgniter\Model->__call('QUERY', [...])
 6 SYSTEMPATH\CodeIgniter.php(943): App\Controllers\ServiceController->getCGservice()
 7 SYSTEMPATH\CodeIgniter.php(503): CodeIgniter\CodeIgniter->runController(Object(App\Controllers\ServiceController))
 8 SYSTEMPATH\CodeIgniter.php(361): CodeIgniter\CodeIgniter->handleRequest(null, Object(Config\Cache), false)
 9 FCPATH\index.php(79): CodeIgniter\CodeIgniter->run()
INFO - 2026-02-27 15:10:33 --> Session: Class initialized using 'CodeIgniter\Session\Handlers\FileHandler' driver.
WARNING - 2026-02-27 15:10:33 --> [DEPRECATED] Creation of dynamic property CodeIgniter\HTTP\IncomingRequest::$user is deprecated in APPPATH\Filters\JwtAuthWeb.php on line 32.
 1 SYSTEMPATH\Filters\Filters.php(182): App\Filters\JwtAuthWeb->before(Object(CodeIgniter\HTTP\IncomingRequest), null)
 2 SYSTEMPATH\CodeIgniter.php(475): CodeIgniter\Filters\Filters->run('getCGservice', 'before')
 3 SYSTEMPATH\CodeIgniter.php(361): CodeIgniter\CodeIgniter->handleRequest(null, Object(Config\Cache), false)
 4 FCPATH\index.php(79): CodeIgniter\CodeIgniter->run()
WARNING - 2026-02-27 15:10:33 --> [DEPRECATED] Optional parameter $cg declared before required parameter $hcode is implicitly treated as a required parameter in APPPATH\Models\cgserviceModel.php on line 93.
 1 SYSTEMPATH\Autoloader\Autoloader.php(311): include_once('D:\\xampp6\\htdocs\\project-jwt\\vendor\\codeigniter4\\framework\\system\\Debug\\Exceptions.php')
 2 SYSTEMPATH\Autoloader\Autoloader.php(290): CodeIgniter\Autoloader\Autoloader->includeFile('D:\\xampp6\\htdocs\\project-jwt\\app\\Models\\cgserviceModel.php')
 3 SYSTEMPATH\Autoloader\Autoloader.php(266): CodeIgniter\Autoloader\Autoloader->loadInNamespace('App\\Models\\cgserviceModel')
 4 APPPATH\Controllers\ServiceController.php(21): CodeIgniter\Autoloader\Autoloader->loadClass('App\\Models\\cgserviceModel')
 5 SYSTEMPATH\CodeIgniter.php(915): App\Controllers\ServiceController->__construct()
 6 SYSTEMPATH\CodeIgniter.php(494): CodeIgniter\CodeIgniter->createController()
 7 SYSTEMPATH\CodeIgniter.php(361): CodeIgniter\CodeIgniter->handleRequest(null, Object(Config\Cache), false)
 8 FCPATH\index.php(79): CodeIgniter\CodeIgniter->run()
ERROR - 2026-02-27 15:10:33 --> mysqli_sql_exception: Unknown column 'ltc' in 'field list' in D:\xampp6\htdocs\project-jwt\vendor\codeigniter4\framework\system\Database\MySQLi\Connection.php:306
Stack trace:
#0 D:\xampp6\htdocs\project-jwt\vendor\codeigniter4\framework\system\Database\MySQLi\Connection.php(306): mysqli->query('SELECT cs.*,ltc...', 0)
#1 D:\xampp6\htdocs\project-jwt\vendor\codeigniter4\framework\system\Database\BaseConnection.php(693): CodeIgniter\Database\MySQLi\Connection->execute('SELECT cs.*,ltc...')
#2 D:\xampp6\htdocs\project-jwt\vendor\codeigniter4\framework\system\Database\BaseConnection.php(607): CodeIgniter\Database\BaseConnection->simpleQuery('SELECT cs.*,ltc...')
#3 D:\xampp6\htdocs\project-jwt\vendor\codeigniter4\framework\system\Model.php(873): CodeIgniter\Database\BaseConnection->query('SELECT cs.*,ltc...')
#4 D:\xampp6\htdocs\project-jwt\app\Controllers\ServiceController.php(279): CodeIgniter\Model->__call('QUERY', Array)
#5 D:\xampp6\htdocs\project-jwt\vendor\codeigniter4\framework\system\CodeIgniter.php(943): App\Controllers\ServiceController->getCGservice()
#6 D:\xampp6\htdocs\project-jwt\vendor\codeigniter4\framework\system\CodeIgniter.php(503): CodeIgniter\CodeIgniter->runController(Object(App\Controllers\ServiceController))
#7 D:\xampp6\htdocs\project-jwt\vendor\codeigniter4\framework\system\CodeIgniter.php(361): CodeIgniter\CodeIgniter->handleRequest(NULL, Object(Config\Cache), false)
#8 D:\xampp6\htdocs\project-jwt\public\index.php(79): CodeIgniter\CodeIgniter->run()
#9 {main}
CRITICAL - 2026-02-27 15:10:33 --> CodeIgniter\Database\Exceptions\DatabaseException: Unknown column 'ltc' in 'field list'
in SYSTEMPATH\Database\BaseConnection.php on line 647.
 1 SYSTEMPATH\Model.php(873): CodeIgniter\Database\BaseConnection->query('SELECT cs.*,ltc.name,ltc.age,ltc.adl,ltc.grp,ltc.adress,ltc,careplan,
                    CONCAT(cg.prename,cg.fname,\' \',cg.lname) as cgname,cg.tumnang FROM ltc_cgservice cs 
                    INNER JOIN ltc_caregiver cg ON cs.cg = cg.cgid 
                    INNER JOIN ltc_ltc ltc ON cs.ltc_id = ltc.id 
                    WHERE cs.id=\'55\'')
 2 APPPATH\Controllers\ServiceController.php(279): CodeIgniter\Model->__call('QUERY', [...])
 3 SYSTEMPATH\CodeIgniter.php(943): App\Controllers\ServiceController->getCGservice()
 4 SYSTEMPATH\CodeIgniter.php(503): CodeIgniter\CodeIgniter->runController(Object(App\Controllers\ServiceController))
 5 SYSTEMPATH\CodeIgniter.php(361): CodeIgniter\CodeIgniter->handleRequest(null, Object(Config\Cache), false)
 6 FCPATH\index.php(79): CodeIgniter\CodeIgniter->run()
CRITICAL - 2026-02-27 15:10:33 --> [Caused by] CodeIgniter\Database\Exceptions\DatabaseException: Unknown column 'ltc' in 'field list'
in SYSTEMPATH\Database\MySQLi\Connection.php on line 311.
 1 SYSTEMPATH\Database\BaseConnection.php(693): CodeIgniter\Database\MySQLi\Connection->execute('SELECT cs.*,ltc.name,ltc.age,ltc.adl,ltc.grp,ltc.adress,ltc,careplan,
                    CONCAT(cg.prename,cg.fname,\' \',cg.lname) as cgname,cg.tumnang FROM ltc_cgservice cs 
                    INNER JOIN ltc_caregiver cg ON cs.cg = cg.cgid 
                    INNER JOIN ltc_ltc ltc ON cs.ltc_id = ltc.id 
                    WHERE cs.id=\'55\'')
 2 SYSTEMPATH\Database\BaseConnection.php(607): CodeIgniter\Database\BaseConnection->simpleQuery('SELECT cs.*,ltc.name,ltc.age,ltc.adl,ltc.grp,ltc.adress,ltc,careplan,
                    CONCAT(cg.prename,cg.fname,\' \',cg.lname) as cgname,cg.tumnang FROM ltc_cgservice cs 
                    INNER JOIN ltc_caregiver cg ON cs.cg = cg.cgid 
                    INNER JOIN ltc_ltc ltc ON cs.ltc_id = ltc.id 
                    WHERE cs.id=\'55\'')
 3 SYSTEMPATH\Model.php(873): CodeIgniter\Database\BaseConnection->query('SELECT cs.*,ltc.name,ltc.age,ltc.adl,ltc.grp,ltc.adress,ltc,careplan,
                    CONCAT(cg.prename,cg.fname,\' \',cg.lname) as cgname,cg.tumnang FROM ltc_cgservice cs 
                    INNER JOIN ltc_caregiver cg ON cs.cg = cg.cgid 
                    INNER JOIN ltc_ltc ltc ON cs.ltc_id = ltc.id 
                    WHERE cs.id=\'55\'')
 4 APPPATH\Controllers\ServiceController.php(279): CodeIgniter\Model->__call('QUERY', [...])
 5 SYSTEMPATH\CodeIgniter.php(943): App\Controllers\ServiceController->getCGservice()
 6 SYSTEMPATH\CodeIgniter.php(503): CodeIgniter\CodeIgniter->runController(Object(App\Controllers\ServiceController))
 7 SYSTEMPATH\CodeIgniter.php(361): CodeIgniter\CodeIgniter->handleRequest(null, Object(Config\Cache), false)
 8 FCPATH\index.php(79): CodeIgniter\CodeIgniter->run()
CRITICAL - 2026-02-27 15:10:33 --> [Caused by] mysqli_sql_exception: Unknown column 'ltc' in 'field list'
in SYSTEMPATH\Database\MySQLi\Connection.php on line 306.
 1 SYSTEMPATH\Database\MySQLi\Connection.php(306): mysqli->query('SELECT cs.*,ltc.name,ltc.age,ltc.adl,ltc.grp,ltc.adress,ltc,careplan,
                    CONCAT(cg.prename,cg.fname,\' \',cg.lname) as cgname,cg.tumnang FROM ltc_cgservice cs 
                    INNER JOIN ltc_caregiver cg ON cs.cg = cg.cgid 
                    INNER JOIN ltc_ltc ltc ON cs.ltc_id = ltc.id 
                    WHERE cs.id=\'55\'', 0)
 2 SYSTEMPATH\Database\BaseConnection.php(693): CodeIgniter\Database\MySQLi\Connection->execute('SELECT cs.*,ltc.name,ltc.age,ltc.adl,ltc.grp,ltc.adress,ltc,careplan,
                    CONCAT(cg.prename,cg.fname,\' \',cg.lname) as cgname,cg.tumnang FROM ltc_cgservice cs 
                    INNER JOIN ltc_caregiver cg ON cs.cg = cg.cgid 
                    INNER JOIN ltc_ltc ltc ON cs.ltc_id = ltc.id 
                    WHERE cs.id=\'55\'')
 3 SYSTEMPATH\Database\BaseConnection.php(607): CodeIgniter\Database\BaseConnection->simpleQuery('SELECT cs.*,ltc.name,ltc.age,ltc.adl,ltc.grp,ltc.adress,ltc,careplan,
                    CONCAT(cg.prename,cg.fname,\' \',cg.lname) as cgname,cg.tumnang FROM ltc_cgservice cs 
                    INNER JOIN ltc_caregiver cg ON cs.cg = cg.cgid 
                    INNER JOIN ltc_ltc ltc ON cs.ltc_id = ltc.id 
                    WHERE cs.id=\'55\'')
 4 SYSTEMPATH\Model.php(873): CodeIgniter\Database\BaseConnection->query('SELECT cs.*,ltc.name,ltc.age,ltc.adl,ltc.grp,ltc.adress,ltc,careplan,
                    CONCAT(cg.prename,cg.fname,\' \',cg.lname) as cgname,cg.tumnang FROM ltc_cgservice cs 
                    INNER JOIN ltc_caregiver cg ON cs.cg = cg.cgid 
                    INNER JOIN ltc_ltc ltc ON cs.ltc_id = ltc.id 
                    WHERE cs.id=\'55\'')
 5 APPPATH\Controllers\ServiceController.php(279): CodeIgniter\Model->__call('QUERY', [...])
 6 SYSTEMPATH\CodeIgniter.php(943): App\Controllers\ServiceController->getCGservice()
 7 SYSTEMPATH\CodeIgniter.php(503): CodeIgniter\CodeIgniter->runController(Object(App\Controllers\ServiceController))
 8 SYSTEMPATH\CodeIgniter.php(361): CodeIgniter\CodeIgniter->handleRequest(null, Object(Config\Cache), false)
 9 FCPATH\index.php(79): CodeIgniter\CodeIgniter->run()
INFO - 2026-02-27 15:10:51 --> Session: Class initialized using 'CodeIgniter\Session\Handlers\FileHandler' driver.
WARNING - 2026-02-27 15:10:51 --> [DEPRECATED] Creation of dynamic property CodeIgniter\HTTP\IncomingRequest::$user is deprecated in APPPATH\Filters\JwtAuthWeb.php on line 32.
 1 SYSTEMPATH\Filters\Filters.php(182): App\Filters\JwtAuthWeb->before(Object(CodeIgniter\HTTP\IncomingRequest), null)
 2 SYSTEMPATH\CodeIgniter.php(475): CodeIgniter\Filters\Filters->run('ltc-view-details/348/2026/2', 'before')
 3 SYSTEMPATH\CodeIgniter.php(361): CodeIgniter\CodeIgniter->handleRequest(null, Object(Config\Cache), false)
 4 FCPATH\index.php(79): CodeIgniter\CodeIgniter->run()
WARNING - 2026-02-27 15:10:51 --> [DEPRECATED] Optional parameter $cg declared before required parameter $hcode is implicitly treated as a required parameter in APPPATH\Models\cgserviceModel.php on line 93.
 1 SYSTEMPATH\Autoloader\Autoloader.php(311): include_once('D:\\xampp6\\htdocs\\project-jwt\\vendor\\codeigniter4\\framework\\system\\Debug\\Exceptions.php')
 2 SYSTEMPATH\Autoloader\Autoloader.php(290): CodeIgniter\Autoloader\Autoloader->includeFile('D:\\xampp6\\htdocs\\project-jwt\\app\\Models\\cgserviceModel.php')
 3 SYSTEMPATH\Autoloader\Autoloader.php(266): CodeIgniter\Autoloader\Autoloader->loadInNamespace('App\\Models\\cgserviceModel')
 4 APPPATH\Controllers\ServiceController.php(21): CodeIgniter\Autoloader\Autoloader->loadClass('App\\Models\\cgserviceModel')
 5 SYSTEMPATH\CodeIgniter.php(915): App\Controllers\ServiceController->__construct()
 6 SYSTEMPATH\CodeIgniter.php(494): CodeIgniter\CodeIgniter->createController()
 7 SYSTEMPATH\CodeIgniter.php(361): CodeIgniter\CodeIgniter->handleRequest(null, Object(Config\Cache), false)
 8 FCPATH\index.php(79): CodeIgniter\CodeIgniter->run()
WARNING - 2026-02-27 15:10:52 --> [DEPRECATED] Creation of dynamic property CodeIgniter\HTTP\IncomingRequest::$user is deprecated in APPPATH\Filters\JwtAuth.php on line 47.
 1 SYSTEMPATH\Filters\Filters.php(182): App\Filters\JwtAuth->before(Object(CodeIgniter\HTTP\IncomingRequest), null)
 2 SYSTEMPATH\CodeIgniter.php(475): CodeIgniter\Filters\Filters->run('api/profile', 'before')
 3 SYSTEMPATH\CodeIgniter.php(361): CodeIgniter\CodeIgniter->handleRequest(null, Object(Config\Cache), false)
 4 FCPATH\index.php(79): CodeIgniter\CodeIgniter->run()
INFO - 2026-02-27 15:10:53 --> Session: Class initialized using 'CodeIgniter\Session\Handlers\FileHandler' driver.
WARNING - 2026-02-27 15:10:53 --> [DEPRECATED] Creation of dynamic property CodeIgniter\HTTP\IncomingRequest::$user is deprecated in APPPATH\Filters\JwtAuthWeb.php on line 32.
 1 SYSTEMPATH\Filters\Filters.php(182): App\Filters\JwtAuthWeb->before(Object(CodeIgniter\HTTP\IncomingRequest), null)
 2 SYSTEMPATH\CodeIgniter.php(475): CodeIgniter\Filters\Filters->run('getCGservice', 'before')
 3 SYSTEMPATH\CodeIgniter.php(361): CodeIgniter\CodeIgniter->handleRequest(null, Object(Config\Cache), false)
 4 FCPATH\index.php(79): CodeIgniter\CodeIgniter->run()
WARNING - 2026-02-27 15:10:53 --> [DEPRECATED] Optional parameter $cg declared before required parameter $hcode is implicitly treated as a required parameter in APPPATH\Models\cgserviceModel.php on line 93.
 1 SYSTEMPATH\Autoloader\Autoloader.php(311): include_once('D:\\xampp6\\htdocs\\project-jwt\\vendor\\codeigniter4\\framework\\system\\Debug\\Exceptions.php')
 2 SYSTEMPATH\Autoloader\Autoloader.php(290): CodeIgniter\Autoloader\Autoloader->includeFile('D:\\xampp6\\htdocs\\project-jwt\\app\\Models\\cgserviceModel.php')
 3 SYSTEMPATH\Autoloader\Autoloader.php(266): CodeIgniter\Autoloader\Autoloader->loadInNamespace('App\\Models\\cgserviceModel')
 4 APPPATH\Controllers\ServiceController.php(21): CodeIgniter\Autoloader\Autoloader->loadClass('App\\Models\\cgserviceModel')
 5 SYSTEMPATH\CodeIgniter.php(915): App\Controllers\ServiceController->__construct()
 6 SYSTEMPATH\CodeIgniter.php(494): CodeIgniter\CodeIgniter->createController()
 7 SYSTEMPATH\CodeIgniter.php(361): CodeIgniter\CodeIgniter->handleRequest(null, Object(Config\Cache), false)
 8 FCPATH\index.php(79): CodeIgniter\CodeIgniter->run()
INFO - 2026-02-27 15:11:36 --> Session: Class initialized using 'CodeIgniter\Session\Handlers\FileHandler' driver.
WARNING - 2026-02-27 15:11:36 --> [DEPRECATED] Creation of dynamic property CodeIgniter\HTTP\IncomingRequest::$user is deprecated in APPPATH\Filters\JwtAuthWeb.php on line 32.
 1 SYSTEMPATH\Filters\Filters.php(182): App\Filters\JwtAuthWeb->before(Object(CodeIgniter\HTTP\IncomingRequest), null)
 2 SYSTEMPATH\CodeIgniter.php(475): CodeIgniter\Filters\Filters->run('ltc-view-details/348/2026/2', 'before')
 3 SYSTEMPATH\CodeIgniter.php(361): CodeIgniter\CodeIgniter->handleRequest(null, Object(Config\Cache), false)
 4 FCPATH\index.php(79): CodeIgniter\CodeIgniter->run()
WARNING - 2026-02-27 15:11:36 --> [DEPRECATED] Optional parameter $cg declared before required parameter $hcode is implicitly treated as a required parameter in APPPATH\Models\cgserviceModel.php on line 93.
 1 SYSTEMPATH\Autoloader\Autoloader.php(311): include_once('D:\\xampp6\\htdocs\\project-jwt\\vendor\\codeigniter4\\framework\\system\\Debug\\Exceptions.php')
 2 SYSTEMPATH\Autoloader\Autoloader.php(290): CodeIgniter\Autoloader\Autoloader->includeFile('D:\\xampp6\\htdocs\\project-jwt\\app\\Models\\cgserviceModel.php')
 3 SYSTEMPATH\Autoloader\Autoloader.php(266): CodeIgniter\Autoloader\Autoloader->loadInNamespace('App\\Models\\cgserviceModel')
 4 APPPATH\Controllers\ServiceController.php(21): CodeIgniter\Autoloader\Autoloader->loadClass('App\\Models\\cgserviceModel')
 5 SYSTEMPATH\CodeIgniter.php(915): App\Controllers\ServiceController->__construct()
 6 SYSTEMPATH\CodeIgniter.php(494): CodeIgniter\CodeIgniter->createController()
 7 SYSTEMPATH\CodeIgniter.php(361): CodeIgniter\CodeIgniter->handleRequest(null, Object(Config\Cache), false)
 8 FCPATH\index.php(79): CodeIgniter\CodeIgniter->run()
WARNING - 2026-02-27 15:11:37 --> [DEPRECATED] Creation of dynamic property CodeIgniter\HTTP\IncomingRequest::$user is deprecated in APPPATH\Filters\JwtAuth.php on line 47.
 1 SYSTEMPATH\Filters\Filters.php(182): App\Filters\JwtAuth->before(Object(CodeIgniter\HTTP\IncomingRequest), null)
 2 SYSTEMPATH\CodeIgniter.php(475): CodeIgniter\Filters\Filters->run('api/profile', 'before')
 3 SYSTEMPATH\CodeIgniter.php(361): CodeIgniter\CodeIgniter->handleRequest(null, Object(Config\Cache), false)
 4 FCPATH\index.php(79): CodeIgniter\CodeIgniter->run()
INFO - 2026-02-27 15:11:37 --> Session: Class initialized using 'CodeIgniter\Session\Handlers\FileHandler' driver.
WARNING - 2026-02-27 15:11:37 --> [DEPRECATED] Creation of dynamic property CodeIgniter\HTTP\IncomingRequest::$user is deprecated in APPPATH\Filters\JwtAuthWeb.php on line 32.
 1 SYSTEMPATH\Filters\Filters.php(182): App\Filters\JwtAuthWeb->before(Object(CodeIgniter\HTTP\IncomingRequest), null)
 2 SYSTEMPATH\CodeIgniter.php(475): CodeIgniter\Filters\Filters->run('getCGservice', 'before')
 3 SYSTEMPATH\CodeIgniter.php(361): CodeIgniter\CodeIgniter->handleRequest(null, Object(Config\Cache), false)
 4 FCPATH\index.php(79): CodeIgniter\CodeIgniter->run()
WARNING - 2026-02-27 15:11:37 --> [DEPRECATED] Optional parameter $cg declared before required parameter $hcode is implicitly treated as a required parameter in APPPATH\Models\cgserviceModel.php on line 93.
 1 SYSTEMPATH\Autoloader\Autoloader.php(311): include_once('D:\\xampp6\\htdocs\\project-jwt\\vendor\\codeigniter4\\framework\\system\\Debug\\Exceptions.php')
 2 SYSTEMPATH\Autoloader\Autoloader.php(290): CodeIgniter\Autoloader\Autoloader->includeFile('D:\\xampp6\\htdocs\\project-jwt\\app\\Models\\cgserviceModel.php')
 3 SYSTEMPATH\Autoloader\Autoloader.php(266): CodeIgniter\Autoloader\Autoloader->loadInNamespace('App\\Models\\cgserviceModel')
 4 APPPATH\Controllers\ServiceController.php(21): CodeIgniter\Autoloader\Autoloader->loadClass('App\\Models\\cgserviceModel')
 5 SYSTEMPATH\CodeIgniter.php(915): App\Controllers\ServiceController->__construct()
 6 SYSTEMPATH\CodeIgniter.php(494): CodeIgniter\CodeIgniter->createController()
 7 SYSTEMPATH\CodeIgniter.php(361): CodeIgniter\CodeIgniter->handleRequest(null, Object(Config\Cache), false)
 8 FCPATH\index.php(79): CodeIgniter\CodeIgniter->run()
INFO - 2026-02-27 15:12:10 --> Session: Class initialized using 'CodeIgniter\Session\Handlers\FileHandler' driver.
WARNING - 2026-02-27 15:12:10 --> [DEPRECATED] Creation of dynamic property CodeIgniter\HTTP\IncomingRequest::$user is deprecated in APPPATH\Filters\JwtAuthWeb.php on line 32.
 1 SYSTEMPATH\Filters\Filters.php(182): App\Filters\JwtAuthWeb->before(Object(CodeIgniter\HTTP\IncomingRequest), null)
 2 SYSTEMPATH\CodeIgniter.php(475): CodeIgniter\Filters\Filters->run('ltc-view-details/348/2026/2', 'before')
 3 SYSTEMPATH\CodeIgniter.php(361): CodeIgniter\CodeIgniter->handleRequest(null, Object(Config\Cache), false)
 4 FCPATH\index.php(79): CodeIgniter\CodeIgniter->run()
WARNING - 2026-02-27 15:12:10 --> [DEPRECATED] Optional parameter $cg declared before required parameter $hcode is implicitly treated as a required parameter in APPPATH\Models\cgserviceModel.php on line 93.
 1 SYSTEMPATH\Autoloader\Autoloader.php(311): include_once('D:\\xampp6\\htdocs\\project-jwt\\vendor\\codeigniter4\\framework\\system\\Debug\\Exceptions.php')
 2 SYSTEMPATH\Autoloader\Autoloader.php(290): CodeIgniter\Autoloader\Autoloader->includeFile('D:\\xampp6\\htdocs\\project-jwt\\app\\Models\\cgserviceModel.php')
 3 SYSTEMPATH\Autoloader\Autoloader.php(266): CodeIgniter\Autoloader\Autoloader->loadInNamespace('App\\Models\\cgserviceModel')
 4 APPPATH\Controllers\ServiceController.php(21): CodeIgniter\Autoloader\Autoloader->loadClass('App\\Models\\cgserviceModel')
 5 SYSTEMPATH\CodeIgniter.php(915): App\Controllers\ServiceController->__construct()
 6 SYSTEMPATH\CodeIgniter.php(494): CodeIgniter\CodeIgniter->createController()
 7 SYSTEMPATH\CodeIgniter.php(361): CodeIgniter\CodeIgniter->handleRequest(null, Object(Config\Cache), false)
 8 FCPATH\index.php(79): CodeIgniter\CodeIgniter->run()
WARNING - 2026-02-27 15:12:10 --> [DEPRECATED] Creation of dynamic property CodeIgniter\HTTP\IncomingRequest::$user is deprecated in APPPATH\Filters\JwtAuth.php on line 47.
 1 SYSTEMPATH\Filters\Filters.php(182): App\Filters\JwtAuth->before(Object(CodeIgniter\HTTP\IncomingRequest), null)
 2 SYSTEMPATH\CodeIgniter.php(475): CodeIgniter\Filters\Filters->run('api/profile', 'before')
 3 SYSTEMPATH\CodeIgniter.php(361): CodeIgniter\CodeIgniter->handleRequest(null, Object(Config\Cache), false)
 4 FCPATH\index.php(79): CodeIgniter\CodeIgniter->run()
INFO - 2026-02-27 15:12:11 --> Session: Class initialized using 'CodeIgniter\Session\Handlers\FileHandler' driver.
WARNING - 2026-02-27 15:12:11 --> [DEPRECATED] Creation of dynamic property CodeIgniter\HTTP\IncomingRequest::$user is deprecated in APPPATH\Filters\JwtAuthWeb.php on line 32.
 1 SYSTEMPATH\Filters\Filters.php(182): App\Filters\JwtAuthWeb->before(Object(CodeIgniter\HTTP\IncomingRequest), null)
 2 SYSTEMPATH\CodeIgniter.php(475): CodeIgniter\Filters\Filters->run('getCGservice', 'before')
 3 SYSTEMPATH\CodeIgniter.php(361): CodeIgniter\CodeIgniter->handleRequest(null, Object(Config\Cache), false)
 4 FCPATH\index.php(79): CodeIgniter\CodeIgniter->run()
WARNING - 2026-02-27 15:12:11 --> [DEPRECATED] Optional parameter $cg declared before required parameter $hcode is implicitly treated as a required parameter in APPPATH\Models\cgserviceModel.php on line 93.
 1 SYSTEMPATH\Autoloader\Autoloader.php(311): include_once('D:\\xampp6\\htdocs\\project-jwt\\vendor\\codeigniter4\\framework\\system\\Debug\\Exceptions.php')
 2 SYSTEMPATH\Autoloader\Autoloader.php(290): CodeIgniter\Autoloader\Autoloader->includeFile('D:\\xampp6\\htdocs\\project-jwt\\app\\Models\\cgserviceModel.php')
 3 SYSTEMPATH\Autoloader\Autoloader.php(266): CodeIgniter\Autoloader\Autoloader->loadInNamespace('App\\Models\\cgserviceModel')
 4 APPPATH\Controllers\ServiceController.php(21): CodeIgniter\Autoloader\Autoloader->loadClass('App\\Models\\cgserviceModel')
 5 SYSTEMPATH\CodeIgniter.php(915): App\Controllers\ServiceController->__construct()
 6 SYSTEMPATH\CodeIgniter.php(494): CodeIgniter\CodeIgniter->createController()
 7 SYSTEMPATH\CodeIgniter.php(361): CodeIgniter\CodeIgniter->handleRequest(null, Object(Config\Cache), false)
 8 FCPATH\index.php(79): CodeIgniter\CodeIgniter->run()
INFO - 2026-02-27 15:12:59 --> Session: Class initialized using 'CodeIgniter\Session\Handlers\FileHandler' driver.
WARNING - 2026-02-27 15:12:59 --> [DEPRECATED] Creation of dynamic property CodeIgniter\HTTP\IncomingRequest::$user is deprecated in APPPATH\Filters\JwtAuthWeb.php on line 32.
 1 SYSTEMPATH\Filters\Filters.php(182): App\Filters\JwtAuthWeb->before(Object(CodeIgniter\HTTP\IncomingRequest), null)
 2 SYSTEMPATH\CodeIgniter.php(475): CodeIgniter\Filters\Filters->run('ltc-view-details/348/2026/2', 'before')
 3 SYSTEMPATH\CodeIgniter.php(361): CodeIgniter\CodeIgniter->handleRequest(null, Object(Config\Cache), false)
 4 FCPATH\index.php(79): CodeIgniter\CodeIgniter->run()
WARNING - 2026-02-27 15:12:59 --> [DEPRECATED] Optional parameter $cg declared before required parameter $hcode is implicitly treated as a required parameter in APPPATH\Models\cgserviceModel.php on line 93.
 1 SYSTEMPATH\Autoloader\Autoloader.php(311): include_once('D:\\xampp6\\htdocs\\project-jwt\\vendor\\codeigniter4\\framework\\system\\Debug\\Exceptions.php')
 2 SYSTEMPATH\Autoloader\Autoloader.php(290): CodeIgniter\Autoloader\Autoloader->includeFile('D:\\xampp6\\htdocs\\project-jwt\\app\\Models\\cgserviceModel.php')
 3 SYSTEMPATH\Autoloader\Autoloader.php(266): CodeIgniter\Autoloader\Autoloader->loadInNamespace('App\\Models\\cgserviceModel')
 4 APPPATH\Controllers\ServiceController.php(21): CodeIgniter\Autoloader\Autoloader->loadClass('App\\Models\\cgserviceModel')
 5 SYSTEMPATH\CodeIgniter.php(915): App\Controllers\ServiceController->__construct()
 6 SYSTEMPATH\CodeIgniter.php(494): CodeIgniter\CodeIgniter->createController()
 7 SYSTEMPATH\CodeIgniter.php(361): CodeIgniter\CodeIgniter->handleRequest(null, Object(Config\Cache), false)
 8 FCPATH\index.php(79): CodeIgniter\CodeIgniter->run()
WARNING - 2026-02-27 15:12:59 --> [DEPRECATED] Creation of dynamic property CodeIgniter\HTTP\IncomingRequest::$user is deprecated in APPPATH\Filters\JwtAuth.php on line 47.
 1 SYSTEMPATH\Filters\Filters.php(182): App\Filters\JwtAuth->before(Object(CodeIgniter\HTTP\IncomingRequest), null)
 2 SYSTEMPATH\CodeIgniter.php(475): CodeIgniter\Filters\Filters->run('api/profile', 'before')
 3 SYSTEMPATH\CodeIgniter.php(361): CodeIgniter\CodeIgniter->handleRequest(null, Object(Config\Cache), false)
 4 FCPATH\index.php(79): CodeIgniter\CodeIgniter->run()
INFO - 2026-02-27 15:13:00 --> Session: Class initialized using 'CodeIgniter\Session\Handlers\FileHandler' driver.
WARNING - 2026-02-27 15:13:00 --> [DEPRECATED] Creation of dynamic property CodeIgniter\HTTP\IncomingRequest::$user is deprecated in APPPATH\Filters\JwtAuthWeb.php on line 32.
 1 SYSTEMPATH\Filters\Filters.php(182): App\Filters\JwtAuthWeb->before(Object(CodeIgniter\HTTP\IncomingRequest), null)
 2 SYSTEMPATH\CodeIgniter.php(475): CodeIgniter\Filters\Filters->run('getCGservice', 'before')
 3 SYSTEMPATH\CodeIgniter.php(361): CodeIgniter\CodeIgniter->handleRequest(null, Object(Config\Cache), false)
 4 FCPATH\index.php(79): CodeIgniter\CodeIgniter->run()
WARNING - 2026-02-27 15:13:00 --> [DEPRECATED] Optional parameter $cg declared before required parameter $hcode is implicitly treated as a required parameter in APPPATH\Models\cgserviceModel.php on line 93.
 1 SYSTEMPATH\Autoloader\Autoloader.php(311): include_once('D:\\xampp6\\htdocs\\project-jwt\\vendor\\codeigniter4\\framework\\system\\Debug\\Exceptions.php')
 2 SYSTEMPATH\Autoloader\Autoloader.php(290): CodeIgniter\Autoloader\Autoloader->includeFile('D:\\xampp6\\htdocs\\project-jwt\\app\\Models\\cgserviceModel.php')
 3 SYSTEMPATH\Autoloader\Autoloader.php(266): CodeIgniter\Autoloader\Autoloader->loadInNamespace('App\\Models\\cgserviceModel')
 4 APPPATH\Controllers\ServiceController.php(21): CodeIgniter\Autoloader\Autoloader->loadClass('App\\Models\\cgserviceModel')
 5 SYSTEMPATH\CodeIgniter.php(915): App\Controllers\ServiceController->__construct()
 6 SYSTEMPATH\CodeIgniter.php(494): CodeIgniter\CodeIgniter->createController()
 7 SYSTEMPATH\CodeIgniter.php(361): CodeIgniter\CodeIgniter->handleRequest(null, Object(Config\Cache), false)
 8 FCPATH\index.php(79): CodeIgniter\CodeIgniter->run()
INFO - 2026-02-27 15:14:08 --> Session: Class initialized using 'CodeIgniter\Session\Handlers\FileHandler' driver.
WARNING - 2026-02-27 15:14:08 --> [DEPRECATED] Creation of dynamic property CodeIgniter\HTTP\IncomingRequest::$user is deprecated in APPPATH\Filters\JwtAuthWeb.php on line 32.
 1 SYSTEMPATH\Filters\Filters.php(182): App\Filters\JwtAuthWeb->before(Object(CodeIgniter\HTTP\IncomingRequest), null)
 2 SYSTEMPATH\CodeIgniter.php(475): CodeIgniter\Filters\Filters->run('ltc-view-details/348/2026/2', 'before')
 3 SYSTEMPATH\CodeIgniter.php(361): CodeIgniter\CodeIgniter->handleRequest(null, Object(Config\Cache), false)
 4 FCPATH\index.php(79): CodeIgniter\CodeIgniter->run()
WARNING - 2026-02-27 15:14:08 --> [DEPRECATED] Optional parameter $cg declared before required parameter $hcode is implicitly treated as a required parameter in APPPATH\Models\cgserviceModel.php on line 93.
 1 SYSTEMPATH\Autoloader\Autoloader.php(311): include_once('D:\\xampp6\\htdocs\\project-jwt\\vendor\\codeigniter4\\framework\\system\\Debug\\Exceptions.php')
 2 SYSTEMPATH\Autoloader\Autoloader.php(290): CodeIgniter\Autoloader\Autoloader->includeFile('D:\\xampp6\\htdocs\\project-jwt\\app\\Models\\cgserviceModel.php')
 3 SYSTEMPATH\Autoloader\Autoloader.php(266): CodeIgniter\Autoloader\Autoloader->loadInNamespace('App\\Models\\cgserviceModel')
 4 APPPATH\Controllers\ServiceController.php(21): CodeIgniter\Autoloader\Autoloader->loadClass('App\\Models\\cgserviceModel')
 5 SYSTEMPATH\CodeIgniter.php(915): App\Controllers\ServiceController->__construct()
 6 SYSTEMPATH\CodeIgniter.php(494): CodeIgniter\CodeIgniter->createController()
 7 SYSTEMPATH\CodeIgniter.php(361): CodeIgniter\CodeIgniter->handleRequest(null, Object(Config\Cache), false)
 8 FCPATH\index.php(79): CodeIgniter\CodeIgniter->run()
WARNING - 2026-02-27 15:14:08 --> [DEPRECATED] Creation of dynamic property CodeIgniter\HTTP\IncomingRequest::$user is deprecated in APPPATH\Filters\JwtAuth.php on line 47.
 1 SYSTEMPATH\Filters\Filters.php(182): App\Filters\JwtAuth->before(Object(CodeIgniter\HTTP\IncomingRequest), null)
 2 SYSTEMPATH\CodeIgniter.php(475): CodeIgniter\Filters\Filters->run('api/profile', 'before')
 3 SYSTEMPATH\CodeIgniter.php(361): CodeIgniter\CodeIgniter->handleRequest(null, Object(Config\Cache), false)
 4 FCPATH\index.php(79): CodeIgniter\CodeIgniter->run()
INFO - 2026-02-27 15:14:09 --> Session: Class initialized using 'CodeIgniter\Session\Handlers\FileHandler' driver.
WARNING - 2026-02-27 15:14:09 --> [DEPRECATED] Creation of dynamic property CodeIgniter\HTTP\IncomingRequest::$user is deprecated in APPPATH\Filters\JwtAuthWeb.php on line 32.
 1 SYSTEMPATH\Filters\Filters.php(182): App\Filters\JwtAuthWeb->before(Object(CodeIgniter\HTTP\IncomingRequest), null)
 2 SYSTEMPATH\CodeIgniter.php(475): CodeIgniter\Filters\Filters->run('getCGservice', 'before')
 3 SYSTEMPATH\CodeIgniter.php(361): CodeIgniter\CodeIgniter->handleRequest(null, Object(Config\Cache), false)
 4 FCPATH\index.php(79): CodeIgniter\CodeIgniter->run()
WARNING - 2026-02-27 15:14:09 --> [DEPRECATED] Optional parameter $cg declared before required parameter $hcode is implicitly treated as a required parameter in APPPATH\Models\cgserviceModel.php on line 93.
 1 SYSTEMPATH\Autoloader\Autoloader.php(311): include_once('D:\\xampp6\\htdocs\\project-jwt\\vendor\\codeigniter4\\framework\\system\\Debug\\Exceptions.php')
 2 SYSTEMPATH\Autoloader\Autoloader.php(290): CodeIgniter\Autoloader\Autoloader->includeFile('D:\\xampp6\\htdocs\\project-jwt\\app\\Models\\cgserviceModel.php')
 3 SYSTEMPATH\Autoloader\Autoloader.php(266): CodeIgniter\Autoloader\Autoloader->loadInNamespace('App\\Models\\cgserviceModel')
 4 APPPATH\Controllers\ServiceController.php(21): CodeIgniter\Autoloader\Autoloader->loadClass('App\\Models\\cgserviceModel')
 5 SYSTEMPATH\CodeIgniter.php(915): App\Controllers\ServiceController->__construct()
 6 SYSTEMPATH\CodeIgniter.php(494): CodeIgniter\CodeIgniter->createController()
 7 SYSTEMPATH\CodeIgniter.php(361): CodeIgniter\CodeIgniter->handleRequest(null, Object(Config\Cache), false)
 8 FCPATH\index.php(79): CodeIgniter\CodeIgniter->run()
INFO - 2026-02-27 15:15:45 --> Session: Class initialized using 'CodeIgniter\Session\Handlers\FileHandler' driver.
WARNING - 2026-02-27 15:15:45 --> [DEPRECATED] Creation of dynamic property CodeIgniter\HTTP\IncomingRequest::$user is deprecated in APPPATH\Filters\JwtAuthWeb.php on line 32.
 1 SYSTEMPATH\Filters\Filters.php(182): App\Filters\JwtAuthWeb->before(Object(CodeIgniter\HTTP\IncomingRequest), null)
 2 SYSTEMPATH\CodeIgniter.php(475): CodeIgniter\Filters\Filters->run('ltc-view-details/348/2026/2', 'before')
 3 SYSTEMPATH\CodeIgniter.php(361): CodeIgniter\CodeIgniter->handleRequest(null, Object(Config\Cache), false)
 4 FCPATH\index.php(79): CodeIgniter\CodeIgniter->run()
WARNING - 2026-02-27 15:15:45 --> [DEPRECATED] Optional parameter $cg declared before required parameter $hcode is implicitly treated as a required parameter in APPPATH\Models\cgserviceModel.php on line 93.
 1 SYSTEMPATH\Autoloader\Autoloader.php(311): include_once('D:\\xampp6\\htdocs\\project-jwt\\vendor\\codeigniter4\\framework\\system\\Debug\\Exceptions.php')
 2 SYSTEMPATH\Autoloader\Autoloader.php(290): CodeIgniter\Autoloader\Autoloader->includeFile('D:\\xampp6\\htdocs\\project-jwt\\app\\Models\\cgserviceModel.php')
 3 SYSTEMPATH\Autoloader\Autoloader.php(266): CodeIgniter\Autoloader\Autoloader->loadInNamespace('App\\Models\\cgserviceModel')
 4 APPPATH\Controllers\ServiceController.php(21): CodeIgniter\Autoloader\Autoloader->loadClass('App\\Models\\cgserviceModel')
 5 SYSTEMPATH\CodeIgniter.php(915): App\Controllers\ServiceController->__construct()
 6 SYSTEMPATH\CodeIgniter.php(494): CodeIgniter\CodeIgniter->createController()
 7 SYSTEMPATH\CodeIgniter.php(361): CodeIgniter\CodeIgniter->handleRequest(null, Object(Config\Cache), false)
 8 FCPATH\index.php(79): CodeIgniter\CodeIgniter->run()
WARNING - 2026-02-27 15:15:46 --> [DEPRECATED] Creation of dynamic property CodeIgniter\HTTP\IncomingRequest::$user is deprecated in APPPATH\Filters\JwtAuth.php on line 47.
 1 SYSTEMPATH\Filters\Filters.php(182): App\Filters\JwtAuth->before(Object(CodeIgniter\HTTP\IncomingRequest), null)
 2 SYSTEMPATH\CodeIgniter.php(475): CodeIgniter\Filters\Filters->run('api/profile', 'before')
 3 SYSTEMPATH\CodeIgniter.php(361): CodeIgniter\CodeIgniter->handleRequest(null, Object(Config\Cache), false)
 4 FCPATH\index.php(79): CodeIgniter\CodeIgniter->run()
INFO - 2026-02-27 15:15:46 --> Session: Class initialized using 'CodeIgniter\Session\Handlers\FileHandler' driver.
WARNING - 2026-02-27 15:15:46 --> [DEPRECATED] Creation of dynamic property CodeIgniter\HTTP\IncomingRequest::$user is deprecated in APPPATH\Filters\JwtAuthWeb.php on line 32.
 1 SYSTEMPATH\Filters\Filters.php(182): App\Filters\JwtAuthWeb->before(Object(CodeIgniter\HTTP\IncomingRequest), null)
 2 SYSTEMPATH\CodeIgniter.php(475): CodeIgniter\Filters\Filters->run('getCGservice', 'before')
 3 SYSTEMPATH\CodeIgniter.php(361): CodeIgniter\CodeIgniter->handleRequest(null, Object(Config\Cache), false)
 4 FCPATH\index.php(79): CodeIgniter\CodeIgniter->run()
WARNING - 2026-02-27 15:15:46 --> [DEPRECATED] Optional parameter $cg declared before required parameter $hcode is implicitly treated as a required parameter in APPPATH\Models\cgserviceModel.php on line 93.
 1 SYSTEMPATH\Autoloader\Autoloader.php(311): include_once('D:\\xampp6\\htdocs\\project-jwt\\vendor\\codeigniter4\\framework\\system\\Debug\\Exceptions.php')
 2 SYSTEMPATH\Autoloader\Autoloader.php(290): CodeIgniter\Autoloader\Autoloader->includeFile('D:\\xampp6\\htdocs\\project-jwt\\app\\Models\\cgserviceModel.php')
 3 SYSTEMPATH\Autoloader\Autoloader.php(266): CodeIgniter\Autoloader\Autoloader->loadInNamespace('App\\Models\\cgserviceModel')
 4 APPPATH\Controllers\ServiceController.php(21): CodeIgniter\Autoloader\Autoloader->loadClass('App\\Models\\cgserviceModel')
 5 SYSTEMPATH\CodeIgniter.php(915): App\Controllers\ServiceController->__construct()
 6 SYSTEMPATH\CodeIgniter.php(494): CodeIgniter\CodeIgniter->createController()
 7 SYSTEMPATH\CodeIgniter.php(361): CodeIgniter\CodeIgniter->handleRequest(null, Object(Config\Cache), false)
 8 FCPATH\index.php(79): CodeIgniter\CodeIgniter->run()
INFO - 2026-02-27 15:15:56 --> Session: Class initialized using 'CodeIgniter\Session\Handlers\FileHandler' driver.
WARNING - 2026-02-27 15:15:56 --> [DEPRECATED] Creation of dynamic property CodeIgniter\HTTP\IncomingRequest::$user is deprecated in APPPATH\Filters\JwtAuthWeb.php on line 32.
 1 SYSTEMPATH\Filters\Filters.php(182): App\Filters\JwtAuthWeb->before(Object(CodeIgniter\HTTP\IncomingRequest), null)
 2 SYSTEMPATH\CodeIgniter.php(475): CodeIgniter\Filters\Filters->run('ltc-view-details/348/2026/2', 'before')
 3 SYSTEMPATH\CodeIgniter.php(361): CodeIgniter\CodeIgniter->handleRequest(null, Object(Config\Cache), false)
 4 FCPATH\index.php(79): CodeIgniter\CodeIgniter->run()
WARNING - 2026-02-27 15:15:56 --> [DEPRECATED] Optional parameter $cg declared before required parameter $hcode is implicitly treated as a required parameter in APPPATH\Models\cgserviceModel.php on line 93.
 1 SYSTEMPATH\Autoloader\Autoloader.php(311): include_once('D:\\xampp6\\htdocs\\project-jwt\\vendor\\codeigniter4\\framework\\system\\Debug\\Exceptions.php')
 2 SYSTEMPATH\Autoloader\Autoloader.php(290): CodeIgniter\Autoloader\Autoloader->includeFile('D:\\xampp6\\htdocs\\project-jwt\\app\\Models\\cgserviceModel.php')
 3 SYSTEMPATH\Autoloader\Autoloader.php(266): CodeIgniter\Autoloader\Autoloader->loadInNamespace('App\\Models\\cgserviceModel')
 4 APPPATH\Controllers\ServiceController.php(21): CodeIgniter\Autoloader\Autoloader->loadClass('App\\Models\\cgserviceModel')
 5 SYSTEMPATH\CodeIgniter.php(915): App\Controllers\ServiceController->__construct()
 6 SYSTEMPATH\CodeIgniter.php(494): CodeIgniter\CodeIgniter->createController()
 7 SYSTEMPATH\CodeIgniter.php(361): CodeIgniter\CodeIgniter->handleRequest(null, Object(Config\Cache), false)
 8 FCPATH\index.php(79): CodeIgniter\CodeIgniter->run()
WARNING - 2026-02-27 15:15:56 --> [DEPRECATED] Creation of dynamic property CodeIgniter\HTTP\IncomingRequest::$user is deprecated in APPPATH\Filters\JwtAuth.php on line 47.
 1 SYSTEMPATH\Filters\Filters.php(182): App\Filters\JwtAuth->before(Object(CodeIgniter\HTTP\IncomingRequest), null)
 2 SYSTEMPATH\CodeIgniter.php(475): CodeIgniter\Filters\Filters->run('api/profile', 'before')
 3 SYSTEMPATH\CodeIgniter.php(361): CodeIgniter\CodeIgniter->handleRequest(null, Object(Config\Cache), false)
 4 FCPATH\index.php(79): CodeIgniter\CodeIgniter->run()
INFO - 2026-02-27 15:15:57 --> Session: Class initialized using 'CodeIgniter\Session\Handlers\FileHandler' driver.
WARNING - 2026-02-27 15:15:57 --> [DEPRECATED] Creation of dynamic property CodeIgniter\HTTP\IncomingRequest::$user is deprecated in APPPATH\Filters\JwtAuthWeb.php on line 32.
 1 SYSTEMPATH\Filters\Filters.php(182): App\Filters\JwtAuthWeb->before(Object(CodeIgniter\HTTP\IncomingRequest), null)
 2 SYSTEMPATH\CodeIgniter.php(475): CodeIgniter\Filters\Filters->run('getCGservice', 'before')
 3 SYSTEMPATH\CodeIgniter.php(361): CodeIgniter\CodeIgniter->handleRequest(null, Object(Config\Cache), false)
 4 FCPATH\index.php(79): CodeIgniter\CodeIgniter->run()
WARNING - 2026-02-27 15:15:57 --> [DEPRECATED] Optional parameter $cg declared before required parameter $hcode is implicitly treated as a required parameter in APPPATH\Models\cgserviceModel.php on line 93.
 1 SYSTEMPATH\Autoloader\Autoloader.php(311): include_once('D:\\xampp6\\htdocs\\project-jwt\\vendor\\codeigniter4\\framework\\system\\Debug\\Exceptions.php')
 2 SYSTEMPATH\Autoloader\Autoloader.php(290): CodeIgniter\Autoloader\Autoloader->includeFile('D:\\xampp6\\htdocs\\project-jwt\\app\\Models\\cgserviceModel.php')
 3 SYSTEMPATH\Autoloader\Autoloader.php(266): CodeIgniter\Autoloader\Autoloader->loadInNamespace('App\\Models\\cgserviceModel')
 4 APPPATH\Controllers\ServiceController.php(21): CodeIgniter\Autoloader\Autoloader->loadClass('App\\Models\\cgserviceModel')
 5 SYSTEMPATH\CodeIgniter.php(915): App\Controllers\ServiceController->__construct()
 6 SYSTEMPATH\CodeIgniter.php(494): CodeIgniter\CodeIgniter->createController()
 7 SYSTEMPATH\CodeIgniter.php(361): CodeIgniter\CodeIgniter->handleRequest(null, Object(Config\Cache), false)
 8 FCPATH\index.php(79): CodeIgniter\CodeIgniter->run()
INFO - 2026-02-27 15:16:03 --> Session: Class initialized using 'CodeIgniter\Session\Handlers\FileHandler' driver.
WARNING - 2026-02-27 15:16:03 --> [DEPRECATED] Creation of dynamic property CodeIgniter\HTTP\IncomingRequest::$user is deprecated in APPPATH\Filters\JwtAuthWeb.php on line 32.
 1 SYSTEMPATH\Filters\Filters.php(182): App\Filters\JwtAuthWeb->before(Object(CodeIgniter\HTTP\IncomingRequest), null)
 2 SYSTEMPATH\CodeIgniter.php(475): CodeIgniter\Filters\Filters->run('getCGservice', 'before')
 3 SYSTEMPATH\CodeIgniter.php(361): CodeIgniter\CodeIgniter->handleRequest(null, Object(Config\Cache), false)
 4 FCPATH\index.php(79): CodeIgniter\CodeIgniter->run()
WARNING - 2026-02-27 15:16:03 --> [DEPRECATED] Optional parameter $cg declared before required parameter $hcode is implicitly treated as a required parameter in APPPATH\Models\cgserviceModel.php on line 93.
 1 SYSTEMPATH\Autoloader\Autoloader.php(311): include_once('D:\\xampp6\\htdocs\\project-jwt\\vendor\\codeigniter4\\framework\\system\\Debug\\Exceptions.php')
 2 SYSTEMPATH\Autoloader\Autoloader.php(290): CodeIgniter\Autoloader\Autoloader->includeFile('D:\\xampp6\\htdocs\\project-jwt\\app\\Models\\cgserviceModel.php')
 3 SYSTEMPATH\Autoloader\Autoloader.php(266): CodeIgniter\Autoloader\Autoloader->loadInNamespace('App\\Models\\cgserviceModel')
 4 APPPATH\Controllers\ServiceController.php(21): CodeIgniter\Autoloader\Autoloader->loadClass('App\\Models\\cgserviceModel')
 5 SYSTEMPATH\CodeIgniter.php(915): App\Controllers\ServiceController->__construct()
 6 SYSTEMPATH\CodeIgniter.php(494): CodeIgniter\CodeIgniter->createController()
 7 SYSTEMPATH\CodeIgniter.php(361): CodeIgniter\CodeIgniter->handleRequest(null, Object(Config\Cache), false)
 8 FCPATH\index.php(79): CodeIgniter\CodeIgniter->run()
INFO - 2026-02-27 15:16:21 --> Session: Class initialized using 'CodeIgniter\Session\Handlers\FileHandler' driver.
WARNING - 2026-02-27 15:16:21 --> [DEPRECATED] Creation of dynamic property CodeIgniter\HTTP\IncomingRequest::$user is deprecated in APPPATH\Filters\JwtAuthWeb.php on line 32.
 1 SYSTEMPATH\Filters\Filters.php(182): App\Filters\JwtAuthWeb->before(Object(CodeIgniter\HTTP\IncomingRequest), null)
 2 SYSTEMPATH\CodeIgniter.php(475): CodeIgniter\Filters\Filters->run('updateCmcomment', 'before')
 3 SYSTEMPATH\CodeIgniter.php(361): CodeIgniter\CodeIgniter->handleRequest(null, Object(Config\Cache), false)
 4 FCPATH\index.php(79): CodeIgniter\CodeIgniter->run()
WARNING - 2026-02-27 15:16:21 --> [DEPRECATED] Optional parameter $cg declared before required parameter $hcode is implicitly treated as a required parameter in APPPATH\Models\cgserviceModel.php on line 93.
 1 SYSTEMPATH\Autoloader\Autoloader.php(311): include_once('D:\\xampp6\\htdocs\\project-jwt\\vendor\\codeigniter4\\framework\\system\\Debug\\Exceptions.php')
 2 SYSTEMPATH\Autoloader\Autoloader.php(290): CodeIgniter\Autoloader\Autoloader->includeFile('D:\\xampp6\\htdocs\\project-jwt\\app\\Models\\cgserviceModel.php')
 3 SYSTEMPATH\Autoloader\Autoloader.php(266): CodeIgniter\Autoloader\Autoloader->loadInNamespace('App\\Models\\cgserviceModel')
 4 APPPATH\Controllers\ServiceController.php(21): CodeIgniter\Autoloader\Autoloader->loadClass('App\\Models\\cgserviceModel')
 5 SYSTEMPATH\CodeIgniter.php(915): App\Controllers\ServiceController->__construct()
 6 SYSTEMPATH\CodeIgniter.php(494): CodeIgniter\CodeIgniter->createController()
 7 SYSTEMPATH\CodeIgniter.php(361): CodeIgniter\CodeIgniter->handleRequest(null, Object(Config\Cache), false)
 8 FCPATH\index.php(79): CodeIgniter\CodeIgniter->run()
INFO - 2026-02-27 15:20:04 --> Session: Class initialized using 'CodeIgniter\Session\Handlers\FileHandler' driver.
WARNING - 2026-02-27 15:20:04 --> [DEPRECATED] Creation of dynamic property CodeIgniter\HTTP\IncomingRequest::$user is deprecated in APPPATH\Filters\JwtAuthWeb.php on line 32.
 1 SYSTEMPATH\Filters\Filters.php(182): App\Filters\JwtAuthWeb->before(Object(CodeIgniter\HTTP\IncomingRequest), null)
 2 SYSTEMPATH\CodeIgniter.php(475): CodeIgniter\Filters\Filters->run('ltc-view-details/348/2026/2', 'before')
 3 SYSTEMPATH\CodeIgniter.php(361): CodeIgniter\CodeIgniter->handleRequest(null, Object(Config\Cache), false)
 4 FCPATH\index.php(79): CodeIgniter\CodeIgniter->run()
WARNING - 2026-02-27 15:20:04 --> [DEPRECATED] Optional parameter $cg declared before required parameter $hcode is implicitly treated as a required parameter in APPPATH\Models\cgserviceModel.php on line 93.
 1 SYSTEMPATH\Autoloader\Autoloader.php(311): include_once('D:\\xampp6\\htdocs\\project-jwt\\vendor\\codeigniter4\\framework\\system\\Debug\\Exceptions.php')
 2 SYSTEMPATH\Autoloader\Autoloader.php(290): CodeIgniter\Autoloader\Autoloader->includeFile('D:\\xampp6\\htdocs\\project-jwt\\app\\Models\\cgserviceModel.php')
 3 SYSTEMPATH\Autoloader\Autoloader.php(266): CodeIgniter\Autoloader\Autoloader->loadInNamespace('App\\Models\\cgserviceModel')
 4 APPPATH\Controllers\ServiceController.php(21): CodeIgniter\Autoloader\Autoloader->loadClass('App\\Models\\cgserviceModel')
 5 SYSTEMPATH\CodeIgniter.php(915): App\Controllers\ServiceController->__construct()
 6 SYSTEMPATH\CodeIgniter.php(494): CodeIgniter\CodeIgniter->createController()
 7 SYSTEMPATH\CodeIgniter.php(361): CodeIgniter\CodeIgniter->handleRequest(null, Object(Config\Cache), false)
 8 FCPATH\index.php(79): CodeIgniter\CodeIgniter->run()
WARNING - 2026-02-27 15:20:04 --> [DEPRECATED] Creation of dynamic property CodeIgniter\HTTP\IncomingRequest::$user is deprecated in APPPATH\Filters\JwtAuth.php on line 47.
 1 SYSTEMPATH\Filters\Filters.php(182): App\Filters\JwtAuth->before(Object(CodeIgniter\HTTP\IncomingRequest), null)
 2 SYSTEMPATH\CodeIgniter.php(475): CodeIgniter\Filters\Filters->run('api/profile', 'before')
 3 SYSTEMPATH\CodeIgniter.php(361): CodeIgniter\CodeIgniter->handleRequest(null, Object(Config\Cache), false)
 4 FCPATH\index.php(79): CodeIgniter\CodeIgniter->run()
INFO - 2026-02-27 15:20:05 --> Session: Class initialized using 'CodeIgniter\Session\Handlers\FileHandler' driver.
WARNING - 2026-02-27 15:20:05 --> [DEPRECATED] Creation of dynamic property CodeIgniter\HTTP\IncomingRequest::$user is deprecated in APPPATH\Filters\JwtAuthWeb.php on line 32.
 1 SYSTEMPATH\Filters\Filters.php(182): App\Filters\JwtAuthWeb->before(Object(CodeIgniter\HTTP\IncomingRequest), null)
 2 SYSTEMPATH\CodeIgniter.php(475): CodeIgniter\Filters\Filters->run('getCGservice', 'before')
 3 SYSTEMPATH\CodeIgniter.php(361): CodeIgniter\CodeIgniter->handleRequest(null, Object(Config\Cache), false)
 4 FCPATH\index.php(79): CodeIgniter\CodeIgniter->run()
WARNING - 2026-02-27 15:20:05 --> [DEPRECATED] Optional parameter $cg declared before required parameter $hcode is implicitly treated as a required parameter in APPPATH\Models\cgserviceModel.php on line 93.
 1 SYSTEMPATH\Autoloader\Autoloader.php(311): include_once('D:\\xampp6\\htdocs\\project-jwt\\vendor\\codeigniter4\\framework\\system\\Debug\\Exceptions.php')
 2 SYSTEMPATH\Autoloader\Autoloader.php(290): CodeIgniter\Autoloader\Autoloader->includeFile('D:\\xampp6\\htdocs\\project-jwt\\app\\Models\\cgserviceModel.php')
 3 SYSTEMPATH\Autoloader\Autoloader.php(266): CodeIgniter\Autoloader\Autoloader->loadInNamespace('App\\Models\\cgserviceModel')
 4 APPPATH\Controllers\ServiceController.php(21): CodeIgniter\Autoloader\Autoloader->loadClass('App\\Models\\cgserviceModel')
 5 SYSTEMPATH\CodeIgniter.php(915): App\Controllers\ServiceController->__construct()
 6 SYSTEMPATH\CodeIgniter.php(494): CodeIgniter\CodeIgniter->createController()
 7 SYSTEMPATH\CodeIgniter.php(361): CodeIgniter\CodeIgniter->handleRequest(null, Object(Config\Cache), false)
 8 FCPATH\index.php(79): CodeIgniter\CodeIgniter->run()
INFO - 2026-02-27 15:21:47 --> Session: Class initialized using 'CodeIgniter\Session\Handlers\FileHandler' driver.
WARNING - 2026-02-27 15:21:47 --> [DEPRECATED] Creation of dynamic property CodeIgniter\HTTP\IncomingRequest::$user is deprecated in APPPATH\Filters\JwtAuthWeb.php on line 32.
 1 SYSTEMPATH\Filters\Filters.php(182): App\Filters\JwtAuthWeb->before(Object(CodeIgniter\HTTP\IncomingRequest), null)
 2 SYSTEMPATH\CodeIgniter.php(475): CodeIgniter\Filters\Filters->run('ltc-view-details/348/2026/2', 'before')
 3 SYSTEMPATH\CodeIgniter.php(361): CodeIgniter\CodeIgniter->handleRequest(null, Object(Config\Cache), false)
 4 FCPATH\index.php(79): CodeIgniter\CodeIgniter->run()
WARNING - 2026-02-27 15:21:47 --> [DEPRECATED] Optional parameter $cg declared before required parameter $hcode is implicitly treated as a required parameter in APPPATH\Models\cgserviceModel.php on line 93.
 1 SYSTEMPATH\Autoloader\Autoloader.php(311): include_once('D:\\xampp6\\htdocs\\project-jwt\\vendor\\codeigniter4\\framework\\system\\Debug\\Exceptions.php')
 2 SYSTEMPATH\Autoloader\Autoloader.php(290): CodeIgniter\Autoloader\Autoloader->includeFile('D:\\xampp6\\htdocs\\project-jwt\\app\\Models\\cgserviceModel.php')
 3 SYSTEMPATH\Autoloader\Autoloader.php(266): CodeIgniter\Autoloader\Autoloader->loadInNamespace('App\\Models\\cgserviceModel')
 4 APPPATH\Controllers\ServiceController.php(21): CodeIgniter\Autoloader\Autoloader->loadClass('App\\Models\\cgserviceModel')
 5 SYSTEMPATH\CodeIgniter.php(915): App\Controllers\ServiceController->__construct()
 6 SYSTEMPATH\CodeIgniter.php(494): CodeIgniter\CodeIgniter->createController()
 7 SYSTEMPATH\CodeIgniter.php(361): CodeIgniter\CodeIgniter->handleRequest(null, Object(Config\Cache), false)
 8 FCPATH\index.php(79): CodeIgniter\CodeIgniter->run()
WARNING - 2026-02-27 15:21:48 --> [DEPRECATED] Creation of dynamic property CodeIgniter\HTTP\IncomingRequest::$user is deprecated in APPPATH\Filters\JwtAuth.php on line 47.
 1 SYSTEMPATH\Filters\Filters.php(182): App\Filters\JwtAuth->before(Object(CodeIgniter\HTTP\IncomingRequest), null)
 2 SYSTEMPATH\CodeIgniter.php(475): CodeIgniter\Filters\Filters->run('api/profile', 'before')
 3 SYSTEMPATH\CodeIgniter.php(361): CodeIgniter\CodeIgniter->handleRequest(null, Object(Config\Cache), false)
 4 FCPATH\index.php(79): CodeIgniter\CodeIgniter->run()
INFO - 2026-02-27 15:21:49 --> Session: Class initialized using 'CodeIgniter\Session\Handlers\FileHandler' driver.
WARNING - 2026-02-27 15:21:49 --> [DEPRECATED] Creation of dynamic property CodeIgniter\HTTP\IncomingRequest::$user is deprecated in APPPATH\Filters\JwtAuthWeb.php on line 32.
 1 SYSTEMPATH\Filters\Filters.php(182): App\Filters\JwtAuthWeb->before(Object(CodeIgniter\HTTP\IncomingRequest), null)
 2 SYSTEMPATH\CodeIgniter.php(475): CodeIgniter\Filters\Filters->run('getCGservice', 'before')
 3 SYSTEMPATH\CodeIgniter.php(361): CodeIgniter\CodeIgniter->handleRequest(null, Object(Config\Cache), false)
 4 FCPATH\index.php(79): CodeIgniter\CodeIgniter->run()
WARNING - 2026-02-27 15:21:49 --> [DEPRECATED] Optional parameter $cg declared before required parameter $hcode is implicitly treated as a required parameter in APPPATH\Models\cgserviceModel.php on line 93.
 1 SYSTEMPATH\Autoloader\Autoloader.php(311): include_once('D:\\xampp6\\htdocs\\project-jwt\\vendor\\codeigniter4\\framework\\system\\Debug\\Exceptions.php')
 2 SYSTEMPATH\Autoloader\Autoloader.php(290): CodeIgniter\Autoloader\Autoloader->includeFile('D:\\xampp6\\htdocs\\project-jwt\\app\\Models\\cgserviceModel.php')
 3 SYSTEMPATH\Autoloader\Autoloader.php(266): CodeIgniter\Autoloader\Autoloader->loadInNamespace('App\\Models\\cgserviceModel')
 4 APPPATH\Controllers\ServiceController.php(21): CodeIgniter\Autoloader\Autoloader->loadClass('App\\Models\\cgserviceModel')
 5 SYSTEMPATH\CodeIgniter.php(915): App\Controllers\ServiceController->__construct()
 6 SYSTEMPATH\CodeIgniter.php(494): CodeIgniter\CodeIgniter->createController()
 7 SYSTEMPATH\CodeIgniter.php(361): CodeIgniter\CodeIgniter->handleRequest(null, Object(Config\Cache), false)
 8 FCPATH\index.php(79): CodeIgniter\CodeIgniter->run()
