INFO - 2026-03-15 11:30:37 --> Session: Class initialized using 'CodeIgniter\Session\Handlers\FileHandler' driver.
INFO - 2026-03-15 11:30:40 --> Session: Class initialized using 'CodeIgniter\Session\Handlers\FileHandler' driver.
WARNING - 2026-03-15 11:30:40 --> [DEPRECATED] Creation of dynamic property CodeIgniter\HTTP\IncomingRequest::$user is deprecated in APPPATH\Filters\JwtAuthWeb.php on line 32.
 1 SYSTEMPATH\Filters\Filters.php(182): App\Filters\JwtAuthWeb->before(Object(CodeIgniter\HTTP\IncomingRequest), null)
 2 SYSTEMPATH\CodeIgniter.php(475): CodeIgniter\Filters\Filters->run('dashboard', 'before')
 3 SYSTEMPATH\CodeIgniter.php(361): CodeIgniter\CodeIgniter->handleRequest(null, Object(Config\Cache), false)
 4 FCPATH\index.php(79): CodeIgniter\CodeIgniter->run()
INFO - 2026-03-15 11:30:41 --> Session: Class initialized using 'CodeIgniter\Session\Handlers\FileHandler' driver.
WARNING - 2026-03-15 11:30:41 --> [DEPRECATED] Creation of dynamic property CodeIgniter\HTTP\IncomingRequest::$user is deprecated in APPPATH\Filters\JwtAuthWeb.php on line 32.
 1 SYSTEMPATH\Filters\Filters.php(182): App\Filters\JwtAuthWeb->before(Object(CodeIgniter\HTTP\IncomingRequest), null)
 2 SYSTEMPATH\CodeIgniter.php(475): CodeIgniter\Filters\Filters->run('get_data_chartInproj', 'before')
 3 SYSTEMPATH\CodeIgniter.php(361): CodeIgniter\CodeIgniter->handleRequest(null, Object(Config\Cache), false)
 4 FCPATH\index.php(79): CodeIgniter\CodeIgniter->run()
WARNING - 2026-03-15 11:30:41 --> [DEPRECATED] Creation of dynamic property CodeIgniter\HTTP\IncomingRequest::$user is deprecated in APPPATH\Filters\JwtAuth.php on line 47.
 1 SYSTEMPATH\Filters\Filters.php(182): App\Filters\JwtAuth->before(Object(CodeIgniter\HTTP\IncomingRequest), null)
 2 SYSTEMPATH\CodeIgniter.php(475): CodeIgniter\Filters\Filters->run('api/profile', 'before')
 3 SYSTEMPATH\CodeIgniter.php(361): CodeIgniter\CodeIgniter->handleRequest(null, Object(Config\Cache), false)
 4 FCPATH\index.php(79): CodeIgniter\CodeIgniter->run()
INFO - 2026-03-15 11:30:41 --> Session: Class initialized using 'CodeIgniter\Session\Handlers\FileHandler' driver.
WARNING - 2026-03-15 11:30:41 --> [DEPRECATED] Creation of dynamic property CodeIgniter\HTTP\IncomingRequest::$user is deprecated in APPPATH\Filters\JwtAuthWeb.php on line 32.
 1 SYSTEMPATH\Filters\Filters.php(182): App\Filters\JwtAuthWeb->before(Object(CodeIgniter\HTTP\IncomingRequest), null)
 2 SYSTEMPATH\CodeIgniter.php(475): CodeIgniter\Filters\Filters->run('getChart_data', 'before')
 3 SYSTEMPATH\CodeIgniter.php(361): CodeIgniter\CodeIgniter->handleRequest(null, Object(Config\Cache), false)
 4 FCPATH\index.php(79): CodeIgniter\CodeIgniter->run()
INFO - 2026-03-15 11:30:41 --> Session: Class initialized using 'CodeIgniter\Session\Handlers\FileHandler' driver.
WARNING - 2026-03-15 11:30:41 --> [DEPRECATED] Creation of dynamic property CodeIgniter\HTTP\IncomingRequest::$user is deprecated in APPPATH\Filters\JwtAuthWeb.php on line 32.
 1 SYSTEMPATH\Filters\Filters.php(182): App\Filters\JwtAuthWeb->before(Object(CodeIgniter\HTTP\IncomingRequest), null)
 2 SYSTEMPATH\CodeIgniter.php(475): CodeIgniter\Filters\Filters->run('getChart_All', 'before')
 3 SYSTEMPATH\CodeIgniter.php(361): CodeIgniter\CodeIgniter->handleRequest(null, Object(Config\Cache), false)
 4 FCPATH\index.php(79): CodeIgniter\CodeIgniter->run()
INFO - 2026-03-15 11:30:41 --> Session: Class initialized using 'CodeIgniter\Session\Handlers\FileHandler' driver.
WARNING - 2026-03-15 11:30:41 --> [DEPRECATED] Creation of dynamic property CodeIgniter\HTTP\IncomingRequest::$user is deprecated in APPPATH\Filters\JwtAuthWeb.php on line 32.
 1 SYSTEMPATH\Filters\Filters.php(182): App\Filters\JwtAuthWeb->before(Object(CodeIgniter\HTTP\IncomingRequest), null)
 2 SYSTEMPATH\CodeIgniter.php(475): CodeIgniter\Filters\Filters->run('getChart_All', 'before')
 3 SYSTEMPATH\CodeIgniter.php(361): CodeIgniter\CodeIgniter->handleRequest(null, Object(Config\Cache), false)
 4 FCPATH\index.php(79): CodeIgniter\CodeIgniter->run()
INFO - 2026-03-15 11:30:42 --> Session: Class initialized using 'CodeIgniter\Session\Handlers\FileHandler' driver.
WARNING - 2026-03-15 11:30:42 --> [DEPRECATED] Creation of dynamic property CodeIgniter\HTTP\IncomingRequest::$user is deprecated in APPPATH\Filters\JwtAuthWeb.php on line 32.
 1 SYSTEMPATH\Filters\Filters.php(182): App\Filters\JwtAuthWeb->before(Object(CodeIgniter\HTTP\IncomingRequest), null)
 2 SYSTEMPATH\CodeIgniter.php(475): CodeIgniter\Filters\Filters->run('getChart_All', 'before')
 3 SYSTEMPATH\CodeIgniter.php(361): CodeIgniter\CodeIgniter->handleRequest(null, Object(Config\Cache), false)
 4 FCPATH\index.php(79): CodeIgniter\CodeIgniter->run()
INFO - 2026-03-15 11:30:46 --> Session: Class initialized using 'CodeIgniter\Session\Handlers\FileHandler' driver.
WARNING - 2026-03-15 11:30:46 --> [DEPRECATED] Creation of dynamic property CodeIgniter\HTTP\IncomingRequest::$user is deprecated in APPPATH\Filters\JwtAuthWeb.php on line 32.
 1 SYSTEMPATH\Filters\Filters.php(182): App\Filters\JwtAuthWeb->before(Object(CodeIgniter\HTTP\IncomingRequest), null)
 2 SYSTEMPATH\CodeIgniter.php(475): CodeIgniter\Filters\Filters->run('mobile-page', 'before')
 3 SYSTEMPATH\CodeIgniter.php(361): CodeIgniter\CodeIgniter->handleRequest(null, Object(Config\Cache), false)
 4 FCPATH\index.php(79): CodeIgniter\CodeIgniter->run()
INFO - 2026-03-15 11:30:49 --> Session: Class initialized using 'CodeIgniter\Session\Handlers\FileHandler' driver.
WARNING - 2026-03-15 11:30:49 --> [DEPRECATED] Creation of dynamic property CodeIgniter\HTTP\IncomingRequest::$user is deprecated in APPPATH\Filters\JwtAuthWeb.php on line 32.
 1 SYSTEMPATH\Filters\Filters.php(182): App\Filters\JwtAuthWeb->before(Object(CodeIgniter\HTTP\IncomingRequest), null)
 2 SYSTEMPATH\CodeIgniter.php(475): CodeIgniter\Filters\Filters->run('health-literacy', 'before')
 3 SYSTEMPATH\CodeIgniter.php(361): CodeIgniter\CodeIgniter->handleRequest(null, Object(Config\Cache), false)
 4 FCPATH\index.php(79): CodeIgniter\CodeIgniter->run()
INFO - 2026-03-15 11:30:51 --> Session: Class initialized using 'CodeIgniter\Session\Handlers\FileHandler' driver.
WARNING - 2026-03-15 11:30:51 --> [DEPRECATED] Creation of dynamic property CodeIgniter\HTTP\IncomingRequest::$user is deprecated in APPPATH\Filters\JwtAuthWeb.php on line 32.
 1 SYSTEMPATH\Filters\Filters.php(182): App\Filters\JwtAuthWeb->before(Object(CodeIgniter\HTTP\IncomingRequest), null)
 2 SYSTEMPATH\CodeIgniter.php(475): CodeIgniter\Filters\Filters->run('health-literacy/survey/96', 'before')
 3 SYSTEMPATH\CodeIgniter.php(361): CodeIgniter\CodeIgniter->handleRequest(null, Object(Config\Cache), false)
 4 FCPATH\index.php(79): CodeIgniter\CodeIgniter->run()
INFO - 2026-03-15 11:33:00 --> Session: Class initialized using 'CodeIgniter\Session\Handlers\FileHandler' driver.
WARNING - 2026-03-15 11:33:00 --> [DEPRECATED] Creation of dynamic property CodeIgniter\HTTP\IncomingRequest::$user is deprecated in APPPATH\Filters\JwtAuthWeb.php on line 32.
 1 SYSTEMPATH\Filters\Filters.php(182): App\Filters\JwtAuthWeb->before(Object(CodeIgniter\HTTP\IncomingRequest), null)
 2 SYSTEMPATH\CodeIgniter.php(475): CodeIgniter\Filters\Filters->run('health-literacy/survey/483', 'before')
 3 SYSTEMPATH\CodeIgniter.php(361): CodeIgniter\CodeIgniter->handleRequest(null, Object(Config\Cache), false)
 4 FCPATH\index.php(79): CodeIgniter\CodeIgniter->run()
INFO - 2026-03-15 11:34:13 --> Session: Class initialized using 'CodeIgniter\Session\Handlers\FileHandler' driver.
WARNING - 2026-03-15 11:34:13 --> [DEPRECATED] Creation of dynamic property CodeIgniter\HTTP\IncomingRequest::$user is deprecated in APPPATH\Filters\JwtAuthWeb.php on line 32.
 1 SYSTEMPATH\Filters\Filters.php(182): App\Filters\JwtAuthWeb->before(Object(CodeIgniter\HTTP\IncomingRequest), null)
 2 SYSTEMPATH\CodeIgniter.php(475): CodeIgniter\Filters\Filters->run('mobile-page', 'before')
 3 SYSTEMPATH\CodeIgniter.php(361): CodeIgniter\CodeIgniter->handleRequest(null, Object(Config\Cache), false)
 4 FCPATH\index.php(79): CodeIgniter\CodeIgniter->run()
INFO - 2026-03-15 11:34:14 --> Session: Class initialized using 'CodeIgniter\Session\Handlers\FileHandler' driver.
WARNING - 2026-03-15 11:34:14 --> [DEPRECATED] Creation of dynamic property CodeIgniter\HTTP\IncomingRequest::$user is deprecated in APPPATH\Filters\JwtAuthWeb.php on line 32.
 1 SYSTEMPATH\Filters\Filters.php(182): App\Filters\JwtAuthWeb->before(Object(CodeIgniter\HTTP\IncomingRequest), null)
 2 SYSTEMPATH\CodeIgniter.php(475): CodeIgniter\Filters\Filters->run('mobile/riskList', 'before')
 3 SYSTEMPATH\CodeIgniter.php(361): CodeIgniter\CodeIgniter->handleRequest(null, Object(Config\Cache), false)
 4 FCPATH\index.php(79): CodeIgniter\CodeIgniter->run()
INFO - 2026-03-15 11:34:16 --> Session: Class initialized using 'CodeIgniter\Session\Handlers\FileHandler' driver.
WARNING - 2026-03-15 11:34:16 --> [DEPRECATED] Creation of dynamic property CodeIgniter\HTTP\IncomingRequest::$user is deprecated in APPPATH\Filters\JwtAuthWeb.php on line 32.
 1 SYSTEMPATH\Filters\Filters.php(182): App\Filters\JwtAuthWeb->before(Object(CodeIgniter\HTTP\IncomingRequest), null)
 2 SYSTEMPATH\CodeIgniter.php(475): CodeIgniter\Filters\Filters->run('vitals/96', 'before')
 3 SYSTEMPATH\CodeIgniter.php(361): CodeIgniter\CodeIgniter->handleRequest(null, Object(Config\Cache), false)
 4 FCPATH\index.php(79): CodeIgniter\CodeIgniter->run()
INFO - 2026-03-15 11:37:50 --> Session: Class initialized using 'CodeIgniter\Session\Handlers\FileHandler' driver.
WARNING - 2026-03-15 11:37:50 --> [DEPRECATED] Creation of dynamic property CodeIgniter\HTTP\IncomingRequest::$user is deprecated in APPPATH\Filters\JwtAuthWeb.php on line 32.
 1 SYSTEMPATH\Filters\Filters.php(182): App\Filters\JwtAuthWeb->before(Object(CodeIgniter\HTTP\IncomingRequest), null)
 2 SYSTEMPATH\CodeIgniter.php(475): CodeIgniter\Filters\Filters->run('vitals/96', 'before')
 3 SYSTEMPATH\CodeIgniter.php(361): CodeIgniter\CodeIgniter->handleRequest(null, Object(Config\Cache), false)
 4 FCPATH\index.php(79): CodeIgniter\CodeIgniter->run()
INFO - 2026-03-15 11:42:23 --> Session: Class initialized using 'CodeIgniter\Session\Handlers\FileHandler' driver.
WARNING - 2026-03-15 11:42:23 --> [DEPRECATED] Creation of dynamic property CodeIgniter\HTTP\IncomingRequest::$user is deprecated in APPPATH\Filters\JwtAuthWeb.php on line 32.
 1 SYSTEMPATH\Filters\Filters.php(182): App\Filters\JwtAuthWeb->before(Object(CodeIgniter\HTTP\IncomingRequest), null)
 2 SYSTEMPATH\CodeIgniter.php(475): CodeIgniter\Filters\Filters->run('vitals/96', 'before')
 3 SYSTEMPATH\CodeIgniter.php(361): CodeIgniter\CodeIgniter->handleRequest(null, Object(Config\Cache), false)
 4 FCPATH\index.php(79): CodeIgniter\CodeIgniter->run()
INFO - 2026-03-15 11:43:53 --> Session: Class initialized using 'CodeIgniter\Session\Handlers\FileHandler' driver.
WARNING - 2026-03-15 11:43:53 --> [DEPRECATED] Creation of dynamic property CodeIgniter\HTTP\IncomingRequest::$user is deprecated in APPPATH\Filters\JwtAuthWeb.php on line 32.
 1 SYSTEMPATH\Filters\Filters.php(182): App\Filters\JwtAuthWeb->before(Object(CodeIgniter\HTTP\IncomingRequest), null)
 2 SYSTEMPATH\CodeIgniter.php(475): CodeIgniter\Filters\Filters->run('vitals/96', 'before')
 3 SYSTEMPATH\CodeIgniter.php(361): CodeIgniter\CodeIgniter->handleRequest(null, Object(Config\Cache), false)
 4 FCPATH\index.php(79): CodeIgniter\CodeIgniter->run()
INFO - 2026-03-15 11:45:40 --> Session: Class initialized using 'CodeIgniter\Session\Handlers\FileHandler' driver.
WARNING - 2026-03-15 11:45:40 --> [DEPRECATED] Creation of dynamic property CodeIgniter\HTTP\IncomingRequest::$user is deprecated in APPPATH\Filters\JwtAuthWeb.php on line 32.
 1 SYSTEMPATH\Filters\Filters.php(182): App\Filters\JwtAuthWeb->before(Object(CodeIgniter\HTTP\IncomingRequest), null)
 2 SYSTEMPATH\CodeIgniter.php(475): CodeIgniter\Filters\Filters->run('vitals/96', 'before')
 3 SYSTEMPATH\CodeIgniter.php(361): CodeIgniter\CodeIgniter->handleRequest(null, Object(Config\Cache), false)
 4 FCPATH\index.php(79): CodeIgniter\CodeIgniter->run()
INFO - 2026-03-15 11:50:53 --> Session: Class initialized using 'CodeIgniter\Session\Handlers\FileHandler' driver.
WARNING - 2026-03-15 11:50:53 --> [DEPRECATED] Creation of dynamic property CodeIgniter\HTTP\IncomingRequest::$user is deprecated in APPPATH\Filters\JwtAuthWeb.php on line 32.
 1 SYSTEMPATH\Filters\Filters.php(182): App\Filters\JwtAuthWeb->before(Object(CodeIgniter\HTTP\IncomingRequest), null)
 2 SYSTEMPATH\CodeIgniter.php(475): CodeIgniter\Filters\Filters->run('vitals/96', 'before')
 3 SYSTEMPATH\CodeIgniter.php(361): CodeIgniter\CodeIgniter->handleRequest(null, Object(Config\Cache), false)
 4 FCPATH\index.php(79): CodeIgniter\CodeIgniter->run()
INFO - 2026-03-15 11:53:16 --> Session: Class initialized using 'CodeIgniter\Session\Handlers\FileHandler' driver.
WARNING - 2026-03-15 11:53:16 --> [DEPRECATED] Creation of dynamic property CodeIgniter\HTTP\IncomingRequest::$user is deprecated in APPPATH\Filters\JwtAuthWeb.php on line 32.
 1 SYSTEMPATH\Filters\Filters.php(182): App\Filters\JwtAuthWeb->before(Object(CodeIgniter\HTTP\IncomingRequest), null)
 2 SYSTEMPATH\CodeIgniter.php(475): CodeIgniter\Filters\Filters->run('mobile/riskList', 'before')
 3 SYSTEMPATH\CodeIgniter.php(361): CodeIgniter\CodeIgniter->handleRequest(null, Object(Config\Cache), false)
 4 FCPATH\index.php(79): CodeIgniter\CodeIgniter->run()
INFO - 2026-03-15 11:53:18 --> Session: Class initialized using 'CodeIgniter\Session\Handlers\FileHandler' driver.
WARNING - 2026-03-15 11:53:18 --> [DEPRECATED] Creation of dynamic property CodeIgniter\HTTP\IncomingRequest::$user is deprecated in APPPATH\Filters\JwtAuthWeb.php on line 32.
 1 SYSTEMPATH\Filters\Filters.php(182): App\Filters\JwtAuthWeb->before(Object(CodeIgniter\HTTP\IncomingRequest), null)
 2 SYSTEMPATH\CodeIgniter.php(475): CodeIgniter\Filters\Filters->run('vitals/483', 'before')
 3 SYSTEMPATH\CodeIgniter.php(361): CodeIgniter\CodeIgniter->handleRequest(null, Object(Config\Cache), false)
 4 FCPATH\index.php(79): CodeIgniter\CodeIgniter->run()
INFO - 2026-03-15 11:59:22 --> Session: Class initialized using 'CodeIgniter\Session\Handlers\FileHandler' driver.
WARNING - 2026-03-15 11:59:22 --> [DEPRECATED] Creation of dynamic property CodeIgniter\HTTP\IncomingRequest::$user is deprecated in APPPATH\Filters\JwtAuthWeb.php on line 32.
 1 SYSTEMPATH\Filters\Filters.php(182): App\Filters\JwtAuthWeb->before(Object(CodeIgniter\HTTP\IncomingRequest), null)
 2 SYSTEMPATH\CodeIgniter.php(475): CodeIgniter\Filters\Filters->run('vitals/483', 'before')
 3 SYSTEMPATH\CodeIgniter.php(361): CodeIgniter\CodeIgniter->handleRequest(null, Object(Config\Cache), false)
 4 FCPATH\index.php(79): CodeIgniter\CodeIgniter->run()
INFO - 2026-03-15 17:32:05 --> Session: Class initialized using 'CodeIgniter\Session\Handlers\FileHandler' driver.
INFO - 2026-03-15 17:32:07 --> Session: Class initialized using 'CodeIgniter\Session\Handlers\FileHandler' driver.
WARNING - 2026-03-15 17:32:07 --> [DEPRECATED] Creation of dynamic property CodeIgniter\HTTP\IncomingRequest::$user is deprecated in APPPATH\Filters\JwtAuthWeb.php on line 32.
 1 SYSTEMPATH\Filters\Filters.php(182): App\Filters\JwtAuthWeb->before(Object(CodeIgniter\HTTP\IncomingRequest), null)
 2 SYSTEMPATH\CodeIgniter.php(475): CodeIgniter\Filters\Filters->run('dashboard', 'before')
 3 SYSTEMPATH\CodeIgniter.php(361): CodeIgniter\CodeIgniter->handleRequest(null, Object(Config\Cache), false)
 4 FCPATH\index.php(79): CodeIgniter\CodeIgniter->run()
WARNING - 2026-03-15 17:32:08 --> [DEPRECATED] Creation of dynamic property CodeIgniter\HTTP\IncomingRequest::$user is deprecated in APPPATH\Filters\JwtAuth.php on line 47.
 1 SYSTEMPATH\Filters\Filters.php(182): App\Filters\JwtAuth->before(Object(CodeIgniter\HTTP\IncomingRequest), null)
 2 SYSTEMPATH\CodeIgniter.php(475): CodeIgniter\Filters\Filters->run('api/profile', 'before')
 3 SYSTEMPATH\CodeIgniter.php(361): CodeIgniter\CodeIgniter->handleRequest(null, Object(Config\Cache), false)
 4 FCPATH\index.php(79): CodeIgniter\CodeIgniter->run()
INFO - 2026-03-15 17:33:57 --> Session: Class initialized using 'CodeIgniter\Session\Handlers\FileHandler' driver.
WARNING - 2026-03-15 17:33:57 --> [DEPRECATED] Creation of dynamic property CodeIgniter\HTTP\IncomingRequest::$user is deprecated in APPPATH\Filters\JwtAuthWeb.php on line 32.
 1 SYSTEMPATH\Filters\Filters.php(182): App\Filters\JwtAuthWeb->before(Object(CodeIgniter\HTTP\IncomingRequest), null)
 2 SYSTEMPATH\CodeIgniter.php(475): CodeIgniter\Filters\Filters->run('dashboard', 'before')
 3 SYSTEMPATH\CodeIgniter.php(361): CodeIgniter\CodeIgniter->handleRequest(null, Object(Config\Cache), false)
 4 FCPATH\index.php(79): CodeIgniter\CodeIgniter->run()
WARNING - 2026-03-15 17:33:58 --> [DEPRECATED] Creation of dynamic property CodeIgniter\HTTP\IncomingRequest::$user is deprecated in APPPATH\Filters\JwtAuth.php on line 47.
 1 SYSTEMPATH\Filters\Filters.php(182): App\Filters\JwtAuth->before(Object(CodeIgniter\HTTP\IncomingRequest), null)
 2 SYSTEMPATH\CodeIgniter.php(475): CodeIgniter\Filters\Filters->run('api/profile', 'before')
 3 SYSTEMPATH\CodeIgniter.php(361): CodeIgniter\CodeIgniter->handleRequest(null, Object(Config\Cache), false)
 4 FCPATH\index.php(79): CodeIgniter\CodeIgniter->run()
INFO - 2026-03-15 17:34:02 --> Session: Class initialized using 'CodeIgniter\Session\Handlers\FileHandler' driver.
WARNING - 2026-03-15 17:34:02 --> [DEPRECATED] Creation of dynamic property CodeIgniter\HTTP\IncomingRequest::$user is deprecated in APPPATH\Filters\JwtAuthWeb.php on line 32.
 1 SYSTEMPATH\Filters\Filters.php(182): App\Filters\JwtAuthWeb->before(Object(CodeIgniter\HTTP\IncomingRequest), null)
 2 SYSTEMPATH\CodeIgniter.php(475): CodeIgniter\Filters\Filters->run('dashboard', 'before')
 3 SYSTEMPATH\CodeIgniter.php(361): CodeIgniter\CodeIgniter->handleRequest(null, Object(Config\Cache), false)
 4 FCPATH\index.php(79): CodeIgniter\CodeIgniter->run()
WARNING - 2026-03-15 17:34:02 --> [DEPRECATED] Creation of dynamic property CodeIgniter\HTTP\IncomingRequest::$user is deprecated in APPPATH\Filters\JwtAuth.php on line 47.
 1 SYSTEMPATH\Filters\Filters.php(182): App\Filters\JwtAuth->before(Object(CodeIgniter\HTTP\IncomingRequest), null)
 2 SYSTEMPATH\CodeIgniter.php(475): CodeIgniter\Filters\Filters->run('api/profile', 'before')
 3 SYSTEMPATH\CodeIgniter.php(361): CodeIgniter\CodeIgniter->handleRequest(null, Object(Config\Cache), false)
 4 FCPATH\index.php(79): CodeIgniter\CodeIgniter->run()
INFO - 2026-03-15 17:35:02 --> Session: Class initialized using 'CodeIgniter\Session\Handlers\FileHandler' driver.
WARNING - 2026-03-15 17:35:02 --> [DEPRECATED] Creation of dynamic property CodeIgniter\HTTP\IncomingRequest::$user is deprecated in APPPATH\Filters\JwtAuthWeb.php on line 32.
 1 SYSTEMPATH\Filters\Filters.php(182): App\Filters\JwtAuthWeb->before(Object(CodeIgniter\HTTP\IncomingRequest), null)
 2 SYSTEMPATH\CodeIgniter.php(475): CodeIgniter\Filters\Filters->run('dashboard', 'before')
 3 SYSTEMPATH\CodeIgniter.php(361): CodeIgniter\CodeIgniter->handleRequest(null, Object(Config\Cache), false)
 4 FCPATH\index.php(79): CodeIgniter\CodeIgniter->run()
WARNING - 2026-03-15 17:35:03 --> [DEPRECATED] Creation of dynamic property CodeIgniter\HTTP\IncomingRequest::$user is deprecated in APPPATH\Filters\JwtAuth.php on line 47.
 1 SYSTEMPATH\Filters\Filters.php(182): App\Filters\JwtAuth->before(Object(CodeIgniter\HTTP\IncomingRequest), null)
 2 SYSTEMPATH\CodeIgniter.php(475): CodeIgniter\Filters\Filters->run('api/profile', 'before')
 3 SYSTEMPATH\CodeIgniter.php(361): CodeIgniter\CodeIgniter->handleRequest(null, Object(Config\Cache), false)
 4 FCPATH\index.php(79): CodeIgniter\CodeIgniter->run()
INFO - 2026-03-15 17:35:03 --> Session: Class initialized using 'CodeIgniter\Session\Handlers\FileHandler' driver.
WARNING - 2026-03-15 17:35:03 --> [DEPRECATED] Creation of dynamic property CodeIgniter\HTTP\IncomingRequest::$user is deprecated in APPPATH\Filters\JwtAuthWeb.php on line 32.
 1 SYSTEMPATH\Filters\Filters.php(182): App\Filters\JwtAuthWeb->before(Object(CodeIgniter\HTTP\IncomingRequest), null)
 2 SYSTEMPATH\CodeIgniter.php(475): CodeIgniter\Filters\Filters->run('getChart_data', 'before')
 3 SYSTEMPATH\CodeIgniter.php(361): CodeIgniter\CodeIgniter->handleRequest(null, Object(Config\Cache), false)
 4 FCPATH\index.php(79): CodeIgniter\CodeIgniter->run()
INFO - 2026-03-15 17:35:03 --> Session: Class initialized using 'CodeIgniter\Session\Handlers\FileHandler' driver.
WARNING - 2026-03-15 17:35:03 --> [DEPRECATED] Creation of dynamic property CodeIgniter\HTTP\IncomingRequest::$user is deprecated in APPPATH\Filters\JwtAuthWeb.php on line 32.
 1 SYSTEMPATH\Filters\Filters.php(182): App\Filters\JwtAuthWeb->before(Object(CodeIgniter\HTTP\IncomingRequest), null)
 2 SYSTEMPATH\CodeIgniter.php(475): CodeIgniter\Filters\Filters->run('getChart_All', 'before')
 3 SYSTEMPATH\CodeIgniter.php(361): CodeIgniter\CodeIgniter->handleRequest(null, Object(Config\Cache), false)
 4 FCPATH\index.php(79): CodeIgniter\CodeIgniter->run()
INFO - 2026-03-15 17:35:03 --> Session: Class initialized using 'CodeIgniter\Session\Handlers\FileHandler' driver.
WARNING - 2026-03-15 17:35:03 --> [DEPRECATED] Creation of dynamic property CodeIgniter\HTTP\IncomingRequest::$user is deprecated in APPPATH\Filters\JwtAuthWeb.php on line 32.
 1 SYSTEMPATH\Filters\Filters.php(182): App\Filters\JwtAuthWeb->before(Object(CodeIgniter\HTTP\IncomingRequest), null)
 2 SYSTEMPATH\CodeIgniter.php(475): CodeIgniter\Filters\Filters->run('get_data_chartInproj', 'before')
 3 SYSTEMPATH\CodeIgniter.php(361): CodeIgniter\CodeIgniter->handleRequest(null, Object(Config\Cache), false)
 4 FCPATH\index.php(79): CodeIgniter\CodeIgniter->run()
INFO - 2026-03-15 17:35:04 --> Session: Class initialized using 'CodeIgniter\Session\Handlers\FileHandler' driver.
WARNING - 2026-03-15 17:35:04 --> [DEPRECATED] Creation of dynamic property CodeIgniter\HTTP\IncomingRequest::$user is deprecated in APPPATH\Filters\JwtAuthWeb.php on line 32.
 1 SYSTEMPATH\Filters\Filters.php(182): App\Filters\JwtAuthWeb->before(Object(CodeIgniter\HTTP\IncomingRequest), null)
 2 SYSTEMPATH\CodeIgniter.php(475): CodeIgniter\Filters\Filters->run('getChart_All', 'before')
 3 SYSTEMPATH\CodeIgniter.php(361): CodeIgniter\CodeIgniter->handleRequest(null, Object(Config\Cache), false)
 4 FCPATH\index.php(79): CodeIgniter\CodeIgniter->run()
INFO - 2026-03-15 17:35:04 --> Session: Class initialized using 'CodeIgniter\Session\Handlers\FileHandler' driver.
WARNING - 2026-03-15 17:35:04 --> [DEPRECATED] Creation of dynamic property CodeIgniter\HTTP\IncomingRequest::$user is deprecated in APPPATH\Filters\JwtAuthWeb.php on line 32.
 1 SYSTEMPATH\Filters\Filters.php(182): App\Filters\JwtAuthWeb->before(Object(CodeIgniter\HTTP\IncomingRequest), null)
 2 SYSTEMPATH\CodeIgniter.php(475): CodeIgniter\Filters\Filters->run('getChart_All', 'before')
 3 SYSTEMPATH\CodeIgniter.php(361): CodeIgniter\CodeIgniter->handleRequest(null, Object(Config\Cache), false)
 4 FCPATH\index.php(79): CodeIgniter\CodeIgniter->run()
INFO - 2026-03-15 17:35:09 --> Session: Class initialized using 'CodeIgniter\Session\Handlers\FileHandler' driver.
WARNING - 2026-03-15 17:35:09 --> [DEPRECATED] Creation of dynamic property CodeIgniter\HTTP\IncomingRequest::$user is deprecated in APPPATH\Filters\JwtAuthWeb.php on line 32.
 1 SYSTEMPATH\Filters\Filters.php(182): App\Filters\JwtAuthWeb->before(Object(CodeIgniter\HTTP\IncomingRequest), null)
 2 SYSTEMPATH\CodeIgniter.php(475): CodeIgniter\Filters\Filters->run('dashboard', 'before')
 3 SYSTEMPATH\CodeIgniter.php(361): CodeIgniter\CodeIgniter->handleRequest(null, Object(Config\Cache), false)
 4 FCPATH\index.php(79): CodeIgniter\CodeIgniter->run()
WARNING - 2026-03-15 17:35:09 --> [DEPRECATED] Creation of dynamic property CodeIgniter\HTTP\IncomingRequest::$user is deprecated in APPPATH\Filters\JwtAuth.php on line 47.
 1 SYSTEMPATH\Filters\Filters.php(182): App\Filters\JwtAuth->before(Object(CodeIgniter\HTTP\IncomingRequest), null)
 2 SYSTEMPATH\CodeIgniter.php(475): CodeIgniter\Filters\Filters->run('api/profile', 'before')
 3 SYSTEMPATH\CodeIgniter.php(361): CodeIgniter\CodeIgniter->handleRequest(null, Object(Config\Cache), false)
 4 FCPATH\index.php(79): CodeIgniter\CodeIgniter->run()
INFO - 2026-03-15 17:35:09 --> Session: Class initialized using 'CodeIgniter\Session\Handlers\FileHandler' driver.
WARNING - 2026-03-15 17:35:09 --> [DEPRECATED] Creation of dynamic property CodeIgniter\HTTP\IncomingRequest::$user is deprecated in APPPATH\Filters\JwtAuthWeb.php on line 32.
 1 SYSTEMPATH\Filters\Filters.php(182): App\Filters\JwtAuthWeb->before(Object(CodeIgniter\HTTP\IncomingRequest), null)
 2 SYSTEMPATH\CodeIgniter.php(475): CodeIgniter\Filters\Filters->run('getChart_data', 'before')
 3 SYSTEMPATH\CodeIgniter.php(361): CodeIgniter\CodeIgniter->handleRequest(null, Object(Config\Cache), false)
 4 FCPATH\index.php(79): CodeIgniter\CodeIgniter->run()
INFO - 2026-03-15 17:35:10 --> Session: Class initialized using 'CodeIgniter\Session\Handlers\FileHandler' driver.
WARNING - 2026-03-15 17:35:10 --> [DEPRECATED] Creation of dynamic property CodeIgniter\HTTP\IncomingRequest::$user is deprecated in APPPATH\Filters\JwtAuthWeb.php on line 32.
 1 SYSTEMPATH\Filters\Filters.php(182): App\Filters\JwtAuthWeb->before(Object(CodeIgniter\HTTP\IncomingRequest), null)
 2 SYSTEMPATH\CodeIgniter.php(475): CodeIgniter\Filters\Filters->run('getChart_All', 'before')
 3 SYSTEMPATH\CodeIgniter.php(361): CodeIgniter\CodeIgniter->handleRequest(null, Object(Config\Cache), false)
 4 FCPATH\index.php(79): CodeIgniter\CodeIgniter->run()
INFO - 2026-03-15 17:35:10 --> Session: Class initialized using 'CodeIgniter\Session\Handlers\FileHandler' driver.
WARNING - 2026-03-15 17:35:10 --> [DEPRECATED] Creation of dynamic property CodeIgniter\HTTP\IncomingRequest::$user is deprecated in APPPATH\Filters\JwtAuthWeb.php on line 32.
 1 SYSTEMPATH\Filters\Filters.php(182): App\Filters\JwtAuthWeb->before(Object(CodeIgniter\HTTP\IncomingRequest), null)
 2 SYSTEMPATH\CodeIgniter.php(475): CodeIgniter\Filters\Filters->run('get_data_chartInproj', 'before')
 3 SYSTEMPATH\CodeIgniter.php(361): CodeIgniter\CodeIgniter->handleRequest(null, Object(Config\Cache), false)
 4 FCPATH\index.php(79): CodeIgniter\CodeIgniter->run()
INFO - 2026-03-15 17:35:10 --> Session: Class initialized using 'CodeIgniter\Session\Handlers\FileHandler' driver.
WARNING - 2026-03-15 17:35:10 --> [DEPRECATED] Creation of dynamic property CodeIgniter\HTTP\IncomingRequest::$user is deprecated in APPPATH\Filters\JwtAuthWeb.php on line 32.
 1 SYSTEMPATH\Filters\Filters.php(182): App\Filters\JwtAuthWeb->before(Object(CodeIgniter\HTTP\IncomingRequest), null)
 2 SYSTEMPATH\CodeIgniter.php(475): CodeIgniter\Filters\Filters->run('getChart_All', 'before')
 3 SYSTEMPATH\CodeIgniter.php(361): CodeIgniter\CodeIgniter->handleRequest(null, Object(Config\Cache), false)
 4 FCPATH\index.php(79): CodeIgniter\CodeIgniter->run()
INFO - 2026-03-15 17:35:10 --> Session: Class initialized using 'CodeIgniter\Session\Handlers\FileHandler' driver.
WARNING - 2026-03-15 17:35:10 --> [DEPRECATED] Creation of dynamic property CodeIgniter\HTTP\IncomingRequest::$user is deprecated in APPPATH\Filters\JwtAuthWeb.php on line 32.
 1 SYSTEMPATH\Filters\Filters.php(182): App\Filters\JwtAuthWeb->before(Object(CodeIgniter\HTTP\IncomingRequest), null)
 2 SYSTEMPATH\CodeIgniter.php(475): CodeIgniter\Filters\Filters->run('getChart_All', 'before')
 3 SYSTEMPATH\CodeIgniter.php(361): CodeIgniter\CodeIgniter->handleRequest(null, Object(Config\Cache), false)
 4 FCPATH\index.php(79): CodeIgniter\CodeIgniter->run()
INFO - 2026-03-15 17:38:03 --> Session: Class initialized using 'CodeIgniter\Session\Handlers\FileHandler' driver.
WARNING - 2026-03-15 17:38:03 --> [DEPRECATED] Creation of dynamic property CodeIgniter\HTTP\IncomingRequest::$user is deprecated in APPPATH\Filters\JwtAuthWeb.php on line 32.
 1 SYSTEMPATH\Filters\Filters.php(182): App\Filters\JwtAuthWeb->before(Object(CodeIgniter\HTTP\IncomingRequest), null)
 2 SYSTEMPATH\CodeIgniter.php(475): CodeIgniter\Filters\Filters->run('dashboard', 'before')
 3 SYSTEMPATH\CodeIgniter.php(361): CodeIgniter\CodeIgniter->handleRequest(null, Object(Config\Cache), false)
 4 FCPATH\index.php(79): CodeIgniter\CodeIgniter->run()
WARNING - 2026-03-15 17:38:03 --> [DEPRECATED] Creation of dynamic property CodeIgniter\HTTP\IncomingRequest::$user is deprecated in APPPATH\Filters\JwtAuth.php on line 47.
 1 SYSTEMPATH\Filters\Filters.php(182): App\Filters\JwtAuth->before(Object(CodeIgniter\HTTP\IncomingRequest), null)
 2 SYSTEMPATH\CodeIgniter.php(475): CodeIgniter\Filters\Filters->run('api/profile', 'before')
 3 SYSTEMPATH\CodeIgniter.php(361): CodeIgniter\CodeIgniter->handleRequest(null, Object(Config\Cache), false)
 4 FCPATH\index.php(79): CodeIgniter\CodeIgniter->run()
INFO - 2026-03-15 17:38:03 --> Session: Class initialized using 'CodeIgniter\Session\Handlers\FileHandler' driver.
WARNING - 2026-03-15 17:38:03 --> [DEPRECATED] Creation of dynamic property CodeIgniter\HTTP\IncomingRequest::$user is deprecated in APPPATH\Filters\JwtAuthWeb.php on line 32.
 1 SYSTEMPATH\Filters\Filters.php(182): App\Filters\JwtAuthWeb->before(Object(CodeIgniter\HTTP\IncomingRequest), null)
 2 SYSTEMPATH\CodeIgniter.php(475): CodeIgniter\Filters\Filters->run('getChart_data', 'before')
 3 SYSTEMPATH\CodeIgniter.php(361): CodeIgniter\CodeIgniter->handleRequest(null, Object(Config\Cache), false)
 4 FCPATH\index.php(79): CodeIgniter\CodeIgniter->run()
INFO - 2026-03-15 17:38:04 --> Session: Class initialized using 'CodeIgniter\Session\Handlers\FileHandler' driver.
WARNING - 2026-03-15 17:38:04 --> [DEPRECATED] Creation of dynamic property CodeIgniter\HTTP\IncomingRequest::$user is deprecated in APPPATH\Filters\JwtAuthWeb.php on line 32.
 1 SYSTEMPATH\Filters\Filters.php(182): App\Filters\JwtAuthWeb->before(Object(CodeIgniter\HTTP\IncomingRequest), null)
 2 SYSTEMPATH\CodeIgniter.php(475): CodeIgniter\Filters\Filters->run('getChart_All', 'before')
 3 SYSTEMPATH\CodeIgniter.php(361): CodeIgniter\CodeIgniter->handleRequest(null, Object(Config\Cache), false)
 4 FCPATH\index.php(79): CodeIgniter\CodeIgniter->run()
INFO - 2026-03-15 17:38:04 --> Session: Class initialized using 'CodeIgniter\Session\Handlers\FileHandler' driver.
WARNING - 2026-03-15 17:38:04 --> [DEPRECATED] Creation of dynamic property CodeIgniter\HTTP\IncomingRequest::$user is deprecated in APPPATH\Filters\JwtAuthWeb.php on line 32.
 1 SYSTEMPATH\Filters\Filters.php(182): App\Filters\JwtAuthWeb->before(Object(CodeIgniter\HTTP\IncomingRequest), null)
 2 SYSTEMPATH\CodeIgniter.php(475): CodeIgniter\Filters\Filters->run('get_data_chartInproj', 'before')
 3 SYSTEMPATH\CodeIgniter.php(361): CodeIgniter\CodeIgniter->handleRequest(null, Object(Config\Cache), false)
 4 FCPATH\index.php(79): CodeIgniter\CodeIgniter->run()
INFO - 2026-03-15 17:38:04 --> Session: Class initialized using 'CodeIgniter\Session\Handlers\FileHandler' driver.
WARNING - 2026-03-15 17:38:04 --> [DEPRECATED] Creation of dynamic property CodeIgniter\HTTP\IncomingRequest::$user is deprecated in APPPATH\Filters\JwtAuthWeb.php on line 32.
 1 SYSTEMPATH\Filters\Filters.php(182): App\Filters\JwtAuthWeb->before(Object(CodeIgniter\HTTP\IncomingRequest), null)
 2 SYSTEMPATH\CodeIgniter.php(475): CodeIgniter\Filters\Filters->run('getChart_All', 'before')
 3 SYSTEMPATH\CodeIgniter.php(361): CodeIgniter\CodeIgniter->handleRequest(null, Object(Config\Cache), false)
 4 FCPATH\index.php(79): CodeIgniter\CodeIgniter->run()
INFO - 2026-03-15 17:38:04 --> Session: Class initialized using 'CodeIgniter\Session\Handlers\FileHandler' driver.
WARNING - 2026-03-15 17:38:04 --> [DEPRECATED] Creation of dynamic property CodeIgniter\HTTP\IncomingRequest::$user is deprecated in APPPATH\Filters\JwtAuthWeb.php on line 32.
 1 SYSTEMPATH\Filters\Filters.php(182): App\Filters\JwtAuthWeb->before(Object(CodeIgniter\HTTP\IncomingRequest), null)
 2 SYSTEMPATH\CodeIgniter.php(475): CodeIgniter\Filters\Filters->run('getChart_All', 'before')
 3 SYSTEMPATH\CodeIgniter.php(361): CodeIgniter\CodeIgniter->handleRequest(null, Object(Config\Cache), false)
 4 FCPATH\index.php(79): CodeIgniter\CodeIgniter->run()
INFO - 2026-03-15 17:40:14 --> Session: Class initialized using 'CodeIgniter\Session\Handlers\FileHandler' driver.
WARNING - 2026-03-15 17:40:14 --> [DEPRECATED] Creation of dynamic property CodeIgniter\HTTP\IncomingRequest::$user is deprecated in APPPATH\Filters\JwtAuthWeb.php on line 32.
 1 SYSTEMPATH\Filters\Filters.php(182): App\Filters\JwtAuthWeb->before(Object(CodeIgniter\HTTP\IncomingRequest), null)
 2 SYSTEMPATH\CodeIgniter.php(475): CodeIgniter\Filters\Filters->run('dashboard', 'before')
 3 SYSTEMPATH\CodeIgniter.php(361): CodeIgniter\CodeIgniter->handleRequest(null, Object(Config\Cache), false)
 4 FCPATH\index.php(79): CodeIgniter\CodeIgniter->run()
WARNING - 2026-03-15 17:40:15 --> [DEPRECATED] Creation of dynamic property CodeIgniter\HTTP\IncomingRequest::$user is deprecated in APPPATH\Filters\JwtAuth.php on line 47.
 1 SYSTEMPATH\Filters\Filters.php(182): App\Filters\JwtAuth->before(Object(CodeIgniter\HTTP\IncomingRequest), null)
 2 SYSTEMPATH\CodeIgniter.php(475): CodeIgniter\Filters\Filters->run('api/profile', 'before')
 3 SYSTEMPATH\CodeIgniter.php(361): CodeIgniter\CodeIgniter->handleRequest(null, Object(Config\Cache), false)
 4 FCPATH\index.php(79): CodeIgniter\CodeIgniter->run()
INFO - 2026-03-15 17:40:19 --> Session: Class initialized using 'CodeIgniter\Session\Handlers\FileHandler' driver.
WARNING - 2026-03-15 17:40:19 --> [DEPRECATED] Creation of dynamic property CodeIgniter\HTTP\IncomingRequest::$user is deprecated in APPPATH\Filters\JwtAuthWeb.php on line 32.
 1 SYSTEMPATH\Filters\Filters.php(182): App\Filters\JwtAuthWeb->before(Object(CodeIgniter\HTTP\IncomingRequest), null)
 2 SYSTEMPATH\CodeIgniter.php(475): CodeIgniter\Filters\Filters->run('dashboard', 'before')
 3 SYSTEMPATH\CodeIgniter.php(361): CodeIgniter\CodeIgniter->handleRequest(null, Object(Config\Cache), false)
 4 FCPATH\index.php(79): CodeIgniter\CodeIgniter->run()
WARNING - 2026-03-15 17:40:19 --> [DEPRECATED] Creation of dynamic property CodeIgniter\HTTP\IncomingRequest::$user is deprecated in APPPATH\Filters\JwtAuth.php on line 47.
 1 SYSTEMPATH\Filters\Filters.php(182): App\Filters\JwtAuth->before(Object(CodeIgniter\HTTP\IncomingRequest), null)
 2 SYSTEMPATH\CodeIgniter.php(475): CodeIgniter\Filters\Filters->run('api/profile', 'before')
 3 SYSTEMPATH\CodeIgniter.php(361): CodeIgniter\CodeIgniter->handleRequest(null, Object(Config\Cache), false)
 4 FCPATH\index.php(79): CodeIgniter\CodeIgniter->run()
INFO - 2026-03-15 17:41:02 --> Session: Class initialized using 'CodeIgniter\Session\Handlers\FileHandler' driver.
WARNING - 2026-03-15 17:41:02 --> [DEPRECATED] Creation of dynamic property CodeIgniter\HTTP\IncomingRequest::$user is deprecated in APPPATH\Filters\JwtAuthWeb.php on line 32.
 1 SYSTEMPATH\Filters\Filters.php(182): App\Filters\JwtAuthWeb->before(Object(CodeIgniter\HTTP\IncomingRequest), null)
 2 SYSTEMPATH\CodeIgniter.php(475): CodeIgniter\Filters\Filters->run('dashboard', 'before')
 3 SYSTEMPATH\CodeIgniter.php(361): CodeIgniter\CodeIgniter->handleRequest(null, Object(Config\Cache), false)
 4 FCPATH\index.php(79): CodeIgniter\CodeIgniter->run()
WARNING - 2026-03-15 17:41:03 --> [DEPRECATED] Creation of dynamic property CodeIgniter\HTTP\IncomingRequest::$user is deprecated in APPPATH\Filters\JwtAuth.php on line 47.
 1 SYSTEMPATH\Filters\Filters.php(182): App\Filters\JwtAuth->before(Object(CodeIgniter\HTTP\IncomingRequest), null)
 2 SYSTEMPATH\CodeIgniter.php(475): CodeIgniter\Filters\Filters->run('api/profile', 'before')
 3 SYSTEMPATH\CodeIgniter.php(361): CodeIgniter\CodeIgniter->handleRequest(null, Object(Config\Cache), false)
 4 FCPATH\index.php(79): CodeIgniter\CodeIgniter->run()
INFO - 2026-03-15 17:41:03 --> Session: Class initialized using 'CodeIgniter\Session\Handlers\FileHandler' driver.
WARNING - 2026-03-15 17:41:03 --> [DEPRECATED] Creation of dynamic property CodeIgniter\HTTP\IncomingRequest::$user is deprecated in APPPATH\Filters\JwtAuthWeb.php on line 32.
 1 SYSTEMPATH\Filters\Filters.php(182): App\Filters\JwtAuthWeb->before(Object(CodeIgniter\HTTP\IncomingRequest), null)
 2 SYSTEMPATH\CodeIgniter.php(475): CodeIgniter\Filters\Filters->run('getChart_data', 'before')
 3 SYSTEMPATH\CodeIgniter.php(361): CodeIgniter\CodeIgniter->handleRequest(null, Object(Config\Cache), false)
 4 FCPATH\index.php(79): CodeIgniter\CodeIgniter->run()
INFO - 2026-03-15 17:41:03 --> Session: Class initialized using 'CodeIgniter\Session\Handlers\FileHandler' driver.
WARNING - 2026-03-15 17:41:03 --> [DEPRECATED] Creation of dynamic property CodeIgniter\HTTP\IncomingRequest::$user is deprecated in APPPATH\Filters\JwtAuthWeb.php on line 32.
 1 SYSTEMPATH\Filters\Filters.php(182): App\Filters\JwtAuthWeb->before(Object(CodeIgniter\HTTP\IncomingRequest), null)
 2 SYSTEMPATH\CodeIgniter.php(475): CodeIgniter\Filters\Filters->run('getChart_All', 'before')
 3 SYSTEMPATH\CodeIgniter.php(361): CodeIgniter\CodeIgniter->handleRequest(null, Object(Config\Cache), false)
 4 FCPATH\index.php(79): CodeIgniter\CodeIgniter->run()
INFO - 2026-03-15 17:41:03 --> Session: Class initialized using 'CodeIgniter\Session\Handlers\FileHandler' driver.
WARNING - 2026-03-15 17:41:03 --> [DEPRECATED] Creation of dynamic property CodeIgniter\HTTP\IncomingRequest::$user is deprecated in APPPATH\Filters\JwtAuthWeb.php on line 32.
 1 SYSTEMPATH\Filters\Filters.php(182): App\Filters\JwtAuthWeb->before(Object(CodeIgniter\HTTP\IncomingRequest), null)
 2 SYSTEMPATH\CodeIgniter.php(475): CodeIgniter\Filters\Filters->run('get_data_chartInproj', 'before')
 3 SYSTEMPATH\CodeIgniter.php(361): CodeIgniter\CodeIgniter->handleRequest(null, Object(Config\Cache), false)
 4 FCPATH\index.php(79): CodeIgniter\CodeIgniter->run()
INFO - 2026-03-15 17:41:04 --> Session: Class initialized using 'CodeIgniter\Session\Handlers\FileHandler' driver.
WARNING - 2026-03-15 17:41:04 --> [DEPRECATED] Creation of dynamic property CodeIgniter\HTTP\IncomingRequest::$user is deprecated in APPPATH\Filters\JwtAuthWeb.php on line 32.
 1 SYSTEMPATH\Filters\Filters.php(182): App\Filters\JwtAuthWeb->before(Object(CodeIgniter\HTTP\IncomingRequest), null)
 2 SYSTEMPATH\CodeIgniter.php(475): CodeIgniter\Filters\Filters->run('getChart_All', 'before')
 3 SYSTEMPATH\CodeIgniter.php(361): CodeIgniter\CodeIgniter->handleRequest(null, Object(Config\Cache), false)
 4 FCPATH\index.php(79): CodeIgniter\CodeIgniter->run()
INFO - 2026-03-15 17:41:04 --> Session: Class initialized using 'CodeIgniter\Session\Handlers\FileHandler' driver.
WARNING - 2026-03-15 17:41:04 --> [DEPRECATED] Creation of dynamic property CodeIgniter\HTTP\IncomingRequest::$user is deprecated in APPPATH\Filters\JwtAuthWeb.php on line 32.
 1 SYSTEMPATH\Filters\Filters.php(182): App\Filters\JwtAuthWeb->before(Object(CodeIgniter\HTTP\IncomingRequest), null)
 2 SYSTEMPATH\CodeIgniter.php(475): CodeIgniter\Filters\Filters->run('getChart_All', 'before')
 3 SYSTEMPATH\CodeIgniter.php(361): CodeIgniter\CodeIgniter->handleRequest(null, Object(Config\Cache), false)
 4 FCPATH\index.php(79): CodeIgniter\CodeIgniter->run()
INFO - 2026-03-15 17:42:05 --> Session: Class initialized using 'CodeIgniter\Session\Handlers\FileHandler' driver.
WARNING - 2026-03-15 17:42:05 --> [DEPRECATED] Creation of dynamic property CodeIgniter\HTTP\IncomingRequest::$user is deprecated in APPPATH\Filters\JwtAuthWeb.php on line 32.
 1 SYSTEMPATH\Filters\Filters.php(182): App\Filters\JwtAuthWeb->before(Object(CodeIgniter\HTTP\IncomingRequest), null)
 2 SYSTEMPATH\CodeIgniter.php(475): CodeIgniter\Filters\Filters->run('dashboard', 'before')
 3 SYSTEMPATH\CodeIgniter.php(361): CodeIgniter\CodeIgniter->handleRequest(null, Object(Config\Cache), false)
 4 FCPATH\index.php(79): CodeIgniter\CodeIgniter->run()
INFO - 2026-03-15 17:42:06 --> Session: Class initialized using 'CodeIgniter\Session\Handlers\FileHandler' driver.
WARNING - 2026-03-15 17:42:06 --> [DEPRECATED] Creation of dynamic property CodeIgniter\HTTP\IncomingRequest::$user is deprecated in APPPATH\Filters\JwtAuthWeb.php on line 32.
 1 SYSTEMPATH\Filters\Filters.php(182): App\Filters\JwtAuthWeb->before(Object(CodeIgniter\HTTP\IncomingRequest), null)
 2 SYSTEMPATH\CodeIgniter.php(475): CodeIgniter\Filters\Filters->run('getChart_data', 'before')
 3 SYSTEMPATH\CodeIgniter.php(361): CodeIgniter\CodeIgniter->handleRequest(null, Object(Config\Cache), false)
 4 FCPATH\index.php(79): CodeIgniter\CodeIgniter->run()
WARNING - 2026-03-15 17:42:06 --> [DEPRECATED] Creation of dynamic property CodeIgniter\HTTP\IncomingRequest::$user is deprecated in APPPATH\Filters\JwtAuth.php on line 47.
 1 SYSTEMPATH\Filters\Filters.php(182): App\Filters\JwtAuth->before(Object(CodeIgniter\HTTP\IncomingRequest), null)
 2 SYSTEMPATH\CodeIgniter.php(475): CodeIgniter\Filters\Filters->run('api/profile', 'before')
 3 SYSTEMPATH\CodeIgniter.php(361): CodeIgniter\CodeIgniter->handleRequest(null, Object(Config\Cache), false)
 4 FCPATH\index.php(79): CodeIgniter\CodeIgniter->run()
INFO - 2026-03-15 17:42:06 --> Session: Class initialized using 'CodeIgniter\Session\Handlers\FileHandler' driver.
WARNING - 2026-03-15 17:42:06 --> [DEPRECATED] Creation of dynamic property CodeIgniter\HTTP\IncomingRequest::$user is deprecated in APPPATH\Filters\JwtAuthWeb.php on line 32.
 1 SYSTEMPATH\Filters\Filters.php(182): App\Filters\JwtAuthWeb->before(Object(CodeIgniter\HTTP\IncomingRequest), null)
 2 SYSTEMPATH\CodeIgniter.php(475): CodeIgniter\Filters\Filters->run('getChart_All', 'before')
 3 SYSTEMPATH\CodeIgniter.php(361): CodeIgniter\CodeIgniter->handleRequest(null, Object(Config\Cache), false)
 4 FCPATH\index.php(79): CodeIgniter\CodeIgniter->run()
INFO - 2026-03-15 17:42:06 --> Session: Class initialized using 'CodeIgniter\Session\Handlers\FileHandler' driver.
WARNING - 2026-03-15 17:42:06 --> [DEPRECATED] Creation of dynamic property CodeIgniter\HTTP\IncomingRequest::$user is deprecated in APPPATH\Filters\JwtAuthWeb.php on line 32.
 1 SYSTEMPATH\Filters\Filters.php(182): App\Filters\JwtAuthWeb->before(Object(CodeIgniter\HTTP\IncomingRequest), null)
 2 SYSTEMPATH\CodeIgniter.php(475): CodeIgniter\Filters\Filters->run('get_data_chartInproj', 'before')
 3 SYSTEMPATH\CodeIgniter.php(361): CodeIgniter\CodeIgniter->handleRequest(null, Object(Config\Cache), false)
 4 FCPATH\index.php(79): CodeIgniter\CodeIgniter->run()
INFO - 2026-03-15 17:42:07 --> Session: Class initialized using 'CodeIgniter\Session\Handlers\FileHandler' driver.
WARNING - 2026-03-15 17:42:07 --> [DEPRECATED] Creation of dynamic property CodeIgniter\HTTP\IncomingRequest::$user is deprecated in APPPATH\Filters\JwtAuthWeb.php on line 32.
 1 SYSTEMPATH\Filters\Filters.php(182): App\Filters\JwtAuthWeb->before(Object(CodeIgniter\HTTP\IncomingRequest), null)
 2 SYSTEMPATH\CodeIgniter.php(475): CodeIgniter\Filters\Filters->run('getChart_All', 'before')
 3 SYSTEMPATH\CodeIgniter.php(361): CodeIgniter\CodeIgniter->handleRequest(null, Object(Config\Cache), false)
 4 FCPATH\index.php(79): CodeIgniter\CodeIgniter->run()
INFO - 2026-03-15 17:42:07 --> Session: Class initialized using 'CodeIgniter\Session\Handlers\FileHandler' driver.
WARNING - 2026-03-15 17:42:07 --> [DEPRECATED] Creation of dynamic property CodeIgniter\HTTP\IncomingRequest::$user is deprecated in APPPATH\Filters\JwtAuthWeb.php on line 32.
 1 SYSTEMPATH\Filters\Filters.php(182): App\Filters\JwtAuthWeb->before(Object(CodeIgniter\HTTP\IncomingRequest), null)
 2 SYSTEMPATH\CodeIgniter.php(475): CodeIgniter\Filters\Filters->run('getChart_All', 'before')
 3 SYSTEMPATH\CodeIgniter.php(361): CodeIgniter\CodeIgniter->handleRequest(null, Object(Config\Cache), false)
 4 FCPATH\index.php(79): CodeIgniter\CodeIgniter->run()
INFO - 2026-03-15 17:43:36 --> Session: Class initialized using 'CodeIgniter\Session\Handlers\FileHandler' driver.
WARNING - 2026-03-15 17:43:36 --> [DEPRECATED] Creation of dynamic property CodeIgniter\HTTP\IncomingRequest::$user is deprecated in APPPATH\Filters\JwtAuthWeb.php on line 32.
 1 SYSTEMPATH\Filters\Filters.php(182): App\Filters\JwtAuthWeb->before(Object(CodeIgniter\HTTP\IncomingRequest), null)
 2 SYSTEMPATH\CodeIgniter.php(475): CodeIgniter\Filters\Filters->run('dashboard', 'before')
 3 SYSTEMPATH\CodeIgniter.php(361): CodeIgniter\CodeIgniter->handleRequest(null, Object(Config\Cache), false)
 4 FCPATH\index.php(79): CodeIgniter\CodeIgniter->run()
WARNING - 2026-03-15 17:43:37 --> [DEPRECATED] Creation of dynamic property CodeIgniter\HTTP\IncomingRequest::$user is deprecated in APPPATH\Filters\JwtAuth.php on line 47.
 1 SYSTEMPATH\Filters\Filters.php(182): App\Filters\JwtAuth->before(Object(CodeIgniter\HTTP\IncomingRequest), null)
 2 SYSTEMPATH\CodeIgniter.php(475): CodeIgniter\Filters\Filters->run('api/profile', 'before')
 3 SYSTEMPATH\CodeIgniter.php(361): CodeIgniter\CodeIgniter->handleRequest(null, Object(Config\Cache), false)
 4 FCPATH\index.php(79): CodeIgniter\CodeIgniter->run()
INFO - 2026-03-15 17:43:37 --> Session: Class initialized using 'CodeIgniter\Session\Handlers\FileHandler' driver.
WARNING - 2026-03-15 17:43:37 --> [DEPRECATED] Creation of dynamic property CodeIgniter\HTTP\IncomingRequest::$user is deprecated in APPPATH\Filters\JwtAuthWeb.php on line 32.
 1 SYSTEMPATH\Filters\Filters.php(182): App\Filters\JwtAuthWeb->before(Object(CodeIgniter\HTTP\IncomingRequest), null)
 2 SYSTEMPATH\CodeIgniter.php(475): CodeIgniter\Filters\Filters->run('getChart_data', 'before')
 3 SYSTEMPATH\CodeIgniter.php(361): CodeIgniter\CodeIgniter->handleRequest(null, Object(Config\Cache), false)
 4 FCPATH\index.php(79): CodeIgniter\CodeIgniter->run()
INFO - 2026-03-15 17:43:37 --> Session: Class initialized using 'CodeIgniter\Session\Handlers\FileHandler' driver.
WARNING - 2026-03-15 17:43:37 --> [DEPRECATED] Creation of dynamic property CodeIgniter\HTTP\IncomingRequest::$user is deprecated in APPPATH\Filters\JwtAuthWeb.php on line 32.
 1 SYSTEMPATH\Filters\Filters.php(182): App\Filters\JwtAuthWeb->before(Object(CodeIgniter\HTTP\IncomingRequest), null)
 2 SYSTEMPATH\CodeIgniter.php(475): CodeIgniter\Filters\Filters->run('getChart_All', 'before')
 3 SYSTEMPATH\CodeIgniter.php(361): CodeIgniter\CodeIgniter->handleRequest(null, Object(Config\Cache), false)
 4 FCPATH\index.php(79): CodeIgniter\CodeIgniter->run()
INFO - 2026-03-15 17:43:37 --> Session: Class initialized using 'CodeIgniter\Session\Handlers\FileHandler' driver.
WARNING - 2026-03-15 17:43:37 --> [DEPRECATED] Creation of dynamic property CodeIgniter\HTTP\IncomingRequest::$user is deprecated in APPPATH\Filters\JwtAuthWeb.php on line 32.
 1 SYSTEMPATH\Filters\Filters.php(182): App\Filters\JwtAuthWeb->before(Object(CodeIgniter\HTTP\IncomingRequest), null)
 2 SYSTEMPATH\CodeIgniter.php(475): CodeIgniter\Filters\Filters->run('get_data_chartInproj', 'before')
 3 SYSTEMPATH\CodeIgniter.php(361): CodeIgniter\CodeIgniter->handleRequest(null, Object(Config\Cache), false)
 4 FCPATH\index.php(79): CodeIgniter\CodeIgniter->run()
INFO - 2026-03-15 17:43:38 --> Session: Class initialized using 'CodeIgniter\Session\Handlers\FileHandler' driver.
WARNING - 2026-03-15 17:43:38 --> [DEPRECATED] Creation of dynamic property CodeIgniter\HTTP\IncomingRequest::$user is deprecated in APPPATH\Filters\JwtAuthWeb.php on line 32.
 1 SYSTEMPATH\Filters\Filters.php(182): App\Filters\JwtAuthWeb->before(Object(CodeIgniter\HTTP\IncomingRequest), null)
 2 SYSTEMPATH\CodeIgniter.php(475): CodeIgniter\Filters\Filters->run('getChart_All', 'before')
 3 SYSTEMPATH\CodeIgniter.php(361): CodeIgniter\CodeIgniter->handleRequest(null, Object(Config\Cache), false)
 4 FCPATH\index.php(79): CodeIgniter\CodeIgniter->run()
INFO - 2026-03-15 17:43:38 --> Session: Class initialized using 'CodeIgniter\Session\Handlers\FileHandler' driver.
WARNING - 2026-03-15 17:43:38 --> [DEPRECATED] Creation of dynamic property CodeIgniter\HTTP\IncomingRequest::$user is deprecated in APPPATH\Filters\JwtAuthWeb.php on line 32.
 1 SYSTEMPATH\Filters\Filters.php(182): App\Filters\JwtAuthWeb->before(Object(CodeIgniter\HTTP\IncomingRequest), null)
 2 SYSTEMPATH\CodeIgniter.php(475): CodeIgniter\Filters\Filters->run('getChart_All', 'before')
 3 SYSTEMPATH\CodeIgniter.php(361): CodeIgniter\CodeIgniter->handleRequest(null, Object(Config\Cache), false)
 4 FCPATH\index.php(79): CodeIgniter\CodeIgniter->run()
INFO - 2026-03-15 17:47:48 --> Session: Class initialized using 'CodeIgniter\Session\Handlers\FileHandler' driver.
WARNING - 2026-03-15 17:47:48 --> [DEPRECATED] Creation of dynamic property CodeIgniter\HTTP\IncomingRequest::$user is deprecated in APPPATH\Filters\JwtAuthWeb.php on line 32.
 1 SYSTEMPATH\Filters\Filters.php(182): App\Filters\JwtAuthWeb->before(Object(CodeIgniter\HTTP\IncomingRequest), null)
 2 SYSTEMPATH\CodeIgniter.php(475): CodeIgniter\Filters\Filters->run('dashboard', 'before')
 3 SYSTEMPATH\CodeIgniter.php(361): CodeIgniter\CodeIgniter->handleRequest(null, Object(Config\Cache), false)
 4 FCPATH\index.php(79): CodeIgniter\CodeIgniter->run()
INFO - 2026-03-15 17:47:49 --> Session: Class initialized using 'CodeIgniter\Session\Handlers\FileHandler' driver.
WARNING - 2026-03-15 17:47:49 --> [DEPRECATED] Creation of dynamic property CodeIgniter\HTTP\IncomingRequest::$user is deprecated in APPPATH\Filters\JwtAuthWeb.php on line 32.
 1 SYSTEMPATH\Filters\Filters.php(182): App\Filters\JwtAuthWeb->before(Object(CodeIgniter\HTTP\IncomingRequest), null)
 2 SYSTEMPATH\CodeIgniter.php(475): CodeIgniter\Filters\Filters->run('getChart_data', 'before')
 3 SYSTEMPATH\CodeIgniter.php(361): CodeIgniter\CodeIgniter->handleRequest(null, Object(Config\Cache), false)
 4 FCPATH\index.php(79): CodeIgniter\CodeIgniter->run()
WARNING - 2026-03-15 17:47:49 --> [DEPRECATED] Creation of dynamic property CodeIgniter\HTTP\IncomingRequest::$user is deprecated in APPPATH\Filters\JwtAuth.php on line 47.
 1 SYSTEMPATH\Filters\Filters.php(182): App\Filters\JwtAuth->before(Object(CodeIgniter\HTTP\IncomingRequest), null)
 2 SYSTEMPATH\CodeIgniter.php(475): CodeIgniter\Filters\Filters->run('api/profile', 'before')
 3 SYSTEMPATH\CodeIgniter.php(361): CodeIgniter\CodeIgniter->handleRequest(null, Object(Config\Cache), false)
 4 FCPATH\index.php(79): CodeIgniter\CodeIgniter->run()
INFO - 2026-03-15 17:47:49 --> Session: Class initialized using 'CodeIgniter\Session\Handlers\FileHandler' driver.
WARNING - 2026-03-15 17:47:49 --> [DEPRECATED] Creation of dynamic property CodeIgniter\HTTP\IncomingRequest::$user is deprecated in APPPATH\Filters\JwtAuthWeb.php on line 32.
 1 SYSTEMPATH\Filters\Filters.php(182): App\Filters\JwtAuthWeb->before(Object(CodeIgniter\HTTP\IncomingRequest), null)
 2 SYSTEMPATH\CodeIgniter.php(475): CodeIgniter\Filters\Filters->run('getChart_All', 'before')
 3 SYSTEMPATH\CodeIgniter.php(361): CodeIgniter\CodeIgniter->handleRequest(null, Object(Config\Cache), false)
 4 FCPATH\index.php(79): CodeIgniter\CodeIgniter->run()
INFO - 2026-03-15 17:47:49 --> Session: Class initialized using 'CodeIgniter\Session\Handlers\FileHandler' driver.
WARNING - 2026-03-15 17:47:49 --> [DEPRECATED] Creation of dynamic property CodeIgniter\HTTP\IncomingRequest::$user is deprecated in APPPATH\Filters\JwtAuthWeb.php on line 32.
 1 SYSTEMPATH\Filters\Filters.php(182): App\Filters\JwtAuthWeb->before(Object(CodeIgniter\HTTP\IncomingRequest), null)
 2 SYSTEMPATH\CodeIgniter.php(475): CodeIgniter\Filters\Filters->run('get_data_chartInproj', 'before')
 3 SYSTEMPATH\CodeIgniter.php(361): CodeIgniter\CodeIgniter->handleRequest(null, Object(Config\Cache), false)
 4 FCPATH\index.php(79): CodeIgniter\CodeIgniter->run()
INFO - 2026-03-15 17:47:49 --> Session: Class initialized using 'CodeIgniter\Session\Handlers\FileHandler' driver.
WARNING - 2026-03-15 17:47:49 --> [DEPRECATED] Creation of dynamic property CodeIgniter\HTTP\IncomingRequest::$user is deprecated in APPPATH\Filters\JwtAuthWeb.php on line 32.
 1 SYSTEMPATH\Filters\Filters.php(182): App\Filters\JwtAuthWeb->before(Object(CodeIgniter\HTTP\IncomingRequest), null)
 2 SYSTEMPATH\CodeIgniter.php(475): CodeIgniter\Filters\Filters->run('getChart_All', 'before')
 3 SYSTEMPATH\CodeIgniter.php(361): CodeIgniter\CodeIgniter->handleRequest(null, Object(Config\Cache), false)
 4 FCPATH\index.php(79): CodeIgniter\CodeIgniter->run()
INFO - 2026-03-15 17:47:49 --> Session: Class initialized using 'CodeIgniter\Session\Handlers\FileHandler' driver.
WARNING - 2026-03-15 17:47:49 --> [DEPRECATED] Creation of dynamic property CodeIgniter\HTTP\IncomingRequest::$user is deprecated in APPPATH\Filters\JwtAuthWeb.php on line 32.
 1 SYSTEMPATH\Filters\Filters.php(182): App\Filters\JwtAuthWeb->before(Object(CodeIgniter\HTTP\IncomingRequest), null)
 2 SYSTEMPATH\CodeIgniter.php(475): CodeIgniter\Filters\Filters->run('getChart_All', 'before')
 3 SYSTEMPATH\CodeIgniter.php(361): CodeIgniter\CodeIgniter->handleRequest(null, Object(Config\Cache), false)
 4 FCPATH\index.php(79): CodeIgniter\CodeIgniter->run()
INFO - 2026-03-15 17:47:50 --> Session: Class initialized using 'CodeIgniter\Session\Handlers\FileHandler' driver.
WARNING - 2026-03-15 17:47:50 --> [DEPRECATED] Creation of dynamic property CodeIgniter\HTTP\IncomingRequest::$user is deprecated in APPPATH\Filters\JwtAuthWeb.php on line 32.
 1 SYSTEMPATH\Filters\Filters.php(182): App\Filters\JwtAuthWeb->before(Object(CodeIgniter\HTTP\IncomingRequest), null)
 2 SYSTEMPATH\CodeIgniter.php(475): CodeIgniter\Filters\Filters->run('dashboard', 'before')
 3 SYSTEMPATH\CodeIgniter.php(361): CodeIgniter\CodeIgniter->handleRequest(null, Object(Config\Cache), false)
 4 FCPATH\index.php(79): CodeIgniter\CodeIgniter->run()
WARNING - 2026-03-15 17:47:50 --> [DEPRECATED] Creation of dynamic property CodeIgniter\HTTP\IncomingRequest::$user is deprecated in APPPATH\Filters\JwtAuth.php on line 47.
 1 SYSTEMPATH\Filters\Filters.php(182): App\Filters\JwtAuth->before(Object(CodeIgniter\HTTP\IncomingRequest), null)
 2 SYSTEMPATH\CodeIgniter.php(475): CodeIgniter\Filters\Filters->run('api/profile', 'before')
 3 SYSTEMPATH\CodeIgniter.php(361): CodeIgniter\CodeIgniter->handleRequest(null, Object(Config\Cache), false)
 4 FCPATH\index.php(79): CodeIgniter\CodeIgniter->run()
INFO - 2026-03-15 17:47:50 --> Session: Class initialized using 'CodeIgniter\Session\Handlers\FileHandler' driver.
WARNING - 2026-03-15 17:47:50 --> [DEPRECATED] Creation of dynamic property CodeIgniter\HTTP\IncomingRequest::$user is deprecated in APPPATH\Filters\JwtAuthWeb.php on line 32.
 1 SYSTEMPATH\Filters\Filters.php(182): App\Filters\JwtAuthWeb->before(Object(CodeIgniter\HTTP\IncomingRequest), null)
 2 SYSTEMPATH\CodeIgniter.php(475): CodeIgniter\Filters\Filters->run('getChart_data', 'before')
 3 SYSTEMPATH\CodeIgniter.php(361): CodeIgniter\CodeIgniter->handleRequest(null, Object(Config\Cache), false)
 4 FCPATH\index.php(79): CodeIgniter\CodeIgniter->run()
INFO - 2026-03-15 17:47:50 --> Session: Class initialized using 'CodeIgniter\Session\Handlers\FileHandler' driver.
WARNING - 2026-03-15 17:47:50 --> [DEPRECATED] Creation of dynamic property CodeIgniter\HTTP\IncomingRequest::$user is deprecated in APPPATH\Filters\JwtAuthWeb.php on line 32.
 1 SYSTEMPATH\Filters\Filters.php(182): App\Filters\JwtAuthWeb->before(Object(CodeIgniter\HTTP\IncomingRequest), null)
 2 SYSTEMPATH\CodeIgniter.php(475): CodeIgniter\Filters\Filters->run('getChart_All', 'before')
 3 SYSTEMPATH\CodeIgniter.php(361): CodeIgniter\CodeIgniter->handleRequest(null, Object(Config\Cache), false)
 4 FCPATH\index.php(79): CodeIgniter\CodeIgniter->run()
INFO - 2026-03-15 17:47:51 --> Session: Class initialized using 'CodeIgniter\Session\Handlers\FileHandler' driver.
WARNING - 2026-03-15 17:47:51 --> [DEPRECATED] Creation of dynamic property CodeIgniter\HTTP\IncomingRequest::$user is deprecated in APPPATH\Filters\JwtAuthWeb.php on line 32.
 1 SYSTEMPATH\Filters\Filters.php(182): App\Filters\JwtAuthWeb->before(Object(CodeIgniter\HTTP\IncomingRequest), null)
 2 SYSTEMPATH\CodeIgniter.php(475): CodeIgniter\Filters\Filters->run('get_data_chartInproj', 'before')
 3 SYSTEMPATH\CodeIgniter.php(361): CodeIgniter\CodeIgniter->handleRequest(null, Object(Config\Cache), false)
 4 FCPATH\index.php(79): CodeIgniter\CodeIgniter->run()
INFO - 2026-03-15 17:47:51 --> Session: Class initialized using 'CodeIgniter\Session\Handlers\FileHandler' driver.
WARNING - 2026-03-15 17:47:51 --> [DEPRECATED] Creation of dynamic property CodeIgniter\HTTP\IncomingRequest::$user is deprecated in APPPATH\Filters\JwtAuthWeb.php on line 32.
 1 SYSTEMPATH\Filters\Filters.php(182): App\Filters\JwtAuthWeb->before(Object(CodeIgniter\HTTP\IncomingRequest), null)
 2 SYSTEMPATH\CodeIgniter.php(475): CodeIgniter\Filters\Filters->run('getChart_All', 'before')
 3 SYSTEMPATH\CodeIgniter.php(361): CodeIgniter\CodeIgniter->handleRequest(null, Object(Config\Cache), false)
 4 FCPATH\index.php(79): CodeIgniter\CodeIgniter->run()
INFO - 2026-03-15 17:47:51 --> Session: Class initialized using 'CodeIgniter\Session\Handlers\FileHandler' driver.
WARNING - 2026-03-15 17:47:51 --> [DEPRECATED] Creation of dynamic property CodeIgniter\HTTP\IncomingRequest::$user is deprecated in APPPATH\Filters\JwtAuthWeb.php on line 32.
 1 SYSTEMPATH\Filters\Filters.php(182): App\Filters\JwtAuthWeb->before(Object(CodeIgniter\HTTP\IncomingRequest), null)
 2 SYSTEMPATH\CodeIgniter.php(475): CodeIgniter\Filters\Filters->run('getChart_All', 'before')
 3 SYSTEMPATH\CodeIgniter.php(361): CodeIgniter\CodeIgniter->handleRequest(null, Object(Config\Cache), false)
 4 FCPATH\index.php(79): CodeIgniter\CodeIgniter->run()
INFO - 2026-03-15 17:51:30 --> Session: Class initialized using 'CodeIgniter\Session\Handlers\FileHandler' driver.
WARNING - 2026-03-15 17:51:30 --> [DEPRECATED] Creation of dynamic property CodeIgniter\HTTP\IncomingRequest::$user is deprecated in APPPATH\Filters\JwtAuthWeb.php on line 32.
 1 SYSTEMPATH\Filters\Filters.php(182): App\Filters\JwtAuthWeb->before(Object(CodeIgniter\HTTP\IncomingRequest), null)
 2 SYSTEMPATH\CodeIgniter.php(475): CodeIgniter\Filters\Filters->run('dashboard', 'before')
 3 SYSTEMPATH\CodeIgniter.php(361): CodeIgniter\CodeIgniter->handleRequest(null, Object(Config\Cache), false)
 4 FCPATH\index.php(79): CodeIgniter\CodeIgniter->run()
INFO - 2026-03-15 17:51:30 --> Session: Class initialized using 'CodeIgniter\Session\Handlers\FileHandler' driver.
WARNING - 2026-03-15 17:51:30 --> [DEPRECATED] Creation of dynamic property CodeIgniter\HTTP\IncomingRequest::$user is deprecated in APPPATH\Filters\JwtAuthWeb.php on line 32.
 1 SYSTEMPATH\Filters\Filters.php(182): App\Filters\JwtAuthWeb->before(Object(CodeIgniter\HTTP\IncomingRequest), null)
 2 SYSTEMPATH\CodeIgniter.php(475): CodeIgniter\Filters\Filters->run('getChart_data', 'before')
 3 SYSTEMPATH\CodeIgniter.php(361): CodeIgniter\CodeIgniter->handleRequest(null, Object(Config\Cache), false)
 4 FCPATH\index.php(79): CodeIgniter\CodeIgniter->run()
WARNING - 2026-03-15 17:51:30 --> [DEPRECATED] Creation of dynamic property CodeIgniter\HTTP\IncomingRequest::$user is deprecated in APPPATH\Filters\JwtAuth.php on line 47.
 1 SYSTEMPATH\Filters\Filters.php(182): App\Filters\JwtAuth->before(Object(CodeIgniter\HTTP\IncomingRequest), null)
 2 SYSTEMPATH\CodeIgniter.php(475): CodeIgniter\Filters\Filters->run('api/profile', 'before')
 3 SYSTEMPATH\CodeIgniter.php(361): CodeIgniter\CodeIgniter->handleRequest(null, Object(Config\Cache), false)
 4 FCPATH\index.php(79): CodeIgniter\CodeIgniter->run()
INFO - 2026-03-15 17:51:31 --> Session: Class initialized using 'CodeIgniter\Session\Handlers\FileHandler' driver.
WARNING - 2026-03-15 17:51:31 --> [DEPRECATED] Creation of dynamic property CodeIgniter\HTTP\IncomingRequest::$user is deprecated in APPPATH\Filters\JwtAuthWeb.php on line 32.
 1 SYSTEMPATH\Filters\Filters.php(182): App\Filters\JwtAuthWeb->before(Object(CodeIgniter\HTTP\IncomingRequest), null)
 2 SYSTEMPATH\CodeIgniter.php(475): CodeIgniter\Filters\Filters->run('getChart_All', 'before')
 3 SYSTEMPATH\CodeIgniter.php(361): CodeIgniter\CodeIgniter->handleRequest(null, Object(Config\Cache), false)
 4 FCPATH\index.php(79): CodeIgniter\CodeIgniter->run()
INFO - 2026-03-15 17:51:31 --> Session: Class initialized using 'CodeIgniter\Session\Handlers\FileHandler' driver.
WARNING - 2026-03-15 17:51:31 --> [DEPRECATED] Creation of dynamic property CodeIgniter\HTTP\IncomingRequest::$user is deprecated in APPPATH\Filters\JwtAuthWeb.php on line 32.
 1 SYSTEMPATH\Filters\Filters.php(182): App\Filters\JwtAuthWeb->before(Object(CodeIgniter\HTTP\IncomingRequest), null)
 2 SYSTEMPATH\CodeIgniter.php(475): CodeIgniter\Filters\Filters->run('get_data_chartInproj', 'before')
 3 SYSTEMPATH\CodeIgniter.php(361): CodeIgniter\CodeIgniter->handleRequest(null, Object(Config\Cache), false)
 4 FCPATH\index.php(79): CodeIgniter\CodeIgniter->run()
INFO - 2026-03-15 17:51:31 --> Session: Class initialized using 'CodeIgniter\Session\Handlers\FileHandler' driver.
WARNING - 2026-03-15 17:51:31 --> [DEPRECATED] Creation of dynamic property CodeIgniter\HTTP\IncomingRequest::$user is deprecated in APPPATH\Filters\JwtAuthWeb.php on line 32.
 1 SYSTEMPATH\Filters\Filters.php(182): App\Filters\JwtAuthWeb->before(Object(CodeIgniter\HTTP\IncomingRequest), null)
 2 SYSTEMPATH\CodeIgniter.php(475): CodeIgniter\Filters\Filters->run('getChart_All', 'before')
 3 SYSTEMPATH\CodeIgniter.php(361): CodeIgniter\CodeIgniter->handleRequest(null, Object(Config\Cache), false)
 4 FCPATH\index.php(79): CodeIgniter\CodeIgniter->run()
INFO - 2026-03-15 17:51:31 --> Session: Class initialized using 'CodeIgniter\Session\Handlers\FileHandler' driver.
WARNING - 2026-03-15 17:51:31 --> [DEPRECATED] Creation of dynamic property CodeIgniter\HTTP\IncomingRequest::$user is deprecated in APPPATH\Filters\JwtAuthWeb.php on line 32.
 1 SYSTEMPATH\Filters\Filters.php(182): App\Filters\JwtAuthWeb->before(Object(CodeIgniter\HTTP\IncomingRequest), null)
 2 SYSTEMPATH\CodeIgniter.php(475): CodeIgniter\Filters\Filters->run('getChart_All', 'before')
 3 SYSTEMPATH\CodeIgniter.php(361): CodeIgniter\CodeIgniter->handleRequest(null, Object(Config\Cache), false)
 4 FCPATH\index.php(79): CodeIgniter\CodeIgniter->run()
INFO - 2026-03-15 17:52:44 --> Session: Class initialized using 'CodeIgniter\Session\Handlers\FileHandler' driver.
WARNING - 2026-03-15 17:52:44 --> [DEPRECATED] Creation of dynamic property CodeIgniter\HTTP\IncomingRequest::$user is deprecated in APPPATH\Filters\JwtAuthWeb.php on line 32.
 1 SYSTEMPATH\Filters\Filters.php(182): App\Filters\JwtAuthWeb->before(Object(CodeIgniter\HTTP\IncomingRequest), null)
 2 SYSTEMPATH\CodeIgniter.php(475): CodeIgniter\Filters\Filters->run('dashboard', 'before')
 3 SYSTEMPATH\CodeIgniter.php(361): CodeIgniter\CodeIgniter->handleRequest(null, Object(Config\Cache), false)
 4 FCPATH\index.php(79): CodeIgniter\CodeIgniter->run()
WARNING - 2026-03-15 17:52:44 --> [DEPRECATED] Creation of dynamic property CodeIgniter\HTTP\IncomingRequest::$user is deprecated in APPPATH\Filters\JwtAuth.php on line 47.
 1 SYSTEMPATH\Filters\Filters.php(182): App\Filters\JwtAuth->before(Object(CodeIgniter\HTTP\IncomingRequest), null)
 2 SYSTEMPATH\CodeIgniter.php(475): CodeIgniter\Filters\Filters->run('api/profile', 'before')
 3 SYSTEMPATH\CodeIgniter.php(361): CodeIgniter\CodeIgniter->handleRequest(null, Object(Config\Cache), false)
 4 FCPATH\index.php(79): CodeIgniter\CodeIgniter->run()
INFO - 2026-03-15 17:52:44 --> Session: Class initialized using 'CodeIgniter\Session\Handlers\FileHandler' driver.
WARNING - 2026-03-15 17:52:44 --> [DEPRECATED] Creation of dynamic property CodeIgniter\HTTP\IncomingRequest::$user is deprecated in APPPATH\Filters\JwtAuthWeb.php on line 32.
 1 SYSTEMPATH\Filters\Filters.php(182): App\Filters\JwtAuthWeb->before(Object(CodeIgniter\HTTP\IncomingRequest), null)
 2 SYSTEMPATH\CodeIgniter.php(475): CodeIgniter\Filters\Filters->run('getChart_data', 'before')
 3 SYSTEMPATH\CodeIgniter.php(361): CodeIgniter\CodeIgniter->handleRequest(null, Object(Config\Cache), false)
 4 FCPATH\index.php(79): CodeIgniter\CodeIgniter->run()
INFO - 2026-03-15 17:52:44 --> Session: Class initialized using 'CodeIgniter\Session\Handlers\FileHandler' driver.
WARNING - 2026-03-15 17:52:44 --> [DEPRECATED] Creation of dynamic property CodeIgniter\HTTP\IncomingRequest::$user is deprecated in APPPATH\Filters\JwtAuthWeb.php on line 32.
 1 SYSTEMPATH\Filters\Filters.php(182): App\Filters\JwtAuthWeb->before(Object(CodeIgniter\HTTP\IncomingRequest), null)
 2 SYSTEMPATH\CodeIgniter.php(475): CodeIgniter\Filters\Filters->run('getChart_All', 'before')
 3 SYSTEMPATH\CodeIgniter.php(361): CodeIgniter\CodeIgniter->handleRequest(null, Object(Config\Cache), false)
 4 FCPATH\index.php(79): CodeIgniter\CodeIgniter->run()
INFO - 2026-03-15 17:52:45 --> Session: Class initialized using 'CodeIgniter\Session\Handlers\FileHandler' driver.
WARNING - 2026-03-15 17:52:45 --> [DEPRECATED] Creation of dynamic property CodeIgniter\HTTP\IncomingRequest::$user is deprecated in APPPATH\Filters\JwtAuthWeb.php on line 32.
 1 SYSTEMPATH\Filters\Filters.php(182): App\Filters\JwtAuthWeb->before(Object(CodeIgniter\HTTP\IncomingRequest), null)
 2 SYSTEMPATH\CodeIgniter.php(475): CodeIgniter\Filters\Filters->run('get_data_chartInproj', 'before')
 3 SYSTEMPATH\CodeIgniter.php(361): CodeIgniter\CodeIgniter->handleRequest(null, Object(Config\Cache), false)
 4 FCPATH\index.php(79): CodeIgniter\CodeIgniter->run()
INFO - 2026-03-15 17:52:45 --> Session: Class initialized using 'CodeIgniter\Session\Handlers\FileHandler' driver.
WARNING - 2026-03-15 17:52:45 --> [DEPRECATED] Creation of dynamic property CodeIgniter\HTTP\IncomingRequest::$user is deprecated in APPPATH\Filters\JwtAuthWeb.php on line 32.
 1 SYSTEMPATH\Filters\Filters.php(182): App\Filters\JwtAuthWeb->before(Object(CodeIgniter\HTTP\IncomingRequest), null)
 2 SYSTEMPATH\CodeIgniter.php(475): CodeIgniter\Filters\Filters->run('getChart_All', 'before')
 3 SYSTEMPATH\CodeIgniter.php(361): CodeIgniter\CodeIgniter->handleRequest(null, Object(Config\Cache), false)
 4 FCPATH\index.php(79): CodeIgniter\CodeIgniter->run()
INFO - 2026-03-15 17:52:45 --> Session: Class initialized using 'CodeIgniter\Session\Handlers\FileHandler' driver.
WARNING - 2026-03-15 17:52:45 --> [DEPRECATED] Creation of dynamic property CodeIgniter\HTTP\IncomingRequest::$user is deprecated in APPPATH\Filters\JwtAuthWeb.php on line 32.
 1 SYSTEMPATH\Filters\Filters.php(182): App\Filters\JwtAuthWeb->before(Object(CodeIgniter\HTTP\IncomingRequest), null)
 2 SYSTEMPATH\CodeIgniter.php(475): CodeIgniter\Filters\Filters->run('getChart_All', 'before')
 3 SYSTEMPATH\CodeIgniter.php(361): CodeIgniter\CodeIgniter->handleRequest(null, Object(Config\Cache), false)
 4 FCPATH\index.php(79): CodeIgniter\CodeIgniter->run()
INFO - 2026-03-15 17:56:21 --> Session: Class initialized using 'CodeIgniter\Session\Handlers\FileHandler' driver.
WARNING - 2026-03-15 17:56:21 --> [DEPRECATED] Creation of dynamic property CodeIgniter\HTTP\IncomingRequest::$user is deprecated in APPPATH\Filters\JwtAuthWeb.php on line 32.
 1 SYSTEMPATH\Filters\Filters.php(182): App\Filters\JwtAuthWeb->before(Object(CodeIgniter\HTTP\IncomingRequest), null)
 2 SYSTEMPATH\CodeIgniter.php(475): CodeIgniter\Filters\Filters->run('dashboard', 'before')
 3 SYSTEMPATH\CodeIgniter.php(361): CodeIgniter\CodeIgniter->handleRequest(null, Object(Config\Cache), false)
 4 FCPATH\index.php(79): CodeIgniter\CodeIgniter->run()
WARNING - 2026-03-15 17:56:21 --> [DEPRECATED] Creation of dynamic property CodeIgniter\HTTP\IncomingRequest::$user is deprecated in APPPATH\Filters\JwtAuth.php on line 47.
 1 SYSTEMPATH\Filters\Filters.php(182): App\Filters\JwtAuth->before(Object(CodeIgniter\HTTP\IncomingRequest), null)
 2 SYSTEMPATH\CodeIgniter.php(475): CodeIgniter\Filters\Filters->run('api/profile', 'before')
 3 SYSTEMPATH\CodeIgniter.php(361): CodeIgniter\CodeIgniter->handleRequest(null, Object(Config\Cache), false)
 4 FCPATH\index.php(79): CodeIgniter\CodeIgniter->run()
INFO - 2026-03-15 17:56:21 --> Session: Class initialized using 'CodeIgniter\Session\Handlers\FileHandler' driver.
WARNING - 2026-03-15 17:56:21 --> [DEPRECATED] Creation of dynamic property CodeIgniter\HTTP\IncomingRequest::$user is deprecated in APPPATH\Filters\JwtAuthWeb.php on line 32.
 1 SYSTEMPATH\Filters\Filters.php(182): App\Filters\JwtAuthWeb->before(Object(CodeIgniter\HTTP\IncomingRequest), null)
 2 SYSTEMPATH\CodeIgniter.php(475): CodeIgniter\Filters\Filters->run('getChart_data', 'before')
 3 SYSTEMPATH\CodeIgniter.php(361): CodeIgniter\CodeIgniter->handleRequest(null, Object(Config\Cache), false)
 4 FCPATH\index.php(79): CodeIgniter\CodeIgniter->run()
INFO - 2026-03-15 17:56:21 --> Session: Class initialized using 'CodeIgniter\Session\Handlers\FileHandler' driver.
WARNING - 2026-03-15 17:56:21 --> [DEPRECATED] Creation of dynamic property CodeIgniter\HTTP\IncomingRequest::$user is deprecated in APPPATH\Filters\JwtAuthWeb.php on line 32.
 1 SYSTEMPATH\Filters\Filters.php(182): App\Filters\JwtAuthWeb->before(Object(CodeIgniter\HTTP\IncomingRequest), null)
 2 SYSTEMPATH\CodeIgniter.php(475): CodeIgniter\Filters\Filters->run('getChart_All', 'before')
 3 SYSTEMPATH\CodeIgniter.php(361): CodeIgniter\CodeIgniter->handleRequest(null, Object(Config\Cache), false)
 4 FCPATH\index.php(79): CodeIgniter\CodeIgniter->run()
INFO - 2026-03-15 17:56:21 --> Session: Class initialized using 'CodeIgniter\Session\Handlers\FileHandler' driver.
WARNING - 2026-03-15 17:56:21 --> [DEPRECATED] Creation of dynamic property CodeIgniter\HTTP\IncomingRequest::$user is deprecated in APPPATH\Filters\JwtAuthWeb.php on line 32.
 1 SYSTEMPATH\Filters\Filters.php(182): App\Filters\JwtAuthWeb->before(Object(CodeIgniter\HTTP\IncomingRequest), null)
 2 SYSTEMPATH\CodeIgniter.php(475): CodeIgniter\Filters\Filters->run('get_data_chartInproj', 'before')
 3 SYSTEMPATH\CodeIgniter.php(361): CodeIgniter\CodeIgniter->handleRequest(null, Object(Config\Cache), false)
 4 FCPATH\index.php(79): CodeIgniter\CodeIgniter->run()
INFO - 2026-03-15 17:56:21 --> Session: Class initialized using 'CodeIgniter\Session\Handlers\FileHandler' driver.
WARNING - 2026-03-15 17:56:21 --> [DEPRECATED] Creation of dynamic property CodeIgniter\HTTP\IncomingRequest::$user is deprecated in APPPATH\Filters\JwtAuthWeb.php on line 32.
 1 SYSTEMPATH\Filters\Filters.php(182): App\Filters\JwtAuthWeb->before(Object(CodeIgniter\HTTP\IncomingRequest), null)
 2 SYSTEMPATH\CodeIgniter.php(475): CodeIgniter\Filters\Filters->run('getChart_All', 'before')
 3 SYSTEMPATH\CodeIgniter.php(361): CodeIgniter\CodeIgniter->handleRequest(null, Object(Config\Cache), false)
 4 FCPATH\index.php(79): CodeIgniter\CodeIgniter->run()
INFO - 2026-03-15 17:56:21 --> Session: Class initialized using 'CodeIgniter\Session\Handlers\FileHandler' driver.
WARNING - 2026-03-15 17:56:21 --> [DEPRECATED] Creation of dynamic property CodeIgniter\HTTP\IncomingRequest::$user is deprecated in APPPATH\Filters\JwtAuthWeb.php on line 32.
 1 SYSTEMPATH\Filters\Filters.php(182): App\Filters\JwtAuthWeb->before(Object(CodeIgniter\HTTP\IncomingRequest), null)
 2 SYSTEMPATH\CodeIgniter.php(475): CodeIgniter\Filters\Filters->run('getChart_All', 'before')
 3 SYSTEMPATH\CodeIgniter.php(361): CodeIgniter\CodeIgniter->handleRequest(null, Object(Config\Cache), false)
 4 FCPATH\index.php(79): CodeIgniter\CodeIgniter->run()
INFO - 2026-03-15 18:08:46 --> Session: Class initialized using 'CodeIgniter\Session\Handlers\FileHandler' driver.
WARNING - 2026-03-15 18:08:46 --> [DEPRECATED] Creation of dynamic property CodeIgniter\HTTP\IncomingRequest::$user is deprecated in APPPATH\Filters\JwtAuthWeb.php on line 32.
 1 SYSTEMPATH\Filters\Filters.php(182): App\Filters\JwtAuthWeb->before(Object(CodeIgniter\HTTP\IncomingRequest), null)
 2 SYSTEMPATH\CodeIgniter.php(475): CodeIgniter\Filters\Filters->run('dashboard', 'before')
 3 SYSTEMPATH\CodeIgniter.php(361): CodeIgniter\CodeIgniter->handleRequest(null, Object(Config\Cache), false)
 4 FCPATH\index.php(79): CodeIgniter\CodeIgniter->run()
WARNING - 2026-03-15 18:08:46 --> [DEPRECATED] Creation of dynamic property CodeIgniter\HTTP\IncomingRequest::$user is deprecated in APPPATH\Filters\JwtAuth.php on line 47.
 1 SYSTEMPATH\Filters\Filters.php(182): App\Filters\JwtAuth->before(Object(CodeIgniter\HTTP\IncomingRequest), null)
 2 SYSTEMPATH\CodeIgniter.php(475): CodeIgniter\Filters\Filters->run('api/profile', 'before')
 3 SYSTEMPATH\CodeIgniter.php(361): CodeIgniter\CodeIgniter->handleRequest(null, Object(Config\Cache), false)
 4 FCPATH\index.php(79): CodeIgniter\CodeIgniter->run()
INFO - 2026-03-15 18:08:46 --> Session: Class initialized using 'CodeIgniter\Session\Handlers\FileHandler' driver.
WARNING - 2026-03-15 18:08:46 --> [DEPRECATED] Creation of dynamic property CodeIgniter\HTTP\IncomingRequest::$user is deprecated in APPPATH\Filters\JwtAuthWeb.php on line 32.
 1 SYSTEMPATH\Filters\Filters.php(182): App\Filters\JwtAuthWeb->before(Object(CodeIgniter\HTTP\IncomingRequest), null)
 2 SYSTEMPATH\CodeIgniter.php(475): CodeIgniter\Filters\Filters->run('getChart_data', 'before')
 3 SYSTEMPATH\CodeIgniter.php(361): CodeIgniter\CodeIgniter->handleRequest(null, Object(Config\Cache), false)
 4 FCPATH\index.php(79): CodeIgniter\CodeIgniter->run()
INFO - 2026-03-15 18:08:46 --> Session: Class initialized using 'CodeIgniter\Session\Handlers\FileHandler' driver.
WARNING - 2026-03-15 18:08:46 --> [DEPRECATED] Creation of dynamic property CodeIgniter\HTTP\IncomingRequest::$user is deprecated in APPPATH\Filters\JwtAuthWeb.php on line 32.
 1 SYSTEMPATH\Filters\Filters.php(182): App\Filters\JwtAuthWeb->before(Object(CodeIgniter\HTTP\IncomingRequest), null)
 2 SYSTEMPATH\CodeIgniter.php(475): CodeIgniter\Filters\Filters->run('getChart_All', 'before')
 3 SYSTEMPATH\CodeIgniter.php(361): CodeIgniter\CodeIgniter->handleRequest(null, Object(Config\Cache), false)
 4 FCPATH\index.php(79): CodeIgniter\CodeIgniter->run()
INFO - 2026-03-15 18:08:46 --> Session: Class initialized using 'CodeIgniter\Session\Handlers\FileHandler' driver.
WARNING - 2026-03-15 18:08:46 --> [DEPRECATED] Creation of dynamic property CodeIgniter\HTTP\IncomingRequest::$user is deprecated in APPPATH\Filters\JwtAuthWeb.php on line 32.
 1 SYSTEMPATH\Filters\Filters.php(182): App\Filters\JwtAuthWeb->before(Object(CodeIgniter\HTTP\IncomingRequest), null)
 2 SYSTEMPATH\CodeIgniter.php(475): CodeIgniter\Filters\Filters->run('get_data_chartInproj', 'before')
 3 SYSTEMPATH\CodeIgniter.php(361): CodeIgniter\CodeIgniter->handleRequest(null, Object(Config\Cache), false)
 4 FCPATH\index.php(79): CodeIgniter\CodeIgniter->run()
INFO - 2026-03-15 18:08:47 --> Session: Class initialized using 'CodeIgniter\Session\Handlers\FileHandler' driver.
WARNING - 2026-03-15 18:08:47 --> [DEPRECATED] Creation of dynamic property CodeIgniter\HTTP\IncomingRequest::$user is deprecated in APPPATH\Filters\JwtAuthWeb.php on line 32.
 1 SYSTEMPATH\Filters\Filters.php(182): App\Filters\JwtAuthWeb->before(Object(CodeIgniter\HTTP\IncomingRequest), null)
 2 SYSTEMPATH\CodeIgniter.php(475): CodeIgniter\Filters\Filters->run('get_risk_Chart_bf', 'before')
 3 SYSTEMPATH\CodeIgniter.php(361): CodeIgniter\CodeIgniter->handleRequest(null, Object(Config\Cache), false)
 4 FCPATH\index.php(79): CodeIgniter\CodeIgniter->run()
CRITICAL - 2026-03-15 18:08:47 --> ErrorException: Undefined array key "villname"
in APPPATH\Controllers\Admin.php on line 180.
 1 APPPATH\Controllers\Admin.php(180): CodeIgniter\Debug\Exceptions->errorHandler(2, 'Undefined array key "villname"', 'D:\\xampp6\\htdocs\\smm-HL\\app\\Controllers\\Admin.php', 180)
 2 SYSTEMPATH\CodeIgniter.php(943): App\Controllers\Admin->get_risk_Chart_bf()
 3 SYSTEMPATH\CodeIgniter.php(503): CodeIgniter\CodeIgniter->runController(Object(App\Controllers\Admin))
 4 SYSTEMPATH\CodeIgniter.php(361): CodeIgniter\CodeIgniter->handleRequest(null, Object(Config\Cache), false)
 5 FCPATH\index.php(79): CodeIgniter\CodeIgniter->run()
INFO - 2026-03-15 18:08:47 --> Session: Class initialized using 'CodeIgniter\Session\Handlers\FileHandler' driver.
WARNING - 2026-03-15 18:08:47 --> [DEPRECATED] Creation of dynamic property CodeIgniter\HTTP\IncomingRequest::$user is deprecated in APPPATH\Filters\JwtAuthWeb.php on line 32.
 1 SYSTEMPATH\Filters\Filters.php(182): App\Filters\JwtAuthWeb->before(Object(CodeIgniter\HTTP\IncomingRequest), null)
 2 SYSTEMPATH\CodeIgniter.php(475): CodeIgniter\Filters\Filters->run('get_risk_Chart_af', 'before')
 3 SYSTEMPATH\CodeIgniter.php(361): CodeIgniter\CodeIgniter->handleRequest(null, Object(Config\Cache), false)
 4 FCPATH\index.php(79): CodeIgniter\CodeIgniter->run()
CRITICAL - 2026-03-15 18:08:47 --> ErrorException: Undefined array key "villname"
in APPPATH\Controllers\Admin.php on line 204.
 1 APPPATH\Controllers\Admin.php(204): CodeIgniter\Debug\Exceptions->errorHandler(2, 'Undefined array key "villname"', 'D:\\xampp6\\htdocs\\smm-HL\\app\\Controllers\\Admin.php', 204)
 2 SYSTEMPATH\CodeIgniter.php(943): App\Controllers\Admin->get_risk_Chart_af()
 3 SYSTEMPATH\CodeIgniter.php(503): CodeIgniter\CodeIgniter->runController(Object(App\Controllers\Admin))
 4 SYSTEMPATH\CodeIgniter.php(361): CodeIgniter\CodeIgniter->handleRequest(null, Object(Config\Cache), false)
 5 FCPATH\index.php(79): CodeIgniter\CodeIgniter->run()
INFO - 2026-03-15 18:10:02 --> Session: Class initialized using 'CodeIgniter\Session\Handlers\FileHandler' driver.
WARNING - 2026-03-15 18:10:02 --> [DEPRECATED] Creation of dynamic property CodeIgniter\HTTP\IncomingRequest::$user is deprecated in APPPATH\Filters\JwtAuthWeb.php on line 32.
 1 SYSTEMPATH\Filters\Filters.php(182): App\Filters\JwtAuthWeb->before(Object(CodeIgniter\HTTP\IncomingRequest), null)
 2 SYSTEMPATH\CodeIgniter.php(475): CodeIgniter\Filters\Filters->run('dashboard', 'before')
 3 SYSTEMPATH\CodeIgniter.php(361): CodeIgniter\CodeIgniter->handleRequest(null, Object(Config\Cache), false)
 4 FCPATH\index.php(79): CodeIgniter\CodeIgniter->run()
WARNING - 2026-03-15 18:10:02 --> [DEPRECATED] Creation of dynamic property CodeIgniter\HTTP\IncomingRequest::$user is deprecated in APPPATH\Filters\JwtAuth.php on line 47.
 1 SYSTEMPATH\Filters\Filters.php(182): App\Filters\JwtAuth->before(Object(CodeIgniter\HTTP\IncomingRequest), null)
 2 SYSTEMPATH\CodeIgniter.php(475): CodeIgniter\Filters\Filters->run('api/profile', 'before')
 3 SYSTEMPATH\CodeIgniter.php(361): CodeIgniter\CodeIgniter->handleRequest(null, Object(Config\Cache), false)
 4 FCPATH\index.php(79): CodeIgniter\CodeIgniter->run()
INFO - 2026-03-15 18:10:02 --> Session: Class initialized using 'CodeIgniter\Session\Handlers\FileHandler' driver.
WARNING - 2026-03-15 18:10:02 --> [DEPRECATED] Creation of dynamic property CodeIgniter\HTTP\IncomingRequest::$user is deprecated in APPPATH\Filters\JwtAuthWeb.php on line 32.
 1 SYSTEMPATH\Filters\Filters.php(182): App\Filters\JwtAuthWeb->before(Object(CodeIgniter\HTTP\IncomingRequest), null)
 2 SYSTEMPATH\CodeIgniter.php(475): CodeIgniter\Filters\Filters->run('getChart_data', 'before')
 3 SYSTEMPATH\CodeIgniter.php(361): CodeIgniter\CodeIgniter->handleRequest(null, Object(Config\Cache), false)
 4 FCPATH\index.php(79): CodeIgniter\CodeIgniter->run()
INFO - 2026-03-15 18:10:02 --> Session: Class initialized using 'CodeIgniter\Session\Handlers\FileHandler' driver.
WARNING - 2026-03-15 18:10:02 --> [DEPRECATED] Creation of dynamic property CodeIgniter\HTTP\IncomingRequest::$user is deprecated in APPPATH\Filters\JwtAuthWeb.php on line 32.
 1 SYSTEMPATH\Filters\Filters.php(182): App\Filters\JwtAuthWeb->before(Object(CodeIgniter\HTTP\IncomingRequest), null)
 2 SYSTEMPATH\CodeIgniter.php(475): CodeIgniter\Filters\Filters->run('getChart_All', 'before')
 3 SYSTEMPATH\CodeIgniter.php(361): CodeIgniter\CodeIgniter->handleRequest(null, Object(Config\Cache), false)
 4 FCPATH\index.php(79): CodeIgniter\CodeIgniter->run()
INFO - 2026-03-15 18:10:02 --> Session: Class initialized using 'CodeIgniter\Session\Handlers\FileHandler' driver.
WARNING - 2026-03-15 18:10:02 --> [DEPRECATED] Creation of dynamic property CodeIgniter\HTTP\IncomingRequest::$user is deprecated in APPPATH\Filters\JwtAuthWeb.php on line 32.
 1 SYSTEMPATH\Filters\Filters.php(182): App\Filters\JwtAuthWeb->before(Object(CodeIgniter\HTTP\IncomingRequest), null)
 2 SYSTEMPATH\CodeIgniter.php(475): CodeIgniter\Filters\Filters->run('get_data_chartInproj', 'before')
 3 SYSTEMPATH\CodeIgniter.php(361): CodeIgniter\CodeIgniter->handleRequest(null, Object(Config\Cache), false)
 4 FCPATH\index.php(79): CodeIgniter\CodeIgniter->run()
INFO - 2026-03-15 18:10:02 --> Session: Class initialized using 'CodeIgniter\Session\Handlers\FileHandler' driver.
WARNING - 2026-03-15 18:10:02 --> [DEPRECATED] Creation of dynamic property CodeIgniter\HTTP\IncomingRequest::$user is deprecated in APPPATH\Filters\JwtAuthWeb.php on line 32.
 1 SYSTEMPATH\Filters\Filters.php(182): App\Filters\JwtAuthWeb->before(Object(CodeIgniter\HTTP\IncomingRequest), null)
 2 SYSTEMPATH\CodeIgniter.php(475): CodeIgniter\Filters\Filters->run('get_risk_Chart_bf', 'before')
 3 SYSTEMPATH\CodeIgniter.php(361): CodeIgniter\CodeIgniter->handleRequest(null, Object(Config\Cache), false)
 4 FCPATH\index.php(79): CodeIgniter\CodeIgniter->run()
CRITICAL - 2026-03-15 18:10:02 --> ErrorException: Undefined array key "villname"
in APPPATH\Controllers\Admin.php on line 180.
 1 APPPATH\Controllers\Admin.php(180): CodeIgniter\Debug\Exceptions->errorHandler(2, 'Undefined array key "villname"', 'D:\\xampp6\\htdocs\\smm-HL\\app\\Controllers\\Admin.php', 180)
 2 SYSTEMPATH\CodeIgniter.php(943): App\Controllers\Admin->get_risk_Chart_bf()
 3 SYSTEMPATH\CodeIgniter.php(503): CodeIgniter\CodeIgniter->runController(Object(App\Controllers\Admin))
 4 SYSTEMPATH\CodeIgniter.php(361): CodeIgniter\CodeIgniter->handleRequest(null, Object(Config\Cache), false)
 5 FCPATH\index.php(79): CodeIgniter\CodeIgniter->run()
INFO - 2026-03-15 18:10:02 --> Session: Class initialized using 'CodeIgniter\Session\Handlers\FileHandler' driver.
WARNING - 2026-03-15 18:10:02 --> [DEPRECATED] Creation of dynamic property CodeIgniter\HTTP\IncomingRequest::$user is deprecated in APPPATH\Filters\JwtAuthWeb.php on line 32.
 1 SYSTEMPATH\Filters\Filters.php(182): App\Filters\JwtAuthWeb->before(Object(CodeIgniter\HTTP\IncomingRequest), null)
 2 SYSTEMPATH\CodeIgniter.php(475): CodeIgniter\Filters\Filters->run('get_risk_Chart_af', 'before')
 3 SYSTEMPATH\CodeIgniter.php(361): CodeIgniter\CodeIgniter->handleRequest(null, Object(Config\Cache), false)
 4 FCPATH\index.php(79): CodeIgniter\CodeIgniter->run()
CRITICAL - 2026-03-15 18:10:03 --> ErrorException: Undefined array key "villname"
in APPPATH\Controllers\Admin.php on line 204.
 1 APPPATH\Controllers\Admin.php(204): CodeIgniter\Debug\Exceptions->errorHandler(2, 'Undefined array key "villname"', 'D:\\xampp6\\htdocs\\smm-HL\\app\\Controllers\\Admin.php', 204)
 2 SYSTEMPATH\CodeIgniter.php(943): App\Controllers\Admin->get_risk_Chart_af()
 3 SYSTEMPATH\CodeIgniter.php(503): CodeIgniter\CodeIgniter->runController(Object(App\Controllers\Admin))
 4 SYSTEMPATH\CodeIgniter.php(361): CodeIgniter\CodeIgniter->handleRequest(null, Object(Config\Cache), false)
 5 FCPATH\index.php(79): CodeIgniter\CodeIgniter->run()
INFO - 2026-03-15 18:16:00 --> Session: Class initialized using 'CodeIgniter\Session\Handlers\FileHandler' driver.
WARNING - 2026-03-15 18:16:00 --> [DEPRECATED] Creation of dynamic property CodeIgniter\HTTP\IncomingRequest::$user is deprecated in APPPATH\Filters\JwtAuthWeb.php on line 32.
 1 SYSTEMPATH\Filters\Filters.php(182): App\Filters\JwtAuthWeb->before(Object(CodeIgniter\HTTP\IncomingRequest), null)
 2 SYSTEMPATH\CodeIgniter.php(475): CodeIgniter\Filters\Filters->run('get_risk_Chart_af', 'before')
 3 SYSTEMPATH\CodeIgniter.php(361): CodeIgniter\CodeIgniter->handleRequest(null, Object(Config\Cache), false)
 4 FCPATH\index.php(79): CodeIgniter\CodeIgniter->run()
CRITICAL - 2026-03-15 18:16:00 --> ErrorException: Undefined array key "villname"
in APPPATH\Controllers\Admin.php on line 204.
 1 APPPATH\Controllers\Admin.php(204): CodeIgniter\Debug\Exceptions->errorHandler(2, 'Undefined array key "villname"', 'D:\\xampp6\\htdocs\\smm-HL\\app\\Controllers\\Admin.php', 204)
 2 SYSTEMPATH\CodeIgniter.php(943): App\Controllers\Admin->get_risk_Chart_af()
 3 SYSTEMPATH\CodeIgniter.php(503): CodeIgniter\CodeIgniter->runController(Object(App\Controllers\Admin))
 4 SYSTEMPATH\CodeIgniter.php(361): CodeIgniter\CodeIgniter->handleRequest(null, Object(Config\Cache), false)
 5 FCPATH\index.php(79): CodeIgniter\CodeIgniter->run()
INFO - 2026-03-15 18:23:48 --> Session: Class initialized using 'CodeIgniter\Session\Handlers\FileHandler' driver.
WARNING - 2026-03-15 18:23:48 --> [DEPRECATED] Creation of dynamic property CodeIgniter\HTTP\IncomingRequest::$user is deprecated in APPPATH\Filters\JwtAuthWeb.php on line 32.
 1 SYSTEMPATH\Filters\Filters.php(182): App\Filters\JwtAuthWeb->before(Object(CodeIgniter\HTTP\IncomingRequest), null)
 2 SYSTEMPATH\CodeIgniter.php(475): CodeIgniter\Filters\Filters->run('get_risk_Chart_af', 'before')
 3 SYSTEMPATH\CodeIgniter.php(361): CodeIgniter\CodeIgniter->handleRequest(null, Object(Config\Cache), false)
 4 FCPATH\index.php(79): CodeIgniter\CodeIgniter->run()
CRITICAL - 2026-03-15 18:23:48 --> ErrorException: Undefined array key "countID"
in APPPATH\Controllers\Admin.php on line 205.
 1 APPPATH\Controllers\Admin.php(205): CodeIgniter\Debug\Exceptions->errorHandler(2, 'Undefined array key "countID"', 'D:\\xampp6\\htdocs\\smm-HL\\app\\Controllers\\Admin.php', 205)
 2 SYSTEMPATH\CodeIgniter.php(943): App\Controllers\Admin->get_risk_Chart_af()
 3 SYSTEMPATH\CodeIgniter.php(503): CodeIgniter\CodeIgniter->runController(Object(App\Controllers\Admin))
 4 SYSTEMPATH\CodeIgniter.php(361): CodeIgniter\CodeIgniter->handleRequest(null, Object(Config\Cache), false)
 5 FCPATH\index.php(79): CodeIgniter\CodeIgniter->run()
INFO - 2026-03-15 18:26:03 --> Session: Class initialized using 'CodeIgniter\Session\Handlers\FileHandler' driver.
WARNING - 2026-03-15 18:26:03 --> [DEPRECATED] Creation of dynamic property CodeIgniter\HTTP\IncomingRequest::$user is deprecated in APPPATH\Filters\JwtAuthWeb.php on line 32.
 1 SYSTEMPATH\Filters\Filters.php(182): App\Filters\JwtAuthWeb->before(Object(CodeIgniter\HTTP\IncomingRequest), null)
 2 SYSTEMPATH\CodeIgniter.php(475): CodeIgniter\Filters\Filters->run('get_risk_Chart_af', 'before')
 3 SYSTEMPATH\CodeIgniter.php(361): CodeIgniter\CodeIgniter->handleRequest(null, Object(Config\Cache), false)
 4 FCPATH\index.php(79): CodeIgniter\CodeIgniter->run()
INFO - 2026-03-15 18:27:00 --> Session: Class initialized using 'CodeIgniter\Session\Handlers\FileHandler' driver.
WARNING - 2026-03-15 18:27:00 --> [DEPRECATED] Creation of dynamic property CodeIgniter\HTTP\IncomingRequest::$user is deprecated in APPPATH\Filters\JwtAuthWeb.php on line 32.
 1 SYSTEMPATH\Filters\Filters.php(182): App\Filters\JwtAuthWeb->before(Object(CodeIgniter\HTTP\IncomingRequest), null)
 2 SYSTEMPATH\CodeIgniter.php(475): CodeIgniter\Filters\Filters->run('get_risk_Chart_af', 'before')
 3 SYSTEMPATH\CodeIgniter.php(361): CodeIgniter\CodeIgniter->handleRequest(null, Object(Config\Cache), false)
 4 FCPATH\index.php(79): CodeIgniter\CodeIgniter->run()
INFO - 2026-03-15 18:27:01 --> Session: Class initialized using 'CodeIgniter\Session\Handlers\FileHandler' driver.
WARNING - 2026-03-15 18:27:01 --> [DEPRECATED] Creation of dynamic property CodeIgniter\HTTP\IncomingRequest::$user is deprecated in APPPATH\Filters\JwtAuthWeb.php on line 32.
 1 SYSTEMPATH\Filters\Filters.php(182): App\Filters\JwtAuthWeb->before(Object(CodeIgniter\HTTP\IncomingRequest), null)
 2 SYSTEMPATH\CodeIgniter.php(475): CodeIgniter\Filters\Filters->run('get_risk_Chart_af', 'before')
 3 SYSTEMPATH\CodeIgniter.php(361): CodeIgniter\CodeIgniter->handleRequest(null, Object(Config\Cache), false)
 4 FCPATH\index.php(79): CodeIgniter\CodeIgniter->run()
INFO - 2026-03-15 18:27:54 --> Session: Class initialized using 'CodeIgniter\Session\Handlers\FileHandler' driver.
WARNING - 2026-03-15 18:27:54 --> [DEPRECATED] Creation of dynamic property CodeIgniter\HTTP\IncomingRequest::$user is deprecated in APPPATH\Filters\JwtAuthWeb.php on line 32.
 1 SYSTEMPATH\Filters\Filters.php(182): App\Filters\JwtAuthWeb->before(Object(CodeIgniter\HTTP\IncomingRequest), null)
 2 SYSTEMPATH\CodeIgniter.php(475): CodeIgniter\Filters\Filters->run('get_risk_Chart_af', 'before')
 3 SYSTEMPATH\CodeIgniter.php(361): CodeIgniter\CodeIgniter->handleRequest(null, Object(Config\Cache), false)
 4 FCPATH\index.php(79): CodeIgniter\CodeIgniter->run()
INFO - 2026-03-15 18:27:57 --> Session: Class initialized using 'CodeIgniter\Session\Handlers\FileHandler' driver.
WARNING - 2026-03-15 18:27:57 --> [DEPRECATED] Creation of dynamic property CodeIgniter\HTTP\IncomingRequest::$user is deprecated in APPPATH\Filters\JwtAuthWeb.php on line 32.
 1 SYSTEMPATH\Filters\Filters.php(182): App\Filters\JwtAuthWeb->before(Object(CodeIgniter\HTTP\IncomingRequest), null)
 2 SYSTEMPATH\CodeIgniter.php(475): CodeIgniter\Filters\Filters->run('get_risk_Chart_af', 'before')
 3 SYSTEMPATH\CodeIgniter.php(361): CodeIgniter\CodeIgniter->handleRequest(null, Object(Config\Cache), false)
 4 FCPATH\index.php(79): CodeIgniter\CodeIgniter->run()
INFO - 2026-03-15 18:28:28 --> Session: Class initialized using 'CodeIgniter\Session\Handlers\FileHandler' driver.
WARNING - 2026-03-15 18:28:28 --> [DEPRECATED] Creation of dynamic property CodeIgniter\HTTP\IncomingRequest::$user is deprecated in APPPATH\Filters\JwtAuthWeb.php on line 32.
 1 SYSTEMPATH\Filters\Filters.php(182): App\Filters\JwtAuthWeb->before(Object(CodeIgniter\HTTP\IncomingRequest), null)
 2 SYSTEMPATH\CodeIgniter.php(475): CodeIgniter\Filters\Filters->run('get_risk_Chart_af', 'before')
 3 SYSTEMPATH\CodeIgniter.php(361): CodeIgniter\CodeIgniter->handleRequest(null, Object(Config\Cache), false)
 4 FCPATH\index.php(79): CodeIgniter\CodeIgniter->run()
INFO - 2026-03-15 18:28:30 --> Session: Class initialized using 'CodeIgniter\Session\Handlers\FileHandler' driver.
WARNING - 2026-03-15 18:28:30 --> [DEPRECATED] Creation of dynamic property CodeIgniter\HTTP\IncomingRequest::$user is deprecated in APPPATH\Filters\JwtAuthWeb.php on line 32.
 1 SYSTEMPATH\Filters\Filters.php(182): App\Filters\JwtAuthWeb->before(Object(CodeIgniter\HTTP\IncomingRequest), null)
 2 SYSTEMPATH\CodeIgniter.php(475): CodeIgniter\Filters\Filters->run('get_risk_Chart_af', 'before')
 3 SYSTEMPATH\CodeIgniter.php(361): CodeIgniter\CodeIgniter->handleRequest(null, Object(Config\Cache), false)
 4 FCPATH\index.php(79): CodeIgniter\CodeIgniter->run()
INFO - 2026-03-15 18:28:40 --> Session: Class initialized using 'CodeIgniter\Session\Handlers\FileHandler' driver.
WARNING - 2026-03-15 18:28:40 --> [DEPRECATED] Creation of dynamic property CodeIgniter\HTTP\IncomingRequest::$user is deprecated in APPPATH\Filters\JwtAuthWeb.php on line 32.
 1 SYSTEMPATH\Filters\Filters.php(182): App\Filters\JwtAuthWeb->before(Object(CodeIgniter\HTTP\IncomingRequest), null)
 2 SYSTEMPATH\CodeIgniter.php(475): CodeIgniter\Filters\Filters->run('dashboard', 'before')
 3 SYSTEMPATH\CodeIgniter.php(361): CodeIgniter\CodeIgniter->handleRequest(null, Object(Config\Cache), false)
 4 FCPATH\index.php(79): CodeIgniter\CodeIgniter->run()
WARNING - 2026-03-15 18:28:41 --> [DEPRECATED] Creation of dynamic property CodeIgniter\HTTP\IncomingRequest::$user is deprecated in APPPATH\Filters\JwtAuth.php on line 47.
 1 SYSTEMPATH\Filters\Filters.php(182): App\Filters\JwtAuth->before(Object(CodeIgniter\HTTP\IncomingRequest), null)
 2 SYSTEMPATH\CodeIgniter.php(475): CodeIgniter\Filters\Filters->run('api/profile', 'before')
 3 SYSTEMPATH\CodeIgniter.php(361): CodeIgniter\CodeIgniter->handleRequest(null, Object(Config\Cache), false)
 4 FCPATH\index.php(79): CodeIgniter\CodeIgniter->run()
INFO - 2026-03-15 18:28:41 --> Session: Class initialized using 'CodeIgniter\Session\Handlers\FileHandler' driver.
WARNING - 2026-03-15 18:28:41 --> [DEPRECATED] Creation of dynamic property CodeIgniter\HTTP\IncomingRequest::$user is deprecated in APPPATH\Filters\JwtAuthWeb.php on line 32.
 1 SYSTEMPATH\Filters\Filters.php(182): App\Filters\JwtAuthWeb->before(Object(CodeIgniter\HTTP\IncomingRequest), null)
 2 SYSTEMPATH\CodeIgniter.php(475): CodeIgniter\Filters\Filters->run('getChart_data', 'before')
 3 SYSTEMPATH\CodeIgniter.php(361): CodeIgniter\CodeIgniter->handleRequest(null, Object(Config\Cache), false)
 4 FCPATH\index.php(79): CodeIgniter\CodeIgniter->run()
INFO - 2026-03-15 18:28:41 --> Session: Class initialized using 'CodeIgniter\Session\Handlers\FileHandler' driver.
WARNING - 2026-03-15 18:28:41 --> [DEPRECATED] Creation of dynamic property CodeIgniter\HTTP\IncomingRequest::$user is deprecated in APPPATH\Filters\JwtAuthWeb.php on line 32.
 1 SYSTEMPATH\Filters\Filters.php(182): App\Filters\JwtAuthWeb->before(Object(CodeIgniter\HTTP\IncomingRequest), null)
 2 SYSTEMPATH\CodeIgniter.php(475): CodeIgniter\Filters\Filters->run('getChart_All', 'before')
 3 SYSTEMPATH\CodeIgniter.php(361): CodeIgniter\CodeIgniter->handleRequest(null, Object(Config\Cache), false)
 4 FCPATH\index.php(79): CodeIgniter\CodeIgniter->run()
INFO - 2026-03-15 18:28:41 --> Session: Class initialized using 'CodeIgniter\Session\Handlers\FileHandler' driver.
WARNING - 2026-03-15 18:28:41 --> [DEPRECATED] Creation of dynamic property CodeIgniter\HTTP\IncomingRequest::$user is deprecated in APPPATH\Filters\JwtAuthWeb.php on line 32.
 1 SYSTEMPATH\Filters\Filters.php(182): App\Filters\JwtAuthWeb->before(Object(CodeIgniter\HTTP\IncomingRequest), null)
 2 SYSTEMPATH\CodeIgniter.php(475): CodeIgniter\Filters\Filters->run('get_data_chartInproj', 'before')
 3 SYSTEMPATH\CodeIgniter.php(361): CodeIgniter\CodeIgniter->handleRequest(null, Object(Config\Cache), false)
 4 FCPATH\index.php(79): CodeIgniter\CodeIgniter->run()
INFO - 2026-03-15 18:28:41 --> Session: Class initialized using 'CodeIgniter\Session\Handlers\FileHandler' driver.
WARNING - 2026-03-15 18:28:41 --> [DEPRECATED] Creation of dynamic property CodeIgniter\HTTP\IncomingRequest::$user is deprecated in APPPATH\Filters\JwtAuthWeb.php on line 32.
 1 SYSTEMPATH\Filters\Filters.php(182): App\Filters\JwtAuthWeb->before(Object(CodeIgniter\HTTP\IncomingRequest), null)
 2 SYSTEMPATH\CodeIgniter.php(475): CodeIgniter\Filters\Filters->run('get_risk_Chart_bf', 'before')
 3 SYSTEMPATH\CodeIgniter.php(361): CodeIgniter\CodeIgniter->handleRequest(null, Object(Config\Cache), false)
 4 FCPATH\index.php(79): CodeIgniter\CodeIgniter->run()
INFO - 2026-03-15 18:28:41 --> Session: Class initialized using 'CodeIgniter\Session\Handlers\FileHandler' driver.
WARNING - 2026-03-15 18:28:41 --> [DEPRECATED] Creation of dynamic property CodeIgniter\HTTP\IncomingRequest::$user is deprecated in APPPATH\Filters\JwtAuthWeb.php on line 32.
 1 SYSTEMPATH\Filters\Filters.php(182): App\Filters\JwtAuthWeb->before(Object(CodeIgniter\HTTP\IncomingRequest), null)
 2 SYSTEMPATH\CodeIgniter.php(475): CodeIgniter\Filters\Filters->run('get_risk_Chart_af', 'before')
 3 SYSTEMPATH\CodeIgniter.php(361): CodeIgniter\CodeIgniter->handleRequest(null, Object(Config\Cache), false)
 4 FCPATH\index.php(79): CodeIgniter\CodeIgniter->run()
INFO - 2026-03-15 18:29:34 --> Session: Class initialized using 'CodeIgniter\Session\Handlers\FileHandler' driver.
WARNING - 2026-03-15 18:29:34 --> [DEPRECATED] Creation of dynamic property CodeIgniter\HTTP\IncomingRequest::$user is deprecated in APPPATH\Filters\JwtAuthWeb.php on line 32.
 1 SYSTEMPATH\Filters\Filters.php(182): App\Filters\JwtAuthWeb->before(Object(CodeIgniter\HTTP\IncomingRequest), null)
 2 SYSTEMPATH\CodeIgniter.php(475): CodeIgniter\Filters\Filters->run('dashboard', 'before')
 3 SYSTEMPATH\CodeIgniter.php(361): CodeIgniter\CodeIgniter->handleRequest(null, Object(Config\Cache), false)
 4 FCPATH\index.php(79): CodeIgniter\CodeIgniter->run()
WARNING - 2026-03-15 18:29:34 --> [DEPRECATED] Creation of dynamic property CodeIgniter\HTTP\IncomingRequest::$user is deprecated in APPPATH\Filters\JwtAuth.php on line 47.
 1 SYSTEMPATH\Filters\Filters.php(182): App\Filters\JwtAuth->before(Object(CodeIgniter\HTTP\IncomingRequest), null)
 2 SYSTEMPATH\CodeIgniter.php(475): CodeIgniter\Filters\Filters->run('api/profile', 'before')
 3 SYSTEMPATH\CodeIgniter.php(361): CodeIgniter\CodeIgniter->handleRequest(null, Object(Config\Cache), false)
 4 FCPATH\index.php(79): CodeIgniter\CodeIgniter->run()
INFO - 2026-03-15 18:29:34 --> Session: Class initialized using 'CodeIgniter\Session\Handlers\FileHandler' driver.
WARNING - 2026-03-15 18:29:34 --> [DEPRECATED] Creation of dynamic property CodeIgniter\HTTP\IncomingRequest::$user is deprecated in APPPATH\Filters\JwtAuthWeb.php on line 32.
 1 SYSTEMPATH\Filters\Filters.php(182): App\Filters\JwtAuthWeb->before(Object(CodeIgniter\HTTP\IncomingRequest), null)
 2 SYSTEMPATH\CodeIgniter.php(475): CodeIgniter\Filters\Filters->run('getChart_data', 'before')
 3 SYSTEMPATH\CodeIgniter.php(361): CodeIgniter\CodeIgniter->handleRequest(null, Object(Config\Cache), false)
 4 FCPATH\index.php(79): CodeIgniter\CodeIgniter->run()
INFO - 2026-03-15 18:29:34 --> Session: Class initialized using 'CodeIgniter\Session\Handlers\FileHandler' driver.
WARNING - 2026-03-15 18:29:34 --> [DEPRECATED] Creation of dynamic property CodeIgniter\HTTP\IncomingRequest::$user is deprecated in APPPATH\Filters\JwtAuthWeb.php on line 32.
 1 SYSTEMPATH\Filters\Filters.php(182): App\Filters\JwtAuthWeb->before(Object(CodeIgniter\HTTP\IncomingRequest), null)
 2 SYSTEMPATH\CodeIgniter.php(475): CodeIgniter\Filters\Filters->run('getChart_All', 'before')
 3 SYSTEMPATH\CodeIgniter.php(361): CodeIgniter\CodeIgniter->handleRequest(null, Object(Config\Cache), false)
 4 FCPATH\index.php(79): CodeIgniter\CodeIgniter->run()
INFO - 2026-03-15 18:29:35 --> Session: Class initialized using 'CodeIgniter\Session\Handlers\FileHandler' driver.
WARNING - 2026-03-15 18:29:35 --> [DEPRECATED] Creation of dynamic property CodeIgniter\HTTP\IncomingRequest::$user is deprecated in APPPATH\Filters\JwtAuthWeb.php on line 32.
 1 SYSTEMPATH\Filters\Filters.php(182): App\Filters\JwtAuthWeb->before(Object(CodeIgniter\HTTP\IncomingRequest), null)
 2 SYSTEMPATH\CodeIgniter.php(475): CodeIgniter\Filters\Filters->run('get_data_chartInproj', 'before')
 3 SYSTEMPATH\CodeIgniter.php(361): CodeIgniter\CodeIgniter->handleRequest(null, Object(Config\Cache), false)
 4 FCPATH\index.php(79): CodeIgniter\CodeIgniter->run()
INFO - 2026-03-15 18:29:35 --> Session: Class initialized using 'CodeIgniter\Session\Handlers\FileHandler' driver.
WARNING - 2026-03-15 18:29:35 --> [DEPRECATED] Creation of dynamic property CodeIgniter\HTTP\IncomingRequest::$user is deprecated in APPPATH\Filters\JwtAuthWeb.php on line 32.
 1 SYSTEMPATH\Filters\Filters.php(182): App\Filters\JwtAuthWeb->before(Object(CodeIgniter\HTTP\IncomingRequest), null)
 2 SYSTEMPATH\CodeIgniter.php(475): CodeIgniter\Filters\Filters->run('get_risk_Chart_bf', 'before')
 3 SYSTEMPATH\CodeIgniter.php(361): CodeIgniter\CodeIgniter->handleRequest(null, Object(Config\Cache), false)
 4 FCPATH\index.php(79): CodeIgniter\CodeIgniter->run()
INFO - 2026-03-15 18:29:35 --> Session: Class initialized using 'CodeIgniter\Session\Handlers\FileHandler' driver.
WARNING - 2026-03-15 18:29:35 --> [DEPRECATED] Creation of dynamic property CodeIgniter\HTTP\IncomingRequest::$user is deprecated in APPPATH\Filters\JwtAuthWeb.php on line 32.
 1 SYSTEMPATH\Filters\Filters.php(182): App\Filters\JwtAuthWeb->before(Object(CodeIgniter\HTTP\IncomingRequest), null)
 2 SYSTEMPATH\CodeIgniter.php(475): CodeIgniter\Filters\Filters->run('get_risk_Chart_af', 'before')
 3 SYSTEMPATH\CodeIgniter.php(361): CodeIgniter\CodeIgniter->handleRequest(null, Object(Config\Cache), false)
 4 FCPATH\index.php(79): CodeIgniter\CodeIgniter->run()
INFO - 2026-03-15 18:30:41 --> Session: Class initialized using 'CodeIgniter\Session\Handlers\FileHandler' driver.
WARNING - 2026-03-15 18:30:41 --> [DEPRECATED] Creation of dynamic property CodeIgniter\HTTP\IncomingRequest::$user is deprecated in APPPATH\Filters\JwtAuthWeb.php on line 32.
 1 SYSTEMPATH\Filters\Filters.php(182): App\Filters\JwtAuthWeb->before(Object(CodeIgniter\HTTP\IncomingRequest), null)
 2 SYSTEMPATH\CodeIgniter.php(475): CodeIgniter\Filters\Filters->run('dashboard', 'before')
 3 SYSTEMPATH\CodeIgniter.php(361): CodeIgniter\CodeIgniter->handleRequest(null, Object(Config\Cache), false)
 4 FCPATH\index.php(79): CodeIgniter\CodeIgniter->run()
WARNING - 2026-03-15 18:30:41 --> [DEPRECATED] Creation of dynamic property CodeIgniter\HTTP\IncomingRequest::$user is deprecated in APPPATH\Filters\JwtAuth.php on line 47.
 1 SYSTEMPATH\Filters\Filters.php(182): App\Filters\JwtAuth->before(Object(CodeIgniter\HTTP\IncomingRequest), null)
 2 SYSTEMPATH\CodeIgniter.php(475): CodeIgniter\Filters\Filters->run('api/profile', 'before')
 3 SYSTEMPATH\CodeIgniter.php(361): CodeIgniter\CodeIgniter->handleRequest(null, Object(Config\Cache), false)
 4 FCPATH\index.php(79): CodeIgniter\CodeIgniter->run()
INFO - 2026-03-15 18:30:41 --> Session: Class initialized using 'CodeIgniter\Session\Handlers\FileHandler' driver.
WARNING - 2026-03-15 18:30:41 --> [DEPRECATED] Creation of dynamic property CodeIgniter\HTTP\IncomingRequest::$user is deprecated in APPPATH\Filters\JwtAuthWeb.php on line 32.
 1 SYSTEMPATH\Filters\Filters.php(182): App\Filters\JwtAuthWeb->before(Object(CodeIgniter\HTTP\IncomingRequest), null)
 2 SYSTEMPATH\CodeIgniter.php(475): CodeIgniter\Filters\Filters->run('getChart_data', 'before')
 3 SYSTEMPATH\CodeIgniter.php(361): CodeIgniter\CodeIgniter->handleRequest(null, Object(Config\Cache), false)
 4 FCPATH\index.php(79): CodeIgniter\CodeIgniter->run()
INFO - 2026-03-15 18:30:41 --> Session: Class initialized using 'CodeIgniter\Session\Handlers\FileHandler' driver.
WARNING - 2026-03-15 18:30:41 --> [DEPRECATED] Creation of dynamic property CodeIgniter\HTTP\IncomingRequest::$user is deprecated in APPPATH\Filters\JwtAuthWeb.php on line 32.
 1 SYSTEMPATH\Filters\Filters.php(182): App\Filters\JwtAuthWeb->before(Object(CodeIgniter\HTTP\IncomingRequest), null)
 2 SYSTEMPATH\CodeIgniter.php(475): CodeIgniter\Filters\Filters->run('getChart_All', 'before')
 3 SYSTEMPATH\CodeIgniter.php(361): CodeIgniter\CodeIgniter->handleRequest(null, Object(Config\Cache), false)
 4 FCPATH\index.php(79): CodeIgniter\CodeIgniter->run()
INFO - 2026-03-15 18:30:41 --> Session: Class initialized using 'CodeIgniter\Session\Handlers\FileHandler' driver.
WARNING - 2026-03-15 18:30:41 --> [DEPRECATED] Creation of dynamic property CodeIgniter\HTTP\IncomingRequest::$user is deprecated in APPPATH\Filters\JwtAuthWeb.php on line 32.
 1 SYSTEMPATH\Filters\Filters.php(182): App\Filters\JwtAuthWeb->before(Object(CodeIgniter\HTTP\IncomingRequest), null)
 2 SYSTEMPATH\CodeIgniter.php(475): CodeIgniter\Filters\Filters->run('get_data_chartInproj', 'before')
 3 SYSTEMPATH\CodeIgniter.php(361): CodeIgniter\CodeIgniter->handleRequest(null, Object(Config\Cache), false)
 4 FCPATH\index.php(79): CodeIgniter\CodeIgniter->run()
INFO - 2026-03-15 18:30:41 --> Session: Class initialized using 'CodeIgniter\Session\Handlers\FileHandler' driver.
WARNING - 2026-03-15 18:30:41 --> [DEPRECATED] Creation of dynamic property CodeIgniter\HTTP\IncomingRequest::$user is deprecated in APPPATH\Filters\JwtAuthWeb.php on line 32.
 1 SYSTEMPATH\Filters\Filters.php(182): App\Filters\JwtAuthWeb->before(Object(CodeIgniter\HTTP\IncomingRequest), null)
 2 SYSTEMPATH\CodeIgniter.php(475): CodeIgniter\Filters\Filters->run('get_risk_Chart_bf', 'before')
 3 SYSTEMPATH\CodeIgniter.php(361): CodeIgniter\CodeIgniter->handleRequest(null, Object(Config\Cache), false)
 4 FCPATH\index.php(79): CodeIgniter\CodeIgniter->run()
INFO - 2026-03-15 18:30:42 --> Session: Class initialized using 'CodeIgniter\Session\Handlers\FileHandler' driver.
WARNING - 2026-03-15 18:30:42 --> [DEPRECATED] Creation of dynamic property CodeIgniter\HTTP\IncomingRequest::$user is deprecated in APPPATH\Filters\JwtAuthWeb.php on line 32.
 1 SYSTEMPATH\Filters\Filters.php(182): App\Filters\JwtAuthWeb->before(Object(CodeIgniter\HTTP\IncomingRequest), null)
 2 SYSTEMPATH\CodeIgniter.php(475): CodeIgniter\Filters\Filters->run('get_risk_Chart_af', 'before')
 3 SYSTEMPATH\CodeIgniter.php(361): CodeIgniter\CodeIgniter->handleRequest(null, Object(Config\Cache), false)
 4 FCPATH\index.php(79): CodeIgniter\CodeIgniter->run()
INFO - 2026-03-15 18:32:51 --> Session: Class initialized using 'CodeIgniter\Session\Handlers\FileHandler' driver.
INFO - 2026-03-15 18:32:53 --> Session: Class initialized using 'CodeIgniter\Session\Handlers\FileHandler' driver.
INFO - 2026-03-15 18:32:55 --> Session: Class initialized using 'CodeIgniter\Session\Handlers\FileHandler' driver.
WARNING - 2026-03-15 18:32:55 --> [DEPRECATED] Creation of dynamic property CodeIgniter\HTTP\IncomingRequest::$user is deprecated in APPPATH\Filters\JwtAuthWeb.php on line 32.
 1 SYSTEMPATH\Filters\Filters.php(182): App\Filters\JwtAuthWeb->before(Object(CodeIgniter\HTTP\IncomingRequest), null)
 2 SYSTEMPATH\CodeIgniter.php(475): CodeIgniter\Filters\Filters->run('dashboard', 'before')
 3 SYSTEMPATH\CodeIgniter.php(361): CodeIgniter\CodeIgniter->handleRequest(null, Object(Config\Cache), false)
 4 FCPATH\index.php(79): CodeIgniter\CodeIgniter->run()
WARNING - 2026-03-15 18:32:55 --> [DEPRECATED] Creation of dynamic property CodeIgniter\HTTP\IncomingRequest::$user is deprecated in APPPATH\Filters\JwtAuth.php on line 47.
 1 SYSTEMPATH\Filters\Filters.php(182): App\Filters\JwtAuth->before(Object(CodeIgniter\HTTP\IncomingRequest), null)
 2 SYSTEMPATH\CodeIgniter.php(475): CodeIgniter\Filters\Filters->run('api/profile', 'before')
 3 SYSTEMPATH\CodeIgniter.php(361): CodeIgniter\CodeIgniter->handleRequest(null, Object(Config\Cache), false)
 4 FCPATH\index.php(79): CodeIgniter\CodeIgniter->run()
INFO - 2026-03-15 18:32:55 --> Session: Class initialized using 'CodeIgniter\Session\Handlers\FileHandler' driver.
WARNING - 2026-03-15 18:32:55 --> [DEPRECATED] Creation of dynamic property CodeIgniter\HTTP\IncomingRequest::$user is deprecated in APPPATH\Filters\JwtAuthWeb.php on line 32.
 1 SYSTEMPATH\Filters\Filters.php(182): App\Filters\JwtAuthWeb->before(Object(CodeIgniter\HTTP\IncomingRequest), null)
 2 SYSTEMPATH\CodeIgniter.php(475): CodeIgniter\Filters\Filters->run('getChart_data', 'before')
 3 SYSTEMPATH\CodeIgniter.php(361): CodeIgniter\CodeIgniter->handleRequest(null, Object(Config\Cache), false)
 4 FCPATH\index.php(79): CodeIgniter\CodeIgniter->run()
INFO - 2026-03-15 18:32:55 --> Session: Class initialized using 'CodeIgniter\Session\Handlers\FileHandler' driver.
WARNING - 2026-03-15 18:32:55 --> [DEPRECATED] Creation of dynamic property CodeIgniter\HTTP\IncomingRequest::$user is deprecated in APPPATH\Filters\JwtAuthWeb.php on line 32.
 1 SYSTEMPATH\Filters\Filters.php(182): App\Filters\JwtAuthWeb->before(Object(CodeIgniter\HTTP\IncomingRequest), null)
 2 SYSTEMPATH\CodeIgniter.php(475): CodeIgniter\Filters\Filters->run('getChart_All', 'before')
 3 SYSTEMPATH\CodeIgniter.php(361): CodeIgniter\CodeIgniter->handleRequest(null, Object(Config\Cache), false)
 4 FCPATH\index.php(79): CodeIgniter\CodeIgniter->run()
INFO - 2026-03-15 18:32:55 --> Session: Class initialized using 'CodeIgniter\Session\Handlers\FileHandler' driver.
WARNING - 2026-03-15 18:32:55 --> [DEPRECATED] Creation of dynamic property CodeIgniter\HTTP\IncomingRequest::$user is deprecated in APPPATH\Filters\JwtAuthWeb.php on line 32.
 1 SYSTEMPATH\Filters\Filters.php(182): App\Filters\JwtAuthWeb->before(Object(CodeIgniter\HTTP\IncomingRequest), null)
 2 SYSTEMPATH\CodeIgniter.php(475): CodeIgniter\Filters\Filters->run('get_data_chartInproj', 'before')
 3 SYSTEMPATH\CodeIgniter.php(361): CodeIgniter\CodeIgniter->handleRequest(null, Object(Config\Cache), false)
 4 FCPATH\index.php(79): CodeIgniter\CodeIgniter->run()
INFO - 2026-03-15 18:32:55 --> Session: Class initialized using 'CodeIgniter\Session\Handlers\FileHandler' driver.
WARNING - 2026-03-15 18:32:55 --> [DEPRECATED] Creation of dynamic property CodeIgniter\HTTP\IncomingRequest::$user is deprecated in APPPATH\Filters\JwtAuthWeb.php on line 32.
 1 SYSTEMPATH\Filters\Filters.php(182): App\Filters\JwtAuthWeb->before(Object(CodeIgniter\HTTP\IncomingRequest), null)
 2 SYSTEMPATH\CodeIgniter.php(475): CodeIgniter\Filters\Filters->run('get_risk_Chart_bf', 'before')
 3 SYSTEMPATH\CodeIgniter.php(361): CodeIgniter\CodeIgniter->handleRequest(null, Object(Config\Cache), false)
 4 FCPATH\index.php(79): CodeIgniter\CodeIgniter->run()
INFO - 2026-03-15 18:32:55 --> Session: Class initialized using 'CodeIgniter\Session\Handlers\FileHandler' driver.
WARNING - 2026-03-15 18:32:55 --> [DEPRECATED] Creation of dynamic property CodeIgniter\HTTP\IncomingRequest::$user is deprecated in APPPATH\Filters\JwtAuthWeb.php on line 32.
 1 SYSTEMPATH\Filters\Filters.php(182): App\Filters\JwtAuthWeb->before(Object(CodeIgniter\HTTP\IncomingRequest), null)
 2 SYSTEMPATH\CodeIgniter.php(475): CodeIgniter\Filters\Filters->run('get_risk_Chart_af', 'before')
 3 SYSTEMPATH\CodeIgniter.php(361): CodeIgniter\CodeIgniter->handleRequest(null, Object(Config\Cache), false)
 4 FCPATH\index.php(79): CodeIgniter\CodeIgniter->run()
INFO - 2026-03-15 19:18:50 --> Session: Class initialized using 'CodeIgniter\Session\Handlers\FileHandler' driver.
WARNING - 2026-03-15 19:18:50 --> [DEPRECATED] Creation of dynamic property CodeIgniter\HTTP\IncomingRequest::$user is deprecated in APPPATH\Filters\JwtAuthWeb.php on line 32.
 1 SYSTEMPATH\Filters\Filters.php(182): App\Filters\JwtAuthWeb->before(Object(CodeIgniter\HTTP\IncomingRequest), null)
 2 SYSTEMPATH\CodeIgniter.php(475): CodeIgniter\Filters\Filters->run('dashboard', 'before')
 3 SYSTEMPATH\CodeIgniter.php(361): CodeIgniter\CodeIgniter->handleRequest(null, Object(Config\Cache), false)
 4 FCPATH\index.php(79): CodeIgniter\CodeIgniter->run()
WARNING - 2026-03-15 19:18:50 --> [DEPRECATED] Creation of dynamic property CodeIgniter\HTTP\IncomingRequest::$user is deprecated in APPPATH\Filters\JwtAuth.php on line 47.
 1 SYSTEMPATH\Filters\Filters.php(182): App\Filters\JwtAuth->before(Object(CodeIgniter\HTTP\IncomingRequest), null)
 2 SYSTEMPATH\CodeIgniter.php(475): CodeIgniter\Filters\Filters->run('api/profile', 'before')
 3 SYSTEMPATH\CodeIgniter.php(361): CodeIgniter\CodeIgniter->handleRequest(null, Object(Config\Cache), false)
 4 FCPATH\index.php(79): CodeIgniter\CodeIgniter->run()
INFO - 2026-03-15 19:18:50 --> Session: Class initialized using 'CodeIgniter\Session\Handlers\FileHandler' driver.
WARNING - 2026-03-15 19:18:50 --> [DEPRECATED] Creation of dynamic property CodeIgniter\HTTP\IncomingRequest::$user is deprecated in APPPATH\Filters\JwtAuthWeb.php on line 32.
 1 SYSTEMPATH\Filters\Filters.php(182): App\Filters\JwtAuthWeb->before(Object(CodeIgniter\HTTP\IncomingRequest), null)
 2 SYSTEMPATH\CodeIgniter.php(475): CodeIgniter\Filters\Filters->run('getChart_data', 'before')
 3 SYSTEMPATH\CodeIgniter.php(361): CodeIgniter\CodeIgniter->handleRequest(null, Object(Config\Cache), false)
 4 FCPATH\index.php(79): CodeIgniter\CodeIgniter->run()
INFO - 2026-03-15 19:18:50 --> Session: Class initialized using 'CodeIgniter\Session\Handlers\FileHandler' driver.
WARNING - 2026-03-15 19:18:50 --> [DEPRECATED] Creation of dynamic property CodeIgniter\HTTP\IncomingRequest::$user is deprecated in APPPATH\Filters\JwtAuthWeb.php on line 32.
 1 SYSTEMPATH\Filters\Filters.php(182): App\Filters\JwtAuthWeb->before(Object(CodeIgniter\HTTP\IncomingRequest), null)
 2 SYSTEMPATH\CodeIgniter.php(475): CodeIgniter\Filters\Filters->run('getChart_All', 'before')
 3 SYSTEMPATH\CodeIgniter.php(361): CodeIgniter\CodeIgniter->handleRequest(null, Object(Config\Cache), false)
 4 FCPATH\index.php(79): CodeIgniter\CodeIgniter->run()
INFO - 2026-03-15 19:18:50 --> Session: Class initialized using 'CodeIgniter\Session\Handlers\FileHandler' driver.
WARNING - 2026-03-15 19:18:50 --> [DEPRECATED] Creation of dynamic property CodeIgniter\HTTP\IncomingRequest::$user is deprecated in APPPATH\Filters\JwtAuthWeb.php on line 32.
 1 SYSTEMPATH\Filters\Filters.php(182): App\Filters\JwtAuthWeb->before(Object(CodeIgniter\HTTP\IncomingRequest), null)
 2 SYSTEMPATH\CodeIgniter.php(475): CodeIgniter\Filters\Filters->run('get_data_chartInproj', 'before')
 3 SYSTEMPATH\CodeIgniter.php(361): CodeIgniter\CodeIgniter->handleRequest(null, Object(Config\Cache), false)
 4 FCPATH\index.php(79): CodeIgniter\CodeIgniter->run()
INFO - 2026-03-15 19:18:50 --> Session: Class initialized using 'CodeIgniter\Session\Handlers\FileHandler' driver.
WARNING - 2026-03-15 19:18:50 --> [DEPRECATED] Creation of dynamic property CodeIgniter\HTTP\IncomingRequest::$user is deprecated in APPPATH\Filters\JwtAuthWeb.php on line 32.
 1 SYSTEMPATH\Filters\Filters.php(182): App\Filters\JwtAuthWeb->before(Object(CodeIgniter\HTTP\IncomingRequest), null)
 2 SYSTEMPATH\CodeIgniter.php(475): CodeIgniter\Filters\Filters->run('get_risk_Chart_bf', 'before')
 3 SYSTEMPATH\CodeIgniter.php(361): CodeIgniter\CodeIgniter->handleRequest(null, Object(Config\Cache), false)
 4 FCPATH\index.php(79): CodeIgniter\CodeIgniter->run()
ERROR - 2026-03-15 19:18:50 --> mysqli_sql_exception: FUNCTION ncdsdb.result2count does not exist in D:\xampp6\htdocs\smm-HL\vendor\codeigniter4\framework\system\Database\MySQLi\Connection.php:306
Stack trace:
#0 D:\xampp6\htdocs\smm-HL\vendor\codeigniter4\framework\system\Database\MySQLi\Connection.php(306): mysqli->query('SELECT * FROM (...', 0)
#1 D:\xampp6\htdocs\smm-HL\vendor\codeigniter4\framework\system\Database\BaseConnection.php(693): CodeIgniter\Database\MySQLi\Connection->execute('SELECT * FROM (...')
#2 D:\xampp6\htdocs\smm-HL\vendor\codeigniter4\framework\system\Database\BaseConnection.php(607): CodeIgniter\Database\BaseConnection->simpleQuery('SELECT * FROM (...')
#3 D:\xampp6\htdocs\smm-HL\vendor\codeigniter4\framework\system\Database\BaseBuilder.php(1616): CodeIgniter\Database\BaseConnection->query('SELECT * FROM (...', Array, false)
#4 D:\xampp6\htdocs\smm-HL\app\Models\SeledmModel.php(122): CodeIgniter\Database\BaseBuilder->get()
#5 D:\xampp6\htdocs\smm-HL\app\Controllers\Admin.php(177): App\Models\SeledmModel->get_risk_inproj_bf('')
#6 D:\xampp6\htdocs\smm-HL\vendor\codeigniter4\framework\system\CodeIgniter.php(943): App\Controllers\Admin->get_risk_Chart_bf()
#7 D:\xampp6\htdocs\smm-HL\vendor\codeigniter4\framework\system\CodeIgniter.php(503): CodeIgniter\CodeIgniter->runController(Object(App\Controllers\Admin))
#8 D:\xampp6\htdocs\smm-HL\vendor\codeigniter4\framework\system\CodeIgniter.php(361): CodeIgniter\CodeIgniter->handleRequest(NULL, Object(Config\Cache), false)
#9 D:\xampp6\htdocs\smm-HL\public\index.php(79): CodeIgniter\CodeIgniter->run()
#10 {main}
CRITICAL - 2026-03-15 19:18:50 --> CodeIgniter\Database\Exceptions\DatabaseException: FUNCTION ncdsdb.result2count does not exist
in SYSTEMPATH\Database\BaseConnection.php on line 647.
 1 SYSTEMPATH\Database\BaseBuilder.php(1616): CodeIgniter\Database\BaseConnection->query('SELECT * FROM (SELECT `risktype`, `result`, `result2`, count(id) as countID
FROM `selected_riskdm`
GROUP BY `risktype`, `result`, `result2`) `uwrp0`
UNION SELECT * FROM (SELECT `risktype`, `result`, result2count(id) as countID FROM `selected_riskht` GROUP BY `risktype`, `result`, `result2`) `uwrp1`', [], false)
 2 APPPATH\Models\SeledmModel.php(122): CodeIgniter\Database\BaseBuilder->get()
 3 APPPATH\Controllers\Admin.php(177): App\Models\SeledmModel->get_risk_inproj_bf('')
 4 SYSTEMPATH\CodeIgniter.php(943): App\Controllers\Admin->get_risk_Chart_bf()
 5 SYSTEMPATH\CodeIgniter.php(503): CodeIgniter\CodeIgniter->runController(Object(App\Controllers\Admin))
 6 SYSTEMPATH\CodeIgniter.php(361): CodeIgniter\CodeIgniter->handleRequest(null, Object(Config\Cache), false)
 7 FCPATH\index.php(79): CodeIgniter\CodeIgniter->run()
CRITICAL - 2026-03-15 19:18:50 --> [Caused by] CodeIgniter\Database\Exceptions\DatabaseException: FUNCTION ncdsdb.result2count does not exist
in SYSTEMPATH\Database\MySQLi\Connection.php on line 311.
 1 SYSTEMPATH\Database\BaseConnection.php(693): CodeIgniter\Database\MySQLi\Connection->execute('SELECT * FROM (SELECT `risktype`, `result`, `result2`, count(id) as countID
FROM `selected_riskdm`
GROUP BY `risktype`, `result`, `result2`) `uwrp0`
UNION SELECT * FROM (SELECT `risktype`, `result`, result2count(id) as countID FROM `selected_riskht` GROUP BY `risktype`, `result`, `result2`) `uwrp1`')
 2 SYSTEMPATH\Database\BaseConnection.php(607): CodeIgniter\Database\BaseConnection->simpleQuery('SELECT * FROM (SELECT `risktype`, `result`, `result2`, count(id) as countID
FROM `selected_riskdm`
GROUP BY `risktype`, `result`, `result2`) `uwrp0`
UNION SELECT * FROM (SELECT `risktype`, `result`, result2count(id) as countID FROM `selected_riskht` GROUP BY `risktype`, `result`, `result2`) `uwrp1`')
 3 SYSTEMPATH\Database\BaseBuilder.php(1616): CodeIgniter\Database\BaseConnection->query('SELECT * FROM (SELECT `risktype`, `result`, `result2`, count(id) as countID
FROM `selected_riskdm`
GROUP BY `risktype`, `result`, `result2`) `uwrp0`
UNION SELECT * FROM (SELECT `risktype`, `result`, result2count(id) as countID FROM `selected_riskht` GROUP BY `risktype`, `result`, `result2`) `uwrp1`', [], false)
 4 APPPATH\Models\SeledmModel.php(122): CodeIgniter\Database\BaseBuilder->get()
 5 APPPATH\Controllers\Admin.php(177): App\Models\SeledmModel->get_risk_inproj_bf('')
 6 SYSTEMPATH\CodeIgniter.php(943): App\Controllers\Admin->get_risk_Chart_bf()
 7 SYSTEMPATH\CodeIgniter.php(503): CodeIgniter\CodeIgniter->runController(Object(App\Controllers\Admin))
 8 SYSTEMPATH\CodeIgniter.php(361): CodeIgniter\CodeIgniter->handleRequest(null, Object(Config\Cache), false)
 9 FCPATH\index.php(79): CodeIgniter\CodeIgniter->run()
CRITICAL - 2026-03-15 19:18:50 --> [Caused by] mysqli_sql_exception: FUNCTION ncdsdb.result2count does not exist
in SYSTEMPATH\Database\MySQLi\Connection.php on line 306.
 1 SYSTEMPATH\Database\MySQLi\Connection.php(306): mysqli->query('SELECT * FROM (SELECT `risktype`, `result`, `result2`, count(id) as countID
FROM `selected_riskdm`
GROUP BY `risktype`, `result`, `result2`) `uwrp0`
UNION SELECT * FROM (SELECT `risktype`, `result`, result2count(id) as countID FROM `selected_riskht` GROUP BY `risktype`, `result`, `result2`) `uwrp1`', 0)
 2 SYSTEMPATH\Database\BaseConnection.php(693): CodeIgniter\Database\MySQLi\Connection->execute('SELECT * FROM (SELECT `risktype`, `result`, `result2`, count(id) as countID
FROM `selected_riskdm`
GROUP BY `risktype`, `result`, `result2`) `uwrp0`
UNION SELECT * FROM (SELECT `risktype`, `result`, result2count(id) as countID FROM `selected_riskht` GROUP BY `risktype`, `result`, `result2`) `uwrp1`')
 3 SYSTEMPATH\Database\BaseConnection.php(607): CodeIgniter\Database\BaseConnection->simpleQuery('SELECT * FROM (SELECT `risktype`, `result`, `result2`, count(id) as countID
FROM `selected_riskdm`
GROUP BY `risktype`, `result`, `result2`) `uwrp0`
UNION SELECT * FROM (SELECT `risktype`, `result`, result2count(id) as countID FROM `selected_riskht` GROUP BY `risktype`, `result`, `result2`) `uwrp1`')
 4 SYSTEMPATH\Database\BaseBuilder.php(1616): CodeIgniter\Database\BaseConnection->query('SELECT * FROM (SELECT `risktype`, `result`, `result2`, count(id) as countID
FROM `selected_riskdm`
GROUP BY `risktype`, `result`, `result2`) `uwrp0`
UNION SELECT * FROM (SELECT `risktype`, `result`, result2count(id) as countID FROM `selected_riskht` GROUP BY `risktype`, `result`, `result2`) `uwrp1`', [], false)
 5 APPPATH\Models\SeledmModel.php(122): CodeIgniter\Database\BaseBuilder->get()
 6 APPPATH\Controllers\Admin.php(177): App\Models\SeledmModel->get_risk_inproj_bf('')
 7 SYSTEMPATH\CodeIgniter.php(943): App\Controllers\Admin->get_risk_Chart_bf()
 8 SYSTEMPATH\CodeIgniter.php(503): CodeIgniter\CodeIgniter->runController(Object(App\Controllers\Admin))
 9 SYSTEMPATH\CodeIgniter.php(361): CodeIgniter\CodeIgniter->handleRequest(null, Object(Config\Cache), false)
10 FCPATH\index.php(79): CodeIgniter\CodeIgniter->run()
INFO - 2026-03-15 19:18:50 --> Session: Class initialized using 'CodeIgniter\Session\Handlers\FileHandler' driver.
WARNING - 2026-03-15 19:18:50 --> [DEPRECATED] Creation of dynamic property CodeIgniter\HTTP\IncomingRequest::$user is deprecated in APPPATH\Filters\JwtAuthWeb.php on line 32.
 1 SYSTEMPATH\Filters\Filters.php(182): App\Filters\JwtAuthWeb->before(Object(CodeIgniter\HTTP\IncomingRequest), null)
 2 SYSTEMPATH\CodeIgniter.php(475): CodeIgniter\Filters\Filters->run('get_risk_Chart_af', 'before')
 3 SYSTEMPATH\CodeIgniter.php(361): CodeIgniter\CodeIgniter->handleRequest(null, Object(Config\Cache), false)
 4 FCPATH\index.php(79): CodeIgniter\CodeIgniter->run()
INFO - 2026-03-15 19:23:50 --> Session: Class initialized using 'CodeIgniter\Session\Handlers\FileHandler' driver.
WARNING - 2026-03-15 19:23:50 --> [DEPRECATED] Creation of dynamic property CodeIgniter\HTTP\IncomingRequest::$user is deprecated in APPPATH\Filters\JwtAuthWeb.php on line 32.
 1 SYSTEMPATH\Filters\Filters.php(182): App\Filters\JwtAuthWeb->before(Object(CodeIgniter\HTTP\IncomingRequest), null)
 2 SYSTEMPATH\CodeIgniter.php(475): CodeIgniter\Filters\Filters->run('dashboard', 'before')
 3 SYSTEMPATH\CodeIgniter.php(361): CodeIgniter\CodeIgniter->handleRequest(null, Object(Config\Cache), false)
 4 FCPATH\index.php(79): CodeIgniter\CodeIgniter->run()
WARNING - 2026-03-15 19:23:50 --> [DEPRECATED] Creation of dynamic property CodeIgniter\HTTP\IncomingRequest::$user is deprecated in APPPATH\Filters\JwtAuth.php on line 47.
 1 SYSTEMPATH\Filters\Filters.php(182): App\Filters\JwtAuth->before(Object(CodeIgniter\HTTP\IncomingRequest), null)
 2 SYSTEMPATH\CodeIgniter.php(475): CodeIgniter\Filters\Filters->run('api/profile', 'before')
 3 SYSTEMPATH\CodeIgniter.php(361): CodeIgniter\CodeIgniter->handleRequest(null, Object(Config\Cache), false)
 4 FCPATH\index.php(79): CodeIgniter\CodeIgniter->run()
INFO - 2026-03-15 19:23:50 --> Session: Class initialized using 'CodeIgniter\Session\Handlers\FileHandler' driver.
WARNING - 2026-03-15 19:23:50 --> [DEPRECATED] Creation of dynamic property CodeIgniter\HTTP\IncomingRequest::$user is deprecated in APPPATH\Filters\JwtAuthWeb.php on line 32.
 1 SYSTEMPATH\Filters\Filters.php(182): App\Filters\JwtAuthWeb->before(Object(CodeIgniter\HTTP\IncomingRequest), null)
 2 SYSTEMPATH\CodeIgniter.php(475): CodeIgniter\Filters\Filters->run('getChart_data', 'before')
 3 SYSTEMPATH\CodeIgniter.php(361): CodeIgniter\CodeIgniter->handleRequest(null, Object(Config\Cache), false)
 4 FCPATH\index.php(79): CodeIgniter\CodeIgniter->run()
INFO - 2026-03-15 19:23:51 --> Session: Class initialized using 'CodeIgniter\Session\Handlers\FileHandler' driver.
WARNING - 2026-03-15 19:23:51 --> [DEPRECATED] Creation of dynamic property CodeIgniter\HTTP\IncomingRequest::$user is deprecated in APPPATH\Filters\JwtAuthWeb.php on line 32.
 1 SYSTEMPATH\Filters\Filters.php(182): App\Filters\JwtAuthWeb->before(Object(CodeIgniter\HTTP\IncomingRequest), null)
 2 SYSTEMPATH\CodeIgniter.php(475): CodeIgniter\Filters\Filters->run('getChart_All', 'before')
 3 SYSTEMPATH\CodeIgniter.php(361): CodeIgniter\CodeIgniter->handleRequest(null, Object(Config\Cache), false)
 4 FCPATH\index.php(79): CodeIgniter\CodeIgniter->run()
INFO - 2026-03-15 19:23:51 --> Session: Class initialized using 'CodeIgniter\Session\Handlers\FileHandler' driver.
WARNING - 2026-03-15 19:23:51 --> [DEPRECATED] Creation of dynamic property CodeIgniter\HTTP\IncomingRequest::$user is deprecated in APPPATH\Filters\JwtAuthWeb.php on line 32.
 1 SYSTEMPATH\Filters\Filters.php(182): App\Filters\JwtAuthWeb->before(Object(CodeIgniter\HTTP\IncomingRequest), null)
 2 SYSTEMPATH\CodeIgniter.php(475): CodeIgniter\Filters\Filters->run('get_data_chartInproj', 'before')
 3 SYSTEMPATH\CodeIgniter.php(361): CodeIgniter\CodeIgniter->handleRequest(null, Object(Config\Cache), false)
 4 FCPATH\index.php(79): CodeIgniter\CodeIgniter->run()
INFO - 2026-03-15 19:23:51 --> Session: Class initialized using 'CodeIgniter\Session\Handlers\FileHandler' driver.
WARNING - 2026-03-15 19:23:51 --> [DEPRECATED] Creation of dynamic property CodeIgniter\HTTP\IncomingRequest::$user is deprecated in APPPATH\Filters\JwtAuthWeb.php on line 32.
 1 SYSTEMPATH\Filters\Filters.php(182): App\Filters\JwtAuthWeb->before(Object(CodeIgniter\HTTP\IncomingRequest), null)
 2 SYSTEMPATH\CodeIgniter.php(475): CodeIgniter\Filters\Filters->run('get_risk_Chart_bf', 'before')
 3 SYSTEMPATH\CodeIgniter.php(361): CodeIgniter\CodeIgniter->handleRequest(null, Object(Config\Cache), false)
 4 FCPATH\index.php(79): CodeIgniter\CodeIgniter->run()
ERROR - 2026-03-15 19:23:51 --> mysqli_sql_exception: FUNCTION ncdsdb.result2count does not exist in D:\xampp6\htdocs\smm-HL\vendor\codeigniter4\framework\system\Database\MySQLi\Connection.php:306
Stack trace:
#0 D:\xampp6\htdocs\smm-HL\vendor\codeigniter4\framework\system\Database\MySQLi\Connection.php(306): mysqli->query('SELECT * FROM (...', 0)
#1 D:\xampp6\htdocs\smm-HL\vendor\codeigniter4\framework\system\Database\BaseConnection.php(693): CodeIgniter\Database\MySQLi\Connection->execute('SELECT * FROM (...')
#2 D:\xampp6\htdocs\smm-HL\vendor\codeigniter4\framework\system\Database\BaseConnection.php(607): CodeIgniter\Database\BaseConnection->simpleQuery('SELECT * FROM (...')
#3 D:\xampp6\htdocs\smm-HL\vendor\codeigniter4\framework\system\Database\BaseBuilder.php(1616): CodeIgniter\Database\BaseConnection->query('SELECT * FROM (...', Array, false)
#4 D:\xampp6\htdocs\smm-HL\app\Models\SeledmModel.php(122): CodeIgniter\Database\BaseBuilder->get()
#5 D:\xampp6\htdocs\smm-HL\app\Controllers\Admin.php(177): App\Models\SeledmModel->get_risk_inproj_bf('')
#6 D:\xampp6\htdocs\smm-HL\vendor\codeigniter4\framework\system\CodeIgniter.php(943): App\Controllers\Admin->get_risk_Chart_bf()
#7 D:\xampp6\htdocs\smm-HL\vendor\codeigniter4\framework\system\CodeIgniter.php(503): CodeIgniter\CodeIgniter->runController(Object(App\Controllers\Admin))
#8 D:\xampp6\htdocs\smm-HL\vendor\codeigniter4\framework\system\CodeIgniter.php(361): CodeIgniter\CodeIgniter->handleRequest(NULL, Object(Config\Cache), false)
#9 D:\xampp6\htdocs\smm-HL\public\index.php(79): CodeIgniter\CodeIgniter->run()
#10 {main}
CRITICAL - 2026-03-15 19:23:51 --> CodeIgniter\Database\Exceptions\DatabaseException: FUNCTION ncdsdb.result2count does not exist
in SYSTEMPATH\Database\BaseConnection.php on line 647.
 1 SYSTEMPATH\Database\BaseBuilder.php(1616): CodeIgniter\Database\BaseConnection->query('SELECT * FROM (SELECT `risktype`, `result`, `result2`, count(id) as countID
FROM `selected_riskdm`
GROUP BY `risktype`, `result`, `result2`) `uwrp0`
UNION SELECT * FROM (SELECT `risktype`, `result`, result2count(id) as countID FROM `selected_riskht` GROUP BY `risktype`, `result`, `result2`) `uwrp1`', [], false)
 2 APPPATH\Models\SeledmModel.php(122): CodeIgniter\Database\BaseBuilder->get()
 3 APPPATH\Controllers\Admin.php(177): App\Models\SeledmModel->get_risk_inproj_bf('')
 4 SYSTEMPATH\CodeIgniter.php(943): App\Controllers\Admin->get_risk_Chart_bf()
 5 SYSTEMPATH\CodeIgniter.php(503): CodeIgniter\CodeIgniter->runController(Object(App\Controllers\Admin))
 6 SYSTEMPATH\CodeIgniter.php(361): CodeIgniter\CodeIgniter->handleRequest(null, Object(Config\Cache), false)
 7 FCPATH\index.php(79): CodeIgniter\CodeIgniter->run()
CRITICAL - 2026-03-15 19:23:51 --> [Caused by] CodeIgniter\Database\Exceptions\DatabaseException: FUNCTION ncdsdb.result2count does not exist
in SYSTEMPATH\Database\MySQLi\Connection.php on line 311.
 1 SYSTEMPATH\Database\BaseConnection.php(693): CodeIgniter\Database\MySQLi\Connection->execute('SELECT * FROM (SELECT `risktype`, `result`, `result2`, count(id) as countID
FROM `selected_riskdm`
GROUP BY `risktype`, `result`, `result2`) `uwrp0`
UNION SELECT * FROM (SELECT `risktype`, `result`, result2count(id) as countID FROM `selected_riskht` GROUP BY `risktype`, `result`, `result2`) `uwrp1`')
 2 SYSTEMPATH\Database\BaseConnection.php(607): CodeIgniter\Database\BaseConnection->simpleQuery('SELECT * FROM (SELECT `risktype`, `result`, `result2`, count(id) as countID
FROM `selected_riskdm`
GROUP BY `risktype`, `result`, `result2`) `uwrp0`
UNION SELECT * FROM (SELECT `risktype`, `result`, result2count(id) as countID FROM `selected_riskht` GROUP BY `risktype`, `result`, `result2`) `uwrp1`')
 3 SYSTEMPATH\Database\BaseBuilder.php(1616): CodeIgniter\Database\BaseConnection->query('SELECT * FROM (SELECT `risktype`, `result`, `result2`, count(id) as countID
FROM `selected_riskdm`
GROUP BY `risktype`, `result`, `result2`) `uwrp0`
UNION SELECT * FROM (SELECT `risktype`, `result`, result2count(id) as countID FROM `selected_riskht` GROUP BY `risktype`, `result`, `result2`) `uwrp1`', [], false)
 4 APPPATH\Models\SeledmModel.php(122): CodeIgniter\Database\BaseBuilder->get()
 5 APPPATH\Controllers\Admin.php(177): App\Models\SeledmModel->get_risk_inproj_bf('')
 6 SYSTEMPATH\CodeIgniter.php(943): App\Controllers\Admin->get_risk_Chart_bf()
 7 SYSTEMPATH\CodeIgniter.php(503): CodeIgniter\CodeIgniter->runController(Object(App\Controllers\Admin))
 8 SYSTEMPATH\CodeIgniter.php(361): CodeIgniter\CodeIgniter->handleRequest(null, Object(Config\Cache), false)
 9 FCPATH\index.php(79): CodeIgniter\CodeIgniter->run()
CRITICAL - 2026-03-15 19:23:51 --> [Caused by] mysqli_sql_exception: FUNCTION ncdsdb.result2count does not exist
in SYSTEMPATH\Database\MySQLi\Connection.php on line 306.
 1 SYSTEMPATH\Database\MySQLi\Connection.php(306): mysqli->query('SELECT * FROM (SELECT `risktype`, `result`, `result2`, count(id) as countID
FROM `selected_riskdm`
GROUP BY `risktype`, `result`, `result2`) `uwrp0`
UNION SELECT * FROM (SELECT `risktype`, `result`, result2count(id) as countID FROM `selected_riskht` GROUP BY `risktype`, `result`, `result2`) `uwrp1`', 0)
 2 SYSTEMPATH\Database\BaseConnection.php(693): CodeIgniter\Database\MySQLi\Connection->execute('SELECT * FROM (SELECT `risktype`, `result`, `result2`, count(id) as countID
FROM `selected_riskdm`
GROUP BY `risktype`, `result`, `result2`) `uwrp0`
UNION SELECT * FROM (SELECT `risktype`, `result`, result2count(id) as countID FROM `selected_riskht` GROUP BY `risktype`, `result`, `result2`) `uwrp1`')
 3 SYSTEMPATH\Database\BaseConnection.php(607): CodeIgniter\Database\BaseConnection->simpleQuery('SELECT * FROM (SELECT `risktype`, `result`, `result2`, count(id) as countID
FROM `selected_riskdm`
GROUP BY `risktype`, `result`, `result2`) `uwrp0`
UNION SELECT * FROM (SELECT `risktype`, `result`, result2count(id) as countID FROM `selected_riskht` GROUP BY `risktype`, `result`, `result2`) `uwrp1`')
 4 SYSTEMPATH\Database\BaseBuilder.php(1616): CodeIgniter\Database\BaseConnection->query('SELECT * FROM (SELECT `risktype`, `result`, `result2`, count(id) as countID
FROM `selected_riskdm`
GROUP BY `risktype`, `result`, `result2`) `uwrp0`
UNION SELECT * FROM (SELECT `risktype`, `result`, result2count(id) as countID FROM `selected_riskht` GROUP BY `risktype`, `result`, `result2`) `uwrp1`', [], false)
 5 APPPATH\Models\SeledmModel.php(122): CodeIgniter\Database\BaseBuilder->get()
 6 APPPATH\Controllers\Admin.php(177): App\Models\SeledmModel->get_risk_inproj_bf('')
 7 SYSTEMPATH\CodeIgniter.php(943): App\Controllers\Admin->get_risk_Chart_bf()
 8 SYSTEMPATH\CodeIgniter.php(503): CodeIgniter\CodeIgniter->runController(Object(App\Controllers\Admin))
 9 SYSTEMPATH\CodeIgniter.php(361): CodeIgniter\CodeIgniter->handleRequest(null, Object(Config\Cache), false)
10 FCPATH\index.php(79): CodeIgniter\CodeIgniter->run()
INFO - 2026-03-15 19:24:56 --> Session: Class initialized using 'CodeIgniter\Session\Handlers\FileHandler' driver.
WARNING - 2026-03-15 19:24:56 --> [DEPRECATED] Creation of dynamic property CodeIgniter\HTTP\IncomingRequest::$user is deprecated in APPPATH\Filters\JwtAuthWeb.php on line 32.
 1 SYSTEMPATH\Filters\Filters.php(182): App\Filters\JwtAuthWeb->before(Object(CodeIgniter\HTTP\IncomingRequest), null)
 2 SYSTEMPATH\CodeIgniter.php(475): CodeIgniter\Filters\Filters->run('dashboard', 'before')
 3 SYSTEMPATH\CodeIgniter.php(361): CodeIgniter\CodeIgniter->handleRequest(null, Object(Config\Cache), false)
 4 FCPATH\index.php(79): CodeIgniter\CodeIgniter->run()
WARNING - 2026-03-15 19:24:56 --> [DEPRECATED] Creation of dynamic property CodeIgniter\HTTP\IncomingRequest::$user is deprecated in APPPATH\Filters\JwtAuth.php on line 47.
 1 SYSTEMPATH\Filters\Filters.php(182): App\Filters\JwtAuth->before(Object(CodeIgniter\HTTP\IncomingRequest), null)
 2 SYSTEMPATH\CodeIgniter.php(475): CodeIgniter\Filters\Filters->run('api/profile', 'before')
 3 SYSTEMPATH\CodeIgniter.php(361): CodeIgniter\CodeIgniter->handleRequest(null, Object(Config\Cache), false)
 4 FCPATH\index.php(79): CodeIgniter\CodeIgniter->run()
INFO - 2026-03-15 19:24:56 --> Session: Class initialized using 'CodeIgniter\Session\Handlers\FileHandler' driver.
WARNING - 2026-03-15 19:24:56 --> [DEPRECATED] Creation of dynamic property CodeIgniter\HTTP\IncomingRequest::$user is deprecated in APPPATH\Filters\JwtAuthWeb.php on line 32.
 1 SYSTEMPATH\Filters\Filters.php(182): App\Filters\JwtAuthWeb->before(Object(CodeIgniter\HTTP\IncomingRequest), null)
 2 SYSTEMPATH\CodeIgniter.php(475): CodeIgniter\Filters\Filters->run('getChart_data', 'before')
 3 SYSTEMPATH\CodeIgniter.php(361): CodeIgniter\CodeIgniter->handleRequest(null, Object(Config\Cache), false)
 4 FCPATH\index.php(79): CodeIgniter\CodeIgniter->run()
INFO - 2026-03-15 19:24:56 --> Session: Class initialized using 'CodeIgniter\Session\Handlers\FileHandler' driver.
WARNING - 2026-03-15 19:24:56 --> [DEPRECATED] Creation of dynamic property CodeIgniter\HTTP\IncomingRequest::$user is deprecated in APPPATH\Filters\JwtAuthWeb.php on line 32.
 1 SYSTEMPATH\Filters\Filters.php(182): App\Filters\JwtAuthWeb->before(Object(CodeIgniter\HTTP\IncomingRequest), null)
 2 SYSTEMPATH\CodeIgniter.php(475): CodeIgniter\Filters\Filters->run('getChart_All', 'before')
 3 SYSTEMPATH\CodeIgniter.php(361): CodeIgniter\CodeIgniter->handleRequest(null, Object(Config\Cache), false)
 4 FCPATH\index.php(79): CodeIgniter\CodeIgniter->run()
INFO - 2026-03-15 19:24:56 --> Session: Class initialized using 'CodeIgniter\Session\Handlers\FileHandler' driver.
WARNING - 2026-03-15 19:24:56 --> [DEPRECATED] Creation of dynamic property CodeIgniter\HTTP\IncomingRequest::$user is deprecated in APPPATH\Filters\JwtAuthWeb.php on line 32.
 1 SYSTEMPATH\Filters\Filters.php(182): App\Filters\JwtAuthWeb->before(Object(CodeIgniter\HTTP\IncomingRequest), null)
 2 SYSTEMPATH\CodeIgniter.php(475): CodeIgniter\Filters\Filters->run('get_data_chartInproj', 'before')
 3 SYSTEMPATH\CodeIgniter.php(361): CodeIgniter\CodeIgniter->handleRequest(null, Object(Config\Cache), false)
 4 FCPATH\index.php(79): CodeIgniter\CodeIgniter->run()
INFO - 2026-03-15 19:24:56 --> Session: Class initialized using 'CodeIgniter\Session\Handlers\FileHandler' driver.
WARNING - 2026-03-15 19:24:56 --> [DEPRECATED] Creation of dynamic property CodeIgniter\HTTP\IncomingRequest::$user is deprecated in APPPATH\Filters\JwtAuthWeb.php on line 32.
 1 SYSTEMPATH\Filters\Filters.php(182): App\Filters\JwtAuthWeb->before(Object(CodeIgniter\HTTP\IncomingRequest), null)
 2 SYSTEMPATH\CodeIgniter.php(475): CodeIgniter\Filters\Filters->run('get_risk_Chart_bf', 'before')
 3 SYSTEMPATH\CodeIgniter.php(361): CodeIgniter\CodeIgniter->handleRequest(null, Object(Config\Cache), false)
 4 FCPATH\index.php(79): CodeIgniter\CodeIgniter->run()
ERROR - 2026-03-15 19:24:56 --> mysqli_sql_exception: FUNCTION ncdsdb.result2count does not exist in D:\xampp6\htdocs\smm-HL\vendor\codeigniter4\framework\system\Database\MySQLi\Connection.php:306
Stack trace:
#0 D:\xampp6\htdocs\smm-HL\vendor\codeigniter4\framework\system\Database\MySQLi\Connection.php(306): mysqli->query('SELECT * FROM (...', 0)
#1 D:\xampp6\htdocs\smm-HL\vendor\codeigniter4\framework\system\Database\BaseConnection.php(693): CodeIgniter\Database\MySQLi\Connection->execute('SELECT * FROM (...')
#2 D:\xampp6\htdocs\smm-HL\vendor\codeigniter4\framework\system\Database\BaseConnection.php(607): CodeIgniter\Database\BaseConnection->simpleQuery('SELECT * FROM (...')
#3 D:\xampp6\htdocs\smm-HL\vendor\codeigniter4\framework\system\Database\BaseBuilder.php(1616): CodeIgniter\Database\BaseConnection->query('SELECT * FROM (...', Array, false)
#4 D:\xampp6\htdocs\smm-HL\app\Models\SeledmModel.php(122): CodeIgniter\Database\BaseBuilder->get()
#5 D:\xampp6\htdocs\smm-HL\app\Controllers\Admin.php(177): App\Models\SeledmModel->get_risk_inproj_bf('')
#6 D:\xampp6\htdocs\smm-HL\vendor\codeigniter4\framework\system\CodeIgniter.php(943): App\Controllers\Admin->get_risk_Chart_bf()
#7 D:\xampp6\htdocs\smm-HL\vendor\codeigniter4\framework\system\CodeIgniter.php(503): CodeIgniter\CodeIgniter->runController(Object(App\Controllers\Admin))
#8 D:\xampp6\htdocs\smm-HL\vendor\codeigniter4\framework\system\CodeIgniter.php(361): CodeIgniter\CodeIgniter->handleRequest(NULL, Object(Config\Cache), false)
#9 D:\xampp6\htdocs\smm-HL\public\index.php(79): CodeIgniter\CodeIgniter->run()
#10 {main}
CRITICAL - 2026-03-15 19:24:56 --> CodeIgniter\Database\Exceptions\DatabaseException: FUNCTION ncdsdb.result2count does not exist
in SYSTEMPATH\Database\BaseConnection.php on line 647.
 1 SYSTEMPATH\Database\BaseBuilder.php(1616): CodeIgniter\Database\BaseConnection->query('SELECT * FROM (SELECT `risktype`, `result`, `result2`, count(id) as countID
FROM `selected_riskdm`
GROUP BY `risktype`, `result`, `result2`) `uwrp0`
UNION SELECT * FROM (SELECT `risktype`, `result`, result2count(id) as countID FROM `selected_riskht` GROUP BY `risktype`, `result`, `result2`) `uwrp1`', [], false)
 2 APPPATH\Models\SeledmModel.php(122): CodeIgniter\Database\BaseBuilder->get()
 3 APPPATH\Controllers\Admin.php(177): App\Models\SeledmModel->get_risk_inproj_bf('')
 4 SYSTEMPATH\CodeIgniter.php(943): App\Controllers\Admin->get_risk_Chart_bf()
 5 SYSTEMPATH\CodeIgniter.php(503): CodeIgniter\CodeIgniter->runController(Object(App\Controllers\Admin))
 6 SYSTEMPATH\CodeIgniter.php(361): CodeIgniter\CodeIgniter->handleRequest(null, Object(Config\Cache), false)
 7 FCPATH\index.php(79): CodeIgniter\CodeIgniter->run()
CRITICAL - 2026-03-15 19:24:56 --> [Caused by] CodeIgniter\Database\Exceptions\DatabaseException: FUNCTION ncdsdb.result2count does not exist
in SYSTEMPATH\Database\MySQLi\Connection.php on line 311.
 1 SYSTEMPATH\Database\BaseConnection.php(693): CodeIgniter\Database\MySQLi\Connection->execute('SELECT * FROM (SELECT `risktype`, `result`, `result2`, count(id) as countID
FROM `selected_riskdm`
GROUP BY `risktype`, `result`, `result2`) `uwrp0`
UNION SELECT * FROM (SELECT `risktype`, `result`, result2count(id) as countID FROM `selected_riskht` GROUP BY `risktype`, `result`, `result2`) `uwrp1`')
 2 SYSTEMPATH\Database\BaseConnection.php(607): CodeIgniter\Database\BaseConnection->simpleQuery('SELECT * FROM (SELECT `risktype`, `result`, `result2`, count(id) as countID
FROM `selected_riskdm`
GROUP BY `risktype`, `result`, `result2`) `uwrp0`
UNION SELECT * FROM (SELECT `risktype`, `result`, result2count(id) as countID FROM `selected_riskht` GROUP BY `risktype`, `result`, `result2`) `uwrp1`')
 3 SYSTEMPATH\Database\BaseBuilder.php(1616): CodeIgniter\Database\BaseConnection->query('SELECT * FROM (SELECT `risktype`, `result`, `result2`, count(id) as countID
FROM `selected_riskdm`
GROUP BY `risktype`, `result`, `result2`) `uwrp0`
UNION SELECT * FROM (SELECT `risktype`, `result`, result2count(id) as countID FROM `selected_riskht` GROUP BY `risktype`, `result`, `result2`) `uwrp1`', [], false)
 4 APPPATH\Models\SeledmModel.php(122): CodeIgniter\Database\BaseBuilder->get()
 5 APPPATH\Controllers\Admin.php(177): App\Models\SeledmModel->get_risk_inproj_bf('')
 6 SYSTEMPATH\CodeIgniter.php(943): App\Controllers\Admin->get_risk_Chart_bf()
 7 SYSTEMPATH\CodeIgniter.php(503): CodeIgniter\CodeIgniter->runController(Object(App\Controllers\Admin))
 8 SYSTEMPATH\CodeIgniter.php(361): CodeIgniter\CodeIgniter->handleRequest(null, Object(Config\Cache), false)
 9 FCPATH\index.php(79): CodeIgniter\CodeIgniter->run()
CRITICAL - 2026-03-15 19:24:56 --> [Caused by] mysqli_sql_exception: FUNCTION ncdsdb.result2count does not exist
in SYSTEMPATH\Database\MySQLi\Connection.php on line 306.
 1 SYSTEMPATH\Database\MySQLi\Connection.php(306): mysqli->query('SELECT * FROM (SELECT `risktype`, `result`, `result2`, count(id) as countID
FROM `selected_riskdm`
GROUP BY `risktype`, `result`, `result2`) `uwrp0`
UNION SELECT * FROM (SELECT `risktype`, `result`, result2count(id) as countID FROM `selected_riskht` GROUP BY `risktype`, `result`, `result2`) `uwrp1`', 0)
 2 SYSTEMPATH\Database\BaseConnection.php(693): CodeIgniter\Database\MySQLi\Connection->execute('SELECT * FROM (SELECT `risktype`, `result`, `result2`, count(id) as countID
FROM `selected_riskdm`
GROUP BY `risktype`, `result`, `result2`) `uwrp0`
UNION SELECT * FROM (SELECT `risktype`, `result`, result2count(id) as countID FROM `selected_riskht` GROUP BY `risktype`, `result`, `result2`) `uwrp1`')
 3 SYSTEMPATH\Database\BaseConnection.php(607): CodeIgniter\Database\BaseConnection->simpleQuery('SELECT * FROM (SELECT `risktype`, `result`, `result2`, count(id) as countID
FROM `selected_riskdm`
GROUP BY `risktype`, `result`, `result2`) `uwrp0`
UNION SELECT * FROM (SELECT `risktype`, `result`, result2count(id) as countID FROM `selected_riskht` GROUP BY `risktype`, `result`, `result2`) `uwrp1`')
 4 SYSTEMPATH\Database\BaseBuilder.php(1616): CodeIgniter\Database\BaseConnection->query('SELECT * FROM (SELECT `risktype`, `result`, `result2`, count(id) as countID
FROM `selected_riskdm`
GROUP BY `risktype`, `result`, `result2`) `uwrp0`
UNION SELECT * FROM (SELECT `risktype`, `result`, result2count(id) as countID FROM `selected_riskht` GROUP BY `risktype`, `result`, `result2`) `uwrp1`', [], false)
 5 APPPATH\Models\SeledmModel.php(122): CodeIgniter\Database\BaseBuilder->get()
 6 APPPATH\Controllers\Admin.php(177): App\Models\SeledmModel->get_risk_inproj_bf('')
 7 SYSTEMPATH\CodeIgniter.php(943): App\Controllers\Admin->get_risk_Chart_bf()
 8 SYSTEMPATH\CodeIgniter.php(503): CodeIgniter\CodeIgniter->runController(Object(App\Controllers\Admin))
 9 SYSTEMPATH\CodeIgniter.php(361): CodeIgniter\CodeIgniter->handleRequest(null, Object(Config\Cache), false)
10 FCPATH\index.php(79): CodeIgniter\CodeIgniter->run()
INFO - 2026-03-15 19:26:38 --> Session: Class initialized using 'CodeIgniter\Session\Handlers\FileHandler' driver.
WARNING - 2026-03-15 19:26:38 --> [DEPRECATED] Creation of dynamic property CodeIgniter\HTTP\IncomingRequest::$user is deprecated in APPPATH\Filters\JwtAuthWeb.php on line 32.
 1 SYSTEMPATH\Filters\Filters.php(182): App\Filters\JwtAuthWeb->before(Object(CodeIgniter\HTTP\IncomingRequest), null)
 2 SYSTEMPATH\CodeIgniter.php(475): CodeIgniter\Filters\Filters->run('dashboard', 'before')
 3 SYSTEMPATH\CodeIgniter.php(361): CodeIgniter\CodeIgniter->handleRequest(null, Object(Config\Cache), false)
 4 FCPATH\index.php(79): CodeIgniter\CodeIgniter->run()
WARNING - 2026-03-15 19:26:40 --> [DEPRECATED] Creation of dynamic property CodeIgniter\HTTP\IncomingRequest::$user is deprecated in APPPATH\Filters\JwtAuth.php on line 47.
 1 SYSTEMPATH\Filters\Filters.php(182): App\Filters\JwtAuth->before(Object(CodeIgniter\HTTP\IncomingRequest), null)
 2 SYSTEMPATH\CodeIgniter.php(475): CodeIgniter\Filters\Filters->run('api/profile', 'before')
 3 SYSTEMPATH\CodeIgniter.php(361): CodeIgniter\CodeIgniter->handleRequest(null, Object(Config\Cache), false)
 4 FCPATH\index.php(79): CodeIgniter\CodeIgniter->run()
INFO - 2026-03-15 19:26:40 --> Session: Class initialized using 'CodeIgniter\Session\Handlers\FileHandler' driver.
WARNING - 2026-03-15 19:26:40 --> [DEPRECATED] Creation of dynamic property CodeIgniter\HTTP\IncomingRequest::$user is deprecated in APPPATH\Filters\JwtAuthWeb.php on line 32.
 1 SYSTEMPATH\Filters\Filters.php(182): App\Filters\JwtAuthWeb->before(Object(CodeIgniter\HTTP\IncomingRequest), null)
 2 SYSTEMPATH\CodeIgniter.php(475): CodeIgniter\Filters\Filters->run('getChart_data', 'before')
 3 SYSTEMPATH\CodeIgniter.php(361): CodeIgniter\CodeIgniter->handleRequest(null, Object(Config\Cache), false)
 4 FCPATH\index.php(79): CodeIgniter\CodeIgniter->run()
INFO - 2026-03-15 19:26:40 --> Session: Class initialized using 'CodeIgniter\Session\Handlers\FileHandler' driver.
WARNING - 2026-03-15 19:26:40 --> [DEPRECATED] Creation of dynamic property CodeIgniter\HTTP\IncomingRequest::$user is deprecated in APPPATH\Filters\JwtAuthWeb.php on line 32.
 1 SYSTEMPATH\Filters\Filters.php(182): App\Filters\JwtAuthWeb->before(Object(CodeIgniter\HTTP\IncomingRequest), null)
 2 SYSTEMPATH\CodeIgniter.php(475): CodeIgniter\Filters\Filters->run('getChart_All', 'before')
 3 SYSTEMPATH\CodeIgniter.php(361): CodeIgniter\CodeIgniter->handleRequest(null, Object(Config\Cache), false)
 4 FCPATH\index.php(79): CodeIgniter\CodeIgniter->run()
INFO - 2026-03-15 19:26:40 --> Session: Class initialized using 'CodeIgniter\Session\Handlers\FileHandler' driver.
WARNING - 2026-03-15 19:26:40 --> [DEPRECATED] Creation of dynamic property CodeIgniter\HTTP\IncomingRequest::$user is deprecated in APPPATH\Filters\JwtAuthWeb.php on line 32.
 1 SYSTEMPATH\Filters\Filters.php(182): App\Filters\JwtAuthWeb->before(Object(CodeIgniter\HTTP\IncomingRequest), null)
 2 SYSTEMPATH\CodeIgniter.php(475): CodeIgniter\Filters\Filters->run('get_data_chartInproj', 'before')
 3 SYSTEMPATH\CodeIgniter.php(361): CodeIgniter\CodeIgniter->handleRequest(null, Object(Config\Cache), false)
 4 FCPATH\index.php(79): CodeIgniter\CodeIgniter->run()
INFO - 2026-03-15 19:26:40 --> Session: Class initialized using 'CodeIgniter\Session\Handlers\FileHandler' driver.
WARNING - 2026-03-15 19:26:40 --> [DEPRECATED] Creation of dynamic property CodeIgniter\HTTP\IncomingRequest::$user is deprecated in APPPATH\Filters\JwtAuthWeb.php on line 32.
 1 SYSTEMPATH\Filters\Filters.php(182): App\Filters\JwtAuthWeb->before(Object(CodeIgniter\HTTP\IncomingRequest), null)
 2 SYSTEMPATH\CodeIgniter.php(475): CodeIgniter\Filters\Filters->run('get_risk_Chart_bf', 'before')
 3 SYSTEMPATH\CodeIgniter.php(361): CodeIgniter\CodeIgniter->handleRequest(null, Object(Config\Cache), false)
 4 FCPATH\index.php(79): CodeIgniter\CodeIgniter->run()
ERROR - 2026-03-15 19:26:40 --> mysqli_sql_exception: FUNCTION ncdsdb.result2count does not exist in D:\xampp6\htdocs\smm-HL\vendor\codeigniter4\framework\system\Database\MySQLi\Connection.php:306
Stack trace:
#0 D:\xampp6\htdocs\smm-HL\vendor\codeigniter4\framework\system\Database\MySQLi\Connection.php(306): mysqli->query('SELECT * FROM (...', 0)
#1 D:\xampp6\htdocs\smm-HL\vendor\codeigniter4\framework\system\Database\BaseConnection.php(693): CodeIgniter\Database\MySQLi\Connection->execute('SELECT * FROM (...')
#2 D:\xampp6\htdocs\smm-HL\vendor\codeigniter4\framework\system\Database\BaseConnection.php(607): CodeIgniter\Database\BaseConnection->simpleQuery('SELECT * FROM (...')
#3 D:\xampp6\htdocs\smm-HL\vendor\codeigniter4\framework\system\Database\BaseBuilder.php(1616): CodeIgniter\Database\BaseConnection->query('SELECT * FROM (...', Array, false)
#4 D:\xampp6\htdocs\smm-HL\app\Models\SeledmModel.php(122): CodeIgniter\Database\BaseBuilder->get()
#5 D:\xampp6\htdocs\smm-HL\app\Controllers\Admin.php(177): App\Models\SeledmModel->get_risk_inproj_bf('')
#6 D:\xampp6\htdocs\smm-HL\vendor\codeigniter4\framework\system\CodeIgniter.php(943): App\Controllers\Admin->get_risk_Chart_bf()
#7 D:\xampp6\htdocs\smm-HL\vendor\codeigniter4\framework\system\CodeIgniter.php(503): CodeIgniter\CodeIgniter->runController(Object(App\Controllers\Admin))
#8 D:\xampp6\htdocs\smm-HL\vendor\codeigniter4\framework\system\CodeIgniter.php(361): CodeIgniter\CodeIgniter->handleRequest(NULL, Object(Config\Cache), false)
#9 D:\xampp6\htdocs\smm-HL\public\index.php(79): CodeIgniter\CodeIgniter->run()
#10 {main}
CRITICAL - 2026-03-15 19:26:40 --> CodeIgniter\Database\Exceptions\DatabaseException: FUNCTION ncdsdb.result2count does not exist
in SYSTEMPATH\Database\BaseConnection.php on line 647.
 1 SYSTEMPATH\Database\BaseBuilder.php(1616): CodeIgniter\Database\BaseConnection->query('SELECT * FROM (SELECT `risktype`, `result`, `result2`, count(id) as countID
FROM `selected_riskdm`
GROUP BY `risktype`, `result`, `result2`) `uwrp0`
UNION SELECT * FROM (SELECT `risktype`, `result`, result2count(id) as countID FROM `selected_riskht` GROUP BY `risktype`, `result`, `result2`) `uwrp1`', [], false)
 2 APPPATH\Models\SeledmModel.php(122): CodeIgniter\Database\BaseBuilder->get()
 3 APPPATH\Controllers\Admin.php(177): App\Models\SeledmModel->get_risk_inproj_bf('')
 4 SYSTEMPATH\CodeIgniter.php(943): App\Controllers\Admin->get_risk_Chart_bf()
 5 SYSTEMPATH\CodeIgniter.php(503): CodeIgniter\CodeIgniter->runController(Object(App\Controllers\Admin))
 6 SYSTEMPATH\CodeIgniter.php(361): CodeIgniter\CodeIgniter->handleRequest(null, Object(Config\Cache), false)
 7 FCPATH\index.php(79): CodeIgniter\CodeIgniter->run()
CRITICAL - 2026-03-15 19:26:40 --> [Caused by] CodeIgniter\Database\Exceptions\DatabaseException: FUNCTION ncdsdb.result2count does not exist
in SYSTEMPATH\Database\MySQLi\Connection.php on line 311.
 1 SYSTEMPATH\Database\BaseConnection.php(693): CodeIgniter\Database\MySQLi\Connection->execute('SELECT * FROM (SELECT `risktype`, `result`, `result2`, count(id) as countID
FROM `selected_riskdm`
GROUP BY `risktype`, `result`, `result2`) `uwrp0`
UNION SELECT * FROM (SELECT `risktype`, `result`, result2count(id) as countID FROM `selected_riskht` GROUP BY `risktype`, `result`, `result2`) `uwrp1`')
 2 SYSTEMPATH\Database\BaseConnection.php(607): CodeIgniter\Database\BaseConnection->simpleQuery('SELECT * FROM (SELECT `risktype`, `result`, `result2`, count(id) as countID
FROM `selected_riskdm`
GROUP BY `risktype`, `result`, `result2`) `uwrp0`
UNION SELECT * FROM (SELECT `risktype`, `result`, result2count(id) as countID FROM `selected_riskht` GROUP BY `risktype`, `result`, `result2`) `uwrp1`')
 3 SYSTEMPATH\Database\BaseBuilder.php(1616): CodeIgniter\Database\BaseConnection->query('SELECT * FROM (SELECT `risktype`, `result`, `result2`, count(id) as countID
FROM `selected_riskdm`
GROUP BY `risktype`, `result`, `result2`) `uwrp0`
UNION SELECT * FROM (SELECT `risktype`, `result`, result2count(id) as countID FROM `selected_riskht` GROUP BY `risktype`, `result`, `result2`) `uwrp1`', [], false)
 4 APPPATH\Models\SeledmModel.php(122): CodeIgniter\Database\BaseBuilder->get()
 5 APPPATH\Controllers\Admin.php(177): App\Models\SeledmModel->get_risk_inproj_bf('')
 6 SYSTEMPATH\CodeIgniter.php(943): App\Controllers\Admin->get_risk_Chart_bf()
 7 SYSTEMPATH\CodeIgniter.php(503): CodeIgniter\CodeIgniter->runController(Object(App\Controllers\Admin))
 8 SYSTEMPATH\CodeIgniter.php(361): CodeIgniter\CodeIgniter->handleRequest(null, Object(Config\Cache), false)
 9 FCPATH\index.php(79): CodeIgniter\CodeIgniter->run()
CRITICAL - 2026-03-15 19:26:40 --> [Caused by] mysqli_sql_exception: FUNCTION ncdsdb.result2count does not exist
in SYSTEMPATH\Database\MySQLi\Connection.php on line 306.
 1 SYSTEMPATH\Database\MySQLi\Connection.php(306): mysqli->query('SELECT * FROM (SELECT `risktype`, `result`, `result2`, count(id) as countID
FROM `selected_riskdm`
GROUP BY `risktype`, `result`, `result2`) `uwrp0`
UNION SELECT * FROM (SELECT `risktype`, `result`, result2count(id) as countID FROM `selected_riskht` GROUP BY `risktype`, `result`, `result2`) `uwrp1`', 0)
 2 SYSTEMPATH\Database\BaseConnection.php(693): CodeIgniter\Database\MySQLi\Connection->execute('SELECT * FROM (SELECT `risktype`, `result`, `result2`, count(id) as countID
FROM `selected_riskdm`
GROUP BY `risktype`, `result`, `result2`) `uwrp0`
UNION SELECT * FROM (SELECT `risktype`, `result`, result2count(id) as countID FROM `selected_riskht` GROUP BY `risktype`, `result`, `result2`) `uwrp1`')
 3 SYSTEMPATH\Database\BaseConnection.php(607): CodeIgniter\Database\BaseConnection->simpleQuery('SELECT * FROM (SELECT `risktype`, `result`, `result2`, count(id) as countID
FROM `selected_riskdm`
GROUP BY `risktype`, `result`, `result2`) `uwrp0`
UNION SELECT * FROM (SELECT `risktype`, `result`, result2count(id) as countID FROM `selected_riskht` GROUP BY `risktype`, `result`, `result2`) `uwrp1`')
 4 SYSTEMPATH\Database\BaseBuilder.php(1616): CodeIgniter\Database\BaseConnection->query('SELECT * FROM (SELECT `risktype`, `result`, `result2`, count(id) as countID
FROM `selected_riskdm`
GROUP BY `risktype`, `result`, `result2`) `uwrp0`
UNION SELECT * FROM (SELECT `risktype`, `result`, result2count(id) as countID FROM `selected_riskht` GROUP BY `risktype`, `result`, `result2`) `uwrp1`', [], false)
 5 APPPATH\Models\SeledmModel.php(122): CodeIgniter\Database\BaseBuilder->get()
 6 APPPATH\Controllers\Admin.php(177): App\Models\SeledmModel->get_risk_inproj_bf('')
 7 SYSTEMPATH\CodeIgniter.php(943): App\Controllers\Admin->get_risk_Chart_bf()
 8 SYSTEMPATH\CodeIgniter.php(503): CodeIgniter\CodeIgniter->runController(Object(App\Controllers\Admin))
 9 SYSTEMPATH\CodeIgniter.php(361): CodeIgniter\CodeIgniter->handleRequest(null, Object(Config\Cache), false)
10 FCPATH\index.php(79): CodeIgniter\CodeIgniter->run()
INFO - 2026-03-15 19:26:43 --> Session: Class initialized using 'CodeIgniter\Session\Handlers\FileHandler' driver.
WARNING - 2026-03-15 19:26:43 --> [DEPRECATED] Creation of dynamic property CodeIgniter\HTTP\IncomingRequest::$user is deprecated in APPPATH\Filters\JwtAuthWeb.php on line 32.
 1 SYSTEMPATH\Filters\Filters.php(182): App\Filters\JwtAuthWeb->before(Object(CodeIgniter\HTTP\IncomingRequest), null)
 2 SYSTEMPATH\CodeIgniter.php(475): CodeIgniter\Filters\Filters->run('dashboard', 'before')
 3 SYSTEMPATH\CodeIgniter.php(361): CodeIgniter\CodeIgniter->handleRequest(null, Object(Config\Cache), false)
 4 FCPATH\index.php(79): CodeIgniter\CodeIgniter->run()
WARNING - 2026-03-15 19:26:44 --> [DEPRECATED] Creation of dynamic property CodeIgniter\HTTP\IncomingRequest::$user is deprecated in APPPATH\Filters\JwtAuth.php on line 47.
 1 SYSTEMPATH\Filters\Filters.php(182): App\Filters\JwtAuth->before(Object(CodeIgniter\HTTP\IncomingRequest), null)
 2 SYSTEMPATH\CodeIgniter.php(475): CodeIgniter\Filters\Filters->run('api/profile', 'before')
 3 SYSTEMPATH\CodeIgniter.php(361): CodeIgniter\CodeIgniter->handleRequest(null, Object(Config\Cache), false)
 4 FCPATH\index.php(79): CodeIgniter\CodeIgniter->run()
INFO - 2026-03-15 19:26:44 --> Session: Class initialized using 'CodeIgniter\Session\Handlers\FileHandler' driver.
WARNING - 2026-03-15 19:26:44 --> [DEPRECATED] Creation of dynamic property CodeIgniter\HTTP\IncomingRequest::$user is deprecated in APPPATH\Filters\JwtAuthWeb.php on line 32.
 1 SYSTEMPATH\Filters\Filters.php(182): App\Filters\JwtAuthWeb->before(Object(CodeIgniter\HTTP\IncomingRequest), null)
 2 SYSTEMPATH\CodeIgniter.php(475): CodeIgniter\Filters\Filters->run('getChart_data', 'before')
 3 SYSTEMPATH\CodeIgniter.php(361): CodeIgniter\CodeIgniter->handleRequest(null, Object(Config\Cache), false)
 4 FCPATH\index.php(79): CodeIgniter\CodeIgniter->run()
INFO - 2026-03-15 19:26:44 --> Session: Class initialized using 'CodeIgniter\Session\Handlers\FileHandler' driver.
WARNING - 2026-03-15 19:26:44 --> [DEPRECATED] Creation of dynamic property CodeIgniter\HTTP\IncomingRequest::$user is deprecated in APPPATH\Filters\JwtAuthWeb.php on line 32.
 1 SYSTEMPATH\Filters\Filters.php(182): App\Filters\JwtAuthWeb->before(Object(CodeIgniter\HTTP\IncomingRequest), null)
 2 SYSTEMPATH\CodeIgniter.php(475): CodeIgniter\Filters\Filters->run('getChart_All', 'before')
 3 SYSTEMPATH\CodeIgniter.php(361): CodeIgniter\CodeIgniter->handleRequest(null, Object(Config\Cache), false)
 4 FCPATH\index.php(79): CodeIgniter\CodeIgniter->run()
INFO - 2026-03-15 19:26:44 --> Session: Class initialized using 'CodeIgniter\Session\Handlers\FileHandler' driver.
WARNING - 2026-03-15 19:26:44 --> [DEPRECATED] Creation of dynamic property CodeIgniter\HTTP\IncomingRequest::$user is deprecated in APPPATH\Filters\JwtAuthWeb.php on line 32.
 1 SYSTEMPATH\Filters\Filters.php(182): App\Filters\JwtAuthWeb->before(Object(CodeIgniter\HTTP\IncomingRequest), null)
 2 SYSTEMPATH\CodeIgniter.php(475): CodeIgniter\Filters\Filters->run('get_data_chartInproj', 'before')
 3 SYSTEMPATH\CodeIgniter.php(361): CodeIgniter\CodeIgniter->handleRequest(null, Object(Config\Cache), false)
 4 FCPATH\index.php(79): CodeIgniter\CodeIgniter->run()
INFO - 2026-03-15 19:26:44 --> Session: Class initialized using 'CodeIgniter\Session\Handlers\FileHandler' driver.
WARNING - 2026-03-15 19:26:44 --> [DEPRECATED] Creation of dynamic property CodeIgniter\HTTP\IncomingRequest::$user is deprecated in APPPATH\Filters\JwtAuthWeb.php on line 32.
 1 SYSTEMPATH\Filters\Filters.php(182): App\Filters\JwtAuthWeb->before(Object(CodeIgniter\HTTP\IncomingRequest), null)
 2 SYSTEMPATH\CodeIgniter.php(475): CodeIgniter\Filters\Filters->run('get_risk_Chart_bf', 'before')
 3 SYSTEMPATH\CodeIgniter.php(361): CodeIgniter\CodeIgniter->handleRequest(null, Object(Config\Cache), false)
 4 FCPATH\index.php(79): CodeIgniter\CodeIgniter->run()
ERROR - 2026-03-15 19:26:44 --> mysqli_sql_exception: FUNCTION ncdsdb.result2count does not exist in D:\xampp6\htdocs\smm-HL\vendor\codeigniter4\framework\system\Database\MySQLi\Connection.php:306
Stack trace:
#0 D:\xampp6\htdocs\smm-HL\vendor\codeigniter4\framework\system\Database\MySQLi\Connection.php(306): mysqli->query('SELECT * FROM (...', 0)
#1 D:\xampp6\htdocs\smm-HL\vendor\codeigniter4\framework\system\Database\BaseConnection.php(693): CodeIgniter\Database\MySQLi\Connection->execute('SELECT * FROM (...')
#2 D:\xampp6\htdocs\smm-HL\vendor\codeigniter4\framework\system\Database\BaseConnection.php(607): CodeIgniter\Database\BaseConnection->simpleQuery('SELECT * FROM (...')
#3 D:\xampp6\htdocs\smm-HL\vendor\codeigniter4\framework\system\Database\BaseBuilder.php(1616): CodeIgniter\Database\BaseConnection->query('SELECT * FROM (...', Array, false)
#4 D:\xampp6\htdocs\smm-HL\app\Models\SeledmModel.php(122): CodeIgniter\Database\BaseBuilder->get()
#5 D:\xampp6\htdocs\smm-HL\app\Controllers\Admin.php(177): App\Models\SeledmModel->get_risk_inproj_bf('')
#6 D:\xampp6\htdocs\smm-HL\vendor\codeigniter4\framework\system\CodeIgniter.php(943): App\Controllers\Admin->get_risk_Chart_bf()
#7 D:\xampp6\htdocs\smm-HL\vendor\codeigniter4\framework\system\CodeIgniter.php(503): CodeIgniter\CodeIgniter->runController(Object(App\Controllers\Admin))
#8 D:\xampp6\htdocs\smm-HL\vendor\codeigniter4\framework\system\CodeIgniter.php(361): CodeIgniter\CodeIgniter->handleRequest(NULL, Object(Config\Cache), false)
#9 D:\xampp6\htdocs\smm-HL\public\index.php(79): CodeIgniter\CodeIgniter->run()
#10 {main}
CRITICAL - 2026-03-15 19:26:44 --> CodeIgniter\Database\Exceptions\DatabaseException: FUNCTION ncdsdb.result2count does not exist
in SYSTEMPATH\Database\BaseConnection.php on line 647.
 1 SYSTEMPATH\Database\BaseBuilder.php(1616): CodeIgniter\Database\BaseConnection->query('SELECT * FROM (SELECT `risktype`, `result`, `result2`, count(id) as countID
FROM `selected_riskdm`
GROUP BY `risktype`, `result`, `result2`) `uwrp0`
UNION SELECT * FROM (SELECT `risktype`, `result`, result2count(id) as countID FROM `selected_riskht` GROUP BY `risktype`, `result`, `result2`) `uwrp1`', [], false)
 2 APPPATH\Models\SeledmModel.php(122): CodeIgniter\Database\BaseBuilder->get()
 3 APPPATH\Controllers\Admin.php(177): App\Models\SeledmModel->get_risk_inproj_bf('')
 4 SYSTEMPATH\CodeIgniter.php(943): App\Controllers\Admin->get_risk_Chart_bf()
 5 SYSTEMPATH\CodeIgniter.php(503): CodeIgniter\CodeIgniter->runController(Object(App\Controllers\Admin))
 6 SYSTEMPATH\CodeIgniter.php(361): CodeIgniter\CodeIgniter->handleRequest(null, Object(Config\Cache), false)
 7 FCPATH\index.php(79): CodeIgniter\CodeIgniter->run()
CRITICAL - 2026-03-15 19:26:44 --> [Caused by] CodeIgniter\Database\Exceptions\DatabaseException: FUNCTION ncdsdb.result2count does not exist
in SYSTEMPATH\Database\MySQLi\Connection.php on line 311.
 1 SYSTEMPATH\Database\BaseConnection.php(693): CodeIgniter\Database\MySQLi\Connection->execute('SELECT * FROM (SELECT `risktype`, `result`, `result2`, count(id) as countID
FROM `selected_riskdm`
GROUP BY `risktype`, `result`, `result2`) `uwrp0`
UNION SELECT * FROM (SELECT `risktype`, `result`, result2count(id) as countID FROM `selected_riskht` GROUP BY `risktype`, `result`, `result2`) `uwrp1`')
 2 SYSTEMPATH\Database\BaseConnection.php(607): CodeIgniter\Database\BaseConnection->simpleQuery('SELECT * FROM (SELECT `risktype`, `result`, `result2`, count(id) as countID
FROM `selected_riskdm`
GROUP BY `risktype`, `result`, `result2`) `uwrp0`
UNION SELECT * FROM (SELECT `risktype`, `result`, result2count(id) as countID FROM `selected_riskht` GROUP BY `risktype`, `result`, `result2`) `uwrp1`')
 3 SYSTEMPATH\Database\BaseBuilder.php(1616): CodeIgniter\Database\BaseConnection->query('SELECT * FROM (SELECT `risktype`, `result`, `result2`, count(id) as countID
FROM `selected_riskdm`
GROUP BY `risktype`, `result`, `result2`) `uwrp0`
UNION SELECT * FROM (SELECT `risktype`, `result`, result2count(id) as countID FROM `selected_riskht` GROUP BY `risktype`, `result`, `result2`) `uwrp1`', [], false)
 4 APPPATH\Models\SeledmModel.php(122): CodeIgniter\Database\BaseBuilder->get()
 5 APPPATH\Controllers\Admin.php(177): App\Models\SeledmModel->get_risk_inproj_bf('')
 6 SYSTEMPATH\CodeIgniter.php(943): App\Controllers\Admin->get_risk_Chart_bf()
 7 SYSTEMPATH\CodeIgniter.php(503): CodeIgniter\CodeIgniter->runController(Object(App\Controllers\Admin))
 8 SYSTEMPATH\CodeIgniter.php(361): CodeIgniter\CodeIgniter->handleRequest(null, Object(Config\Cache), false)
 9 FCPATH\index.php(79): CodeIgniter\CodeIgniter->run()
CRITICAL - 2026-03-15 19:26:44 --> [Caused by] mysqli_sql_exception: FUNCTION ncdsdb.result2count does not exist
in SYSTEMPATH\Database\MySQLi\Connection.php on line 306.
 1 SYSTEMPATH\Database\MySQLi\Connection.php(306): mysqli->query('SELECT * FROM (SELECT `risktype`, `result`, `result2`, count(id) as countID
FROM `selected_riskdm`
GROUP BY `risktype`, `result`, `result2`) `uwrp0`
UNION SELECT * FROM (SELECT `risktype`, `result`, result2count(id) as countID FROM `selected_riskht` GROUP BY `risktype`, `result`, `result2`) `uwrp1`', 0)
 2 SYSTEMPATH\Database\BaseConnection.php(693): CodeIgniter\Database\MySQLi\Connection->execute('SELECT * FROM (SELECT `risktype`, `result`, `result2`, count(id) as countID
FROM `selected_riskdm`
GROUP BY `risktype`, `result`, `result2`) `uwrp0`
UNION SELECT * FROM (SELECT `risktype`, `result`, result2count(id) as countID FROM `selected_riskht` GROUP BY `risktype`, `result`, `result2`) `uwrp1`')
 3 SYSTEMPATH\Database\BaseConnection.php(607): CodeIgniter\Database\BaseConnection->simpleQuery('SELECT * FROM (SELECT `risktype`, `result`, `result2`, count(id) as countID
FROM `selected_riskdm`
GROUP BY `risktype`, `result`, `result2`) `uwrp0`
UNION SELECT * FROM (SELECT `risktype`, `result`, result2count(id) as countID FROM `selected_riskht` GROUP BY `risktype`, `result`, `result2`) `uwrp1`')
 4 SYSTEMPATH\Database\BaseBuilder.php(1616): CodeIgniter\Database\BaseConnection->query('SELECT * FROM (SELECT `risktype`, `result`, `result2`, count(id) as countID
FROM `selected_riskdm`
GROUP BY `risktype`, `result`, `result2`) `uwrp0`
UNION SELECT * FROM (SELECT `risktype`, `result`, result2count(id) as countID FROM `selected_riskht` GROUP BY `risktype`, `result`, `result2`) `uwrp1`', [], false)
 5 APPPATH\Models\SeledmModel.php(122): CodeIgniter\Database\BaseBuilder->get()
 6 APPPATH\Controllers\Admin.php(177): App\Models\SeledmModel->get_risk_inproj_bf('')
 7 SYSTEMPATH\CodeIgniter.php(943): App\Controllers\Admin->get_risk_Chart_bf()
 8 SYSTEMPATH\CodeIgniter.php(503): CodeIgniter\CodeIgniter->runController(Object(App\Controllers\Admin))
 9 SYSTEMPATH\CodeIgniter.php(361): CodeIgniter\CodeIgniter->handleRequest(null, Object(Config\Cache), false)
10 FCPATH\index.php(79): CodeIgniter\CodeIgniter->run()
INFO - 2026-03-15 19:27:41 --> Session: Class initialized using 'CodeIgniter\Session\Handlers\FileHandler' driver.
WARNING - 2026-03-15 19:27:41 --> [DEPRECATED] Creation of dynamic property CodeIgniter\HTTP\IncomingRequest::$user is deprecated in APPPATH\Filters\JwtAuthWeb.php on line 32.
 1 SYSTEMPATH\Filters\Filters.php(182): App\Filters\JwtAuthWeb->before(Object(CodeIgniter\HTTP\IncomingRequest), null)
 2 SYSTEMPATH\CodeIgniter.php(475): CodeIgniter\Filters\Filters->run('dashboard', 'before')
 3 SYSTEMPATH\CodeIgniter.php(361): CodeIgniter\CodeIgniter->handleRequest(null, Object(Config\Cache), false)
 4 FCPATH\index.php(79): CodeIgniter\CodeIgniter->run()
WARNING - 2026-03-15 19:27:41 --> [DEPRECATED] Creation of dynamic property CodeIgniter\HTTP\IncomingRequest::$user is deprecated in APPPATH\Filters\JwtAuth.php on line 47.
 1 SYSTEMPATH\Filters\Filters.php(182): App\Filters\JwtAuth->before(Object(CodeIgniter\HTTP\IncomingRequest), null)
 2 SYSTEMPATH\CodeIgniter.php(475): CodeIgniter\Filters\Filters->run('api/profile', 'before')
 3 SYSTEMPATH\CodeIgniter.php(361): CodeIgniter\CodeIgniter->handleRequest(null, Object(Config\Cache), false)
 4 FCPATH\index.php(79): CodeIgniter\CodeIgniter->run()
INFO - 2026-03-15 19:27:41 --> Session: Class initialized using 'CodeIgniter\Session\Handlers\FileHandler' driver.
WARNING - 2026-03-15 19:27:41 --> [DEPRECATED] Creation of dynamic property CodeIgniter\HTTP\IncomingRequest::$user is deprecated in APPPATH\Filters\JwtAuthWeb.php on line 32.
 1 SYSTEMPATH\Filters\Filters.php(182): App\Filters\JwtAuthWeb->before(Object(CodeIgniter\HTTP\IncomingRequest), null)
 2 SYSTEMPATH\CodeIgniter.php(475): CodeIgniter\Filters\Filters->run('getChart_data', 'before')
 3 SYSTEMPATH\CodeIgniter.php(361): CodeIgniter\CodeIgniter->handleRequest(null, Object(Config\Cache), false)
 4 FCPATH\index.php(79): CodeIgniter\CodeIgniter->run()
INFO - 2026-03-15 19:27:41 --> Session: Class initialized using 'CodeIgniter\Session\Handlers\FileHandler' driver.
WARNING - 2026-03-15 19:27:41 --> [DEPRECATED] Creation of dynamic property CodeIgniter\HTTP\IncomingRequest::$user is deprecated in APPPATH\Filters\JwtAuthWeb.php on line 32.
 1 SYSTEMPATH\Filters\Filters.php(182): App\Filters\JwtAuthWeb->before(Object(CodeIgniter\HTTP\IncomingRequest), null)
 2 SYSTEMPATH\CodeIgniter.php(475): CodeIgniter\Filters\Filters->run('getChart_All', 'before')
 3 SYSTEMPATH\CodeIgniter.php(361): CodeIgniter\CodeIgniter->handleRequest(null, Object(Config\Cache), false)
 4 FCPATH\index.php(79): CodeIgniter\CodeIgniter->run()
INFO - 2026-03-15 19:27:41 --> Session: Class initialized using 'CodeIgniter\Session\Handlers\FileHandler' driver.
WARNING - 2026-03-15 19:27:41 --> [DEPRECATED] Creation of dynamic property CodeIgniter\HTTP\IncomingRequest::$user is deprecated in APPPATH\Filters\JwtAuthWeb.php on line 32.
 1 SYSTEMPATH\Filters\Filters.php(182): App\Filters\JwtAuthWeb->before(Object(CodeIgniter\HTTP\IncomingRequest), null)
 2 SYSTEMPATH\CodeIgniter.php(475): CodeIgniter\Filters\Filters->run('get_data_chartInproj', 'before')
 3 SYSTEMPATH\CodeIgniter.php(361): CodeIgniter\CodeIgniter->handleRequest(null, Object(Config\Cache), false)
 4 FCPATH\index.php(79): CodeIgniter\CodeIgniter->run()
INFO - 2026-03-15 19:27:41 --> Session: Class initialized using 'CodeIgniter\Session\Handlers\FileHandler' driver.
WARNING - 2026-03-15 19:27:41 --> [DEPRECATED] Creation of dynamic property CodeIgniter\HTTP\IncomingRequest::$user is deprecated in APPPATH\Filters\JwtAuthWeb.php on line 32.
 1 SYSTEMPATH\Filters\Filters.php(182): App\Filters\JwtAuthWeb->before(Object(CodeIgniter\HTTP\IncomingRequest), null)
 2 SYSTEMPATH\CodeIgniter.php(475): CodeIgniter\Filters\Filters->run('get_risk_Chart_bf', 'before')
 3 SYSTEMPATH\CodeIgniter.php(361): CodeIgniter\CodeIgniter->handleRequest(null, Object(Config\Cache), false)
 4 FCPATH\index.php(79): CodeIgniter\CodeIgniter->run()
ERROR - 2026-03-15 19:27:41 --> mysqli_sql_exception: FUNCTION ncdsdb.result2count does not exist in D:\xampp6\htdocs\smm-HL\vendor\codeigniter4\framework\system\Database\MySQLi\Connection.php:306
Stack trace:
#0 D:\xampp6\htdocs\smm-HL\vendor\codeigniter4\framework\system\Database\MySQLi\Connection.php(306): mysqli->query('SELECT * FROM (...', 0)
#1 D:\xampp6\htdocs\smm-HL\vendor\codeigniter4\framework\system\Database\BaseConnection.php(693): CodeIgniter\Database\MySQLi\Connection->execute('SELECT * FROM (...')
#2 D:\xampp6\htdocs\smm-HL\vendor\codeigniter4\framework\system\Database\BaseConnection.php(607): CodeIgniter\Database\BaseConnection->simpleQuery('SELECT * FROM (...')
#3 D:\xampp6\htdocs\smm-HL\vendor\codeigniter4\framework\system\Database\BaseBuilder.php(1616): CodeIgniter\Database\BaseConnection->query('SELECT * FROM (...', Array, false)
#4 D:\xampp6\htdocs\smm-HL\app\Models\SeledmModel.php(122): CodeIgniter\Database\BaseBuilder->get()
#5 D:\xampp6\htdocs\smm-HL\app\Controllers\Admin.php(177): App\Models\SeledmModel->get_risk_inproj_bf('')
#6 D:\xampp6\htdocs\smm-HL\vendor\codeigniter4\framework\system\CodeIgniter.php(943): App\Controllers\Admin->get_risk_Chart_bf()
#7 D:\xampp6\htdocs\smm-HL\vendor\codeigniter4\framework\system\CodeIgniter.php(503): CodeIgniter\CodeIgniter->runController(Object(App\Controllers\Admin))
#8 D:\xampp6\htdocs\smm-HL\vendor\codeigniter4\framework\system\CodeIgniter.php(361): CodeIgniter\CodeIgniter->handleRequest(NULL, Object(Config\Cache), false)
#9 D:\xampp6\htdocs\smm-HL\public\index.php(79): CodeIgniter\CodeIgniter->run()
#10 {main}
CRITICAL - 2026-03-15 19:27:41 --> CodeIgniter\Database\Exceptions\DatabaseException: FUNCTION ncdsdb.result2count does not exist
in SYSTEMPATH\Database\BaseConnection.php on line 647.
 1 SYSTEMPATH\Database\BaseBuilder.php(1616): CodeIgniter\Database\BaseConnection->query('SELECT * FROM (SELECT `risktype`, `result`, `result2`, count(id) as countID
FROM `selected_riskdm`
GROUP BY `risktype`, `result`, `result2`) `uwrp0`
UNION SELECT * FROM (SELECT `risktype`, `result`, result2count(id) as countID FROM `selected_riskht` GROUP BY `risktype`, `result`, `result2`) `uwrp1`', [], false)
 2 APPPATH\Models\SeledmModel.php(122): CodeIgniter\Database\BaseBuilder->get()
 3 APPPATH\Controllers\Admin.php(177): App\Models\SeledmModel->get_risk_inproj_bf('')
 4 SYSTEMPATH\CodeIgniter.php(943): App\Controllers\Admin->get_risk_Chart_bf()
 5 SYSTEMPATH\CodeIgniter.php(503): CodeIgniter\CodeIgniter->runController(Object(App\Controllers\Admin))
 6 SYSTEMPATH\CodeIgniter.php(361): CodeIgniter\CodeIgniter->handleRequest(null, Object(Config\Cache), false)
 7 FCPATH\index.php(79): CodeIgniter\CodeIgniter->run()
CRITICAL - 2026-03-15 19:27:41 --> [Caused by] CodeIgniter\Database\Exceptions\DatabaseException: FUNCTION ncdsdb.result2count does not exist
in SYSTEMPATH\Database\MySQLi\Connection.php on line 311.
 1 SYSTEMPATH\Database\BaseConnection.php(693): CodeIgniter\Database\MySQLi\Connection->execute('SELECT * FROM (SELECT `risktype`, `result`, `result2`, count(id) as countID
FROM `selected_riskdm`
GROUP BY `risktype`, `result`, `result2`) `uwrp0`
UNION SELECT * FROM (SELECT `risktype`, `result`, result2count(id) as countID FROM `selected_riskht` GROUP BY `risktype`, `result`, `result2`) `uwrp1`')
 2 SYSTEMPATH\Database\BaseConnection.php(607): CodeIgniter\Database\BaseConnection->simpleQuery('SELECT * FROM (SELECT `risktype`, `result`, `result2`, count(id) as countID
FROM `selected_riskdm`
GROUP BY `risktype`, `result`, `result2`) `uwrp0`
UNION SELECT * FROM (SELECT `risktype`, `result`, result2count(id) as countID FROM `selected_riskht` GROUP BY `risktype`, `result`, `result2`) `uwrp1`')
 3 SYSTEMPATH\Database\BaseBuilder.php(1616): CodeIgniter\Database\BaseConnection->query('SELECT * FROM (SELECT `risktype`, `result`, `result2`, count(id) as countID
FROM `selected_riskdm`
GROUP BY `risktype`, `result`, `result2`) `uwrp0`
UNION SELECT * FROM (SELECT `risktype`, `result`, result2count(id) as countID FROM `selected_riskht` GROUP BY `risktype`, `result`, `result2`) `uwrp1`', [], false)
 4 APPPATH\Models\SeledmModel.php(122): CodeIgniter\Database\BaseBuilder->get()
 5 APPPATH\Controllers\Admin.php(177): App\Models\SeledmModel->get_risk_inproj_bf('')
 6 SYSTEMPATH\CodeIgniter.php(943): App\Controllers\Admin->get_risk_Chart_bf()
 7 SYSTEMPATH\CodeIgniter.php(503): CodeIgniter\CodeIgniter->runController(Object(App\Controllers\Admin))
 8 SYSTEMPATH\CodeIgniter.php(361): CodeIgniter\CodeIgniter->handleRequest(null, Object(Config\Cache), false)
 9 FCPATH\index.php(79): CodeIgniter\CodeIgniter->run()
CRITICAL - 2026-03-15 19:27:41 --> [Caused by] mysqli_sql_exception: FUNCTION ncdsdb.result2count does not exist
in SYSTEMPATH\Database\MySQLi\Connection.php on line 306.
 1 SYSTEMPATH\Database\MySQLi\Connection.php(306): mysqli->query('SELECT * FROM (SELECT `risktype`, `result`, `result2`, count(id) as countID
FROM `selected_riskdm`
GROUP BY `risktype`, `result`, `result2`) `uwrp0`
UNION SELECT * FROM (SELECT `risktype`, `result`, result2count(id) as countID FROM `selected_riskht` GROUP BY `risktype`, `result`, `result2`) `uwrp1`', 0)
 2 SYSTEMPATH\Database\BaseConnection.php(693): CodeIgniter\Database\MySQLi\Connection->execute('SELECT * FROM (SELECT `risktype`, `result`, `result2`, count(id) as countID
FROM `selected_riskdm`
GROUP BY `risktype`, `result`, `result2`) `uwrp0`
UNION SELECT * FROM (SELECT `risktype`, `result`, result2count(id) as countID FROM `selected_riskht` GROUP BY `risktype`, `result`, `result2`) `uwrp1`')
 3 SYSTEMPATH\Database\BaseConnection.php(607): CodeIgniter\Database\BaseConnection->simpleQuery('SELECT * FROM (SELECT `risktype`, `result`, `result2`, count(id) as countID
FROM `selected_riskdm`
GROUP BY `risktype`, `result`, `result2`) `uwrp0`
UNION SELECT * FROM (SELECT `risktype`, `result`, result2count(id) as countID FROM `selected_riskht` GROUP BY `risktype`, `result`, `result2`) `uwrp1`')
 4 SYSTEMPATH\Database\BaseBuilder.php(1616): CodeIgniter\Database\BaseConnection->query('SELECT * FROM (SELECT `risktype`, `result`, `result2`, count(id) as countID
FROM `selected_riskdm`
GROUP BY `risktype`, `result`, `result2`) `uwrp0`
UNION SELECT * FROM (SELECT `risktype`, `result`, result2count(id) as countID FROM `selected_riskht` GROUP BY `risktype`, `result`, `result2`) `uwrp1`', [], false)
 5 APPPATH\Models\SeledmModel.php(122): CodeIgniter\Database\BaseBuilder->get()
 6 APPPATH\Controllers\Admin.php(177): App\Models\SeledmModel->get_risk_inproj_bf('')
 7 SYSTEMPATH\CodeIgniter.php(943): App\Controllers\Admin->get_risk_Chart_bf()
 8 SYSTEMPATH\CodeIgniter.php(503): CodeIgniter\CodeIgniter->runController(Object(App\Controllers\Admin))
 9 SYSTEMPATH\CodeIgniter.php(361): CodeIgniter\CodeIgniter->handleRequest(null, Object(Config\Cache), false)
10 FCPATH\index.php(79): CodeIgniter\CodeIgniter->run()
INFO - 2026-03-15 19:28:19 --> Session: Class initialized using 'CodeIgniter\Session\Handlers\FileHandler' driver.
WARNING - 2026-03-15 19:28:19 --> [DEPRECATED] Creation of dynamic property CodeIgniter\HTTP\IncomingRequest::$user is deprecated in APPPATH\Filters\JwtAuthWeb.php on line 32.
 1 SYSTEMPATH\Filters\Filters.php(182): App\Filters\JwtAuthWeb->before(Object(CodeIgniter\HTTP\IncomingRequest), null)
 2 SYSTEMPATH\CodeIgniter.php(475): CodeIgniter\Filters\Filters->run('get_risk_Chart_bf', 'before')
 3 SYSTEMPATH\CodeIgniter.php(361): CodeIgniter\CodeIgniter->handleRequest(null, Object(Config\Cache), false)
 4 FCPATH\index.php(79): CodeIgniter\CodeIgniter->run()
ERROR - 2026-03-15 19:28:19 --> mysqli_sql_exception: FUNCTION ncdsdb.result2count does not exist in D:\xampp6\htdocs\smm-HL\vendor\codeigniter4\framework\system\Database\MySQLi\Connection.php:306
Stack trace:
#0 D:\xampp6\htdocs\smm-HL\vendor\codeigniter4\framework\system\Database\MySQLi\Connection.php(306): mysqli->query('SELECT * FROM (...', 0)
#1 D:\xampp6\htdocs\smm-HL\vendor\codeigniter4\framework\system\Database\BaseConnection.php(693): CodeIgniter\Database\MySQLi\Connection->execute('SELECT * FROM (...')
#2 D:\xampp6\htdocs\smm-HL\vendor\codeigniter4\framework\system\Database\BaseConnection.php(607): CodeIgniter\Database\BaseConnection->simpleQuery('SELECT * FROM (...')
#3 D:\xampp6\htdocs\smm-HL\vendor\codeigniter4\framework\system\Database\BaseBuilder.php(1616): CodeIgniter\Database\BaseConnection->query('SELECT * FROM (...', Array, false)
#4 D:\xampp6\htdocs\smm-HL\app\Models\SeledmModel.php(122): CodeIgniter\Database\BaseBuilder->get()
#5 D:\xampp6\htdocs\smm-HL\app\Controllers\Admin.php(177): App\Models\SeledmModel->get_risk_inproj_bf('')
#6 D:\xampp6\htdocs\smm-HL\vendor\codeigniter4\framework\system\CodeIgniter.php(943): App\Controllers\Admin->get_risk_Chart_bf()
#7 D:\xampp6\htdocs\smm-HL\vendor\codeigniter4\framework\system\CodeIgniter.php(503): CodeIgniter\CodeIgniter->runController(Object(App\Controllers\Admin))
#8 D:\xampp6\htdocs\smm-HL\vendor\codeigniter4\framework\system\CodeIgniter.php(361): CodeIgniter\CodeIgniter->handleRequest(NULL, Object(Config\Cache), false)
#9 D:\xampp6\htdocs\smm-HL\public\index.php(79): CodeIgniter\CodeIgniter->run()
#10 {main}
CRITICAL - 2026-03-15 19:28:19 --> CodeIgniter\Database\Exceptions\DatabaseException: FUNCTION ncdsdb.result2count does not exist
in SYSTEMPATH\Database\BaseConnection.php on line 647.
 1 SYSTEMPATH\Database\BaseBuilder.php(1616): CodeIgniter\Database\BaseConnection->query('SELECT * FROM (SELECT `risktype`, `result`, `result2`, count(id) as countID
FROM `selected_riskdm`
GROUP BY `risktype`, `result`, `result2`) `uwrp0`
UNION SELECT * FROM (SELECT `risktype`, `result`, result2count(id) as countID FROM `selected_riskht` GROUP BY `risktype`, `result`, `result2`) `uwrp1`', [], false)
 2 APPPATH\Models\SeledmModel.php(122): CodeIgniter\Database\BaseBuilder->get()
 3 APPPATH\Controllers\Admin.php(177): App\Models\SeledmModel->get_risk_inproj_bf('')
 4 SYSTEMPATH\CodeIgniter.php(943): App\Controllers\Admin->get_risk_Chart_bf()
 5 SYSTEMPATH\CodeIgniter.php(503): CodeIgniter\CodeIgniter->runController(Object(App\Controllers\Admin))
 6 SYSTEMPATH\CodeIgniter.php(361): CodeIgniter\CodeIgniter->handleRequest(null, Object(Config\Cache), false)
 7 FCPATH\index.php(79): CodeIgniter\CodeIgniter->run()
CRITICAL - 2026-03-15 19:28:19 --> [Caused by] CodeIgniter\Database\Exceptions\DatabaseException: FUNCTION ncdsdb.result2count does not exist
in SYSTEMPATH\Database\MySQLi\Connection.php on line 311.
 1 SYSTEMPATH\Database\BaseConnection.php(693): CodeIgniter\Database\MySQLi\Connection->execute('SELECT * FROM (SELECT `risktype`, `result`, `result2`, count(id) as countID
FROM `selected_riskdm`
GROUP BY `risktype`, `result`, `result2`) `uwrp0`
UNION SELECT * FROM (SELECT `risktype`, `result`, result2count(id) as countID FROM `selected_riskht` GROUP BY `risktype`, `result`, `result2`) `uwrp1`')
 2 SYSTEMPATH\Database\BaseConnection.php(607): CodeIgniter\Database\BaseConnection->simpleQuery('SELECT * FROM (SELECT `risktype`, `result`, `result2`, count(id) as countID
FROM `selected_riskdm`
GROUP BY `risktype`, `result`, `result2`) `uwrp0`
UNION SELECT * FROM (SELECT `risktype`, `result`, result2count(id) as countID FROM `selected_riskht` GROUP BY `risktype`, `result`, `result2`) `uwrp1`')
 3 SYSTEMPATH\Database\BaseBuilder.php(1616): CodeIgniter\Database\BaseConnection->query('SELECT * FROM (SELECT `risktype`, `result`, `result2`, count(id) as countID
FROM `selected_riskdm`
GROUP BY `risktype`, `result`, `result2`) `uwrp0`
UNION SELECT * FROM (SELECT `risktype`, `result`, result2count(id) as countID FROM `selected_riskht` GROUP BY `risktype`, `result`, `result2`) `uwrp1`', [], false)
 4 APPPATH\Models\SeledmModel.php(122): CodeIgniter\Database\BaseBuilder->get()
 5 APPPATH\Controllers\Admin.php(177): App\Models\SeledmModel->get_risk_inproj_bf('')
 6 SYSTEMPATH\CodeIgniter.php(943): App\Controllers\Admin->get_risk_Chart_bf()
 7 SYSTEMPATH\CodeIgniter.php(503): CodeIgniter\CodeIgniter->runController(Object(App\Controllers\Admin))
 8 SYSTEMPATH\CodeIgniter.php(361): CodeIgniter\CodeIgniter->handleRequest(null, Object(Config\Cache), false)
 9 FCPATH\index.php(79): CodeIgniter\CodeIgniter->run()
CRITICAL - 2026-03-15 19:28:19 --> [Caused by] mysqli_sql_exception: FUNCTION ncdsdb.result2count does not exist
in SYSTEMPATH\Database\MySQLi\Connection.php on line 306.
 1 SYSTEMPATH\Database\MySQLi\Connection.php(306): mysqli->query('SELECT * FROM (SELECT `risktype`, `result`, `result2`, count(id) as countID
FROM `selected_riskdm`
GROUP BY `risktype`, `result`, `result2`) `uwrp0`
UNION SELECT * FROM (SELECT `risktype`, `result`, result2count(id) as countID FROM `selected_riskht` GROUP BY `risktype`, `result`, `result2`) `uwrp1`', 0)
 2 SYSTEMPATH\Database\BaseConnection.php(693): CodeIgniter\Database\MySQLi\Connection->execute('SELECT * FROM (SELECT `risktype`, `result`, `result2`, count(id) as countID
FROM `selected_riskdm`
GROUP BY `risktype`, `result`, `result2`) `uwrp0`
UNION SELECT * FROM (SELECT `risktype`, `result`, result2count(id) as countID FROM `selected_riskht` GROUP BY `risktype`, `result`, `result2`) `uwrp1`')
 3 SYSTEMPATH\Database\BaseConnection.php(607): CodeIgniter\Database\BaseConnection->simpleQuery('SELECT * FROM (SELECT `risktype`, `result`, `result2`, count(id) as countID
FROM `selected_riskdm`
GROUP BY `risktype`, `result`, `result2`) `uwrp0`
UNION SELECT * FROM (SELECT `risktype`, `result`, result2count(id) as countID FROM `selected_riskht` GROUP BY `risktype`, `result`, `result2`) `uwrp1`')
 4 SYSTEMPATH\Database\BaseBuilder.php(1616): CodeIgniter\Database\BaseConnection->query('SELECT * FROM (SELECT `risktype`, `result`, `result2`, count(id) as countID
FROM `selected_riskdm`
GROUP BY `risktype`, `result`, `result2`) `uwrp0`
UNION SELECT * FROM (SELECT `risktype`, `result`, result2count(id) as countID FROM `selected_riskht` GROUP BY `risktype`, `result`, `result2`) `uwrp1`', [], false)
 5 APPPATH\Models\SeledmModel.php(122): CodeIgniter\Database\BaseBuilder->get()
 6 APPPATH\Controllers\Admin.php(177): App\Models\SeledmModel->get_risk_inproj_bf('')
 7 SYSTEMPATH\CodeIgniter.php(943): App\Controllers\Admin->get_risk_Chart_bf()
 8 SYSTEMPATH\CodeIgniter.php(503): CodeIgniter\CodeIgniter->runController(Object(App\Controllers\Admin))
 9 SYSTEMPATH\CodeIgniter.php(361): CodeIgniter\CodeIgniter->handleRequest(null, Object(Config\Cache), false)
10 FCPATH\index.php(79): CodeIgniter\CodeIgniter->run()
INFO - 2026-03-15 19:29:18 --> Session: Class initialized using 'CodeIgniter\Session\Handlers\FileHandler' driver.
WARNING - 2026-03-15 19:29:18 --> [DEPRECATED] Creation of dynamic property CodeIgniter\HTTP\IncomingRequest::$user is deprecated in APPPATH\Filters\JwtAuthWeb.php on line 32.
 1 SYSTEMPATH\Filters\Filters.php(182): App\Filters\JwtAuthWeb->before(Object(CodeIgniter\HTTP\IncomingRequest), null)
 2 SYSTEMPATH\CodeIgniter.php(475): CodeIgniter\Filters\Filters->run('get_risk_Chart_bf', 'before')
 3 SYSTEMPATH\CodeIgniter.php(361): CodeIgniter\CodeIgniter->handleRequest(null, Object(Config\Cache), false)
 4 FCPATH\index.php(79): CodeIgniter\CodeIgniter->run()
CRITICAL - 2026-03-15 19:29:18 --> ErrorException: Undefined array key "typerisk"
in APPPATH\Controllers\Admin.php on line 185.
 1 APPPATH\Controllers\Admin.php(185): CodeIgniter\Debug\Exceptions->errorHandler(2, 'Undefined array key "typerisk"', 'D:\\xampp6\\htdocs\\smm-HL\\app\\Controllers\\Admin.php', 185)
 2 SYSTEMPATH\CodeIgniter.php(943): App\Controllers\Admin->get_risk_Chart_bf()
 3 SYSTEMPATH\CodeIgniter.php(503): CodeIgniter\CodeIgniter->runController(Object(App\Controllers\Admin))
 4 SYSTEMPATH\CodeIgniter.php(361): CodeIgniter\CodeIgniter->handleRequest(null, Object(Config\Cache), false)
 5 FCPATH\index.php(79): CodeIgniter\CodeIgniter->run()
INFO - 2026-03-15 19:29:21 --> Session: Class initialized using 'CodeIgniter\Session\Handlers\FileHandler' driver.
WARNING - 2026-03-15 19:29:21 --> [DEPRECATED] Creation of dynamic property CodeIgniter\HTTP\IncomingRequest::$user is deprecated in APPPATH\Filters\JwtAuthWeb.php on line 32.
 1 SYSTEMPATH\Filters\Filters.php(182): App\Filters\JwtAuthWeb->before(Object(CodeIgniter\HTTP\IncomingRequest), null)
 2 SYSTEMPATH\CodeIgniter.php(475): CodeIgniter\Filters\Filters->run('get_risk_Chart_bf', 'before')
 3 SYSTEMPATH\CodeIgniter.php(361): CodeIgniter\CodeIgniter->handleRequest(null, Object(Config\Cache), false)
 4 FCPATH\index.php(79): CodeIgniter\CodeIgniter->run()
CRITICAL - 2026-03-15 19:29:21 --> ErrorException: Undefined array key "typerisk"
in APPPATH\Controllers\Admin.php on line 185.
 1 APPPATH\Controllers\Admin.php(185): CodeIgniter\Debug\Exceptions->errorHandler(2, 'Undefined array key "typerisk"', 'D:\\xampp6\\htdocs\\smm-HL\\app\\Controllers\\Admin.php', 185)
 2 SYSTEMPATH\CodeIgniter.php(943): App\Controllers\Admin->get_risk_Chart_bf()
 3 SYSTEMPATH\CodeIgniter.php(503): CodeIgniter\CodeIgniter->runController(Object(App\Controllers\Admin))
 4 SYSTEMPATH\CodeIgniter.php(361): CodeIgniter\CodeIgniter->handleRequest(null, Object(Config\Cache), false)
 5 FCPATH\index.php(79): CodeIgniter\CodeIgniter->run()
INFO - 2026-03-15 19:30:52 --> Session: Class initialized using 'CodeIgniter\Session\Handlers\FileHandler' driver.
WARNING - 2026-03-15 19:30:52 --> [DEPRECATED] Creation of dynamic property CodeIgniter\HTTP\IncomingRequest::$user is deprecated in APPPATH\Filters\JwtAuthWeb.php on line 32.
 1 SYSTEMPATH\Filters\Filters.php(182): App\Filters\JwtAuthWeb->before(Object(CodeIgniter\HTTP\IncomingRequest), null)
 2 SYSTEMPATH\CodeIgniter.php(475): CodeIgniter\Filters\Filters->run('get_risk_Chart_bf', 'before')
 3 SYSTEMPATH\CodeIgniter.php(361): CodeIgniter\CodeIgniter->handleRequest(null, Object(Config\Cache), false)
 4 FCPATH\index.php(79): CodeIgniter\CodeIgniter->run()
CRITICAL - 2026-03-15 19:30:52 --> TypeError: array_push(): Argument #1 ($array) must be of type array, null given
in APPPATH\Controllers\Admin.php on line 187.
 1 APPPATH\Controllers\Admin.php(187): array_push(null, null)
 2 SYSTEMPATH\CodeIgniter.php(943): App\Controllers\Admin->get_risk_Chart_bf()
 3 SYSTEMPATH\CodeIgniter.php(503): CodeIgniter\CodeIgniter->runController(Object(App\Controllers\Admin))
 4 SYSTEMPATH\CodeIgniter.php(361): CodeIgniter\CodeIgniter->handleRequest(null, Object(Config\Cache), false)
 5 FCPATH\index.php(79): CodeIgniter\CodeIgniter->run()
INFO - 2026-03-15 19:31:55 --> Session: Class initialized using 'CodeIgniter\Session\Handlers\FileHandler' driver.
WARNING - 2026-03-15 19:31:55 --> [DEPRECATED] Creation of dynamic property CodeIgniter\HTTP\IncomingRequest::$user is deprecated in APPPATH\Filters\JwtAuthWeb.php on line 32.
 1 SYSTEMPATH\Filters\Filters.php(182): App\Filters\JwtAuthWeb->before(Object(CodeIgniter\HTTP\IncomingRequest), null)
 2 SYSTEMPATH\CodeIgniter.php(475): CodeIgniter\Filters\Filters->run('get_risk_Chart_bf', 'before')
 3 SYSTEMPATH\CodeIgniter.php(361): CodeIgniter\CodeIgniter->handleRequest(null, Object(Config\Cache), false)
 4 FCPATH\index.php(79): CodeIgniter\CodeIgniter->run()
INFO - 2026-03-15 19:32:15 --> Session: Class initialized using 'CodeIgniter\Session\Handlers\FileHandler' driver.
WARNING - 2026-03-15 19:32:15 --> [DEPRECATED] Creation of dynamic property CodeIgniter\HTTP\IncomingRequest::$user is deprecated in APPPATH\Filters\JwtAuthWeb.php on line 32.
 1 SYSTEMPATH\Filters\Filters.php(182): App\Filters\JwtAuthWeb->before(Object(CodeIgniter\HTTP\IncomingRequest), null)
 2 SYSTEMPATH\CodeIgniter.php(475): CodeIgniter\Filters\Filters->run('dashboard', 'before')
 3 SYSTEMPATH\CodeIgniter.php(361): CodeIgniter\CodeIgniter->handleRequest(null, Object(Config\Cache), false)
 4 FCPATH\index.php(79): CodeIgniter\CodeIgniter->run()
WARNING - 2026-03-15 19:32:15 --> [DEPRECATED] Creation of dynamic property CodeIgniter\HTTP\IncomingRequest::$user is deprecated in APPPATH\Filters\JwtAuth.php on line 47.
 1 SYSTEMPATH\Filters\Filters.php(182): App\Filters\JwtAuth->before(Object(CodeIgniter\HTTP\IncomingRequest), null)
 2 SYSTEMPATH\CodeIgniter.php(475): CodeIgniter\Filters\Filters->run('api/profile', 'before')
 3 SYSTEMPATH\CodeIgniter.php(361): CodeIgniter\CodeIgniter->handleRequest(null, Object(Config\Cache), false)
 4 FCPATH\index.php(79): CodeIgniter\CodeIgniter->run()
INFO - 2026-03-15 19:32:15 --> Session: Class initialized using 'CodeIgniter\Session\Handlers\FileHandler' driver.
WARNING - 2026-03-15 19:32:15 --> [DEPRECATED] Creation of dynamic property CodeIgniter\HTTP\IncomingRequest::$user is deprecated in APPPATH\Filters\JwtAuthWeb.php on line 32.
 1 SYSTEMPATH\Filters\Filters.php(182): App\Filters\JwtAuthWeb->before(Object(CodeIgniter\HTTP\IncomingRequest), null)
 2 SYSTEMPATH\CodeIgniter.php(475): CodeIgniter\Filters\Filters->run('getChart_data', 'before')
 3 SYSTEMPATH\CodeIgniter.php(361): CodeIgniter\CodeIgniter->handleRequest(null, Object(Config\Cache), false)
 4 FCPATH\index.php(79): CodeIgniter\CodeIgniter->run()
INFO - 2026-03-15 19:32:15 --> Session: Class initialized using 'CodeIgniter\Session\Handlers\FileHandler' driver.
WARNING - 2026-03-15 19:32:15 --> [DEPRECATED] Creation of dynamic property CodeIgniter\HTTP\IncomingRequest::$user is deprecated in APPPATH\Filters\JwtAuthWeb.php on line 32.
 1 SYSTEMPATH\Filters\Filters.php(182): App\Filters\JwtAuthWeb->before(Object(CodeIgniter\HTTP\IncomingRequest), null)
 2 SYSTEMPATH\CodeIgniter.php(475): CodeIgniter\Filters\Filters->run('getChart_All', 'before')
 3 SYSTEMPATH\CodeIgniter.php(361): CodeIgniter\CodeIgniter->handleRequest(null, Object(Config\Cache), false)
 4 FCPATH\index.php(79): CodeIgniter\CodeIgniter->run()
INFO - 2026-03-15 19:32:15 --> Session: Class initialized using 'CodeIgniter\Session\Handlers\FileHandler' driver.
WARNING - 2026-03-15 19:32:15 --> [DEPRECATED] Creation of dynamic property CodeIgniter\HTTP\IncomingRequest::$user is deprecated in APPPATH\Filters\JwtAuthWeb.php on line 32.
 1 SYSTEMPATH\Filters\Filters.php(182): App\Filters\JwtAuthWeb->before(Object(CodeIgniter\HTTP\IncomingRequest), null)
 2 SYSTEMPATH\CodeIgniter.php(475): CodeIgniter\Filters\Filters->run('get_data_chartInproj', 'before')
 3 SYSTEMPATH\CodeIgniter.php(361): CodeIgniter\CodeIgniter->handleRequest(null, Object(Config\Cache), false)
 4 FCPATH\index.php(79): CodeIgniter\CodeIgniter->run()
INFO - 2026-03-15 19:32:15 --> Session: Class initialized using 'CodeIgniter\Session\Handlers\FileHandler' driver.
WARNING - 2026-03-15 19:32:15 --> [DEPRECATED] Creation of dynamic property CodeIgniter\HTTP\IncomingRequest::$user is deprecated in APPPATH\Filters\JwtAuthWeb.php on line 32.
 1 SYSTEMPATH\Filters\Filters.php(182): App\Filters\JwtAuthWeb->before(Object(CodeIgniter\HTTP\IncomingRequest), null)
 2 SYSTEMPATH\CodeIgniter.php(475): CodeIgniter\Filters\Filters->run('get_risk_Chart_bf', 'before')
 3 SYSTEMPATH\CodeIgniter.php(361): CodeIgniter\CodeIgniter->handleRequest(null, Object(Config\Cache), false)
 4 FCPATH\index.php(79): CodeIgniter\CodeIgniter->run()
INFO - 2026-03-15 19:34:30 --> Session: Class initialized using 'CodeIgniter\Session\Handlers\FileHandler' driver.
INFO - 2026-03-15 19:34:32 --> Session: Class initialized using 'CodeIgniter\Session\Handlers\FileHandler' driver.
INFO - 2026-03-15 19:34:34 --> Session: Class initialized using 'CodeIgniter\Session\Handlers\FileHandler' driver.
WARNING - 2026-03-15 19:34:34 --> [DEPRECATED] Creation of dynamic property CodeIgniter\HTTP\IncomingRequest::$user is deprecated in APPPATH\Filters\JwtAuthWeb.php on line 32.
 1 SYSTEMPATH\Filters\Filters.php(182): App\Filters\JwtAuthWeb->before(Object(CodeIgniter\HTTP\IncomingRequest), null)
 2 SYSTEMPATH\CodeIgniter.php(475): CodeIgniter\Filters\Filters->run('dashboard', 'before')
 3 SYSTEMPATH\CodeIgniter.php(361): CodeIgniter\CodeIgniter->handleRequest(null, Object(Config\Cache), false)
 4 FCPATH\index.php(79): CodeIgniter\CodeIgniter->run()
WARNING - 2026-03-15 19:34:34 --> [DEPRECATED] Creation of dynamic property CodeIgniter\HTTP\IncomingRequest::$user is deprecated in APPPATH\Filters\JwtAuth.php on line 47.
 1 SYSTEMPATH\Filters\Filters.php(182): App\Filters\JwtAuth->before(Object(CodeIgniter\HTTP\IncomingRequest), null)
 2 SYSTEMPATH\CodeIgniter.php(475): CodeIgniter\Filters\Filters->run('api/profile', 'before')
 3 SYSTEMPATH\CodeIgniter.php(361): CodeIgniter\CodeIgniter->handleRequest(null, Object(Config\Cache), false)
 4 FCPATH\index.php(79): CodeIgniter\CodeIgniter->run()
INFO - 2026-03-15 19:34:34 --> Session: Class initialized using 'CodeIgniter\Session\Handlers\FileHandler' driver.
WARNING - 2026-03-15 19:34:34 --> [DEPRECATED] Creation of dynamic property CodeIgniter\HTTP\IncomingRequest::$user is deprecated in APPPATH\Filters\JwtAuthWeb.php on line 32.
 1 SYSTEMPATH\Filters\Filters.php(182): App\Filters\JwtAuthWeb->before(Object(CodeIgniter\HTTP\IncomingRequest), null)
 2 SYSTEMPATH\CodeIgniter.php(475): CodeIgniter\Filters\Filters->run('getChart_data', 'before')
 3 SYSTEMPATH\CodeIgniter.php(361): CodeIgniter\CodeIgniter->handleRequest(null, Object(Config\Cache), false)
 4 FCPATH\index.php(79): CodeIgniter\CodeIgniter->run()
INFO - 2026-03-15 19:34:34 --> Session: Class initialized using 'CodeIgniter\Session\Handlers\FileHandler' driver.
WARNING - 2026-03-15 19:34:34 --> [DEPRECATED] Creation of dynamic property CodeIgniter\HTTP\IncomingRequest::$user is deprecated in APPPATH\Filters\JwtAuthWeb.php on line 32.
 1 SYSTEMPATH\Filters\Filters.php(182): App\Filters\JwtAuthWeb->before(Object(CodeIgniter\HTTP\IncomingRequest), null)
 2 SYSTEMPATH\CodeIgniter.php(475): CodeIgniter\Filters\Filters->run('getChart_All', 'before')
 3 SYSTEMPATH\CodeIgniter.php(361): CodeIgniter\CodeIgniter->handleRequest(null, Object(Config\Cache), false)
 4 FCPATH\index.php(79): CodeIgniter\CodeIgniter->run()
INFO - 2026-03-15 19:34:34 --> Session: Class initialized using 'CodeIgniter\Session\Handlers\FileHandler' driver.
WARNING - 2026-03-15 19:34:34 --> [DEPRECATED] Creation of dynamic property CodeIgniter\HTTP\IncomingRequest::$user is deprecated in APPPATH\Filters\JwtAuthWeb.php on line 32.
 1 SYSTEMPATH\Filters\Filters.php(182): App\Filters\JwtAuthWeb->before(Object(CodeIgniter\HTTP\IncomingRequest), null)
 2 SYSTEMPATH\CodeIgniter.php(475): CodeIgniter\Filters\Filters->run('get_data_chartInproj', 'before')
 3 SYSTEMPATH\CodeIgniter.php(361): CodeIgniter\CodeIgniter->handleRequest(null, Object(Config\Cache), false)
 4 FCPATH\index.php(79): CodeIgniter\CodeIgniter->run()
INFO - 2026-03-15 19:34:34 --> Session: Class initialized using 'CodeIgniter\Session\Handlers\FileHandler' driver.
WARNING - 2026-03-15 19:34:34 --> [DEPRECATED] Creation of dynamic property CodeIgniter\HTTP\IncomingRequest::$user is deprecated in APPPATH\Filters\JwtAuthWeb.php on line 32.
 1 SYSTEMPATH\Filters\Filters.php(182): App\Filters\JwtAuthWeb->before(Object(CodeIgniter\HTTP\IncomingRequest), null)
 2 SYSTEMPATH\CodeIgniter.php(475): CodeIgniter\Filters\Filters->run('get_risk_Chart_bf', 'before')
 3 SYSTEMPATH\CodeIgniter.php(361): CodeIgniter\CodeIgniter->handleRequest(null, Object(Config\Cache), false)
 4 FCPATH\index.php(79): CodeIgniter\CodeIgniter->run()
INFO - 2026-03-15 20:10:55 --> Session: Class initialized using 'CodeIgniter\Session\Handlers\FileHandler' driver.
WARNING - 2026-03-15 20:10:55 --> [DEPRECATED] Creation of dynamic property CodeIgniter\HTTP\IncomingRequest::$user is deprecated in APPPATH\Filters\JwtAuthWeb.php on line 32.
 1 SYSTEMPATH\Filters\Filters.php(182): App\Filters\JwtAuthWeb->before(Object(CodeIgniter\HTTP\IncomingRequest), null)
 2 SYSTEMPATH\CodeIgniter.php(475): CodeIgniter\Filters\Filters->run('dashboard', 'before')
 3 SYSTEMPATH\CodeIgniter.php(361): CodeIgniter\CodeIgniter->handleRequest(null, Object(Config\Cache), false)
 4 FCPATH\index.php(79): CodeIgniter\CodeIgniter->run()
WARNING - 2026-03-15 20:10:55 --> [DEPRECATED] Creation of dynamic property CodeIgniter\HTTP\IncomingRequest::$user is deprecated in APPPATH\Filters\JwtAuth.php on line 47.
 1 SYSTEMPATH\Filters\Filters.php(182): App\Filters\JwtAuth->before(Object(CodeIgniter\HTTP\IncomingRequest), null)
 2 SYSTEMPATH\CodeIgniter.php(475): CodeIgniter\Filters\Filters->run('api/profile', 'before')
 3 SYSTEMPATH\CodeIgniter.php(361): CodeIgniter\CodeIgniter->handleRequest(null, Object(Config\Cache), false)
 4 FCPATH\index.php(79): CodeIgniter\CodeIgniter->run()
INFO - 2026-03-15 20:10:55 --> Session: Class initialized using 'CodeIgniter\Session\Handlers\FileHandler' driver.
WARNING - 2026-03-15 20:10:55 --> [DEPRECATED] Creation of dynamic property CodeIgniter\HTTP\IncomingRequest::$user is deprecated in APPPATH\Filters\JwtAuthWeb.php on line 32.
 1 SYSTEMPATH\Filters\Filters.php(182): App\Filters\JwtAuthWeb->before(Object(CodeIgniter\HTTP\IncomingRequest), null)
 2 SYSTEMPATH\CodeIgniter.php(475): CodeIgniter\Filters\Filters->run('getChart_data', 'before')
 3 SYSTEMPATH\CodeIgniter.php(361): CodeIgniter\CodeIgniter->handleRequest(null, Object(Config\Cache), false)
 4 FCPATH\index.php(79): CodeIgniter\CodeIgniter->run()
INFO - 2026-03-15 20:10:56 --> Session: Class initialized using 'CodeIgniter\Session\Handlers\FileHandler' driver.
WARNING - 2026-03-15 20:10:56 --> [DEPRECATED] Creation of dynamic property CodeIgniter\HTTP\IncomingRequest::$user is deprecated in APPPATH\Filters\JwtAuthWeb.php on line 32.
 1 SYSTEMPATH\Filters\Filters.php(182): App\Filters\JwtAuthWeb->before(Object(CodeIgniter\HTTP\IncomingRequest), null)
 2 SYSTEMPATH\CodeIgniter.php(475): CodeIgniter\Filters\Filters->run('getChart_All', 'before')
 3 SYSTEMPATH\CodeIgniter.php(361): CodeIgniter\CodeIgniter->handleRequest(null, Object(Config\Cache), false)
 4 FCPATH\index.php(79): CodeIgniter\CodeIgniter->run()
INFO - 2026-03-15 20:10:56 --> Session: Class initialized using 'CodeIgniter\Session\Handlers\FileHandler' driver.
WARNING - 2026-03-15 20:10:56 --> [DEPRECATED] Creation of dynamic property CodeIgniter\HTTP\IncomingRequest::$user is deprecated in APPPATH\Filters\JwtAuthWeb.php on line 32.
 1 SYSTEMPATH\Filters\Filters.php(182): App\Filters\JwtAuthWeb->before(Object(CodeIgniter\HTTP\IncomingRequest), null)
 2 SYSTEMPATH\CodeIgniter.php(475): CodeIgniter\Filters\Filters->run('get_data_chartInproj', 'before')
 3 SYSTEMPATH\CodeIgniter.php(361): CodeIgniter\CodeIgniter->handleRequest(null, Object(Config\Cache), false)
 4 FCPATH\index.php(79): CodeIgniter\CodeIgniter->run()
INFO - 2026-03-15 20:10:56 --> Session: Class initialized using 'CodeIgniter\Session\Handlers\FileHandler' driver.
WARNING - 2026-03-15 20:10:56 --> [DEPRECATED] Creation of dynamic property CodeIgniter\HTTP\IncomingRequest::$user is deprecated in APPPATH\Filters\JwtAuthWeb.php on line 32.
 1 SYSTEMPATH\Filters\Filters.php(182): App\Filters\JwtAuthWeb->before(Object(CodeIgniter\HTTP\IncomingRequest), null)
 2 SYSTEMPATH\CodeIgniter.php(475): CodeIgniter\Filters\Filters->run('get_risk_Chart_bf', 'before')
 3 SYSTEMPATH\CodeIgniter.php(361): CodeIgniter\CodeIgniter->handleRequest(null, Object(Config\Cache), false)
 4 FCPATH\index.php(79): CodeIgniter\CodeIgniter->run()
INFO - 2026-03-15 20:15:08 --> Session: Class initialized using 'CodeIgniter\Session\Handlers\FileHandler' driver.
WARNING - 2026-03-15 20:15:08 --> [DEPRECATED] Creation of dynamic property CodeIgniter\HTTP\IncomingRequest::$user is deprecated in APPPATH\Filters\JwtAuthWeb.php on line 32.
 1 SYSTEMPATH\Filters\Filters.php(182): App\Filters\JwtAuthWeb->before(Object(CodeIgniter\HTTP\IncomingRequest), null)
 2 SYSTEMPATH\CodeIgniter.php(475): CodeIgniter\Filters\Filters->run('dashboard', 'before')
 3 SYSTEMPATH\CodeIgniter.php(361): CodeIgniter\CodeIgniter->handleRequest(null, Object(Config\Cache), false)
 4 FCPATH\index.php(79): CodeIgniter\CodeIgniter->run()
WARNING - 2026-03-15 20:15:08 --> [DEPRECATED] Creation of dynamic property CodeIgniter\HTTP\IncomingRequest::$user is deprecated in APPPATH\Filters\JwtAuth.php on line 47.
 1 SYSTEMPATH\Filters\Filters.php(182): App\Filters\JwtAuth->before(Object(CodeIgniter\HTTP\IncomingRequest), null)
 2 SYSTEMPATH\CodeIgniter.php(475): CodeIgniter\Filters\Filters->run('api/profile', 'before')
 3 SYSTEMPATH\CodeIgniter.php(361): CodeIgniter\CodeIgniter->handleRequest(null, Object(Config\Cache), false)
 4 FCPATH\index.php(79): CodeIgniter\CodeIgniter->run()
INFO - 2026-03-15 20:15:08 --> Session: Class initialized using 'CodeIgniter\Session\Handlers\FileHandler' driver.
WARNING - 2026-03-15 20:15:08 --> [DEPRECATED] Creation of dynamic property CodeIgniter\HTTP\IncomingRequest::$user is deprecated in APPPATH\Filters\JwtAuthWeb.php on line 32.
 1 SYSTEMPATH\Filters\Filters.php(182): App\Filters\JwtAuthWeb->before(Object(CodeIgniter\HTTP\IncomingRequest), null)
 2 SYSTEMPATH\CodeIgniter.php(475): CodeIgniter\Filters\Filters->run('getChart_data', 'before')
 3 SYSTEMPATH\CodeIgniter.php(361): CodeIgniter\CodeIgniter->handleRequest(null, Object(Config\Cache), false)
 4 FCPATH\index.php(79): CodeIgniter\CodeIgniter->run()
INFO - 2026-03-15 20:15:08 --> Session: Class initialized using 'CodeIgniter\Session\Handlers\FileHandler' driver.
WARNING - 2026-03-15 20:15:08 --> [DEPRECATED] Creation of dynamic property CodeIgniter\HTTP\IncomingRequest::$user is deprecated in APPPATH\Filters\JwtAuthWeb.php on line 32.
 1 SYSTEMPATH\Filters\Filters.php(182): App\Filters\JwtAuthWeb->before(Object(CodeIgniter\HTTP\IncomingRequest), null)
 2 SYSTEMPATH\CodeIgniter.php(475): CodeIgniter\Filters\Filters->run('getChart_All', 'before')
 3 SYSTEMPATH\CodeIgniter.php(361): CodeIgniter\CodeIgniter->handleRequest(null, Object(Config\Cache), false)
 4 FCPATH\index.php(79): CodeIgniter\CodeIgniter->run()
INFO - 2026-03-15 20:15:08 --> Session: Class initialized using 'CodeIgniter\Session\Handlers\FileHandler' driver.
WARNING - 2026-03-15 20:15:08 --> [DEPRECATED] Creation of dynamic property CodeIgniter\HTTP\IncomingRequest::$user is deprecated in APPPATH\Filters\JwtAuthWeb.php on line 32.
 1 SYSTEMPATH\Filters\Filters.php(182): App\Filters\JwtAuthWeb->before(Object(CodeIgniter\HTTP\IncomingRequest), null)
 2 SYSTEMPATH\CodeIgniter.php(475): CodeIgniter\Filters\Filters->run('get_data_chartInproj', 'before')
 3 SYSTEMPATH\CodeIgniter.php(361): CodeIgniter\CodeIgniter->handleRequest(null, Object(Config\Cache), false)
 4 FCPATH\index.php(79): CodeIgniter\CodeIgniter->run()
INFO - 2026-03-15 20:15:08 --> Session: Class initialized using 'CodeIgniter\Session\Handlers\FileHandler' driver.
WARNING - 2026-03-15 20:15:08 --> [DEPRECATED] Creation of dynamic property CodeIgniter\HTTP\IncomingRequest::$user is deprecated in APPPATH\Filters\JwtAuthWeb.php on line 32.
 1 SYSTEMPATH\Filters\Filters.php(182): App\Filters\JwtAuthWeb->before(Object(CodeIgniter\HTTP\IncomingRequest), null)
 2 SYSTEMPATH\CodeIgniter.php(475): CodeIgniter\Filters\Filters->run('get_risk_Chart_bf', 'before')
 3 SYSTEMPATH\CodeIgniter.php(361): CodeIgniter\CodeIgniter->handleRequest(null, Object(Config\Cache), false)
 4 FCPATH\index.php(79): CodeIgniter\CodeIgniter->run()
INFO - 2026-03-15 20:15:49 --> Session: Class initialized using 'CodeIgniter\Session\Handlers\FileHandler' driver.
WARNING - 2026-03-15 20:15:49 --> [DEPRECATED] Creation of dynamic property CodeIgniter\HTTP\IncomingRequest::$user is deprecated in APPPATH\Filters\JwtAuthWeb.php on line 32.
 1 SYSTEMPATH\Filters\Filters.php(182): App\Filters\JwtAuthWeb->before(Object(CodeIgniter\HTTP\IncomingRequest), null)
 2 SYSTEMPATH\CodeIgniter.php(475): CodeIgniter\Filters\Filters->run('dashboard', 'before')
 3 SYSTEMPATH\CodeIgniter.php(361): CodeIgniter\CodeIgniter->handleRequest(null, Object(Config\Cache), false)
 4 FCPATH\index.php(79): CodeIgniter\CodeIgniter->run()
WARNING - 2026-03-15 20:15:49 --> [DEPRECATED] Creation of dynamic property CodeIgniter\HTTP\IncomingRequest::$user is deprecated in APPPATH\Filters\JwtAuth.php on line 47.
 1 SYSTEMPATH\Filters\Filters.php(182): App\Filters\JwtAuth->before(Object(CodeIgniter\HTTP\IncomingRequest), null)
 2 SYSTEMPATH\CodeIgniter.php(475): CodeIgniter\Filters\Filters->run('api/profile', 'before')
 3 SYSTEMPATH\CodeIgniter.php(361): CodeIgniter\CodeIgniter->handleRequest(null, Object(Config\Cache), false)
 4 FCPATH\index.php(79): CodeIgniter\CodeIgniter->run()
INFO - 2026-03-15 20:15:49 --> Session: Class initialized using 'CodeIgniter\Session\Handlers\FileHandler' driver.
WARNING - 2026-03-15 20:15:49 --> [DEPRECATED] Creation of dynamic property CodeIgniter\HTTP\IncomingRequest::$user is deprecated in APPPATH\Filters\JwtAuthWeb.php on line 32.
 1 SYSTEMPATH\Filters\Filters.php(182): App\Filters\JwtAuthWeb->before(Object(CodeIgniter\HTTP\IncomingRequest), null)
 2 SYSTEMPATH\CodeIgniter.php(475): CodeIgniter\Filters\Filters->run('getChart_data', 'before')
 3 SYSTEMPATH\CodeIgniter.php(361): CodeIgniter\CodeIgniter->handleRequest(null, Object(Config\Cache), false)
 4 FCPATH\index.php(79): CodeIgniter\CodeIgniter->run()
INFO - 2026-03-15 20:15:50 --> Session: Class initialized using 'CodeIgniter\Session\Handlers\FileHandler' driver.
WARNING - 2026-03-15 20:15:50 --> [DEPRECATED] Creation of dynamic property CodeIgniter\HTTP\IncomingRequest::$user is deprecated in APPPATH\Filters\JwtAuthWeb.php on line 32.
 1 SYSTEMPATH\Filters\Filters.php(182): App\Filters\JwtAuthWeb->before(Object(CodeIgniter\HTTP\IncomingRequest), null)
 2 SYSTEMPATH\CodeIgniter.php(475): CodeIgniter\Filters\Filters->run('getChart_All', 'before')
 3 SYSTEMPATH\CodeIgniter.php(361): CodeIgniter\CodeIgniter->handleRequest(null, Object(Config\Cache), false)
 4 FCPATH\index.php(79): CodeIgniter\CodeIgniter->run()
INFO - 2026-03-15 20:15:50 --> Session: Class initialized using 'CodeIgniter\Session\Handlers\FileHandler' driver.
WARNING - 2026-03-15 20:15:50 --> [DEPRECATED] Creation of dynamic property CodeIgniter\HTTP\IncomingRequest::$user is deprecated in APPPATH\Filters\JwtAuthWeb.php on line 32.
 1 SYSTEMPATH\Filters\Filters.php(182): App\Filters\JwtAuthWeb->before(Object(CodeIgniter\HTTP\IncomingRequest), null)
 2 SYSTEMPATH\CodeIgniter.php(475): CodeIgniter\Filters\Filters->run('get_data_chartInproj', 'before')
 3 SYSTEMPATH\CodeIgniter.php(361): CodeIgniter\CodeIgniter->handleRequest(null, Object(Config\Cache), false)
 4 FCPATH\index.php(79): CodeIgniter\CodeIgniter->run()
INFO - 2026-03-15 20:15:50 --> Session: Class initialized using 'CodeIgniter\Session\Handlers\FileHandler' driver.
WARNING - 2026-03-15 20:15:50 --> [DEPRECATED] Creation of dynamic property CodeIgniter\HTTP\IncomingRequest::$user is deprecated in APPPATH\Filters\JwtAuthWeb.php on line 32.
 1 SYSTEMPATH\Filters\Filters.php(182): App\Filters\JwtAuthWeb->before(Object(CodeIgniter\HTTP\IncomingRequest), null)
 2 SYSTEMPATH\CodeIgniter.php(475): CodeIgniter\Filters\Filters->run('get_risk_Chart_bf', 'before')
 3 SYSTEMPATH\CodeIgniter.php(361): CodeIgniter\CodeIgniter->handleRequest(null, Object(Config\Cache), false)
 4 FCPATH\index.php(79): CodeIgniter\CodeIgniter->run()
INFO - 2026-03-15 20:17:28 --> Session: Class initialized using 'CodeIgniter\Session\Handlers\FileHandler' driver.
WARNING - 2026-03-15 20:17:28 --> [DEPRECATED] Creation of dynamic property CodeIgniter\HTTP\IncomingRequest::$user is deprecated in APPPATH\Filters\JwtAuthWeb.php on line 32.
 1 SYSTEMPATH\Filters\Filters.php(182): App\Filters\JwtAuthWeb->before(Object(CodeIgniter\HTTP\IncomingRequest), null)
 2 SYSTEMPATH\CodeIgniter.php(475): CodeIgniter\Filters\Filters->run('dashboard', 'before')
 3 SYSTEMPATH\CodeIgniter.php(361): CodeIgniter\CodeIgniter->handleRequest(null, Object(Config\Cache), false)
 4 FCPATH\index.php(79): CodeIgniter\CodeIgniter->run()
WARNING - 2026-03-15 20:17:28 --> [DEPRECATED] Creation of dynamic property CodeIgniter\HTTP\IncomingRequest::$user is deprecated in APPPATH\Filters\JwtAuth.php on line 47.
 1 SYSTEMPATH\Filters\Filters.php(182): App\Filters\JwtAuth->before(Object(CodeIgniter\HTTP\IncomingRequest), null)
 2 SYSTEMPATH\CodeIgniter.php(475): CodeIgniter\Filters\Filters->run('api/profile', 'before')
 3 SYSTEMPATH\CodeIgniter.php(361): CodeIgniter\CodeIgniter->handleRequest(null, Object(Config\Cache), false)
 4 FCPATH\index.php(79): CodeIgniter\CodeIgniter->run()
INFO - 2026-03-15 20:17:28 --> Session: Class initialized using 'CodeIgniter\Session\Handlers\FileHandler' driver.
WARNING - 2026-03-15 20:17:28 --> [DEPRECATED] Creation of dynamic property CodeIgniter\HTTP\IncomingRequest::$user is deprecated in APPPATH\Filters\JwtAuthWeb.php on line 32.
 1 SYSTEMPATH\Filters\Filters.php(182): App\Filters\JwtAuthWeb->before(Object(CodeIgniter\HTTP\IncomingRequest), null)
 2 SYSTEMPATH\CodeIgniter.php(475): CodeIgniter\Filters\Filters->run('getChart_data', 'before')
 3 SYSTEMPATH\CodeIgniter.php(361): CodeIgniter\CodeIgniter->handleRequest(null, Object(Config\Cache), false)
 4 FCPATH\index.php(79): CodeIgniter\CodeIgniter->run()
INFO - 2026-03-15 20:17:28 --> Session: Class initialized using 'CodeIgniter\Session\Handlers\FileHandler' driver.
WARNING - 2026-03-15 20:17:28 --> [DEPRECATED] Creation of dynamic property CodeIgniter\HTTP\IncomingRequest::$user is deprecated in APPPATH\Filters\JwtAuthWeb.php on line 32.
 1 SYSTEMPATH\Filters\Filters.php(182): App\Filters\JwtAuthWeb->before(Object(CodeIgniter\HTTP\IncomingRequest), null)
 2 SYSTEMPATH\CodeIgniter.php(475): CodeIgniter\Filters\Filters->run('getChart_All', 'before')
 3 SYSTEMPATH\CodeIgniter.php(361): CodeIgniter\CodeIgniter->handleRequest(null, Object(Config\Cache), false)
 4 FCPATH\index.php(79): CodeIgniter\CodeIgniter->run()
INFO - 2026-03-15 20:17:28 --> Session: Class initialized using 'CodeIgniter\Session\Handlers\FileHandler' driver.
WARNING - 2026-03-15 20:17:28 --> [DEPRECATED] Creation of dynamic property CodeIgniter\HTTP\IncomingRequest::$user is deprecated in APPPATH\Filters\JwtAuthWeb.php on line 32.
 1 SYSTEMPATH\Filters\Filters.php(182): App\Filters\JwtAuthWeb->before(Object(CodeIgniter\HTTP\IncomingRequest), null)
 2 SYSTEMPATH\CodeIgniter.php(475): CodeIgniter\Filters\Filters->run('get_data_chartInproj', 'before')
 3 SYSTEMPATH\CodeIgniter.php(361): CodeIgniter\CodeIgniter->handleRequest(null, Object(Config\Cache), false)
 4 FCPATH\index.php(79): CodeIgniter\CodeIgniter->run()
INFO - 2026-03-15 20:17:28 --> Session: Class initialized using 'CodeIgniter\Session\Handlers\FileHandler' driver.
WARNING - 2026-03-15 20:17:28 --> [DEPRECATED] Creation of dynamic property CodeIgniter\HTTP\IncomingRequest::$user is deprecated in APPPATH\Filters\JwtAuthWeb.php on line 32.
 1 SYSTEMPATH\Filters\Filters.php(182): App\Filters\JwtAuthWeb->before(Object(CodeIgniter\HTTP\IncomingRequest), null)
 2 SYSTEMPATH\CodeIgniter.php(475): CodeIgniter\Filters\Filters->run('get_risk_Chart_bf', 'before')
 3 SYSTEMPATH\CodeIgniter.php(361): CodeIgniter\CodeIgniter->handleRequest(null, Object(Config\Cache), false)
 4 FCPATH\index.php(79): CodeIgniter\CodeIgniter->run()
INFO - 2026-03-15 20:29:40 --> Session: Class initialized using 'CodeIgniter\Session\Handlers\FileHandler' driver.
WARNING - 2026-03-15 20:29:40 --> [DEPRECATED] Creation of dynamic property CodeIgniter\HTTP\IncomingRequest::$user is deprecated in APPPATH\Filters\JwtAuthWeb.php on line 32.
 1 SYSTEMPATH\Filters\Filters.php(182): App\Filters\JwtAuthWeb->before(Object(CodeIgniter\HTTP\IncomingRequest), null)
 2 SYSTEMPATH\CodeIgniter.php(475): CodeIgniter\Filters\Filters->run('dashboard', 'before')
 3 SYSTEMPATH\CodeIgniter.php(361): CodeIgniter\CodeIgniter->handleRequest(null, Object(Config\Cache), false)
 4 FCPATH\index.php(79): CodeIgniter\CodeIgniter->run()
WARNING - 2026-03-15 20:29:40 --> [DEPRECATED] Creation of dynamic property CodeIgniter\HTTP\IncomingRequest::$user is deprecated in APPPATH\Filters\JwtAuth.php on line 47.
 1 SYSTEMPATH\Filters\Filters.php(182): App\Filters\JwtAuth->before(Object(CodeIgniter\HTTP\IncomingRequest), null)
 2 SYSTEMPATH\CodeIgniter.php(475): CodeIgniter\Filters\Filters->run('api/profile', 'before')
 3 SYSTEMPATH\CodeIgniter.php(361): CodeIgniter\CodeIgniter->handleRequest(null, Object(Config\Cache), false)
 4 FCPATH\index.php(79): CodeIgniter\CodeIgniter->run()
INFO - 2026-03-15 20:29:40 --> Session: Class initialized using 'CodeIgniter\Session\Handlers\FileHandler' driver.
WARNING - 2026-03-15 20:29:40 --> [DEPRECATED] Creation of dynamic property CodeIgniter\HTTP\IncomingRequest::$user is deprecated in APPPATH\Filters\JwtAuthWeb.php on line 32.
 1 SYSTEMPATH\Filters\Filters.php(182): App\Filters\JwtAuthWeb->before(Object(CodeIgniter\HTTP\IncomingRequest), null)
 2 SYSTEMPATH\CodeIgniter.php(475): CodeIgniter\Filters\Filters->run('getChart_data', 'before')
 3 SYSTEMPATH\CodeIgniter.php(361): CodeIgniter\CodeIgniter->handleRequest(null, Object(Config\Cache), false)
 4 FCPATH\index.php(79): CodeIgniter\CodeIgniter->run()
INFO - 2026-03-15 20:29:40 --> Session: Class initialized using 'CodeIgniter\Session\Handlers\FileHandler' driver.
WARNING - 2026-03-15 20:29:40 --> [DEPRECATED] Creation of dynamic property CodeIgniter\HTTP\IncomingRequest::$user is deprecated in APPPATH\Filters\JwtAuthWeb.php on line 32.
 1 SYSTEMPATH\Filters\Filters.php(182): App\Filters\JwtAuthWeb->before(Object(CodeIgniter\HTTP\IncomingRequest), null)
 2 SYSTEMPATH\CodeIgniter.php(475): CodeIgniter\Filters\Filters->run('getChart_All', 'before')
 3 SYSTEMPATH\CodeIgniter.php(361): CodeIgniter\CodeIgniter->handleRequest(null, Object(Config\Cache), false)
 4 FCPATH\index.php(79): CodeIgniter\CodeIgniter->run()
INFO - 2026-03-15 20:29:40 --> Session: Class initialized using 'CodeIgniter\Session\Handlers\FileHandler' driver.
WARNING - 2026-03-15 20:29:40 --> [DEPRECATED] Creation of dynamic property CodeIgniter\HTTP\IncomingRequest::$user is deprecated in APPPATH\Filters\JwtAuthWeb.php on line 32.
 1 SYSTEMPATH\Filters\Filters.php(182): App\Filters\JwtAuthWeb->before(Object(CodeIgniter\HTTP\IncomingRequest), null)
 2 SYSTEMPATH\CodeIgniter.php(475): CodeIgniter\Filters\Filters->run('get_data_chartInproj', 'before')
 3 SYSTEMPATH\CodeIgniter.php(361): CodeIgniter\CodeIgniter->handleRequest(null, Object(Config\Cache), false)
 4 FCPATH\index.php(79): CodeIgniter\CodeIgniter->run()
INFO - 2026-03-15 20:29:40 --> Session: Class initialized using 'CodeIgniter\Session\Handlers\FileHandler' driver.
WARNING - 2026-03-15 20:29:40 --> [DEPRECATED] Creation of dynamic property CodeIgniter\HTTP\IncomingRequest::$user is deprecated in APPPATH\Filters\JwtAuthWeb.php on line 32.
 1 SYSTEMPATH\Filters\Filters.php(182): App\Filters\JwtAuthWeb->before(Object(CodeIgniter\HTTP\IncomingRequest), null)
 2 SYSTEMPATH\CodeIgniter.php(475): CodeIgniter\Filters\Filters->run('get_risk_Chart_bf', 'before')
 3 SYSTEMPATH\CodeIgniter.php(361): CodeIgniter\CodeIgniter->handleRequest(null, Object(Config\Cache), false)
 4 FCPATH\index.php(79): CodeIgniter\CodeIgniter->run()
INFO - 2026-03-15 20:30:29 --> Session: Class initialized using 'CodeIgniter\Session\Handlers\FileHandler' driver.
WARNING - 2026-03-15 20:30:29 --> [DEPRECATED] Creation of dynamic property CodeIgniter\HTTP\IncomingRequest::$user is deprecated in APPPATH\Filters\JwtAuthWeb.php on line 32.
 1 SYSTEMPATH\Filters\Filters.php(182): App\Filters\JwtAuthWeb->before(Object(CodeIgniter\HTTP\IncomingRequest), null)
 2 SYSTEMPATH\CodeIgniter.php(475): CodeIgniter\Filters\Filters->run('dashboard', 'before')
 3 SYSTEMPATH\CodeIgniter.php(361): CodeIgniter\CodeIgniter->handleRequest(null, Object(Config\Cache), false)
 4 FCPATH\index.php(79): CodeIgniter\CodeIgniter->run()
INFO - 2026-03-15 20:30:29 --> Session: Class initialized using 'CodeIgniter\Session\Handlers\FileHandler' driver.
WARNING - 2026-03-15 20:30:29 --> [DEPRECATED] Creation of dynamic property CodeIgniter\HTTP\IncomingRequest::$user is deprecated in APPPATH\Filters\JwtAuth.php on line 47.
 1 SYSTEMPATH\Filters\Filters.php(182): App\Filters\JwtAuth->before(Object(CodeIgniter\HTTP\IncomingRequest), null)
 2 SYSTEMPATH\CodeIgniter.php(475): CodeIgniter\Filters\Filters->run('api/profile', 'before')
 3 SYSTEMPATH\CodeIgniter.php(361): CodeIgniter\CodeIgniter->handleRequest(null, Object(Config\Cache), false)
 4 FCPATH\index.php(79): CodeIgniter\CodeIgniter->run()
WARNING - 2026-03-15 20:30:29 --> [DEPRECATED] Creation of dynamic property CodeIgniter\HTTP\IncomingRequest::$user is deprecated in APPPATH\Filters\JwtAuthWeb.php on line 32.
 1 SYSTEMPATH\Filters\Filters.php(182): App\Filters\JwtAuthWeb->before(Object(CodeIgniter\HTTP\IncomingRequest), null)
 2 SYSTEMPATH\CodeIgniter.php(475): CodeIgniter\Filters\Filters->run('getChart_data', 'before')
 3 SYSTEMPATH\CodeIgniter.php(361): CodeIgniter\CodeIgniter->handleRequest(null, Object(Config\Cache), false)
 4 FCPATH\index.php(79): CodeIgniter\CodeIgniter->run()
INFO - 2026-03-15 20:30:29 --> Session: Class initialized using 'CodeIgniter\Session\Handlers\FileHandler' driver.
WARNING - 2026-03-15 20:30:29 --> [DEPRECATED] Creation of dynamic property CodeIgniter\HTTP\IncomingRequest::$user is deprecated in APPPATH\Filters\JwtAuthWeb.php on line 32.
 1 SYSTEMPATH\Filters\Filters.php(182): App\Filters\JwtAuthWeb->before(Object(CodeIgniter\HTTP\IncomingRequest), null)
 2 SYSTEMPATH\CodeIgniter.php(475): CodeIgniter\Filters\Filters->run('getChart_All', 'before')
 3 SYSTEMPATH\CodeIgniter.php(361): CodeIgniter\CodeIgniter->handleRequest(null, Object(Config\Cache), false)
 4 FCPATH\index.php(79): CodeIgniter\CodeIgniter->run()
INFO - 2026-03-15 20:30:29 --> Session: Class initialized using 'CodeIgniter\Session\Handlers\FileHandler' driver.
WARNING - 2026-03-15 20:30:29 --> [DEPRECATED] Creation of dynamic property CodeIgniter\HTTP\IncomingRequest::$user is deprecated in APPPATH\Filters\JwtAuthWeb.php on line 32.
 1 SYSTEMPATH\Filters\Filters.php(182): App\Filters\JwtAuthWeb->before(Object(CodeIgniter\HTTP\IncomingRequest), null)
 2 SYSTEMPATH\CodeIgniter.php(475): CodeIgniter\Filters\Filters->run('get_data_chartInproj', 'before')
 3 SYSTEMPATH\CodeIgniter.php(361): CodeIgniter\CodeIgniter->handleRequest(null, Object(Config\Cache), false)
 4 FCPATH\index.php(79): CodeIgniter\CodeIgniter->run()
INFO - 2026-03-15 20:30:29 --> Session: Class initialized using 'CodeIgniter\Session\Handlers\FileHandler' driver.
WARNING - 2026-03-15 20:30:29 --> [DEPRECATED] Creation of dynamic property CodeIgniter\HTTP\IncomingRequest::$user is deprecated in APPPATH\Filters\JwtAuthWeb.php on line 32.
 1 SYSTEMPATH\Filters\Filters.php(182): App\Filters\JwtAuthWeb->before(Object(CodeIgniter\HTTP\IncomingRequest), null)
 2 SYSTEMPATH\CodeIgniter.php(475): CodeIgniter\Filters\Filters->run('get_risk_Chart_bf', 'before')
 3 SYSTEMPATH\CodeIgniter.php(361): CodeIgniter\CodeIgniter->handleRequest(null, Object(Config\Cache), false)
 4 FCPATH\index.php(79): CodeIgniter\CodeIgniter->run()
INFO - 2026-03-15 20:31:03 --> Session: Class initialized using 'CodeIgniter\Session\Handlers\FileHandler' driver.
WARNING - 2026-03-15 20:31:03 --> [DEPRECATED] Creation of dynamic property CodeIgniter\HTTP\IncomingRequest::$user is deprecated in APPPATH\Filters\JwtAuthWeb.php on line 32.
 1 SYSTEMPATH\Filters\Filters.php(182): App\Filters\JwtAuthWeb->before(Object(CodeIgniter\HTTP\IncomingRequest), null)
 2 SYSTEMPATH\CodeIgniter.php(475): CodeIgniter\Filters\Filters->run('dashboard', 'before')
 3 SYSTEMPATH\CodeIgniter.php(361): CodeIgniter\CodeIgniter->handleRequest(null, Object(Config\Cache), false)
 4 FCPATH\index.php(79): CodeIgniter\CodeIgniter->run()
WARNING - 2026-03-15 20:31:04 --> [DEPRECATED] Creation of dynamic property CodeIgniter\HTTP\IncomingRequest::$user is deprecated in APPPATH\Filters\JwtAuth.php on line 47.
 1 SYSTEMPATH\Filters\Filters.php(182): App\Filters\JwtAuth->before(Object(CodeIgniter\HTTP\IncomingRequest), null)
 2 SYSTEMPATH\CodeIgniter.php(475): CodeIgniter\Filters\Filters->run('api/profile', 'before')
 3 SYSTEMPATH\CodeIgniter.php(361): CodeIgniter\CodeIgniter->handleRequest(null, Object(Config\Cache), false)
 4 FCPATH\index.php(79): CodeIgniter\CodeIgniter->run()
INFO - 2026-03-15 20:31:18 --> Session: Class initialized using 'CodeIgniter\Session\Handlers\FileHandler' driver.
WARNING - 2026-03-15 20:31:18 --> [DEPRECATED] Creation of dynamic property CodeIgniter\HTTP\IncomingRequest::$user is deprecated in APPPATH\Filters\JwtAuthWeb.php on line 32.
 1 SYSTEMPATH\Filters\Filters.php(182): App\Filters\JwtAuthWeb->before(Object(CodeIgniter\HTTP\IncomingRequest), null)
 2 SYSTEMPATH\CodeIgniter.php(475): CodeIgniter\Filters\Filters->run('dashboard', 'before')
 3 SYSTEMPATH\CodeIgniter.php(361): CodeIgniter\CodeIgniter->handleRequest(null, Object(Config\Cache), false)
 4 FCPATH\index.php(79): CodeIgniter\CodeIgniter->run()
WARNING - 2026-03-15 20:31:18 --> [DEPRECATED] Creation of dynamic property CodeIgniter\HTTP\IncomingRequest::$user is deprecated in APPPATH\Filters\JwtAuth.php on line 47.
 1 SYSTEMPATH\Filters\Filters.php(182): App\Filters\JwtAuth->before(Object(CodeIgniter\HTTP\IncomingRequest), null)
 2 SYSTEMPATH\CodeIgniter.php(475): CodeIgniter\Filters\Filters->run('api/profile', 'before')
 3 SYSTEMPATH\CodeIgniter.php(361): CodeIgniter\CodeIgniter->handleRequest(null, Object(Config\Cache), false)
 4 FCPATH\index.php(79): CodeIgniter\CodeIgniter->run()
INFO - 2026-03-15 20:31:18 --> Session: Class initialized using 'CodeIgniter\Session\Handlers\FileHandler' driver.
WARNING - 2026-03-15 20:31:18 --> [DEPRECATED] Creation of dynamic property CodeIgniter\HTTP\IncomingRequest::$user is deprecated in APPPATH\Filters\JwtAuthWeb.php on line 32.
 1 SYSTEMPATH\Filters\Filters.php(182): App\Filters\JwtAuthWeb->before(Object(CodeIgniter\HTTP\IncomingRequest), null)
 2 SYSTEMPATH\CodeIgniter.php(475): CodeIgniter\Filters\Filters->run('getChart_data', 'before')
 3 SYSTEMPATH\CodeIgniter.php(361): CodeIgniter\CodeIgniter->handleRequest(null, Object(Config\Cache), false)
 4 FCPATH\index.php(79): CodeIgniter\CodeIgniter->run()
INFO - 2026-03-15 20:31:18 --> Session: Class initialized using 'CodeIgniter\Session\Handlers\FileHandler' driver.
WARNING - 2026-03-15 20:31:18 --> [DEPRECATED] Creation of dynamic property CodeIgniter\HTTP\IncomingRequest::$user is deprecated in APPPATH\Filters\JwtAuthWeb.php on line 32.
 1 SYSTEMPATH\Filters\Filters.php(182): App\Filters\JwtAuthWeb->before(Object(CodeIgniter\HTTP\IncomingRequest), null)
 2 SYSTEMPATH\CodeIgniter.php(475): CodeIgniter\Filters\Filters->run('getChart_All', 'before')
 3 SYSTEMPATH\CodeIgniter.php(361): CodeIgniter\CodeIgniter->handleRequest(null, Object(Config\Cache), false)
 4 FCPATH\index.php(79): CodeIgniter\CodeIgniter->run()
INFO - 2026-03-15 20:31:18 --> Session: Class initialized using 'CodeIgniter\Session\Handlers\FileHandler' driver.
WARNING - 2026-03-15 20:31:18 --> [DEPRECATED] Creation of dynamic property CodeIgniter\HTTP\IncomingRequest::$user is deprecated in APPPATH\Filters\JwtAuthWeb.php on line 32.
 1 SYSTEMPATH\Filters\Filters.php(182): App\Filters\JwtAuthWeb->before(Object(CodeIgniter\HTTP\IncomingRequest), null)
 2 SYSTEMPATH\CodeIgniter.php(475): CodeIgniter\Filters\Filters->run('get_data_chartInproj', 'before')
 3 SYSTEMPATH\CodeIgniter.php(361): CodeIgniter\CodeIgniter->handleRequest(null, Object(Config\Cache), false)
 4 FCPATH\index.php(79): CodeIgniter\CodeIgniter->run()
INFO - 2026-03-15 20:31:18 --> Session: Class initialized using 'CodeIgniter\Session\Handlers\FileHandler' driver.
WARNING - 2026-03-15 20:31:18 --> [DEPRECATED] Creation of dynamic property CodeIgniter\HTTP\IncomingRequest::$user is deprecated in APPPATH\Filters\JwtAuthWeb.php on line 32.
 1 SYSTEMPATH\Filters\Filters.php(182): App\Filters\JwtAuthWeb->before(Object(CodeIgniter\HTTP\IncomingRequest), null)
 2 SYSTEMPATH\CodeIgniter.php(475): CodeIgniter\Filters\Filters->run('get_risk_Chart_bf', 'before')
 3 SYSTEMPATH\CodeIgniter.php(361): CodeIgniter\CodeIgniter->handleRequest(null, Object(Config\Cache), false)
 4 FCPATH\index.php(79): CodeIgniter\CodeIgniter->run()
INFO - 2026-03-15 20:31:50 --> Session: Class initialized using 'CodeIgniter\Session\Handlers\FileHandler' driver.
WARNING - 2026-03-15 20:31:50 --> [DEPRECATED] Creation of dynamic property CodeIgniter\HTTP\IncomingRequest::$user is deprecated in APPPATH\Filters\JwtAuthWeb.php on line 32.
 1 SYSTEMPATH\Filters\Filters.php(182): App\Filters\JwtAuthWeb->before(Object(CodeIgniter\HTTP\IncomingRequest), null)
 2 SYSTEMPATH\CodeIgniter.php(475): CodeIgniter\Filters\Filters->run('dashboard', 'before')
 3 SYSTEMPATH\CodeIgniter.php(361): CodeIgniter\CodeIgniter->handleRequest(null, Object(Config\Cache), false)
 4 FCPATH\index.php(79): CodeIgniter\CodeIgniter->run()
WARNING - 2026-03-15 20:31:51 --> [DEPRECATED] Creation of dynamic property CodeIgniter\HTTP\IncomingRequest::$user is deprecated in APPPATH\Filters\JwtAuth.php on line 47.
 1 SYSTEMPATH\Filters\Filters.php(182): App\Filters\JwtAuth->before(Object(CodeIgniter\HTTP\IncomingRequest), null)
 2 SYSTEMPATH\CodeIgniter.php(475): CodeIgniter\Filters\Filters->run('api/profile', 'before')
 3 SYSTEMPATH\CodeIgniter.php(361): CodeIgniter\CodeIgniter->handleRequest(null, Object(Config\Cache), false)
 4 FCPATH\index.php(79): CodeIgniter\CodeIgniter->run()
INFO - 2026-03-15 20:31:51 --> Session: Class initialized using 'CodeIgniter\Session\Handlers\FileHandler' driver.
WARNING - 2026-03-15 20:31:51 --> [DEPRECATED] Creation of dynamic property CodeIgniter\HTTP\IncomingRequest::$user is deprecated in APPPATH\Filters\JwtAuthWeb.php on line 32.
 1 SYSTEMPATH\Filters\Filters.php(182): App\Filters\JwtAuthWeb->before(Object(CodeIgniter\HTTP\IncomingRequest), null)
 2 SYSTEMPATH\CodeIgniter.php(475): CodeIgniter\Filters\Filters->run('getChart_data', 'before')
 3 SYSTEMPATH\CodeIgniter.php(361): CodeIgniter\CodeIgniter->handleRequest(null, Object(Config\Cache), false)
 4 FCPATH\index.php(79): CodeIgniter\CodeIgniter->run()
INFO - 2026-03-15 20:31:51 --> Session: Class initialized using 'CodeIgniter\Session\Handlers\FileHandler' driver.
WARNING - 2026-03-15 20:31:51 --> [DEPRECATED] Creation of dynamic property CodeIgniter\HTTP\IncomingRequest::$user is deprecated in APPPATH\Filters\JwtAuthWeb.php on line 32.
 1 SYSTEMPATH\Filters\Filters.php(182): App\Filters\JwtAuthWeb->before(Object(CodeIgniter\HTTP\IncomingRequest), null)
 2 SYSTEMPATH\CodeIgniter.php(475): CodeIgniter\Filters\Filters->run('getChart_All', 'before')
 3 SYSTEMPATH\CodeIgniter.php(361): CodeIgniter\CodeIgniter->handleRequest(null, Object(Config\Cache), false)
 4 FCPATH\index.php(79): CodeIgniter\CodeIgniter->run()
INFO - 2026-03-15 20:31:51 --> Session: Class initialized using 'CodeIgniter\Session\Handlers\FileHandler' driver.
WARNING - 2026-03-15 20:31:51 --> [DEPRECATED] Creation of dynamic property CodeIgniter\HTTP\IncomingRequest::$user is deprecated in APPPATH\Filters\JwtAuthWeb.php on line 32.
 1 SYSTEMPATH\Filters\Filters.php(182): App\Filters\JwtAuthWeb->before(Object(CodeIgniter\HTTP\IncomingRequest), null)
 2 SYSTEMPATH\CodeIgniter.php(475): CodeIgniter\Filters\Filters->run('get_data_chartInproj', 'before')
 3 SYSTEMPATH\CodeIgniter.php(361): CodeIgniter\CodeIgniter->handleRequest(null, Object(Config\Cache), false)
 4 FCPATH\index.php(79): CodeIgniter\CodeIgniter->run()
INFO - 2026-03-15 20:31:51 --> Session: Class initialized using 'CodeIgniter\Session\Handlers\FileHandler' driver.
WARNING - 2026-03-15 20:31:51 --> [DEPRECATED] Creation of dynamic property CodeIgniter\HTTP\IncomingRequest::$user is deprecated in APPPATH\Filters\JwtAuthWeb.php on line 32.
 1 SYSTEMPATH\Filters\Filters.php(182): App\Filters\JwtAuthWeb->before(Object(CodeIgniter\HTTP\IncomingRequest), null)
 2 SYSTEMPATH\CodeIgniter.php(475): CodeIgniter\Filters\Filters->run('get_risk_Chart_bf', 'before')
 3 SYSTEMPATH\CodeIgniter.php(361): CodeIgniter\CodeIgniter->handleRequest(null, Object(Config\Cache), false)
 4 FCPATH\index.php(79): CodeIgniter\CodeIgniter->run()
INFO - 2026-03-15 20:34:44 --> Session: Class initialized using 'CodeIgniter\Session\Handlers\FileHandler' driver.
INFO - 2026-03-15 20:34:46 --> Session: Class initialized using 'CodeIgniter\Session\Handlers\FileHandler' driver.
INFO - 2026-03-15 20:34:48 --> Session: Class initialized using 'CodeIgniter\Session\Handlers\FileHandler' driver.
WARNING - 2026-03-15 20:34:48 --> [DEPRECATED] Creation of dynamic property CodeIgniter\HTTP\IncomingRequest::$user is deprecated in APPPATH\Filters\JwtAuthWeb.php on line 32.
 1 SYSTEMPATH\Filters\Filters.php(182): App\Filters\JwtAuthWeb->before(Object(CodeIgniter\HTTP\IncomingRequest), null)
 2 SYSTEMPATH\CodeIgniter.php(475): CodeIgniter\Filters\Filters->run('dashboard', 'before')
 3 SYSTEMPATH\CodeIgniter.php(361): CodeIgniter\CodeIgniter->handleRequest(null, Object(Config\Cache), false)
 4 FCPATH\index.php(79): CodeIgniter\CodeIgniter->run()
WARNING - 2026-03-15 20:34:48 --> [DEPRECATED] Creation of dynamic property CodeIgniter\HTTP\IncomingRequest::$user is deprecated in APPPATH\Filters\JwtAuth.php on line 47.
 1 SYSTEMPATH\Filters\Filters.php(182): App\Filters\JwtAuth->before(Object(CodeIgniter\HTTP\IncomingRequest), null)
 2 SYSTEMPATH\CodeIgniter.php(475): CodeIgniter\Filters\Filters->run('api/profile', 'before')
 3 SYSTEMPATH\CodeIgniter.php(361): CodeIgniter\CodeIgniter->handleRequest(null, Object(Config\Cache), false)
 4 FCPATH\index.php(79): CodeIgniter\CodeIgniter->run()
INFO - 2026-03-15 20:34:48 --> Session: Class initialized using 'CodeIgniter\Session\Handlers\FileHandler' driver.
WARNING - 2026-03-15 20:34:48 --> [DEPRECATED] Creation of dynamic property CodeIgniter\HTTP\IncomingRequest::$user is deprecated in APPPATH\Filters\JwtAuthWeb.php on line 32.
 1 SYSTEMPATH\Filters\Filters.php(182): App\Filters\JwtAuthWeb->before(Object(CodeIgniter\HTTP\IncomingRequest), null)
 2 SYSTEMPATH\CodeIgniter.php(475): CodeIgniter\Filters\Filters->run('getChart_data', 'before')
 3 SYSTEMPATH\CodeIgniter.php(361): CodeIgniter\CodeIgniter->handleRequest(null, Object(Config\Cache), false)
 4 FCPATH\index.php(79): CodeIgniter\CodeIgniter->run()
INFO - 2026-03-15 20:34:48 --> Session: Class initialized using 'CodeIgniter\Session\Handlers\FileHandler' driver.
WARNING - 2026-03-15 20:34:48 --> [DEPRECATED] Creation of dynamic property CodeIgniter\HTTP\IncomingRequest::$user is deprecated in APPPATH\Filters\JwtAuthWeb.php on line 32.
 1 SYSTEMPATH\Filters\Filters.php(182): App\Filters\JwtAuthWeb->before(Object(CodeIgniter\HTTP\IncomingRequest), null)
 2 SYSTEMPATH\CodeIgniter.php(475): CodeIgniter\Filters\Filters->run('getChart_All', 'before')
 3 SYSTEMPATH\CodeIgniter.php(361): CodeIgniter\CodeIgniter->handleRequest(null, Object(Config\Cache), false)
 4 FCPATH\index.php(79): CodeIgniter\CodeIgniter->run()
INFO - 2026-03-15 20:34:48 --> Session: Class initialized using 'CodeIgniter\Session\Handlers\FileHandler' driver.
WARNING - 2026-03-15 20:34:48 --> [DEPRECATED] Creation of dynamic property CodeIgniter\HTTP\IncomingRequest::$user is deprecated in APPPATH\Filters\JwtAuthWeb.php on line 32.
 1 SYSTEMPATH\Filters\Filters.php(182): App\Filters\JwtAuthWeb->before(Object(CodeIgniter\HTTP\IncomingRequest), null)
 2 SYSTEMPATH\CodeIgniter.php(475): CodeIgniter\Filters\Filters->run('get_data_chartInproj', 'before')
 3 SYSTEMPATH\CodeIgniter.php(361): CodeIgniter\CodeIgniter->handleRequest(null, Object(Config\Cache), false)
 4 FCPATH\index.php(79): CodeIgniter\CodeIgniter->run()
INFO - 2026-03-15 20:34:49 --> Session: Class initialized using 'CodeIgniter\Session\Handlers\FileHandler' driver.
WARNING - 2026-03-15 20:34:49 --> [DEPRECATED] Creation of dynamic property CodeIgniter\HTTP\IncomingRequest::$user is deprecated in APPPATH\Filters\JwtAuthWeb.php on line 32.
 1 SYSTEMPATH\Filters\Filters.php(182): App\Filters\JwtAuthWeb->before(Object(CodeIgniter\HTTP\IncomingRequest), null)
 2 SYSTEMPATH\CodeIgniter.php(475): CodeIgniter\Filters\Filters->run('get_risk_Chart_bf', 'before')
 3 SYSTEMPATH\CodeIgniter.php(361): CodeIgniter\CodeIgniter->handleRequest(null, Object(Config\Cache), false)
 4 FCPATH\index.php(79): CodeIgniter\CodeIgniter->run()
INFO - 2026-03-15 20:53:01 --> Session: Class initialized using 'CodeIgniter\Session\Handlers\FileHandler' driver.
WARNING - 2026-03-15 20:53:01 --> [DEPRECATED] Creation of dynamic property CodeIgniter\HTTP\IncomingRequest::$user is deprecated in APPPATH\Filters\JwtAuthWeb.php on line 32.
 1 SYSTEMPATH\Filters\Filters.php(182): App\Filters\JwtAuthWeb->before(Object(CodeIgniter\HTTP\IncomingRequest), null)
 2 SYSTEMPATH\CodeIgniter.php(475): CodeIgniter\Filters\Filters->run('dashboard', 'before')
 3 SYSTEMPATH\CodeIgniter.php(361): CodeIgniter\CodeIgniter->handleRequest(null, Object(Config\Cache), false)
 4 FCPATH\index.php(79): CodeIgniter\CodeIgniter->run()
WARNING - 2026-03-15 20:53:01 --> [DEPRECATED] Creation of dynamic property CodeIgniter\HTTP\IncomingRequest::$user is deprecated in APPPATH\Filters\JwtAuth.php on line 47.
 1 SYSTEMPATH\Filters\Filters.php(182): App\Filters\JwtAuth->before(Object(CodeIgniter\HTTP\IncomingRequest), null)
 2 SYSTEMPATH\CodeIgniter.php(475): CodeIgniter\Filters\Filters->run('api/profile', 'before')
 3 SYSTEMPATH\CodeIgniter.php(361): CodeIgniter\CodeIgniter->handleRequest(null, Object(Config\Cache), false)
 4 FCPATH\index.php(79): CodeIgniter\CodeIgniter->run()
INFO - 2026-03-15 20:53:01 --> Session: Class initialized using 'CodeIgniter\Session\Handlers\FileHandler' driver.
WARNING - 2026-03-15 20:53:01 --> [DEPRECATED] Creation of dynamic property CodeIgniter\HTTP\IncomingRequest::$user is deprecated in APPPATH\Filters\JwtAuthWeb.php on line 32.
 1 SYSTEMPATH\Filters\Filters.php(182): App\Filters\JwtAuthWeb->before(Object(CodeIgniter\HTTP\IncomingRequest), null)
 2 SYSTEMPATH\CodeIgniter.php(475): CodeIgniter\Filters\Filters->run('getChart_data', 'before')
 3 SYSTEMPATH\CodeIgniter.php(361): CodeIgniter\CodeIgniter->handleRequest(null, Object(Config\Cache), false)
 4 FCPATH\index.php(79): CodeIgniter\CodeIgniter->run()
INFO - 2026-03-15 20:53:02 --> Session: Class initialized using 'CodeIgniter\Session\Handlers\FileHandler' driver.
WARNING - 2026-03-15 20:53:02 --> [DEPRECATED] Creation of dynamic property CodeIgniter\HTTP\IncomingRequest::$user is deprecated in APPPATH\Filters\JwtAuthWeb.php on line 32.
 1 SYSTEMPATH\Filters\Filters.php(182): App\Filters\JwtAuthWeb->before(Object(CodeIgniter\HTTP\IncomingRequest), null)
 2 SYSTEMPATH\CodeIgniter.php(475): CodeIgniter\Filters\Filters->run('getChart_All', 'before')
 3 SYSTEMPATH\CodeIgniter.php(361): CodeIgniter\CodeIgniter->handleRequest(null, Object(Config\Cache), false)
 4 FCPATH\index.php(79): CodeIgniter\CodeIgniter->run()
INFO - 2026-03-15 20:53:02 --> Session: Class initialized using 'CodeIgniter\Session\Handlers\FileHandler' driver.
WARNING - 2026-03-15 20:53:02 --> [DEPRECATED] Creation of dynamic property CodeIgniter\HTTP\IncomingRequest::$user is deprecated in APPPATH\Filters\JwtAuthWeb.php on line 32.
 1 SYSTEMPATH\Filters\Filters.php(182): App\Filters\JwtAuthWeb->before(Object(CodeIgniter\HTTP\IncomingRequest), null)
 2 SYSTEMPATH\CodeIgniter.php(475): CodeIgniter\Filters\Filters->run('get_data_chartInproj', 'before')
 3 SYSTEMPATH\CodeIgniter.php(361): CodeIgniter\CodeIgniter->handleRequest(null, Object(Config\Cache), false)
 4 FCPATH\index.php(79): CodeIgniter\CodeIgniter->run()
INFO - 2026-03-15 20:53:02 --> Session: Class initialized using 'CodeIgniter\Session\Handlers\FileHandler' driver.
WARNING - 2026-03-15 20:53:02 --> [DEPRECATED] Creation of dynamic property CodeIgniter\HTTP\IncomingRequest::$user is deprecated in APPPATH\Filters\JwtAuthWeb.php on line 32.
 1 SYSTEMPATH\Filters\Filters.php(182): App\Filters\JwtAuthWeb->before(Object(CodeIgniter\HTTP\IncomingRequest), null)
 2 SYSTEMPATH\CodeIgniter.php(475): CodeIgniter\Filters\Filters->run('get_risk_Chart_bf', 'before')
 3 SYSTEMPATH\CodeIgniter.php(361): CodeIgniter\CodeIgniter->handleRequest(null, Object(Config\Cache), false)
 4 FCPATH\index.php(79): CodeIgniter\CodeIgniter->run()
CRITICAL - 2026-03-15 20:53:02 --> ErrorException: Undefined array key "rdm1"
in APPPATH\Controllers\Admin.php on line 187.
 1 APPPATH\Controllers\Admin.php(187): CodeIgniter\Debug\Exceptions->errorHandler(2, 'Undefined array key "rdm1"', 'D:\\xampp6\\htdocs\\smm-HL\\app\\Controllers\\Admin.php', 187)
 2 SYSTEMPATH\CodeIgniter.php(943): App\Controllers\Admin->get_risk_Chart_bf()
 3 SYSTEMPATH\CodeIgniter.php(503): CodeIgniter\CodeIgniter->runController(Object(App\Controllers\Admin))
 4 SYSTEMPATH\CodeIgniter.php(361): CodeIgniter\CodeIgniter->handleRequest(null, Object(Config\Cache), false)
 5 FCPATH\index.php(79): CodeIgniter\CodeIgniter->run()
INFO - 2026-03-15 20:53:44 --> Session: Class initialized using 'CodeIgniter\Session\Handlers\FileHandler' driver.
WARNING - 2026-03-15 20:53:44 --> [DEPRECATED] Creation of dynamic property CodeIgniter\HTTP\IncomingRequest::$user is deprecated in APPPATH\Filters\JwtAuthWeb.php on line 32.
 1 SYSTEMPATH\Filters\Filters.php(182): App\Filters\JwtAuthWeb->before(Object(CodeIgniter\HTTP\IncomingRequest), null)
 2 SYSTEMPATH\CodeIgniter.php(475): CodeIgniter\Filters\Filters->run('dashboard', 'before')
 3 SYSTEMPATH\CodeIgniter.php(361): CodeIgniter\CodeIgniter->handleRequest(null, Object(Config\Cache), false)
 4 FCPATH\index.php(79): CodeIgniter\CodeIgniter->run()
WARNING - 2026-03-15 20:53:44 --> [DEPRECATED] Creation of dynamic property CodeIgniter\HTTP\IncomingRequest::$user is deprecated in APPPATH\Filters\JwtAuth.php on line 47.
 1 SYSTEMPATH\Filters\Filters.php(182): App\Filters\JwtAuth->before(Object(CodeIgniter\HTTP\IncomingRequest), null)
 2 SYSTEMPATH\CodeIgniter.php(475): CodeIgniter\Filters\Filters->run('api/profile', 'before')
 3 SYSTEMPATH\CodeIgniter.php(361): CodeIgniter\CodeIgniter->handleRequest(null, Object(Config\Cache), false)
 4 FCPATH\index.php(79): CodeIgniter\CodeIgniter->run()
INFO - 2026-03-15 20:53:44 --> Session: Class initialized using 'CodeIgniter\Session\Handlers\FileHandler' driver.
WARNING - 2026-03-15 20:53:44 --> [DEPRECATED] Creation of dynamic property CodeIgniter\HTTP\IncomingRequest::$user is deprecated in APPPATH\Filters\JwtAuthWeb.php on line 32.
 1 SYSTEMPATH\Filters\Filters.php(182): App\Filters\JwtAuthWeb->before(Object(CodeIgniter\HTTP\IncomingRequest), null)
 2 SYSTEMPATH\CodeIgniter.php(475): CodeIgniter\Filters\Filters->run('getChart_data', 'before')
 3 SYSTEMPATH\CodeIgniter.php(361): CodeIgniter\CodeIgniter->handleRequest(null, Object(Config\Cache), false)
 4 FCPATH\index.php(79): CodeIgniter\CodeIgniter->run()
INFO - 2026-03-15 20:53:44 --> Session: Class initialized using 'CodeIgniter\Session\Handlers\FileHandler' driver.
WARNING - 2026-03-15 20:53:44 --> [DEPRECATED] Creation of dynamic property CodeIgniter\HTTP\IncomingRequest::$user is deprecated in APPPATH\Filters\JwtAuthWeb.php on line 32.
 1 SYSTEMPATH\Filters\Filters.php(182): App\Filters\JwtAuthWeb->before(Object(CodeIgniter\HTTP\IncomingRequest), null)
 2 SYSTEMPATH\CodeIgniter.php(475): CodeIgniter\Filters\Filters->run('getChart_All', 'before')
 3 SYSTEMPATH\CodeIgniter.php(361): CodeIgniter\CodeIgniter->handleRequest(null, Object(Config\Cache), false)
 4 FCPATH\index.php(79): CodeIgniter\CodeIgniter->run()
INFO - 2026-03-15 20:53:44 --> Session: Class initialized using 'CodeIgniter\Session\Handlers\FileHandler' driver.
WARNING - 2026-03-15 20:53:44 --> [DEPRECATED] Creation of dynamic property CodeIgniter\HTTP\IncomingRequest::$user is deprecated in APPPATH\Filters\JwtAuthWeb.php on line 32.
 1 SYSTEMPATH\Filters\Filters.php(182): App\Filters\JwtAuthWeb->before(Object(CodeIgniter\HTTP\IncomingRequest), null)
 2 SYSTEMPATH\CodeIgniter.php(475): CodeIgniter\Filters\Filters->run('get_data_chartInproj', 'before')
 3 SYSTEMPATH\CodeIgniter.php(361): CodeIgniter\CodeIgniter->handleRequest(null, Object(Config\Cache), false)
 4 FCPATH\index.php(79): CodeIgniter\CodeIgniter->run()
INFO - 2026-03-15 20:53:44 --> Session: Class initialized using 'CodeIgniter\Session\Handlers\FileHandler' driver.
WARNING - 2026-03-15 20:53:44 --> [DEPRECATED] Creation of dynamic property CodeIgniter\HTTP\IncomingRequest::$user is deprecated in APPPATH\Filters\JwtAuthWeb.php on line 32.
 1 SYSTEMPATH\Filters\Filters.php(182): App\Filters\JwtAuthWeb->before(Object(CodeIgniter\HTTP\IncomingRequest), null)
 2 SYSTEMPATH\CodeIgniter.php(475): CodeIgniter\Filters\Filters->run('get_risk_Chart_bf', 'before')
 3 SYSTEMPATH\CodeIgniter.php(361): CodeIgniter\CodeIgniter->handleRequest(null, Object(Config\Cache), false)
 4 FCPATH\index.php(79): CodeIgniter\CodeIgniter->run()
CRITICAL - 2026-03-15 20:53:44 --> ErrorException: Undefined array key "rdm1"
in APPPATH\Controllers\Admin.php on line 187.
 1 APPPATH\Controllers\Admin.php(187): CodeIgniter\Debug\Exceptions->errorHandler(2, 'Undefined array key "rdm1"', 'D:\\xampp6\\htdocs\\smm-HL\\app\\Controllers\\Admin.php', 187)
 2 SYSTEMPATH\CodeIgniter.php(943): App\Controllers\Admin->get_risk_Chart_bf()
 3 SYSTEMPATH\CodeIgniter.php(503): CodeIgniter\CodeIgniter->runController(Object(App\Controllers\Admin))
 4 SYSTEMPATH\CodeIgniter.php(361): CodeIgniter\CodeIgniter->handleRequest(null, Object(Config\Cache), false)
 5 FCPATH\index.php(79): CodeIgniter\CodeIgniter->run()
INFO - 2026-03-15 20:54:13 --> Session: Class initialized using 'CodeIgniter\Session\Handlers\FileHandler' driver.
WARNING - 2026-03-15 20:54:13 --> [DEPRECATED] Creation of dynamic property CodeIgniter\HTTP\IncomingRequest::$user is deprecated in APPPATH\Filters\JwtAuthWeb.php on line 32.
 1 SYSTEMPATH\Filters\Filters.php(182): App\Filters\JwtAuthWeb->before(Object(CodeIgniter\HTTP\IncomingRequest), null)
 2 SYSTEMPATH\CodeIgniter.php(475): CodeIgniter\Filters\Filters->run('dashboard', 'before')
 3 SYSTEMPATH\CodeIgniter.php(361): CodeIgniter\CodeIgniter->handleRequest(null, Object(Config\Cache), false)
 4 FCPATH\index.php(79): CodeIgniter\CodeIgniter->run()
WARNING - 2026-03-15 20:54:13 --> [DEPRECATED] Creation of dynamic property CodeIgniter\HTTP\IncomingRequest::$user is deprecated in APPPATH\Filters\JwtAuth.php on line 47.
 1 SYSTEMPATH\Filters\Filters.php(182): App\Filters\JwtAuth->before(Object(CodeIgniter\HTTP\IncomingRequest), null)
 2 SYSTEMPATH\CodeIgniter.php(475): CodeIgniter\Filters\Filters->run('api/profile', 'before')
 3 SYSTEMPATH\CodeIgniter.php(361): CodeIgniter\CodeIgniter->handleRequest(null, Object(Config\Cache), false)
 4 FCPATH\index.php(79): CodeIgniter\CodeIgniter->run()
INFO - 2026-03-15 20:54:13 --> Session: Class initialized using 'CodeIgniter\Session\Handlers\FileHandler' driver.
WARNING - 2026-03-15 20:54:13 --> [DEPRECATED] Creation of dynamic property CodeIgniter\HTTP\IncomingRequest::$user is deprecated in APPPATH\Filters\JwtAuthWeb.php on line 32.
 1 SYSTEMPATH\Filters\Filters.php(182): App\Filters\JwtAuthWeb->before(Object(CodeIgniter\HTTP\IncomingRequest), null)
 2 SYSTEMPATH\CodeIgniter.php(475): CodeIgniter\Filters\Filters->run('getChart_data', 'before')
 3 SYSTEMPATH\CodeIgniter.php(361): CodeIgniter\CodeIgniter->handleRequest(null, Object(Config\Cache), false)
 4 FCPATH\index.php(79): CodeIgniter\CodeIgniter->run()
INFO - 2026-03-15 20:54:13 --> Session: Class initialized using 'CodeIgniter\Session\Handlers\FileHandler' driver.
WARNING - 2026-03-15 20:54:13 --> [DEPRECATED] Creation of dynamic property CodeIgniter\HTTP\IncomingRequest::$user is deprecated in APPPATH\Filters\JwtAuthWeb.php on line 32.
 1 SYSTEMPATH\Filters\Filters.php(182): App\Filters\JwtAuthWeb->before(Object(CodeIgniter\HTTP\IncomingRequest), null)
 2 SYSTEMPATH\CodeIgniter.php(475): CodeIgniter\Filters\Filters->run('getChart_All', 'before')
 3 SYSTEMPATH\CodeIgniter.php(361): CodeIgniter\CodeIgniter->handleRequest(null, Object(Config\Cache), false)
 4 FCPATH\index.php(79): CodeIgniter\CodeIgniter->run()
INFO - 2026-03-15 20:54:14 --> Session: Class initialized using 'CodeIgniter\Session\Handlers\FileHandler' driver.
WARNING - 2026-03-15 20:54:14 --> [DEPRECATED] Creation of dynamic property CodeIgniter\HTTP\IncomingRequest::$user is deprecated in APPPATH\Filters\JwtAuthWeb.php on line 32.
 1 SYSTEMPATH\Filters\Filters.php(182): App\Filters\JwtAuthWeb->before(Object(CodeIgniter\HTTP\IncomingRequest), null)
 2 SYSTEMPATH\CodeIgniter.php(475): CodeIgniter\Filters\Filters->run('get_data_chartInproj', 'before')
 3 SYSTEMPATH\CodeIgniter.php(361): CodeIgniter\CodeIgniter->handleRequest(null, Object(Config\Cache), false)
 4 FCPATH\index.php(79): CodeIgniter\CodeIgniter->run()
INFO - 2026-03-15 20:54:14 --> Session: Class initialized using 'CodeIgniter\Session\Handlers\FileHandler' driver.
WARNING - 2026-03-15 20:54:14 --> [DEPRECATED] Creation of dynamic property CodeIgniter\HTTP\IncomingRequest::$user is deprecated in APPPATH\Filters\JwtAuthWeb.php on line 32.
 1 SYSTEMPATH\Filters\Filters.php(182): App\Filters\JwtAuthWeb->before(Object(CodeIgniter\HTTP\IncomingRequest), null)
 2 SYSTEMPATH\CodeIgniter.php(475): CodeIgniter\Filters\Filters->run('get_risk_Chart_bf', 'before')
 3 SYSTEMPATH\CodeIgniter.php(361): CodeIgniter\CodeIgniter->handleRequest(null, Object(Config\Cache), false)
 4 FCPATH\index.php(79): CodeIgniter\CodeIgniter->run()
CRITICAL - 2026-03-15 20:54:14 --> ErrorException: Undefined array key "rdm1"
in APPPATH\Controllers\Admin.php on line 187.
 1 APPPATH\Controllers\Admin.php(187): CodeIgniter\Debug\Exceptions->errorHandler(2, 'Undefined array key "rdm1"', 'D:\\xampp6\\htdocs\\smm-HL\\app\\Controllers\\Admin.php', 187)
 2 SYSTEMPATH\CodeIgniter.php(943): App\Controllers\Admin->get_risk_Chart_bf()
 3 SYSTEMPATH\CodeIgniter.php(503): CodeIgniter\CodeIgniter->runController(Object(App\Controllers\Admin))
 4 SYSTEMPATH\CodeIgniter.php(361): CodeIgniter\CodeIgniter->handleRequest(null, Object(Config\Cache), false)
 5 FCPATH\index.php(79): CodeIgniter\CodeIgniter->run()
INFO - 2026-03-15 20:54:29 --> Session: Class initialized using 'CodeIgniter\Session\Handlers\FileHandler' driver.
WARNING - 2026-03-15 20:54:29 --> [DEPRECATED] Creation of dynamic property CodeIgniter\HTTP\IncomingRequest::$user is deprecated in APPPATH\Filters\JwtAuthWeb.php on line 32.
 1 SYSTEMPATH\Filters\Filters.php(182): App\Filters\JwtAuthWeb->before(Object(CodeIgniter\HTTP\IncomingRequest), null)
 2 SYSTEMPATH\CodeIgniter.php(475): CodeIgniter\Filters\Filters->run('get_risk_Chart_bf', 'before')
 3 SYSTEMPATH\CodeIgniter.php(361): CodeIgniter\CodeIgniter->handleRequest(null, Object(Config\Cache), false)
 4 FCPATH\index.php(79): CodeIgniter\CodeIgniter->run()
CRITICAL - 2026-03-15 20:54:29 --> ErrorException: Undefined array key "rdm1"
in APPPATH\Controllers\Admin.php on line 187.
 1 APPPATH\Controllers\Admin.php(187): CodeIgniter\Debug\Exceptions->errorHandler(2, 'Undefined array key "rdm1"', 'D:\\xampp6\\htdocs\\smm-HL\\app\\Controllers\\Admin.php', 187)
 2 SYSTEMPATH\CodeIgniter.php(943): App\Controllers\Admin->get_risk_Chart_bf()
 3 SYSTEMPATH\CodeIgniter.php(503): CodeIgniter\CodeIgniter->runController(Object(App\Controllers\Admin))
 4 SYSTEMPATH\CodeIgniter.php(361): CodeIgniter\CodeIgniter->handleRequest(null, Object(Config\Cache), false)
 5 FCPATH\index.php(79): CodeIgniter\CodeIgniter->run()
INFO - 2026-03-15 20:55:36 --> Session: Class initialized using 'CodeIgniter\Session\Handlers\FileHandler' driver.
WARNING - 2026-03-15 20:55:36 --> [DEPRECATED] Creation of dynamic property CodeIgniter\HTTP\IncomingRequest::$user is deprecated in APPPATH\Filters\JwtAuthWeb.php on line 32.
 1 SYSTEMPATH\Filters\Filters.php(182): App\Filters\JwtAuthWeb->before(Object(CodeIgniter\HTTP\IncomingRequest), null)
 2 SYSTEMPATH\CodeIgniter.php(475): CodeIgniter\Filters\Filters->run('get_risk_Chart_bf', 'before')
 3 SYSTEMPATH\CodeIgniter.php(361): CodeIgniter\CodeIgniter->handleRequest(null, Object(Config\Cache), false)
 4 FCPATH\index.php(79): CodeIgniter\CodeIgniter->run()
INFO - 2026-03-15 20:55:42 --> Session: Class initialized using 'CodeIgniter\Session\Handlers\FileHandler' driver.
WARNING - 2026-03-15 20:55:42 --> [DEPRECATED] Creation of dynamic property CodeIgniter\HTTP\IncomingRequest::$user is deprecated in APPPATH\Filters\JwtAuthWeb.php on line 32.
 1 SYSTEMPATH\Filters\Filters.php(182): App\Filters\JwtAuthWeb->before(Object(CodeIgniter\HTTP\IncomingRequest), null)
 2 SYSTEMPATH\CodeIgniter.php(475): CodeIgniter\Filters\Filters->run('dashboard', 'before')
 3 SYSTEMPATH\CodeIgniter.php(361): CodeIgniter\CodeIgniter->handleRequest(null, Object(Config\Cache), false)
 4 FCPATH\index.php(79): CodeIgniter\CodeIgniter->run()
WARNING - 2026-03-15 20:55:42 --> [DEPRECATED] Creation of dynamic property CodeIgniter\HTTP\IncomingRequest::$user is deprecated in APPPATH\Filters\JwtAuth.php on line 47.
 1 SYSTEMPATH\Filters\Filters.php(182): App\Filters\JwtAuth->before(Object(CodeIgniter\HTTP\IncomingRequest), null)
 2 SYSTEMPATH\CodeIgniter.php(475): CodeIgniter\Filters\Filters->run('api/profile', 'before')
 3 SYSTEMPATH\CodeIgniter.php(361): CodeIgniter\CodeIgniter->handleRequest(null, Object(Config\Cache), false)
 4 FCPATH\index.php(79): CodeIgniter\CodeIgniter->run()
INFO - 2026-03-15 20:55:42 --> Session: Class initialized using 'CodeIgniter\Session\Handlers\FileHandler' driver.
WARNING - 2026-03-15 20:55:42 --> [DEPRECATED] Creation of dynamic property CodeIgniter\HTTP\IncomingRequest::$user is deprecated in APPPATH\Filters\JwtAuthWeb.php on line 32.
 1 SYSTEMPATH\Filters\Filters.php(182): App\Filters\JwtAuthWeb->before(Object(CodeIgniter\HTTP\IncomingRequest), null)
 2 SYSTEMPATH\CodeIgniter.php(475): CodeIgniter\Filters\Filters->run('getChart_data', 'before')
 3 SYSTEMPATH\CodeIgniter.php(361): CodeIgniter\CodeIgniter->handleRequest(null, Object(Config\Cache), false)
 4 FCPATH\index.php(79): CodeIgniter\CodeIgniter->run()
INFO - 2026-03-15 20:55:42 --> Session: Class initialized using 'CodeIgniter\Session\Handlers\FileHandler' driver.
WARNING - 2026-03-15 20:55:42 --> [DEPRECATED] Creation of dynamic property CodeIgniter\HTTP\IncomingRequest::$user is deprecated in APPPATH\Filters\JwtAuthWeb.php on line 32.
 1 SYSTEMPATH\Filters\Filters.php(182): App\Filters\JwtAuthWeb->before(Object(CodeIgniter\HTTP\IncomingRequest), null)
 2 SYSTEMPATH\CodeIgniter.php(475): CodeIgniter\Filters\Filters->run('getChart_All', 'before')
 3 SYSTEMPATH\CodeIgniter.php(361): CodeIgniter\CodeIgniter->handleRequest(null, Object(Config\Cache), false)
 4 FCPATH\index.php(79): CodeIgniter\CodeIgniter->run()
INFO - 2026-03-15 20:55:42 --> Session: Class initialized using 'CodeIgniter\Session\Handlers\FileHandler' driver.
WARNING - 2026-03-15 20:55:42 --> [DEPRECATED] Creation of dynamic property CodeIgniter\HTTP\IncomingRequest::$user is deprecated in APPPATH\Filters\JwtAuthWeb.php on line 32.
 1 SYSTEMPATH\Filters\Filters.php(182): App\Filters\JwtAuthWeb->before(Object(CodeIgniter\HTTP\IncomingRequest), null)
 2 SYSTEMPATH\CodeIgniter.php(475): CodeIgniter\Filters\Filters->run('get_data_chartInproj', 'before')
 3 SYSTEMPATH\CodeIgniter.php(361): CodeIgniter\CodeIgniter->handleRequest(null, Object(Config\Cache), false)
 4 FCPATH\index.php(79): CodeIgniter\CodeIgniter->run()
INFO - 2026-03-15 20:55:42 --> Session: Class initialized using 'CodeIgniter\Session\Handlers\FileHandler' driver.
WARNING - 2026-03-15 20:55:42 --> [DEPRECATED] Creation of dynamic property CodeIgniter\HTTP\IncomingRequest::$user is deprecated in APPPATH\Filters\JwtAuthWeb.php on line 32.
 1 SYSTEMPATH\Filters\Filters.php(182): App\Filters\JwtAuthWeb->before(Object(CodeIgniter\HTTP\IncomingRequest), null)
 2 SYSTEMPATH\CodeIgniter.php(475): CodeIgniter\Filters\Filters->run('get_risk_Chart_bf', 'before')
 3 SYSTEMPATH\CodeIgniter.php(361): CodeIgniter\CodeIgniter->handleRequest(null, Object(Config\Cache), false)
 4 FCPATH\index.php(79): CodeIgniter\CodeIgniter->run()
INFO - 2026-03-15 20:57:03 --> Session: Class initialized using 'CodeIgniter\Session\Handlers\FileHandler' driver.
WARNING - 2026-03-15 20:57:04 --> [DEPRECATED] Creation of dynamic property CodeIgniter\HTTP\IncomingRequest::$user is deprecated in APPPATH\Filters\JwtAuthWeb.php on line 32.
 1 SYSTEMPATH\Filters\Filters.php(182): App\Filters\JwtAuthWeb->before(Object(CodeIgniter\HTTP\IncomingRequest), null)
 2 SYSTEMPATH\CodeIgniter.php(475): CodeIgniter\Filters\Filters->run('dashboard', 'before')
 3 SYSTEMPATH\CodeIgniter.php(361): CodeIgniter\CodeIgniter->handleRequest(null, Object(Config\Cache), false)
 4 FCPATH\index.php(79): CodeIgniter\CodeIgniter->run()
WARNING - 2026-03-15 20:57:04 --> [DEPRECATED] Creation of dynamic property CodeIgniter\HTTP\IncomingRequest::$user is deprecated in APPPATH\Filters\JwtAuth.php on line 47.
 1 SYSTEMPATH\Filters\Filters.php(182): App\Filters\JwtAuth->before(Object(CodeIgniter\HTTP\IncomingRequest), null)
 2 SYSTEMPATH\CodeIgniter.php(475): CodeIgniter\Filters\Filters->run('api/profile', 'before')
 3 SYSTEMPATH\CodeIgniter.php(361): CodeIgniter\CodeIgniter->handleRequest(null, Object(Config\Cache), false)
 4 FCPATH\index.php(79): CodeIgniter\CodeIgniter->run()
INFO - 2026-03-15 20:57:04 --> Session: Class initialized using 'CodeIgniter\Session\Handlers\FileHandler' driver.
WARNING - 2026-03-15 20:57:04 --> [DEPRECATED] Creation of dynamic property CodeIgniter\HTTP\IncomingRequest::$user is deprecated in APPPATH\Filters\JwtAuthWeb.php on line 32.
 1 SYSTEMPATH\Filters\Filters.php(182): App\Filters\JwtAuthWeb->before(Object(CodeIgniter\HTTP\IncomingRequest), null)
 2 SYSTEMPATH\CodeIgniter.php(475): CodeIgniter\Filters\Filters->run('getChart_data', 'before')
 3 SYSTEMPATH\CodeIgniter.php(361): CodeIgniter\CodeIgniter->handleRequest(null, Object(Config\Cache), false)
 4 FCPATH\index.php(79): CodeIgniter\CodeIgniter->run()
INFO - 2026-03-15 20:57:04 --> Session: Class initialized using 'CodeIgniter\Session\Handlers\FileHandler' driver.
WARNING - 2026-03-15 20:57:04 --> [DEPRECATED] Creation of dynamic property CodeIgniter\HTTP\IncomingRequest::$user is deprecated in APPPATH\Filters\JwtAuthWeb.php on line 32.
 1 SYSTEMPATH\Filters\Filters.php(182): App\Filters\JwtAuthWeb->before(Object(CodeIgniter\HTTP\IncomingRequest), null)
 2 SYSTEMPATH\CodeIgniter.php(475): CodeIgniter\Filters\Filters->run('getChart_All', 'before')
 3 SYSTEMPATH\CodeIgniter.php(361): CodeIgniter\CodeIgniter->handleRequest(null, Object(Config\Cache), false)
 4 FCPATH\index.php(79): CodeIgniter\CodeIgniter->run()
INFO - 2026-03-15 20:57:04 --> Session: Class initialized using 'CodeIgniter\Session\Handlers\FileHandler' driver.
WARNING - 2026-03-15 20:57:04 --> [DEPRECATED] Creation of dynamic property CodeIgniter\HTTP\IncomingRequest::$user is deprecated in APPPATH\Filters\JwtAuthWeb.php on line 32.
 1 SYSTEMPATH\Filters\Filters.php(182): App\Filters\JwtAuthWeb->before(Object(CodeIgniter\HTTP\IncomingRequest), null)
 2 SYSTEMPATH\CodeIgniter.php(475): CodeIgniter\Filters\Filters->run('get_data_chartInproj', 'before')
 3 SYSTEMPATH\CodeIgniter.php(361): CodeIgniter\CodeIgniter->handleRequest(null, Object(Config\Cache), false)
 4 FCPATH\index.php(79): CodeIgniter\CodeIgniter->run()
INFO - 2026-03-15 20:57:04 --> Session: Class initialized using 'CodeIgniter\Session\Handlers\FileHandler' driver.
WARNING - 2026-03-15 20:57:04 --> [DEPRECATED] Creation of dynamic property CodeIgniter\HTTP\IncomingRequest::$user is deprecated in APPPATH\Filters\JwtAuthWeb.php on line 32.
 1 SYSTEMPATH\Filters\Filters.php(182): App\Filters\JwtAuthWeb->before(Object(CodeIgniter\HTTP\IncomingRequest), null)
 2 SYSTEMPATH\CodeIgniter.php(475): CodeIgniter\Filters\Filters->run('get_risk_Chart_bf', 'before')
 3 SYSTEMPATH\CodeIgniter.php(361): CodeIgniter\CodeIgniter->handleRequest(null, Object(Config\Cache), false)
 4 FCPATH\index.php(79): CodeIgniter\CodeIgniter->run()
INFO - 2026-03-15 20:58:30 --> Session: Class initialized using 'CodeIgniter\Session\Handlers\FileHandler' driver.
WARNING - 2026-03-15 20:58:30 --> [DEPRECATED] Creation of dynamic property CodeIgniter\HTTP\IncomingRequest::$user is deprecated in APPPATH\Filters\JwtAuthWeb.php on line 32.
 1 SYSTEMPATH\Filters\Filters.php(182): App\Filters\JwtAuthWeb->before(Object(CodeIgniter\HTTP\IncomingRequest), null)
 2 SYSTEMPATH\CodeIgniter.php(475): CodeIgniter\Filters\Filters->run('dashboard', 'before')
 3 SYSTEMPATH\CodeIgniter.php(361): CodeIgniter\CodeIgniter->handleRequest(null, Object(Config\Cache), false)
 4 FCPATH\index.php(79): CodeIgniter\CodeIgniter->run()
INFO - 2026-03-15 20:58:30 --> Session: Class initialized using 'CodeIgniter\Session\Handlers\FileHandler' driver.
WARNING - 2026-03-15 20:58:30 --> [DEPRECATED] Creation of dynamic property CodeIgniter\HTTP\IncomingRequest::$user is deprecated in APPPATH\Filters\JwtAuth.php on line 47.
 1 SYSTEMPATH\Filters\Filters.php(182): App\Filters\JwtAuth->before(Object(CodeIgniter\HTTP\IncomingRequest), null)
 2 SYSTEMPATH\CodeIgniter.php(475): CodeIgniter\Filters\Filters->run('api/profile', 'before')
 3 SYSTEMPATH\CodeIgniter.php(361): CodeIgniter\CodeIgniter->handleRequest(null, Object(Config\Cache), false)
 4 FCPATH\index.php(79): CodeIgniter\CodeIgniter->run()
WARNING - 2026-03-15 20:58:30 --> [DEPRECATED] Creation of dynamic property CodeIgniter\HTTP\IncomingRequest::$user is deprecated in APPPATH\Filters\JwtAuthWeb.php on line 32.
 1 SYSTEMPATH\Filters\Filters.php(182): App\Filters\JwtAuthWeb->before(Object(CodeIgniter\HTTP\IncomingRequest), null)
 2 SYSTEMPATH\CodeIgniter.php(475): CodeIgniter\Filters\Filters->run('getChart_data', 'before')
 3 SYSTEMPATH\CodeIgniter.php(361): CodeIgniter\CodeIgniter->handleRequest(null, Object(Config\Cache), false)
 4 FCPATH\index.php(79): CodeIgniter\CodeIgniter->run()
INFO - 2026-03-15 20:58:30 --> Session: Class initialized using 'CodeIgniter\Session\Handlers\FileHandler' driver.
WARNING - 2026-03-15 20:58:30 --> [DEPRECATED] Creation of dynamic property CodeIgniter\HTTP\IncomingRequest::$user is deprecated in APPPATH\Filters\JwtAuthWeb.php on line 32.
 1 SYSTEMPATH\Filters\Filters.php(182): App\Filters\JwtAuthWeb->before(Object(CodeIgniter\HTTP\IncomingRequest), null)
 2 SYSTEMPATH\CodeIgniter.php(475): CodeIgniter\Filters\Filters->run('getChart_All', 'before')
 3 SYSTEMPATH\CodeIgniter.php(361): CodeIgniter\CodeIgniter->handleRequest(null, Object(Config\Cache), false)
 4 FCPATH\index.php(79): CodeIgniter\CodeIgniter->run()
INFO - 2026-03-15 20:58:30 --> Session: Class initialized using 'CodeIgniter\Session\Handlers\FileHandler' driver.
WARNING - 2026-03-15 20:58:30 --> [DEPRECATED] Creation of dynamic property CodeIgniter\HTTP\IncomingRequest::$user is deprecated in APPPATH\Filters\JwtAuthWeb.php on line 32.
 1 SYSTEMPATH\Filters\Filters.php(182): App\Filters\JwtAuthWeb->before(Object(CodeIgniter\HTTP\IncomingRequest), null)
 2 SYSTEMPATH\CodeIgniter.php(475): CodeIgniter\Filters\Filters->run('get_data_chartInproj', 'before')
 3 SYSTEMPATH\CodeIgniter.php(361): CodeIgniter\CodeIgniter->handleRequest(null, Object(Config\Cache), false)
 4 FCPATH\index.php(79): CodeIgniter\CodeIgniter->run()
INFO - 2026-03-15 20:58:30 --> Session: Class initialized using 'CodeIgniter\Session\Handlers\FileHandler' driver.
WARNING - 2026-03-15 20:58:30 --> [DEPRECATED] Creation of dynamic property CodeIgniter\HTTP\IncomingRequest::$user is deprecated in APPPATH\Filters\JwtAuthWeb.php on line 32.
 1 SYSTEMPATH\Filters\Filters.php(182): App\Filters\JwtAuthWeb->before(Object(CodeIgniter\HTTP\IncomingRequest), null)
 2 SYSTEMPATH\CodeIgniter.php(475): CodeIgniter\Filters\Filters->run('get_risk_Chart_bf', 'before')
 3 SYSTEMPATH\CodeIgniter.php(361): CodeIgniter\CodeIgniter->handleRequest(null, Object(Config\Cache), false)
 4 FCPATH\index.php(79): CodeIgniter\CodeIgniter->run()
INFO - 2026-03-15 21:01:28 --> Session: Class initialized using 'CodeIgniter\Session\Handlers\FileHandler' driver.
WARNING - 2026-03-15 21:01:28 --> [DEPRECATED] Creation of dynamic property CodeIgniter\HTTP\IncomingRequest::$user is deprecated in APPPATH\Filters\JwtAuthWeb.php on line 32.
 1 SYSTEMPATH\Filters\Filters.php(182): App\Filters\JwtAuthWeb->before(Object(CodeIgniter\HTTP\IncomingRequest), null)
 2 SYSTEMPATH\CodeIgniter.php(475): CodeIgniter\Filters\Filters->run('fetchData/riskDm_HL', 'before')
 3 SYSTEMPATH\CodeIgniter.php(361): CodeIgniter\CodeIgniter->handleRequest(null, Object(Config\Cache), false)
 4 FCPATH\index.php(79): CodeIgniter\CodeIgniter->run()
WARNING - 2026-03-15 21:01:29 --> [DEPRECATED] Creation of dynamic property CodeIgniter\HTTP\IncomingRequest::$user is deprecated in APPPATH\Filters\JwtAuth.php on line 47.
 1 SYSTEMPATH\Filters\Filters.php(182): App\Filters\JwtAuth->before(Object(CodeIgniter\HTTP\IncomingRequest), null)
 2 SYSTEMPATH\CodeIgniter.php(475): CodeIgniter\Filters\Filters->run('api/profile', 'before')
 3 SYSTEMPATH\CodeIgniter.php(361): CodeIgniter\CodeIgniter->handleRequest(null, Object(Config\Cache), false)
 4 FCPATH\index.php(79): CodeIgniter\CodeIgniter->run()
INFO - 2026-03-15 21:01:29 --> Session: Class initialized using 'CodeIgniter\Session\Handlers\FileHandler' driver.
WARNING - 2026-03-15 21:01:29 --> [DEPRECATED] Creation of dynamic property CodeIgniter\HTTP\IncomingRequest::$user is deprecated in APPPATH\Filters\JwtAuthWeb.php on line 32.
 1 SYSTEMPATH\Filters\Filters.php(182): App\Filters\JwtAuthWeb->before(Object(CodeIgniter\HTTP\IncomingRequest), null)
 2 SYSTEMPATH\CodeIgniter.php(475): CodeIgniter\Filters\Filters->run('get_chart_fpg/0', 'before')
 3 SYSTEMPATH\CodeIgniter.php(361): CodeIgniter\CodeIgniter->handleRequest(null, Object(Config\Cache), false)
 4 FCPATH\index.php(79): CodeIgniter\CodeIgniter->run()
INFO - 2026-03-15 21:01:33 --> Session: Class initialized using 'CodeIgniter\Session\Handlers\FileHandler' driver.
WARNING - 2026-03-15 21:01:33 --> [DEPRECATED] Creation of dynamic property CodeIgniter\HTTP\IncomingRequest::$user is deprecated in APPPATH\Filters\JwtAuthWeb.php on line 32.
 1 SYSTEMPATH\Filters\Filters.php(182): App\Filters\JwtAuthWeb->before(Object(CodeIgniter\HTTP\IncomingRequest), null)
 2 SYSTEMPATH\CodeIgniter.php(475): CodeIgniter\Filters\Filters->run('fetchRisk/fecth_dm_risk/03541', 'before')
 3 SYSTEMPATH\CodeIgniter.php(361): CodeIgniter\CodeIgniter->handleRequest(null, Object(Config\Cache), false)
 4 FCPATH\index.php(79): CodeIgniter\CodeIgniter->run()
INFO - 2026-03-15 21:01:33 --> Session: Class initialized using 'CodeIgniter\Session\Handlers\FileHandler' driver.
WARNING - 2026-03-15 21:01:33 --> [DEPRECATED] Creation of dynamic property CodeIgniter\HTTP\IncomingRequest::$user is deprecated in APPPATH\Filters\JwtAuthWeb.php on line 32.
 1 SYSTEMPATH\Filters\Filters.php(182): App\Filters\JwtAuthWeb->before(Object(CodeIgniter\HTTP\IncomingRequest), null)
 2 SYSTEMPATH\CodeIgniter.php(475): CodeIgniter\Filters\Filters->run('get_chart_fpg/03541', 'before')
 3 SYSTEMPATH\CodeIgniter.php(361): CodeIgniter\CodeIgniter->handleRequest(null, Object(Config\Cache), false)
 4 FCPATH\index.php(79): CodeIgniter\CodeIgniter->run()
INFO - 2026-03-15 21:01:36 --> Session: Class initialized using 'CodeIgniter\Session\Handlers\FileHandler' driver.
WARNING - 2026-03-15 21:01:36 --> [DEPRECATED] Creation of dynamic property CodeIgniter\HTTP\IncomingRequest::$user is deprecated in APPPATH\Filters\JwtAuthWeb.php on line 32.
 1 SYSTEMPATH\Filters\Filters.php(182): App\Filters\JwtAuthWeb->before(Object(CodeIgniter\HTTP\IncomingRequest), null)
 2 SYSTEMPATH\CodeIgniter.php(475): CodeIgniter\Filters\Filters->run('get_chart_fpg/03542', 'before')
 3 SYSTEMPATH\CodeIgniter.php(361): CodeIgniter\CodeIgniter->handleRequest(null, Object(Config\Cache), false)
 4 FCPATH\index.php(79): CodeIgniter\CodeIgniter->run()
INFO - 2026-03-15 21:01:36 --> Session: Class initialized using 'CodeIgniter\Session\Handlers\FileHandler' driver.
WARNING - 2026-03-15 21:01:36 --> [DEPRECATED] Creation of dynamic property CodeIgniter\HTTP\IncomingRequest::$user is deprecated in APPPATH\Filters\JwtAuthWeb.php on line 32.
 1 SYSTEMPATH\Filters\Filters.php(182): App\Filters\JwtAuthWeb->before(Object(CodeIgniter\HTTP\IncomingRequest), null)
 2 SYSTEMPATH\CodeIgniter.php(475): CodeIgniter\Filters\Filters->run('fetchRisk/fecth_dm_risk/03542', 'before')
 3 SYSTEMPATH\CodeIgniter.php(361): CodeIgniter\CodeIgniter->handleRequest(null, Object(Config\Cache), false)
 4 FCPATH\index.php(79): CodeIgniter\CodeIgniter->run()
INFO - 2026-03-15 21:01:40 --> Session: Class initialized using 'CodeIgniter\Session\Handlers\FileHandler' driver.
WARNING - 2026-03-15 21:01:40 --> [DEPRECATED] Creation of dynamic property CodeIgniter\HTTP\IncomingRequest::$user is deprecated in APPPATH\Filters\JwtAuthWeb.php on line 32.
 1 SYSTEMPATH\Filters\Filters.php(182): App\Filters\JwtAuthWeb->before(Object(CodeIgniter\HTTP\IncomingRequest), null)
 2 SYSTEMPATH\CodeIgniter.php(475): CodeIgniter\Filters\Filters->run('fetchRisk/save_selected_dm', 'before')
 3 SYSTEMPATH\CodeIgniter.php(361): CodeIgniter\CodeIgniter->handleRequest(null, Object(Config\Cache), false)
 4 FCPATH\index.php(79): CodeIgniter\CodeIgniter->run()
INFO - 2026-03-15 21:01:40 --> Session: Class initialized using 'CodeIgniter\Session\Handlers\FileHandler' driver.
WARNING - 2026-03-15 21:01:40 --> [DEPRECATED] Creation of dynamic property CodeIgniter\HTTP\IncomingRequest::$user is deprecated in APPPATH\Filters\JwtAuthWeb.php on line 32.
 1 SYSTEMPATH\Filters\Filters.php(182): App\Filters\JwtAuthWeb->before(Object(CodeIgniter\HTTP\IncomingRequest), null)
 2 SYSTEMPATH\CodeIgniter.php(475): CodeIgniter\Filters\Filters->run('fetchRisk/fecth_dm_risk/03542', 'before')
 3 SYSTEMPATH\CodeIgniter.php(361): CodeIgniter\CodeIgniter->handleRequest(null, Object(Config\Cache), false)
 4 FCPATH\index.php(79): CodeIgniter\CodeIgniter->run()
INFO - 2026-03-15 21:01:52 --> Session: Class initialized using 'CodeIgniter\Session\Handlers\FileHandler' driver.
WARNING - 2026-03-15 21:01:52 --> [DEPRECATED] Creation of dynamic property CodeIgniter\HTTP\IncomingRequest::$user is deprecated in APPPATH\Filters\JwtAuthWeb.php on line 32.
 1 SYSTEMPATH\Filters\Filters.php(182): App\Filters\JwtAuthWeb->before(Object(CodeIgniter\HTTP\IncomingRequest), null)
 2 SYSTEMPATH\CodeIgniter.php(475): CodeIgniter\Filters\Filters->run('get_chart_fpg/03542', 'before')
 3 SYSTEMPATH\CodeIgniter.php(361): CodeIgniter\CodeIgniter->handleRequest(null, Object(Config\Cache), false)
 4 FCPATH\index.php(79): CodeIgniter\CodeIgniter->run()
INFO - 2026-03-15 21:01:52 --> Session: Class initialized using 'CodeIgniter\Session\Handlers\FileHandler' driver.
WARNING - 2026-03-15 21:01:52 --> [DEPRECATED] Creation of dynamic property CodeIgniter\HTTP\IncomingRequest::$user is deprecated in APPPATH\Filters\JwtAuthWeb.php on line 32.
 1 SYSTEMPATH\Filters\Filters.php(182): App\Filters\JwtAuthWeb->before(Object(CodeIgniter\HTTP\IncomingRequest), null)
 2 SYSTEMPATH\CodeIgniter.php(475): CodeIgniter\Filters\Filters->run('fetchRisk/fecth_selected_dm/03542', 'before')
 3 SYSTEMPATH\CodeIgniter.php(361): CodeIgniter\CodeIgniter->handleRequest(null, Object(Config\Cache), false)
 4 FCPATH\index.php(79): CodeIgniter\CodeIgniter->run()
INFO - 2026-03-15 21:02:09 --> Session: Class initialized using 'CodeIgniter\Session\Handlers\FileHandler' driver.
WARNING - 2026-03-15 21:02:09 --> [DEPRECATED] Creation of dynamic property CodeIgniter\HTTP\IncomingRequest::$user is deprecated in APPPATH\Filters\JwtAuthWeb.php on line 32.
 1 SYSTEMPATH\Filters\Filters.php(182): App\Filters\JwtAuthWeb->before(Object(CodeIgniter\HTTP\IncomingRequest), null)
 2 SYSTEMPATH\CodeIgniter.php(475): CodeIgniter\Filters\Filters->run('fetchData/riskHT_HL', 'before')
 3 SYSTEMPATH\CodeIgniter.php(361): CodeIgniter\CodeIgniter->handleRequest(null, Object(Config\Cache), false)
 4 FCPATH\index.php(79): CodeIgniter\CodeIgniter->run()
WARNING - 2026-03-15 21:02:09 --> [DEPRECATED] Creation of dynamic property CodeIgniter\HTTP\IncomingRequest::$user is deprecated in APPPATH\Filters\JwtAuth.php on line 47.
 1 SYSTEMPATH\Filters\Filters.php(182): App\Filters\JwtAuth->before(Object(CodeIgniter\HTTP\IncomingRequest), null)
 2 SYSTEMPATH\CodeIgniter.php(475): CodeIgniter\Filters\Filters->run('api/profile', 'before')
 3 SYSTEMPATH\CodeIgniter.php(361): CodeIgniter\CodeIgniter->handleRequest(null, Object(Config\Cache), false)
 4 FCPATH\index.php(79): CodeIgniter\CodeIgniter->run()
INFO - 2026-03-15 21:02:12 --> Session: Class initialized using 'CodeIgniter\Session\Handlers\FileHandler' driver.
WARNING - 2026-03-15 21:02:12 --> [DEPRECATED] Creation of dynamic property CodeIgniter\HTTP\IncomingRequest::$user is deprecated in APPPATH\Filters\JwtAuthWeb.php on line 32.
 1 SYSTEMPATH\Filters\Filters.php(182): App\Filters\JwtAuthWeb->before(Object(CodeIgniter\HTTP\IncomingRequest), null)
 2 SYSTEMPATH\CodeIgniter.php(475): CodeIgniter\Filters\Filters->run('fetchRisk/fecth_ht_risk/03542', 'before')
 3 SYSTEMPATH\CodeIgniter.php(361): CodeIgniter\CodeIgniter->handleRequest(null, Object(Config\Cache), false)
 4 FCPATH\index.php(79): CodeIgniter\CodeIgniter->run()
INFO - 2026-03-15 21:02:17 --> Session: Class initialized using 'CodeIgniter\Session\Handlers\FileHandler' driver.
WARNING - 2026-03-15 21:02:17 --> [DEPRECATED] Creation of dynamic property CodeIgniter\HTTP\IncomingRequest::$user is deprecated in APPPATH\Filters\JwtAuthWeb.php on line 32.
 1 SYSTEMPATH\Filters\Filters.php(182): App\Filters\JwtAuthWeb->before(Object(CodeIgniter\HTTP\IncomingRequest), null)
 2 SYSTEMPATH\CodeIgniter.php(475): CodeIgniter\Filters\Filters->run('fetchRisk/save_selected_ht', 'before')
 3 SYSTEMPATH\CodeIgniter.php(361): CodeIgniter\CodeIgniter->handleRequest(null, Object(Config\Cache), false)
 4 FCPATH\index.php(79): CodeIgniter\CodeIgniter->run()
INFO - 2026-03-15 21:02:17 --> Session: Class initialized using 'CodeIgniter\Session\Handlers\FileHandler' driver.
WARNING - 2026-03-15 21:02:17 --> [DEPRECATED] Creation of dynamic property CodeIgniter\HTTP\IncomingRequest::$user is deprecated in APPPATH\Filters\JwtAuthWeb.php on line 32.
 1 SYSTEMPATH\Filters\Filters.php(182): App\Filters\JwtAuthWeb->before(Object(CodeIgniter\HTTP\IncomingRequest), null)
 2 SYSTEMPATH\CodeIgniter.php(475): CodeIgniter\Filters\Filters->run('fetchRisk/fecth_ht_risk/03542', 'before')
 3 SYSTEMPATH\CodeIgniter.php(361): CodeIgniter\CodeIgniter->handleRequest(null, Object(Config\Cache), false)
 4 FCPATH\index.php(79): CodeIgniter\CodeIgniter->run()
INFO - 2026-03-15 21:02:19 --> Session: Class initialized using 'CodeIgniter\Session\Handlers\FileHandler' driver.
WARNING - 2026-03-15 21:02:19 --> [DEPRECATED] Creation of dynamic property CodeIgniter\HTTP\IncomingRequest::$user is deprecated in APPPATH\Filters\JwtAuthWeb.php on line 32.
 1 SYSTEMPATH\Filters\Filters.php(182): App\Filters\JwtAuthWeb->before(Object(CodeIgniter\HTTP\IncomingRequest), null)
 2 SYSTEMPATH\CodeIgniter.php(475): CodeIgniter\Filters\Filters->run('fetchRisk/save_selected_ht', 'before')
 3 SYSTEMPATH\CodeIgniter.php(361): CodeIgniter\CodeIgniter->handleRequest(null, Object(Config\Cache), false)
 4 FCPATH\index.php(79): CodeIgniter\CodeIgniter->run()
INFO - 2026-03-15 21:02:19 --> Session: Class initialized using 'CodeIgniter\Session\Handlers\FileHandler' driver.
WARNING - 2026-03-15 21:02:19 --> [DEPRECATED] Creation of dynamic property CodeIgniter\HTTP\IncomingRequest::$user is deprecated in APPPATH\Filters\JwtAuthWeb.php on line 32.
 1 SYSTEMPATH\Filters\Filters.php(182): App\Filters\JwtAuthWeb->before(Object(CodeIgniter\HTTP\IncomingRequest), null)
 2 SYSTEMPATH\CodeIgniter.php(475): CodeIgniter\Filters\Filters->run('fetchRisk/fecth_ht_risk/03542', 'before')
 3 SYSTEMPATH\CodeIgniter.php(361): CodeIgniter\CodeIgniter->handleRequest(null, Object(Config\Cache), false)
 4 FCPATH\index.php(79): CodeIgniter\CodeIgniter->run()
INFO - 2026-03-15 21:02:22 --> Session: Class initialized using 'CodeIgniter\Session\Handlers\FileHandler' driver.
WARNING - 2026-03-15 21:02:22 --> [DEPRECATED] Creation of dynamic property CodeIgniter\HTTP\IncomingRequest::$user is deprecated in APPPATH\Filters\JwtAuthWeb.php on line 32.
 1 SYSTEMPATH\Filters\Filters.php(182): App\Filters\JwtAuthWeb->before(Object(CodeIgniter\HTTP\IncomingRequest), null)
 2 SYSTEMPATH\CodeIgniter.php(475): CodeIgniter\Filters\Filters->run('fetchRisk/save_selected_ht', 'before')
 3 SYSTEMPATH\CodeIgniter.php(361): CodeIgniter\CodeIgniter->handleRequest(null, Object(Config\Cache), false)
 4 FCPATH\index.php(79): CodeIgniter\CodeIgniter->run()
INFO - 2026-03-15 21:02:22 --> Session: Class initialized using 'CodeIgniter\Session\Handlers\FileHandler' driver.
WARNING - 2026-03-15 21:02:22 --> [DEPRECATED] Creation of dynamic property CodeIgniter\HTTP\IncomingRequest::$user is deprecated in APPPATH\Filters\JwtAuthWeb.php on line 32.
 1 SYSTEMPATH\Filters\Filters.php(182): App\Filters\JwtAuthWeb->before(Object(CodeIgniter\HTTP\IncomingRequest), null)
 2 SYSTEMPATH\CodeIgniter.php(475): CodeIgniter\Filters\Filters->run('fetchRisk/fecth_ht_risk/03542', 'before')
 3 SYSTEMPATH\CodeIgniter.php(361): CodeIgniter\CodeIgniter->handleRequest(null, Object(Config\Cache), false)
 4 FCPATH\index.php(79): CodeIgniter\CodeIgniter->run()
INFO - 2026-03-15 21:02:29 --> Session: Class initialized using 'CodeIgniter\Session\Handlers\FileHandler' driver.
WARNING - 2026-03-15 21:02:29 --> [DEPRECATED] Creation of dynamic property CodeIgniter\HTTP\IncomingRequest::$user is deprecated in APPPATH\Filters\JwtAuthWeb.php on line 32.
 1 SYSTEMPATH\Filters\Filters.php(182): App\Filters\JwtAuthWeb->before(Object(CodeIgniter\HTTP\IncomingRequest), null)
 2 SYSTEMPATH\CodeIgniter.php(475): CodeIgniter\Filters\Filters->run('fetchData/riskDm_HL', 'before')
 3 SYSTEMPATH\CodeIgniter.php(361): CodeIgniter\CodeIgniter->handleRequest(null, Object(Config\Cache), false)
 4 FCPATH\index.php(79): CodeIgniter\CodeIgniter->run()
WARNING - 2026-03-15 21:02:29 --> [DEPRECATED] Creation of dynamic property CodeIgniter\HTTP\IncomingRequest::$user is deprecated in APPPATH\Filters\JwtAuth.php on line 47.
 1 SYSTEMPATH\Filters\Filters.php(182): App\Filters\JwtAuth->before(Object(CodeIgniter\HTTP\IncomingRequest), null)
 2 SYSTEMPATH\CodeIgniter.php(475): CodeIgniter\Filters\Filters->run('api/profile', 'before')
 3 SYSTEMPATH\CodeIgniter.php(361): CodeIgniter\CodeIgniter->handleRequest(null, Object(Config\Cache), false)
 4 FCPATH\index.php(79): CodeIgniter\CodeIgniter->run()
INFO - 2026-03-15 21:02:29 --> Session: Class initialized using 'CodeIgniter\Session\Handlers\FileHandler' driver.
WARNING - 2026-03-15 21:02:29 --> [DEPRECATED] Creation of dynamic property CodeIgniter\HTTP\IncomingRequest::$user is deprecated in APPPATH\Filters\JwtAuthWeb.php on line 32.
 1 SYSTEMPATH\Filters\Filters.php(182): App\Filters\JwtAuthWeb->before(Object(CodeIgniter\HTTP\IncomingRequest), null)
 2 SYSTEMPATH\CodeIgniter.php(475): CodeIgniter\Filters\Filters->run('get_chart_fpg/0', 'before')
 3 SYSTEMPATH\CodeIgniter.php(361): CodeIgniter\CodeIgniter->handleRequest(null, Object(Config\Cache), false)
 4 FCPATH\index.php(79): CodeIgniter\CodeIgniter->run()
INFO - 2026-03-15 21:02:38 --> Session: Class initialized using 'CodeIgniter\Session\Handlers\FileHandler' driver.
WARNING - 2026-03-15 21:02:38 --> [DEPRECATED] Creation of dynamic property CodeIgniter\HTTP\IncomingRequest::$user is deprecated in APPPATH\Filters\JwtAuthWeb.php on line 32.
 1 SYSTEMPATH\Filters\Filters.php(182): App\Filters\JwtAuthWeb->before(Object(CodeIgniter\HTTP\IncomingRequest), null)
 2 SYSTEMPATH\CodeIgniter.php(475): CodeIgniter\Filters\Filters->run('fetchData/riskHT_HL', 'before')
 3 SYSTEMPATH\CodeIgniter.php(361): CodeIgniter\CodeIgniter->handleRequest(null, Object(Config\Cache), false)
 4 FCPATH\index.php(79): CodeIgniter\CodeIgniter->run()
CRITICAL - 2026-03-15 21:02:38 --> TypeError: Key material must be a string, resource, or OpenSSLAsymmetricKey
in VENDORPATH\firebase\php-jwt\src\Key.php on line 31.
 1 APPPATH\Filters\JwtAuth.php(43): Firebase\JWT\Key->__construct(false, '')
 2 SYSTEMPATH\Filters\Filters.php(182): App\Filters\JwtAuth->before(Object(CodeIgniter\HTTP\IncomingRequest), null)
 3 SYSTEMPATH\CodeIgniter.php(475): CodeIgniter\Filters\Filters->run('api/profile', 'before')
 4 SYSTEMPATH\CodeIgniter.php(361): CodeIgniter\CodeIgniter->handleRequest(null, Object(Config\Cache), false)
 5 FCPATH\index.php(79): CodeIgniter\CodeIgniter->run()
INFO - 2026-03-15 21:02:41 --> Session: Class initialized using 'CodeIgniter\Session\Handlers\FileHandler' driver.
INFO - 2026-03-15 21:02:43 --> Session: Class initialized using 'CodeIgniter\Session\Handlers\FileHandler' driver.
WARNING - 2026-03-15 21:02:43 --> [DEPRECATED] Creation of dynamic property CodeIgniter\HTTP\IncomingRequest::$user is deprecated in APPPATH\Filters\JwtAuthWeb.php on line 32.
 1 SYSTEMPATH\Filters\Filters.php(182): App\Filters\JwtAuthWeb->before(Object(CodeIgniter\HTTP\IncomingRequest), null)
 2 SYSTEMPATH\CodeIgniter.php(475): CodeIgniter\Filters\Filters->run('dashboard', 'before')
 3 SYSTEMPATH\CodeIgniter.php(361): CodeIgniter\CodeIgniter->handleRequest(null, Object(Config\Cache), false)
 4 FCPATH\index.php(79): CodeIgniter\CodeIgniter->run()
WARNING - 2026-03-15 21:02:44 --> [DEPRECATED] Creation of dynamic property CodeIgniter\HTTP\IncomingRequest::$user is deprecated in APPPATH\Filters\JwtAuth.php on line 47.
 1 SYSTEMPATH\Filters\Filters.php(182): App\Filters\JwtAuth->before(Object(CodeIgniter\HTTP\IncomingRequest), null)
 2 SYSTEMPATH\CodeIgniter.php(475): CodeIgniter\Filters\Filters->run('api/profile', 'before')
 3 SYSTEMPATH\CodeIgniter.php(361): CodeIgniter\CodeIgniter->handleRequest(null, Object(Config\Cache), false)
 4 FCPATH\index.php(79): CodeIgniter\CodeIgniter->run()
INFO - 2026-03-15 21:02:44 --> Session: Class initialized using 'CodeIgniter\Session\Handlers\FileHandler' driver.
WARNING - 2026-03-15 21:02:44 --> [DEPRECATED] Creation of dynamic property CodeIgniter\HTTP\IncomingRequest::$user is deprecated in APPPATH\Filters\JwtAuthWeb.php on line 32.
 1 SYSTEMPATH\Filters\Filters.php(182): App\Filters\JwtAuthWeb->before(Object(CodeIgniter\HTTP\IncomingRequest), null)
 2 SYSTEMPATH\CodeIgniter.php(475): CodeIgniter\Filters\Filters->run('getChart_data', 'before')
 3 SYSTEMPATH\CodeIgniter.php(361): CodeIgniter\CodeIgniter->handleRequest(null, Object(Config\Cache), false)
 4 FCPATH\index.php(79): CodeIgniter\CodeIgniter->run()
INFO - 2026-03-15 21:02:44 --> Session: Class initialized using 'CodeIgniter\Session\Handlers\FileHandler' driver.
WARNING - 2026-03-15 21:02:44 --> [DEPRECATED] Creation of dynamic property CodeIgniter\HTTP\IncomingRequest::$user is deprecated in APPPATH\Filters\JwtAuthWeb.php on line 32.
 1 SYSTEMPATH\Filters\Filters.php(182): App\Filters\JwtAuthWeb->before(Object(CodeIgniter\HTTP\IncomingRequest), null)
 2 SYSTEMPATH\CodeIgniter.php(475): CodeIgniter\Filters\Filters->run('getChart_All', 'before')
 3 SYSTEMPATH\CodeIgniter.php(361): CodeIgniter\CodeIgniter->handleRequest(null, Object(Config\Cache), false)
 4 FCPATH\index.php(79): CodeIgniter\CodeIgniter->run()
INFO - 2026-03-15 21:02:44 --> Session: Class initialized using 'CodeIgniter\Session\Handlers\FileHandler' driver.
WARNING - 2026-03-15 21:02:44 --> [DEPRECATED] Creation of dynamic property CodeIgniter\HTTP\IncomingRequest::$user is deprecated in APPPATH\Filters\JwtAuthWeb.php on line 32.
 1 SYSTEMPATH\Filters\Filters.php(182): App\Filters\JwtAuthWeb->before(Object(CodeIgniter\HTTP\IncomingRequest), null)
 2 SYSTEMPATH\CodeIgniter.php(475): CodeIgniter\Filters\Filters->run('get_data_chartInproj', 'before')
 3 SYSTEMPATH\CodeIgniter.php(361): CodeIgniter\CodeIgniter->handleRequest(null, Object(Config\Cache), false)
 4 FCPATH\index.php(79): CodeIgniter\CodeIgniter->run()
INFO - 2026-03-15 21:02:44 --> Session: Class initialized using 'CodeIgniter\Session\Handlers\FileHandler' driver.
WARNING - 2026-03-15 21:02:44 --> [DEPRECATED] Creation of dynamic property CodeIgniter\HTTP\IncomingRequest::$user is deprecated in APPPATH\Filters\JwtAuthWeb.php on line 32.
 1 SYSTEMPATH\Filters\Filters.php(182): App\Filters\JwtAuthWeb->before(Object(CodeIgniter\HTTP\IncomingRequest), null)
 2 SYSTEMPATH\CodeIgniter.php(475): CodeIgniter\Filters\Filters->run('get_risk_Chart_bf', 'before')
 3 SYSTEMPATH\CodeIgniter.php(361): CodeIgniter\CodeIgniter->handleRequest(null, Object(Config\Cache), false)
 4 FCPATH\index.php(79): CodeIgniter\CodeIgniter->run()
INFO - 2026-03-15 21:02:46 --> Session: Class initialized using 'CodeIgniter\Session\Handlers\FileHandler' driver.
WARNING - 2026-03-15 21:02:46 --> [DEPRECATED] Creation of dynamic property CodeIgniter\HTTP\IncomingRequest::$user is deprecated in APPPATH\Filters\JwtAuthWeb.php on line 32.
 1 SYSTEMPATH\Filters\Filters.php(182): App\Filters\JwtAuthWeb->before(Object(CodeIgniter\HTTP\IncomingRequest), null)
 2 SYSTEMPATH\CodeIgniter.php(475): CodeIgniter\Filters\Filters->run('fetchData/riskHT_HL', 'before')
 3 SYSTEMPATH\CodeIgniter.php(361): CodeIgniter\CodeIgniter->handleRequest(null, Object(Config\Cache), false)
 4 FCPATH\index.php(79): CodeIgniter\CodeIgniter->run()
WARNING - 2026-03-15 21:02:46 --> [DEPRECATED] Creation of dynamic property CodeIgniter\HTTP\IncomingRequest::$user is deprecated in APPPATH\Filters\JwtAuth.php on line 47.
 1 SYSTEMPATH\Filters\Filters.php(182): App\Filters\JwtAuth->before(Object(CodeIgniter\HTTP\IncomingRequest), null)
 2 SYSTEMPATH\CodeIgniter.php(475): CodeIgniter\Filters\Filters->run('api/profile', 'before')
 3 SYSTEMPATH\CodeIgniter.php(361): CodeIgniter\CodeIgniter->handleRequest(null, Object(Config\Cache), false)
 4 FCPATH\index.php(79): CodeIgniter\CodeIgniter->run()
INFO - 2026-03-15 21:02:56 --> Session: Class initialized using 'CodeIgniter\Session\Handlers\FileHandler' driver.
WARNING - 2026-03-15 21:02:56 --> [DEPRECATED] Creation of dynamic property CodeIgniter\HTTP\IncomingRequest::$user is deprecated in APPPATH\Filters\JwtAuthWeb.php on line 32.
 1 SYSTEMPATH\Filters\Filters.php(182): App\Filters\JwtAuthWeb->before(Object(CodeIgniter\HTTP\IncomingRequest), null)
 2 SYSTEMPATH\CodeIgniter.php(475): CodeIgniter\Filters\Filters->run('newcaseData/newDm_page', 'before')
 3 SYSTEMPATH\CodeIgniter.php(361): CodeIgniter\CodeIgniter->handleRequest(null, Object(Config\Cache), false)
 4 FCPATH\index.php(79): CodeIgniter\CodeIgniter->run()
WARNING - 2026-03-15 21:02:56 --> [DEPRECATED] Creation of dynamic property CodeIgniter\HTTP\IncomingRequest::$user is deprecated in APPPATH\Filters\JwtAuth.php on line 47.
 1 SYSTEMPATH\Filters\Filters.php(182): App\Filters\JwtAuth->before(Object(CodeIgniter\HTTP\IncomingRequest), null)
 2 SYSTEMPATH\CodeIgniter.php(475): CodeIgniter\Filters\Filters->run('api/profile', 'before')
 3 SYSTEMPATH\CodeIgniter.php(361): CodeIgniter\CodeIgniter->handleRequest(null, Object(Config\Cache), false)
 4 FCPATH\index.php(79): CodeIgniter\CodeIgniter->run()
INFO - 2026-03-15 21:03:00 --> Session: Class initialized using 'CodeIgniter\Session\Handlers\FileHandler' driver.
WARNING - 2026-03-15 21:03:00 --> [DEPRECATED] Creation of dynamic property CodeIgniter\HTTP\IncomingRequest::$user is deprecated in APPPATH\Filters\JwtAuthWeb.php on line 32.
 1 SYSTEMPATH\Filters\Filters.php(182): App\Filters\JwtAuthWeb->before(Object(CodeIgniter\HTTP\IncomingRequest), null)
 2 SYSTEMPATH\CodeIgniter.php(475): CodeIgniter\Filters\Filters->run('newcaseData/fecth_dm_newcase/03552', 'before')
 3 SYSTEMPATH\CodeIgniter.php(361): CodeIgniter\CodeIgniter->handleRequest(null, Object(Config\Cache), false)
 4 FCPATH\index.php(79): CodeIgniter\CodeIgniter->run()
INFO - 2026-03-15 21:03:07 --> Session: Class initialized using 'CodeIgniter\Session\Handlers\FileHandler' driver.
WARNING - 2026-03-15 21:03:07 --> [DEPRECATED] Creation of dynamic property CodeIgniter\HTTP\IncomingRequest::$user is deprecated in APPPATH\Filters\JwtAuthWeb.php on line 32.
 1 SYSTEMPATH\Filters\Filters.php(182): App\Filters\JwtAuthWeb->before(Object(CodeIgniter\HTTP\IncomingRequest), null)
 2 SYSTEMPATH\CodeIgniter.php(475): CodeIgniter\Filters\Filters->run('newcaseData/newDm_page', 'before')
 3 SYSTEMPATH\CodeIgniter.php(361): CodeIgniter\CodeIgniter->handleRequest(null, Object(Config\Cache), false)
 4 FCPATH\index.php(79): CodeIgniter\CodeIgniter->run()
WARNING - 2026-03-15 21:03:07 --> [DEPRECATED] Creation of dynamic property CodeIgniter\HTTP\IncomingRequest::$user is deprecated in APPPATH\Filters\JwtAuth.php on line 47.
 1 SYSTEMPATH\Filters\Filters.php(182): App\Filters\JwtAuth->before(Object(CodeIgniter\HTTP\IncomingRequest), null)
 2 SYSTEMPATH\CodeIgniter.php(475): CodeIgniter\Filters\Filters->run('api/profile', 'before')
 3 SYSTEMPATH\CodeIgniter.php(361): CodeIgniter\CodeIgniter->handleRequest(null, Object(Config\Cache), false)
 4 FCPATH\index.php(79): CodeIgniter\CodeIgniter->run()
INFO - 2026-03-15 21:03:08 --> Session: Class initialized using 'CodeIgniter\Session\Handlers\FileHandler' driver.
WARNING - 2026-03-15 21:03:08 --> [DEPRECATED] Creation of dynamic property CodeIgniter\HTTP\IncomingRequest::$user is deprecated in APPPATH\Filters\JwtAuthWeb.php on line 32.
 1 SYSTEMPATH\Filters\Filters.php(182): App\Filters\JwtAuthWeb->before(Object(CodeIgniter\HTTP\IncomingRequest), null)
 2 SYSTEMPATH\CodeIgniter.php(475): CodeIgniter\Filters\Filters->run('newcaseData/newHt_page', 'before')
 3 SYSTEMPATH\CodeIgniter.php(361): CodeIgniter\CodeIgniter->handleRequest(null, Object(Config\Cache), false)
 4 FCPATH\index.php(79): CodeIgniter\CodeIgniter->run()
WARNING - 2026-03-15 21:03:08 --> [DEPRECATED] Creation of dynamic property CodeIgniter\HTTP\IncomingRequest::$user is deprecated in APPPATH\Filters\JwtAuth.php on line 47.
 1 SYSTEMPATH\Filters\Filters.php(182): App\Filters\JwtAuth->before(Object(CodeIgniter\HTTP\IncomingRequest), null)
 2 SYSTEMPATH\CodeIgniter.php(475): CodeIgniter\Filters\Filters->run('api/profile', 'before')
 3 SYSTEMPATH\CodeIgniter.php(361): CodeIgniter\CodeIgniter->handleRequest(null, Object(Config\Cache), false)
 4 FCPATH\index.php(79): CodeIgniter\CodeIgniter->run()
INFO - 2026-03-15 21:03:10 --> Session: Class initialized using 'CodeIgniter\Session\Handlers\FileHandler' driver.
WARNING - 2026-03-15 21:03:10 --> [DEPRECATED] Creation of dynamic property CodeIgniter\HTTP\IncomingRequest::$user is deprecated in APPPATH\Filters\JwtAuthWeb.php on line 32.
 1 SYSTEMPATH\Filters\Filters.php(182): App\Filters\JwtAuthWeb->before(Object(CodeIgniter\HTTP\IncomingRequest), null)
 2 SYSTEMPATH\CodeIgniter.php(475): CodeIgniter\Filters\Filters->run('newcaseData/fecth_ht_newcase/03545', 'before')
 3 SYSTEMPATH\CodeIgniter.php(361): CodeIgniter\CodeIgniter->handleRequest(null, Object(Config\Cache), false)
 4 FCPATH\index.php(79): CodeIgniter\CodeIgniter->run()
INFO - 2026-03-15 21:03:39 --> Session: Class initialized using 'CodeIgniter\Session\Handlers\FileHandler' driver.
WARNING - 2026-03-15 21:03:39 --> [DEPRECATED] Creation of dynamic property CodeIgniter\HTTP\IncomingRequest::$user is deprecated in APPPATH\Filters\JwtAuthWeb.php on line 32.
 1 SYSTEMPATH\Filters\Filters.php(182): App\Filters\JwtAuthWeb->before(Object(CodeIgniter\HTTP\IncomingRequest), null)
 2 SYSTEMPATH\CodeIgniter.php(475): CodeIgniter\Filters\Filters->run('fetchData/riskDm_HL', 'before')
 3 SYSTEMPATH\CodeIgniter.php(361): CodeIgniter\CodeIgniter->handleRequest(null, Object(Config\Cache), false)
 4 FCPATH\index.php(79): CodeIgniter\CodeIgniter->run()
WARNING - 2026-03-15 21:03:39 --> [DEPRECATED] Creation of dynamic property CodeIgniter\HTTP\IncomingRequest::$user is deprecated in APPPATH\Filters\JwtAuth.php on line 47.
 1 SYSTEMPATH\Filters\Filters.php(182): App\Filters\JwtAuth->before(Object(CodeIgniter\HTTP\IncomingRequest), null)
 2 SYSTEMPATH\CodeIgniter.php(475): CodeIgniter\Filters\Filters->run('api/profile', 'before')
 3 SYSTEMPATH\CodeIgniter.php(361): CodeIgniter\CodeIgniter->handleRequest(null, Object(Config\Cache), false)
 4 FCPATH\index.php(79): CodeIgniter\CodeIgniter->run()
INFO - 2026-03-15 21:03:39 --> Session: Class initialized using 'CodeIgniter\Session\Handlers\FileHandler' driver.
WARNING - 2026-03-15 21:03:39 --> [DEPRECATED] Creation of dynamic property CodeIgniter\HTTP\IncomingRequest::$user is deprecated in APPPATH\Filters\JwtAuthWeb.php on line 32.
 1 SYSTEMPATH\Filters\Filters.php(182): App\Filters\JwtAuthWeb->before(Object(CodeIgniter\HTTP\IncomingRequest), null)
 2 SYSTEMPATH\CodeIgniter.php(475): CodeIgniter\Filters\Filters->run('get_chart_fpg/0', 'before')
 3 SYSTEMPATH\CodeIgniter.php(361): CodeIgniter\CodeIgniter->handleRequest(null, Object(Config\Cache), false)
 4 FCPATH\index.php(79): CodeIgniter\CodeIgniter->run()
INFO - 2026-03-15 21:11:42 --> Session: Class initialized using 'CodeIgniter\Session\Handlers\FileHandler' driver.
WARNING - 2026-03-15 21:11:42 --> [DEPRECATED] Creation of dynamic property CodeIgniter\HTTP\IncomingRequest::$user is deprecated in APPPATH\Filters\JwtAuthWeb.php on line 32.
 1 SYSTEMPATH\Filters\Filters.php(182): App\Filters\JwtAuthWeb->before(Object(CodeIgniter\HTTP\IncomingRequest), null)
 2 SYSTEMPATH\CodeIgniter.php(475): CodeIgniter\Filters\Filters->run('fetchData/riskDm_HL', 'before')
 3 SYSTEMPATH\CodeIgniter.php(361): CodeIgniter\CodeIgniter->handleRequest(null, Object(Config\Cache), false)
 4 FCPATH\index.php(79): CodeIgniter\CodeIgniter->run()
WARNING - 2026-03-15 21:11:42 --> [DEPRECATED] Creation of dynamic property CodeIgniter\HTTP\IncomingRequest::$user is deprecated in APPPATH\Filters\JwtAuth.php on line 47.
 1 SYSTEMPATH\Filters\Filters.php(182): App\Filters\JwtAuth->before(Object(CodeIgniter\HTTP\IncomingRequest), null)
 2 SYSTEMPATH\CodeIgniter.php(475): CodeIgniter\Filters\Filters->run('api/profile', 'before')
 3 SYSTEMPATH\CodeIgniter.php(361): CodeIgniter\CodeIgniter->handleRequest(null, Object(Config\Cache), false)
 4 FCPATH\index.php(79): CodeIgniter\CodeIgniter->run()
INFO - 2026-03-15 21:11:42 --> Session: Class initialized using 'CodeIgniter\Session\Handlers\FileHandler' driver.
WARNING - 2026-03-15 21:11:42 --> [DEPRECATED] Creation of dynamic property CodeIgniter\HTTP\IncomingRequest::$user is deprecated in APPPATH\Filters\JwtAuthWeb.php on line 32.
 1 SYSTEMPATH\Filters\Filters.php(182): App\Filters\JwtAuthWeb->before(Object(CodeIgniter\HTTP\IncomingRequest), null)
 2 SYSTEMPATH\CodeIgniter.php(475): CodeIgniter\Filters\Filters->run('get_chart_fpg/0', 'before')
 3 SYSTEMPATH\CodeIgniter.php(361): CodeIgniter\CodeIgniter->handleRequest(null, Object(Config\Cache), false)
 4 FCPATH\index.php(79): CodeIgniter\CodeIgniter->run()
INFO - 2026-03-15 21:11:43 --> Session: Class initialized using 'CodeIgniter\Session\Handlers\FileHandler' driver.
WARNING - 2026-03-15 21:11:43 --> [DEPRECATED] Creation of dynamic property CodeIgniter\HTTP\IncomingRequest::$user is deprecated in APPPATH\Filters\JwtAuthWeb.php on line 32.
 1 SYSTEMPATH\Filters\Filters.php(182): App\Filters\JwtAuthWeb->before(Object(CodeIgniter\HTTP\IncomingRequest), null)
 2 SYSTEMPATH\CodeIgniter.php(475): CodeIgniter\Filters\Filters->run('fetchData/riskHT_HL', 'before')
 3 SYSTEMPATH\CodeIgniter.php(361): CodeIgniter\CodeIgniter->handleRequest(null, Object(Config\Cache), false)
 4 FCPATH\index.php(79): CodeIgniter\CodeIgniter->run()
WARNING - 2026-03-15 21:11:44 --> [DEPRECATED] Creation of dynamic property CodeIgniter\HTTP\IncomingRequest::$user is deprecated in APPPATH\Filters\JwtAuth.php on line 47.
 1 SYSTEMPATH\Filters\Filters.php(182): App\Filters\JwtAuth->before(Object(CodeIgniter\HTTP\IncomingRequest), null)
 2 SYSTEMPATH\CodeIgniter.php(475): CodeIgniter\Filters\Filters->run('api/profile', 'before')
 3 SYSTEMPATH\CodeIgniter.php(361): CodeIgniter\CodeIgniter->handleRequest(null, Object(Config\Cache), false)
 4 FCPATH\index.php(79): CodeIgniter\CodeIgniter->run()
INFO - 2026-03-15 21:11:48 --> Session: Class initialized using 'CodeIgniter\Session\Handlers\FileHandler' driver.
WARNING - 2026-03-15 21:11:48 --> [DEPRECATED] Creation of dynamic property CodeIgniter\HTTP\IncomingRequest::$user is deprecated in APPPATH\Filters\JwtAuthWeb.php on line 32.
 1 SYSTEMPATH\Filters\Filters.php(182): App\Filters\JwtAuthWeb->before(Object(CodeIgniter\HTTP\IncomingRequest), null)
 2 SYSTEMPATH\CodeIgniter.php(475): CodeIgniter\Filters\Filters->run('fetchRisk/fecth_ht_risk/03542', 'before')
 3 SYSTEMPATH\CodeIgniter.php(361): CodeIgniter\CodeIgniter->handleRequest(null, Object(Config\Cache), false)
 4 FCPATH\index.php(79): CodeIgniter\CodeIgniter->run()
INFO - 2026-03-15 21:11:52 --> Session: Class initialized using 'CodeIgniter\Session\Handlers\FileHandler' driver.
WARNING - 2026-03-15 21:11:52 --> [DEPRECATED] Creation of dynamic property CodeIgniter\HTTP\IncomingRequest::$user is deprecated in APPPATH\Filters\JwtAuthWeb.php on line 32.
 1 SYSTEMPATH\Filters\Filters.php(182): App\Filters\JwtAuthWeb->before(Object(CodeIgniter\HTTP\IncomingRequest), null)
 2 SYSTEMPATH\CodeIgniter.php(475): CodeIgniter\Filters\Filters->run('fetchRisk/save_selected_ht', 'before')
 3 SYSTEMPATH\CodeIgniter.php(361): CodeIgniter\CodeIgniter->handleRequest(null, Object(Config\Cache), false)
 4 FCPATH\index.php(79): CodeIgniter\CodeIgniter->run()
INFO - 2026-03-15 21:11:52 --> Session: Class initialized using 'CodeIgniter\Session\Handlers\FileHandler' driver.
WARNING - 2026-03-15 21:11:52 --> [DEPRECATED] Creation of dynamic property CodeIgniter\HTTP\IncomingRequest::$user is deprecated in APPPATH\Filters\JwtAuthWeb.php on line 32.
 1 SYSTEMPATH\Filters\Filters.php(182): App\Filters\JwtAuthWeb->before(Object(CodeIgniter\HTTP\IncomingRequest), null)
 2 SYSTEMPATH\CodeIgniter.php(475): CodeIgniter\Filters\Filters->run('fetchRisk/fecth_ht_risk/03542', 'before')
 3 SYSTEMPATH\CodeIgniter.php(361): CodeIgniter\CodeIgniter->handleRequest(null, Object(Config\Cache), false)
 4 FCPATH\index.php(79): CodeIgniter\CodeIgniter->run()
INFO - 2026-03-15 21:14:47 --> Session: Class initialized using 'CodeIgniter\Session\Handlers\FileHandler' driver.
WARNING - 2026-03-15 21:14:47 --> [DEPRECATED] Creation of dynamic property CodeIgniter\HTTP\IncomingRequest::$user is deprecated in APPPATH\Filters\JwtAuthWeb.php on line 32.
 1 SYSTEMPATH\Filters\Filters.php(182): App\Filters\JwtAuthWeb->before(Object(CodeIgniter\HTTP\IncomingRequest), null)
 2 SYSTEMPATH\CodeIgniter.php(475): CodeIgniter\Filters\Filters->run('fetchData/riskHT_HL', 'before')
 3 SYSTEMPATH\CodeIgniter.php(361): CodeIgniter\CodeIgniter->handleRequest(null, Object(Config\Cache), false)
 4 FCPATH\index.php(79): CodeIgniter\CodeIgniter->run()
WARNING - 2026-03-15 21:14:48 --> [DEPRECATED] Creation of dynamic property CodeIgniter\HTTP\IncomingRequest::$user is deprecated in APPPATH\Filters\JwtAuth.php on line 47.
 1 SYSTEMPATH\Filters\Filters.php(182): App\Filters\JwtAuth->before(Object(CodeIgniter\HTTP\IncomingRequest), null)
 2 SYSTEMPATH\CodeIgniter.php(475): CodeIgniter\Filters\Filters->run('api/profile', 'before')
 3 SYSTEMPATH\CodeIgniter.php(361): CodeIgniter\CodeIgniter->handleRequest(null, Object(Config\Cache), false)
 4 FCPATH\index.php(79): CodeIgniter\CodeIgniter->run()
INFO - 2026-03-15 21:14:51 --> Session: Class initialized using 'CodeIgniter\Session\Handlers\FileHandler' driver.
WARNING - 2026-03-15 21:14:51 --> [DEPRECATED] Creation of dynamic property CodeIgniter\HTTP\IncomingRequest::$user is deprecated in APPPATH\Filters\JwtAuthWeb.php on line 32.
 1 SYSTEMPATH\Filters\Filters.php(182): App\Filters\JwtAuthWeb->before(Object(CodeIgniter\HTTP\IncomingRequest), null)
 2 SYSTEMPATH\CodeIgniter.php(475): CodeIgniter\Filters\Filters->run('fetchRisk/fecth_ht_risk/03542', 'before')
 3 SYSTEMPATH\CodeIgniter.php(361): CodeIgniter\CodeIgniter->handleRequest(null, Object(Config\Cache), false)
 4 FCPATH\index.php(79): CodeIgniter\CodeIgniter->run()
INFO - 2026-03-15 21:14:56 --> Session: Class initialized using 'CodeIgniter\Session\Handlers\FileHandler' driver.
WARNING - 2026-03-15 21:14:56 --> [DEPRECATED] Creation of dynamic property CodeIgniter\HTTP\IncomingRequest::$user is deprecated in APPPATH\Filters\JwtAuthWeb.php on line 32.
 1 SYSTEMPATH\Filters\Filters.php(182): App\Filters\JwtAuthWeb->before(Object(CodeIgniter\HTTP\IncomingRequest), null)
 2 SYSTEMPATH\CodeIgniter.php(475): CodeIgniter\Filters\Filters->run('fetchRisk/save_selected_ht', 'before')
 3 SYSTEMPATH\CodeIgniter.php(361): CodeIgniter\CodeIgniter->handleRequest(null, Object(Config\Cache), false)
 4 FCPATH\index.php(79): CodeIgniter\CodeIgniter->run()
INFO - 2026-03-15 21:14:56 --> Session: Class initialized using 'CodeIgniter\Session\Handlers\FileHandler' driver.
WARNING - 2026-03-15 21:14:56 --> [DEPRECATED] Creation of dynamic property CodeIgniter\HTTP\IncomingRequest::$user is deprecated in APPPATH\Filters\JwtAuthWeb.php on line 32.
 1 SYSTEMPATH\Filters\Filters.php(182): App\Filters\JwtAuthWeb->before(Object(CodeIgniter\HTTP\IncomingRequest), null)
 2 SYSTEMPATH\CodeIgniter.php(475): CodeIgniter\Filters\Filters->run('fetchRisk/fecth_ht_risk/03542', 'before')
 3 SYSTEMPATH\CodeIgniter.php(361): CodeIgniter\CodeIgniter->handleRequest(null, Object(Config\Cache), false)
 4 FCPATH\index.php(79): CodeIgniter\CodeIgniter->run()
INFO - 2026-03-15 21:14:58 --> Session: Class initialized using 'CodeIgniter\Session\Handlers\FileHandler' driver.
WARNING - 2026-03-15 21:14:58 --> [DEPRECATED] Creation of dynamic property CodeIgniter\HTTP\IncomingRequest::$user is deprecated in APPPATH\Filters\JwtAuthWeb.php on line 32.
 1 SYSTEMPATH\Filters\Filters.php(182): App\Filters\JwtAuthWeb->before(Object(CodeIgniter\HTTP\IncomingRequest), null)
 2 SYSTEMPATH\CodeIgniter.php(475): CodeIgniter\Filters\Filters->run('fetchRisk/save_selected_ht', 'before')
 3 SYSTEMPATH\CodeIgniter.php(361): CodeIgniter\CodeIgniter->handleRequest(null, Object(Config\Cache), false)
 4 FCPATH\index.php(79): CodeIgniter\CodeIgniter->run()
INFO - 2026-03-15 21:14:58 --> Session: Class initialized using 'CodeIgniter\Session\Handlers\FileHandler' driver.
WARNING - 2026-03-15 21:14:58 --> [DEPRECATED] Creation of dynamic property CodeIgniter\HTTP\IncomingRequest::$user is deprecated in APPPATH\Filters\JwtAuthWeb.php on line 32.
 1 SYSTEMPATH\Filters\Filters.php(182): App\Filters\JwtAuthWeb->before(Object(CodeIgniter\HTTP\IncomingRequest), null)
 2 SYSTEMPATH\CodeIgniter.php(475): CodeIgniter\Filters\Filters->run('fetchRisk/fecth_ht_risk/03542', 'before')
 3 SYSTEMPATH\CodeIgniter.php(361): CodeIgniter\CodeIgniter->handleRequest(null, Object(Config\Cache), false)
 4 FCPATH\index.php(79): CodeIgniter\CodeIgniter->run()
INFO - 2026-03-15 21:17:47 --> Session: Class initialized using 'CodeIgniter\Session\Handlers\FileHandler' driver.
WARNING - 2026-03-15 21:17:47 --> [DEPRECATED] Creation of dynamic property CodeIgniter\HTTP\IncomingRequest::$user is deprecated in APPPATH\Filters\JwtAuthWeb.php on line 32.
 1 SYSTEMPATH\Filters\Filters.php(182): App\Filters\JwtAuthWeb->before(Object(CodeIgniter\HTTP\IncomingRequest), null)
 2 SYSTEMPATH\CodeIgniter.php(475): CodeIgniter\Filters\Filters->run('fetchRisk/save_selected_ht', 'before')
 3 SYSTEMPATH\CodeIgniter.php(361): CodeIgniter\CodeIgniter->handleRequest(null, Object(Config\Cache), false)
 4 FCPATH\index.php(79): CodeIgniter\CodeIgniter->run()
INFO - 2026-03-15 21:17:47 --> Session: Class initialized using 'CodeIgniter\Session\Handlers\FileHandler' driver.
WARNING - 2026-03-15 21:17:47 --> [DEPRECATED] Creation of dynamic property CodeIgniter\HTTP\IncomingRequest::$user is deprecated in APPPATH\Filters\JwtAuthWeb.php on line 32.
 1 SYSTEMPATH\Filters\Filters.php(182): App\Filters\JwtAuthWeb->before(Object(CodeIgniter\HTTP\IncomingRequest), null)
 2 SYSTEMPATH\CodeIgniter.php(475): CodeIgniter\Filters\Filters->run('fetchRisk/fecth_ht_risk/03542', 'before')
 3 SYSTEMPATH\CodeIgniter.php(361): CodeIgniter\CodeIgniter->handleRequest(null, Object(Config\Cache), false)
 4 FCPATH\index.php(79): CodeIgniter\CodeIgniter->run()
INFO - 2026-03-15 21:17:49 --> Session: Class initialized using 'CodeIgniter\Session\Handlers\FileHandler' driver.
WARNING - 2026-03-15 21:17:49 --> [DEPRECATED] Creation of dynamic property CodeIgniter\HTTP\IncomingRequest::$user is deprecated in APPPATH\Filters\JwtAuthWeb.php on line 32.
 1 SYSTEMPATH\Filters\Filters.php(182): App\Filters\JwtAuthWeb->before(Object(CodeIgniter\HTTP\IncomingRequest), null)
 2 SYSTEMPATH\CodeIgniter.php(475): CodeIgniter\Filters\Filters->run('fetchRisk/save_selected_ht', 'before')
 3 SYSTEMPATH\CodeIgniter.php(361): CodeIgniter\CodeIgniter->handleRequest(null, Object(Config\Cache), false)
 4 FCPATH\index.php(79): CodeIgniter\CodeIgniter->run()
INFO - 2026-03-15 21:17:49 --> Session: Class initialized using 'CodeIgniter\Session\Handlers\FileHandler' driver.
WARNING - 2026-03-15 21:17:49 --> [DEPRECATED] Creation of dynamic property CodeIgniter\HTTP\IncomingRequest::$user is deprecated in APPPATH\Filters\JwtAuthWeb.php on line 32.
 1 SYSTEMPATH\Filters\Filters.php(182): App\Filters\JwtAuthWeb->before(Object(CodeIgniter\HTTP\IncomingRequest), null)
 2 SYSTEMPATH\CodeIgniter.php(475): CodeIgniter\Filters\Filters->run('fetchRisk/fecth_ht_risk/03542', 'before')
 3 SYSTEMPATH\CodeIgniter.php(361): CodeIgniter\CodeIgniter->handleRequest(null, Object(Config\Cache), false)
 4 FCPATH\index.php(79): CodeIgniter\CodeIgniter->run()
INFO - 2026-03-15 21:17:51 --> Session: Class initialized using 'CodeIgniter\Session\Handlers\FileHandler' driver.
WARNING - 2026-03-15 21:17:51 --> [DEPRECATED] Creation of dynamic property CodeIgniter\HTTP\IncomingRequest::$user is deprecated in APPPATH\Filters\JwtAuthWeb.php on line 32.
 1 SYSTEMPATH\Filters\Filters.php(182): App\Filters\JwtAuthWeb->before(Object(CodeIgniter\HTTP\IncomingRequest), null)
 2 SYSTEMPATH\CodeIgniter.php(475): CodeIgniter\Filters\Filters->run('fetchRisk/save_selected_ht', 'before')
 3 SYSTEMPATH\CodeIgniter.php(361): CodeIgniter\CodeIgniter->handleRequest(null, Object(Config\Cache), false)
 4 FCPATH\index.php(79): CodeIgniter\CodeIgniter->run()
INFO - 2026-03-15 21:17:51 --> Session: Class initialized using 'CodeIgniter\Session\Handlers\FileHandler' driver.
WARNING - 2026-03-15 21:17:51 --> [DEPRECATED] Creation of dynamic property CodeIgniter\HTTP\IncomingRequest::$user is deprecated in APPPATH\Filters\JwtAuthWeb.php on line 32.
 1 SYSTEMPATH\Filters\Filters.php(182): App\Filters\JwtAuthWeb->before(Object(CodeIgniter\HTTP\IncomingRequest), null)
 2 SYSTEMPATH\CodeIgniter.php(475): CodeIgniter\Filters\Filters->run('fetchRisk/fecth_ht_risk/03542', 'before')
 3 SYSTEMPATH\CodeIgniter.php(361): CodeIgniter\CodeIgniter->handleRequest(null, Object(Config\Cache), false)
 4 FCPATH\index.php(79): CodeIgniter\CodeIgniter->run()
INFO - 2026-03-15 21:17:53 --> Session: Class initialized using 'CodeIgniter\Session\Handlers\FileHandler' driver.
WARNING - 2026-03-15 21:17:53 --> [DEPRECATED] Creation of dynamic property CodeIgniter\HTTP\IncomingRequest::$user is deprecated in APPPATH\Filters\JwtAuthWeb.php on line 32.
 1 SYSTEMPATH\Filters\Filters.php(182): App\Filters\JwtAuthWeb->before(Object(CodeIgniter\HTTP\IncomingRequest), null)
 2 SYSTEMPATH\CodeIgniter.php(475): CodeIgniter\Filters\Filters->run('fetchRisk/save_selected_ht', 'before')
 3 SYSTEMPATH\CodeIgniter.php(361): CodeIgniter\CodeIgniter->handleRequest(null, Object(Config\Cache), false)
 4 FCPATH\index.php(79): CodeIgniter\CodeIgniter->run()
INFO - 2026-03-15 21:17:53 --> Session: Class initialized using 'CodeIgniter\Session\Handlers\FileHandler' driver.
WARNING - 2026-03-15 21:17:53 --> [DEPRECATED] Creation of dynamic property CodeIgniter\HTTP\IncomingRequest::$user is deprecated in APPPATH\Filters\JwtAuthWeb.php on line 32.
 1 SYSTEMPATH\Filters\Filters.php(182): App\Filters\JwtAuthWeb->before(Object(CodeIgniter\HTTP\IncomingRequest), null)
 2 SYSTEMPATH\CodeIgniter.php(475): CodeIgniter\Filters\Filters->run('fetchRisk/fecth_ht_risk/03542', 'before')
 3 SYSTEMPATH\CodeIgniter.php(361): CodeIgniter\CodeIgniter->handleRequest(null, Object(Config\Cache), false)
 4 FCPATH\index.php(79): CodeIgniter\CodeIgniter->run()
INFO - 2026-03-15 21:17:57 --> Session: Class initialized using 'CodeIgniter\Session\Handlers\FileHandler' driver.
WARNING - 2026-03-15 21:17:57 --> [DEPRECATED] Creation of dynamic property CodeIgniter\HTTP\IncomingRequest::$user is deprecated in APPPATH\Filters\JwtAuthWeb.php on line 32.
 1 SYSTEMPATH\Filters\Filters.php(182): App\Filters\JwtAuthWeb->before(Object(CodeIgniter\HTTP\IncomingRequest), null)
 2 SYSTEMPATH\CodeIgniter.php(475): CodeIgniter\Filters\Filters->run('fetchRisk/save_selected_ht', 'before')
 3 SYSTEMPATH\CodeIgniter.php(361): CodeIgniter\CodeIgniter->handleRequest(null, Object(Config\Cache), false)
 4 FCPATH\index.php(79): CodeIgniter\CodeIgniter->run()
INFO - 2026-03-15 21:17:57 --> Session: Class initialized using 'CodeIgniter\Session\Handlers\FileHandler' driver.
WARNING - 2026-03-15 21:17:57 --> [DEPRECATED] Creation of dynamic property CodeIgniter\HTTP\IncomingRequest::$user is deprecated in APPPATH\Filters\JwtAuthWeb.php on line 32.
 1 SYSTEMPATH\Filters\Filters.php(182): App\Filters\JwtAuthWeb->before(Object(CodeIgniter\HTTP\IncomingRequest), null)
 2 SYSTEMPATH\CodeIgniter.php(475): CodeIgniter\Filters\Filters->run('fetchRisk/fecth_ht_risk/03542', 'before')
 3 SYSTEMPATH\CodeIgniter.php(361): CodeIgniter\CodeIgniter->handleRequest(null, Object(Config\Cache), false)
 4 FCPATH\index.php(79): CodeIgniter\CodeIgniter->run()
INFO - 2026-03-15 21:21:24 --> Session: Class initialized using 'CodeIgniter\Session\Handlers\FileHandler' driver.
WARNING - 2026-03-15 21:21:24 --> [DEPRECATED] Creation of dynamic property CodeIgniter\HTTP\IncomingRequest::$user is deprecated in APPPATH\Filters\JwtAuthWeb.php on line 32.
 1 SYSTEMPATH\Filters\Filters.php(182): App\Filters\JwtAuthWeb->before(Object(CodeIgniter\HTTP\IncomingRequest), null)
 2 SYSTEMPATH\CodeIgniter.php(475): CodeIgniter\Filters\Filters->run('fetchData/riskDm_HL', 'before')
 3 SYSTEMPATH\CodeIgniter.php(361): CodeIgniter\CodeIgniter->handleRequest(null, Object(Config\Cache), false)
 4 FCPATH\index.php(79): CodeIgniter\CodeIgniter->run()
INFO - 2026-03-15 21:21:24 --> Session: Class initialized using 'CodeIgniter\Session\Handlers\FileHandler' driver.
WARNING - 2026-03-15 21:21:24 --> [DEPRECATED] Creation of dynamic property CodeIgniter\HTTP\IncomingRequest::$user is deprecated in APPPATH\Filters\JwtAuth.php on line 47.
 1 SYSTEMPATH\Filters\Filters.php(182): App\Filters\JwtAuth->before(Object(CodeIgniter\HTTP\IncomingRequest), null)
 2 SYSTEMPATH\CodeIgniter.php(475): CodeIgniter\Filters\Filters->run('api/profile', 'before')
 3 SYSTEMPATH\CodeIgniter.php(361): CodeIgniter\CodeIgniter->handleRequest(null, Object(Config\Cache), false)
 4 FCPATH\index.php(79): CodeIgniter\CodeIgniter->run()
WARNING - 2026-03-15 21:21:24 --> [DEPRECATED] Creation of dynamic property CodeIgniter\HTTP\IncomingRequest::$user is deprecated in APPPATH\Filters\JwtAuthWeb.php on line 32.
 1 SYSTEMPATH\Filters\Filters.php(182): App\Filters\JwtAuthWeb->before(Object(CodeIgniter\HTTP\IncomingRequest), null)
 2 SYSTEMPATH\CodeIgniter.php(475): CodeIgniter\Filters\Filters->run('get_chart_fpg/0', 'before')
 3 SYSTEMPATH\CodeIgniter.php(361): CodeIgniter\CodeIgniter->handleRequest(null, Object(Config\Cache), false)
 4 FCPATH\index.php(79): CodeIgniter\CodeIgniter->run()
INFO - 2026-03-15 21:21:27 --> Session: Class initialized using 'CodeIgniter\Session\Handlers\FileHandler' driver.
WARNING - 2026-03-15 21:21:27 --> [DEPRECATED] Creation of dynamic property CodeIgniter\HTTP\IncomingRequest::$user is deprecated in APPPATH\Filters\JwtAuthWeb.php on line 32.
 1 SYSTEMPATH\Filters\Filters.php(182): App\Filters\JwtAuthWeb->before(Object(CodeIgniter\HTTP\IncomingRequest), null)
 2 SYSTEMPATH\CodeIgniter.php(475): CodeIgniter\Filters\Filters->run('get_chart_fpg/03547', 'before')
 3 SYSTEMPATH\CodeIgniter.php(361): CodeIgniter\CodeIgniter->handleRequest(null, Object(Config\Cache), false)
 4 FCPATH\index.php(79): CodeIgniter\CodeIgniter->run()
INFO - 2026-03-15 21:21:27 --> Session: Class initialized using 'CodeIgniter\Session\Handlers\FileHandler' driver.
WARNING - 2026-03-15 21:21:27 --> [DEPRECATED] Creation of dynamic property CodeIgniter\HTTP\IncomingRequest::$user is deprecated in APPPATH\Filters\JwtAuthWeb.php on line 32.
 1 SYSTEMPATH\Filters\Filters.php(182): App\Filters\JwtAuthWeb->before(Object(CodeIgniter\HTTP\IncomingRequest), null)
 2 SYSTEMPATH\CodeIgniter.php(475): CodeIgniter\Filters\Filters->run('fetchRisk/fecth_dm_risk/03547', 'before')
 3 SYSTEMPATH\CodeIgniter.php(361): CodeIgniter\CodeIgniter->handleRequest(null, Object(Config\Cache), false)
 4 FCPATH\index.php(79): CodeIgniter\CodeIgniter->run()
INFO - 2026-03-15 21:21:29 --> Session: Class initialized using 'CodeIgniter\Session\Handlers\FileHandler' driver.
WARNING - 2026-03-15 21:21:29 --> [DEPRECATED] Creation of dynamic property CodeIgniter\HTTP\IncomingRequest::$user is deprecated in APPPATH\Filters\JwtAuthWeb.php on line 32.
 1 SYSTEMPATH\Filters\Filters.php(182): App\Filters\JwtAuthWeb->before(Object(CodeIgniter\HTTP\IncomingRequest), null)
 2 SYSTEMPATH\CodeIgniter.php(475): CodeIgniter\Filters\Filters->run('get_chart_fpg/03546', 'before')
 3 SYSTEMPATH\CodeIgniter.php(361): CodeIgniter\CodeIgniter->handleRequest(null, Object(Config\Cache), false)
 4 FCPATH\index.php(79): CodeIgniter\CodeIgniter->run()
INFO - 2026-03-15 21:21:29 --> Session: Class initialized using 'CodeIgniter\Session\Handlers\FileHandler' driver.
WARNING - 2026-03-15 21:21:29 --> [DEPRECATED] Creation of dynamic property CodeIgniter\HTTP\IncomingRequest::$user is deprecated in APPPATH\Filters\JwtAuthWeb.php on line 32.
 1 SYSTEMPATH\Filters\Filters.php(182): App\Filters\JwtAuthWeb->before(Object(CodeIgniter\HTTP\IncomingRequest), null)
 2 SYSTEMPATH\CodeIgniter.php(475): CodeIgniter\Filters\Filters->run('fetchRisk/fecth_dm_risk/03546', 'before')
 3 SYSTEMPATH\CodeIgniter.php(361): CodeIgniter\CodeIgniter->handleRequest(null, Object(Config\Cache), false)
 4 FCPATH\index.php(79): CodeIgniter\CodeIgniter->run()
INFO - 2026-03-15 21:21:41 --> Session: Class initialized using 'CodeIgniter\Session\Handlers\FileHandler' driver.
WARNING - 2026-03-15 21:21:41 --> [DEPRECATED] Creation of dynamic property CodeIgniter\HTTP\IncomingRequest::$user is deprecated in APPPATH\Filters\JwtAuthWeb.php on line 32.
 1 SYSTEMPATH\Filters\Filters.php(182): App\Filters\JwtAuthWeb->before(Object(CodeIgniter\HTTP\IncomingRequest), null)
 2 SYSTEMPATH\CodeIgniter.php(475): CodeIgniter\Filters\Filters->run('fetchRisk/fecth_dm_risk/03550', 'before')
 3 SYSTEMPATH\CodeIgniter.php(361): CodeIgniter\CodeIgniter->handleRequest(null, Object(Config\Cache), false)
 4 FCPATH\index.php(79): CodeIgniter\CodeIgniter->run()
INFO - 2026-03-15 21:21:41 --> Session: Class initialized using 'CodeIgniter\Session\Handlers\FileHandler' driver.
WARNING - 2026-03-15 21:21:41 --> [DEPRECATED] Creation of dynamic property CodeIgniter\HTTP\IncomingRequest::$user is deprecated in APPPATH\Filters\JwtAuthWeb.php on line 32.
 1 SYSTEMPATH\Filters\Filters.php(182): App\Filters\JwtAuthWeb->before(Object(CodeIgniter\HTTP\IncomingRequest), null)
 2 SYSTEMPATH\CodeIgniter.php(475): CodeIgniter\Filters\Filters->run('get_chart_fpg/03550', 'before')
 3 SYSTEMPATH\CodeIgniter.php(361): CodeIgniter\CodeIgniter->handleRequest(null, Object(Config\Cache), false)
 4 FCPATH\index.php(79): CodeIgniter\CodeIgniter->run()
INFO - 2026-03-15 21:21:44 --> Session: Class initialized using 'CodeIgniter\Session\Handlers\FileHandler' driver.
WARNING - 2026-03-15 21:21:44 --> [DEPRECATED] Creation of dynamic property CodeIgniter\HTTP\IncomingRequest::$user is deprecated in APPPATH\Filters\JwtAuthWeb.php on line 32.
 1 SYSTEMPATH\Filters\Filters.php(182): App\Filters\JwtAuthWeb->before(Object(CodeIgniter\HTTP\IncomingRequest), null)
 2 SYSTEMPATH\CodeIgniter.php(475): CodeIgniter\Filters\Filters->run('fetchRisk/save_selected_dm', 'before')
 3 SYSTEMPATH\CodeIgniter.php(361): CodeIgniter\CodeIgniter->handleRequest(null, Object(Config\Cache), false)
 4 FCPATH\index.php(79): CodeIgniter\CodeIgniter->run()
INFO - 2026-03-15 21:21:44 --> Session: Class initialized using 'CodeIgniter\Session\Handlers\FileHandler' driver.
WARNING - 2026-03-15 21:21:44 --> [DEPRECATED] Creation of dynamic property CodeIgniter\HTTP\IncomingRequest::$user is deprecated in APPPATH\Filters\JwtAuthWeb.php on line 32.
 1 SYSTEMPATH\Filters\Filters.php(182): App\Filters\JwtAuthWeb->before(Object(CodeIgniter\HTTP\IncomingRequest), null)
 2 SYSTEMPATH\CodeIgniter.php(475): CodeIgniter\Filters\Filters->run('fetchRisk/fecth_dm_risk/03550', 'before')
 3 SYSTEMPATH\CodeIgniter.php(361): CodeIgniter\CodeIgniter->handleRequest(null, Object(Config\Cache), false)
 4 FCPATH\index.php(79): CodeIgniter\CodeIgniter->run()
INFO - 2026-03-15 21:25:37 --> Session: Class initialized using 'CodeIgniter\Session\Handlers\FileHandler' driver.
WARNING - 2026-03-15 21:25:37 --> [DEPRECATED] Creation of dynamic property CodeIgniter\HTTP\IncomingRequest::$user is deprecated in APPPATH\Filters\JwtAuthWeb.php on line 32.
 1 SYSTEMPATH\Filters\Filters.php(182): App\Filters\JwtAuthWeb->before(Object(CodeIgniter\HTTP\IncomingRequest), null)
 2 SYSTEMPATH\CodeIgniter.php(475): CodeIgniter\Filters\Filters->run('fetchRisk/save_selected_dm', 'before')
 3 SYSTEMPATH\CodeIgniter.php(361): CodeIgniter\CodeIgniter->handleRequest(null, Object(Config\Cache), false)
 4 FCPATH\index.php(79): CodeIgniter\CodeIgniter->run()
INFO - 2026-03-15 21:25:37 --> Session: Class initialized using 'CodeIgniter\Session\Handlers\FileHandler' driver.
WARNING - 2026-03-15 21:25:37 --> [DEPRECATED] Creation of dynamic property CodeIgniter\HTTP\IncomingRequest::$user is deprecated in APPPATH\Filters\JwtAuthWeb.php on line 32.
 1 SYSTEMPATH\Filters\Filters.php(182): App\Filters\JwtAuthWeb->before(Object(CodeIgniter\HTTP\IncomingRequest), null)
 2 SYSTEMPATH\CodeIgniter.php(475): CodeIgniter\Filters\Filters->run('fetchRisk/fecth_dm_risk/03550', 'before')
 3 SYSTEMPATH\CodeIgniter.php(361): CodeIgniter\CodeIgniter->handleRequest(null, Object(Config\Cache), false)
 4 FCPATH\index.php(79): CodeIgniter\CodeIgniter->run()
INFO - 2026-03-15 21:35:07 --> Session: Class initialized using 'CodeIgniter\Session\Handlers\FileHandler' driver.
WARNING - 2026-03-15 21:35:07 --> [DEPRECATED] Creation of dynamic property CodeIgniter\HTTP\IncomingRequest::$user is deprecated in APPPATH\Filters\JwtAuthWeb.php on line 32.
 1 SYSTEMPATH\Filters\Filters.php(182): App\Filters\JwtAuthWeb->before(Object(CodeIgniter\HTTP\IncomingRequest), null)
 2 SYSTEMPATH\CodeIgniter.php(475): CodeIgniter\Filters\Filters->run('fetchData/riskDm_HL', 'before')
 3 SYSTEMPATH\CodeIgniter.php(361): CodeIgniter\CodeIgniter->handleRequest(null, Object(Config\Cache), false)
 4 FCPATH\index.php(79): CodeIgniter\CodeIgniter->run()
WARNING - 2026-03-15 21:35:07 --> [DEPRECATED] Creation of dynamic property CodeIgniter\HTTP\IncomingRequest::$user is deprecated in APPPATH\Filters\JwtAuth.php on line 47.
 1 SYSTEMPATH\Filters\Filters.php(182): App\Filters\JwtAuth->before(Object(CodeIgniter\HTTP\IncomingRequest), null)
 2 SYSTEMPATH\CodeIgniter.php(475): CodeIgniter\Filters\Filters->run('api/profile', 'before')
 3 SYSTEMPATH\CodeIgniter.php(361): CodeIgniter\CodeIgniter->handleRequest(null, Object(Config\Cache), false)
 4 FCPATH\index.php(79): CodeIgniter\CodeIgniter->run()
INFO - 2026-03-15 21:35:07 --> Session: Class initialized using 'CodeIgniter\Session\Handlers\FileHandler' driver.
WARNING - 2026-03-15 21:35:07 --> [DEPRECATED] Creation of dynamic property CodeIgniter\HTTP\IncomingRequest::$user is deprecated in APPPATH\Filters\JwtAuthWeb.php on line 32.
 1 SYSTEMPATH\Filters\Filters.php(182): App\Filters\JwtAuthWeb->before(Object(CodeIgniter\HTTP\IncomingRequest), null)
 2 SYSTEMPATH\CodeIgniter.php(475): CodeIgniter\Filters\Filters->run('get_chart_fpg/0', 'before')
 3 SYSTEMPATH\CodeIgniter.php(361): CodeIgniter\CodeIgniter->handleRequest(null, Object(Config\Cache), false)
 4 FCPATH\index.php(79): CodeIgniter\CodeIgniter->run()
INFO - 2026-03-15 21:35:12 --> Session: Class initialized using 'CodeIgniter\Session\Handlers\FileHandler' driver.
WARNING - 2026-03-15 21:35:12 --> [DEPRECATED] Creation of dynamic property CodeIgniter\HTTP\IncomingRequest::$user is deprecated in APPPATH\Filters\JwtAuthWeb.php on line 32.
 1 SYSTEMPATH\Filters\Filters.php(182): App\Filters\JwtAuthWeb->before(Object(CodeIgniter\HTTP\IncomingRequest), null)
 2 SYSTEMPATH\CodeIgniter.php(475): CodeIgniter\Filters\Filters->run('get_chart_fpg/03551', 'before')
 3 SYSTEMPATH\CodeIgniter.php(361): CodeIgniter\CodeIgniter->handleRequest(null, Object(Config\Cache), false)
 4 FCPATH\index.php(79): CodeIgniter\CodeIgniter->run()
INFO - 2026-03-15 21:35:12 --> Session: Class initialized using 'CodeIgniter\Session\Handlers\FileHandler' driver.
WARNING - 2026-03-15 21:35:12 --> [DEPRECATED] Creation of dynamic property CodeIgniter\HTTP\IncomingRequest::$user is deprecated in APPPATH\Filters\JwtAuthWeb.php on line 32.
 1 SYSTEMPATH\Filters\Filters.php(182): App\Filters\JwtAuthWeb->before(Object(CodeIgniter\HTTP\IncomingRequest), null)
 2 SYSTEMPATH\CodeIgniter.php(475): CodeIgniter\Filters\Filters->run('fetchRisk/fecth_dm_risk/03551', 'before')
 3 SYSTEMPATH\CodeIgniter.php(361): CodeIgniter\CodeIgniter->handleRequest(null, Object(Config\Cache), false)
 4 FCPATH\index.php(79): CodeIgniter\CodeIgniter->run()
INFO - 2026-03-15 21:35:14 --> Session: Class initialized using 'CodeIgniter\Session\Handlers\FileHandler' driver.
WARNING - 2026-03-15 21:35:14 --> [DEPRECATED] Creation of dynamic property CodeIgniter\HTTP\IncomingRequest::$user is deprecated in APPPATH\Filters\JwtAuthWeb.php on line 32.
 1 SYSTEMPATH\Filters\Filters.php(182): App\Filters\JwtAuthWeb->before(Object(CodeIgniter\HTTP\IncomingRequest), null)
 2 SYSTEMPATH\CodeIgniter.php(475): CodeIgniter\Filters\Filters->run('fetchRisk/fecth_dm_risk/03552', 'before')
 3 SYSTEMPATH\CodeIgniter.php(361): CodeIgniter\CodeIgniter->handleRequest(null, Object(Config\Cache), false)
 4 FCPATH\index.php(79): CodeIgniter\CodeIgniter->run()
INFO - 2026-03-15 21:35:14 --> Session: Class initialized using 'CodeIgniter\Session\Handlers\FileHandler' driver.
WARNING - 2026-03-15 21:35:14 --> [DEPRECATED] Creation of dynamic property CodeIgniter\HTTP\IncomingRequest::$user is deprecated in APPPATH\Filters\JwtAuthWeb.php on line 32.
 1 SYSTEMPATH\Filters\Filters.php(182): App\Filters\JwtAuthWeb->before(Object(CodeIgniter\HTTP\IncomingRequest), null)
 2 SYSTEMPATH\CodeIgniter.php(475): CodeIgniter\Filters\Filters->run('get_chart_fpg/03552', 'before')
 3 SYSTEMPATH\CodeIgniter.php(361): CodeIgniter\CodeIgniter->handleRequest(null, Object(Config\Cache), false)
 4 FCPATH\index.php(79): CodeIgniter\CodeIgniter->run()
INFO - 2026-03-15 21:35:18 --> Session: Class initialized using 'CodeIgniter\Session\Handlers\FileHandler' driver.
WARNING - 2026-03-15 21:35:18 --> [DEPRECATED] Creation of dynamic property CodeIgniter\HTTP\IncomingRequest::$user is deprecated in APPPATH\Filters\JwtAuthWeb.php on line 32.
 1 SYSTEMPATH\Filters\Filters.php(182): App\Filters\JwtAuthWeb->before(Object(CodeIgniter\HTTP\IncomingRequest), null)
 2 SYSTEMPATH\CodeIgniter.php(475): CodeIgniter\Filters\Filters->run('fetchRisk/save_selected_dm', 'before')
 3 SYSTEMPATH\CodeIgniter.php(361): CodeIgniter\CodeIgniter->handleRequest(null, Object(Config\Cache), false)
 4 FCPATH\index.php(79): CodeIgniter\CodeIgniter->run()
ERROR - 2026-03-15 21:35:18 --> mysqli_sql_exception: Unknown column 'bstest2' in 'field list' in D:\xampp6\htdocs\smm-HL\vendor\codeigniter4\framework\system\Database\MySQLi\Connection.php:306
Stack trace:
#0 D:\xampp6\htdocs\smm-HL\vendor\codeigniter4\framework\system\Database\MySQLi\Connection.php(306): mysqli->query('SELECT `hospcod...', 0)
#1 D:\xampp6\htdocs\smm-HL\vendor\codeigniter4\framework\system\Database\BaseConnection.php(693): CodeIgniter\Database\MySQLi\Connection->execute('SELECT `hospcod...')
#2 D:\xampp6\htdocs\smm-HL\vendor\codeigniter4\framework\system\Database\BaseConnection.php(607): CodeIgniter\Database\BaseConnection->simpleQuery('SELECT `hospcod...')
#3 D:\xampp6\htdocs\smm-HL\vendor\codeigniter4\framework\system\Database\BaseBuilder.php(1749): CodeIgniter\Database\BaseConnection->query('SELECT `hospcod...', Array, false)
#4 D:\xampp6\htdocs\smm-HL\app\Models\SeledmModel.php(48): CodeIgniter\Database\BaseBuilder->getWhere(Array)
#5 D:\xampp6\htdocs\smm-HL\app\Controllers\HlController.php(105): App\Models\SeledmModel->getRisk_dm_to_selected('1468')
#6 D:\xampp6\htdocs\smm-HL\vendor\codeigniter4\framework\system\CodeIgniter.php(943): App\Controllers\HlController->save_selected_dm()
#7 D:\xampp6\htdocs\smm-HL\vendor\codeigniter4\framework\system\CodeIgniter.php(503): CodeIgniter\CodeIgniter->runController(Object(App\Controllers\HlController))
#8 D:\xampp6\htdocs\smm-HL\vendor\codeigniter4\framework\system\CodeIgniter.php(361): CodeIgniter\CodeIgniter->handleRequest(NULL, Object(Config\Cache), false)
#9 D:\xampp6\htdocs\smm-HL\public\index.php(79): CodeIgniter\CodeIgniter->run()
#10 {main}
CRITICAL - 2026-03-15 21:35:18 --> CodeIgniter\Database\Exceptions\DatabaseException: Unknown column 'bstest2' in 'field list'
in SYSTEMPATH\Database\BaseConnection.php on line 647.
 1 SYSTEMPATH\Database\BaseBuilder.php(1749): CodeIgniter\Database\BaseConnection->query('SELECT `hospcode`, `pid`, `birth`, `hid`, `vhid`, `sex`, `discharge`, `typearea`, `date_screen`, `bstest`, `bslevel`, `result`, `bstest2`, `bslevel2`, `result2`
FROM `riskdm`
WHERE `id` = :id:', [...], false)
 2 APPPATH\Models\SeledmModel.php(48): CodeIgniter\Database\BaseBuilder->getWhere([...])
 3 APPPATH\Controllers\HlController.php(105): App\Models\SeledmModel->getRisk_dm_to_selected('1468')
 4 SYSTEMPATH\CodeIgniter.php(943): App\Controllers\HlController->save_selected_dm()
 5 SYSTEMPATH\CodeIgniter.php(503): CodeIgniter\CodeIgniter->runController(Object(App\Controllers\HlController))
 6 SYSTEMPATH\CodeIgniter.php(361): CodeIgniter\CodeIgniter->handleRequest(null, Object(Config\Cache), false)
 7 FCPATH\index.php(79): CodeIgniter\CodeIgniter->run()
CRITICAL - 2026-03-15 21:35:18 --> [Caused by] CodeIgniter\Database\Exceptions\DatabaseException: Unknown column 'bstest2' in 'field list'
in SYSTEMPATH\Database\MySQLi\Connection.php on line 311.
 1 SYSTEMPATH\Database\BaseConnection.php(693): CodeIgniter\Database\MySQLi\Connection->execute('SELECT `hospcode`, `pid`, `birth`, `hid`, `vhid`, `sex`, `discharge`, `typearea`, `date_screen`, `bstest`, `bslevel`, `result`, `bstest2`, `bslevel2`, `result2`
FROM `riskdm`
WHERE `id` = \'1468\'')
 2 SYSTEMPATH\Database\BaseConnection.php(607): CodeIgniter\Database\BaseConnection->simpleQuery('SELECT `hospcode`, `pid`, `birth`, `hid`, `vhid`, `sex`, `discharge`, `typearea`, `date_screen`, `bstest`, `bslevel`, `result`, `bstest2`, `bslevel2`, `result2`
FROM `riskdm`
WHERE `id` = \'1468\'')
 3 SYSTEMPATH\Database\BaseBuilder.php(1749): CodeIgniter\Database\BaseConnection->query('SELECT `hospcode`, `pid`, `birth`, `hid`, `vhid`, `sex`, `discharge`, `typearea`, `date_screen`, `bstest`, `bslevel`, `result`, `bstest2`, `bslevel2`, `result2`
FROM `riskdm`
WHERE `id` = :id:', [...], false)
 4 APPPATH\Models\SeledmModel.php(48): CodeIgniter\Database\BaseBuilder->getWhere([...])
 5 APPPATH\Controllers\HlController.php(105): App\Models\SeledmModel->getRisk_dm_to_selected('1468')
 6 SYSTEMPATH\CodeIgniter.php(943): App\Controllers\HlController->save_selected_dm()
 7 SYSTEMPATH\CodeIgniter.php(503): CodeIgniter\CodeIgniter->runController(Object(App\Controllers\HlController))
 8 SYSTEMPATH\CodeIgniter.php(361): CodeIgniter\CodeIgniter->handleRequest(null, Object(Config\Cache), false)
 9 FCPATH\index.php(79): CodeIgniter\CodeIgniter->run()
CRITICAL - 2026-03-15 21:35:18 --> [Caused by] mysqli_sql_exception: Unknown column 'bstest2' in 'field list'
in SYSTEMPATH\Database\MySQLi\Connection.php on line 306.
 1 SYSTEMPATH\Database\MySQLi\Connection.php(306): mysqli->query('SELECT `hospcode`, `pid`, `birth`, `hid`, `vhid`, `sex`, `discharge`, `typearea`, `date_screen`, `bstest`, `bslevel`, `result`, `bstest2`, `bslevel2`, `result2`
FROM `riskdm`
WHERE `id` = \'1468\'', 0)
 2 SYSTEMPATH\Database\BaseConnection.php(693): CodeIgniter\Database\MySQLi\Connection->execute('SELECT `hospcode`, `pid`, `birth`, `hid`, `vhid`, `sex`, `discharge`, `typearea`, `date_screen`, `bstest`, `bslevel`, `result`, `bstest2`, `bslevel2`, `result2`
FROM `riskdm`
WHERE `id` = \'1468\'')
 3 SYSTEMPATH\Database\BaseConnection.php(607): CodeIgniter\Database\BaseConnection->simpleQuery('SELECT `hospcode`, `pid`, `birth`, `hid`, `vhid`, `sex`, `discharge`, `typearea`, `date_screen`, `bstest`, `bslevel`, `result`, `bstest2`, `bslevel2`, `result2`
FROM `riskdm`
WHERE `id` = \'1468\'')
 4 SYSTEMPATH\Database\BaseBuilder.php(1749): CodeIgniter\Database\BaseConnection->query('SELECT `hospcode`, `pid`, `birth`, `hid`, `vhid`, `sex`, `discharge`, `typearea`, `date_screen`, `bstest`, `bslevel`, `result`, `bstest2`, `bslevel2`, `result2`
FROM `riskdm`
WHERE `id` = :id:', [...], false)
 5 APPPATH\Models\SeledmModel.php(48): CodeIgniter\Database\BaseBuilder->getWhere([...])
 6 APPPATH\Controllers\HlController.php(105): App\Models\SeledmModel->getRisk_dm_to_selected('1468')
 7 SYSTEMPATH\CodeIgniter.php(943): App\Controllers\HlController->save_selected_dm()
 8 SYSTEMPATH\CodeIgniter.php(503): CodeIgniter\CodeIgniter->runController(Object(App\Controllers\HlController))
 9 SYSTEMPATH\CodeIgniter.php(361): CodeIgniter\CodeIgniter->handleRequest(null, Object(Config\Cache), false)
10 FCPATH\index.php(79): CodeIgniter\CodeIgniter->run()
INFO - 2026-03-15 21:35:20 --> Session: Class initialized using 'CodeIgniter\Session\Handlers\FileHandler' driver.
WARNING - 2026-03-15 21:35:20 --> [DEPRECATED] Creation of dynamic property CodeIgniter\HTTP\IncomingRequest::$user is deprecated in APPPATH\Filters\JwtAuthWeb.php on line 32.
 1 SYSTEMPATH\Filters\Filters.php(182): App\Filters\JwtAuthWeb->before(Object(CodeIgniter\HTTP\IncomingRequest), null)
 2 SYSTEMPATH\CodeIgniter.php(475): CodeIgniter\Filters\Filters->run('fetchRisk/save_selected_dm', 'before')
 3 SYSTEMPATH\CodeIgniter.php(361): CodeIgniter\CodeIgniter->handleRequest(null, Object(Config\Cache), false)
 4 FCPATH\index.php(79): CodeIgniter\CodeIgniter->run()
ERROR - 2026-03-15 21:35:20 --> mysqli_sql_exception: Unknown column 'bstest2' in 'field list' in D:\xampp6\htdocs\smm-HL\vendor\codeigniter4\framework\system\Database\MySQLi\Connection.php:306
Stack trace:
#0 D:\xampp6\htdocs\smm-HL\vendor\codeigniter4\framework\system\Database\MySQLi\Connection.php(306): mysqli->query('SELECT `hospcod...', 0)
#1 D:\xampp6\htdocs\smm-HL\vendor\codeigniter4\framework\system\Database\BaseConnection.php(693): CodeIgniter\Database\MySQLi\Connection->execute('SELECT `hospcod...')
#2 D:\xampp6\htdocs\smm-HL\vendor\codeigniter4\framework\system\Database\BaseConnection.php(607): CodeIgniter\Database\BaseConnection->simpleQuery('SELECT `hospcod...')
#3 D:\xampp6\htdocs\smm-HL\vendor\codeigniter4\framework\system\Database\BaseBuilder.php(1749): CodeIgniter\Database\BaseConnection->query('SELECT `hospcod...', Array, false)
#4 D:\xampp6\htdocs\smm-HL\app\Models\SeledmModel.php(48): CodeIgniter\Database\BaseBuilder->getWhere(Array)
#5 D:\xampp6\htdocs\smm-HL\app\Controllers\HlController.php(105): App\Models\SeledmModel->getRisk_dm_to_selected('1469')
#6 D:\xampp6\htdocs\smm-HL\vendor\codeigniter4\framework\system\CodeIgniter.php(943): App\Controllers\HlController->save_selected_dm()
#7 D:\xampp6\htdocs\smm-HL\vendor\codeigniter4\framework\system\CodeIgniter.php(503): CodeIgniter\CodeIgniter->runController(Object(App\Controllers\HlController))
#8 D:\xampp6\htdocs\smm-HL\vendor\codeigniter4\framework\system\CodeIgniter.php(361): CodeIgniter\CodeIgniter->handleRequest(NULL, Object(Config\Cache), false)
#9 D:\xampp6\htdocs\smm-HL\public\index.php(79): CodeIgniter\CodeIgniter->run()
#10 {main}
CRITICAL - 2026-03-15 21:35:20 --> CodeIgniter\Database\Exceptions\DatabaseException: Unknown column 'bstest2' in 'field list'
in SYSTEMPATH\Database\BaseConnection.php on line 647.
 1 SYSTEMPATH\Database\BaseBuilder.php(1749): CodeIgniter\Database\BaseConnection->query('SELECT `hospcode`, `pid`, `birth`, `hid`, `vhid`, `sex`, `discharge`, `typearea`, `date_screen`, `bstest`, `bslevel`, `result`, `bstest2`, `bslevel2`, `result2`
FROM `riskdm`
WHERE `id` = :id:', [...], false)
 2 APPPATH\Models\SeledmModel.php(48): CodeIgniter\Database\BaseBuilder->getWhere([...])
 3 APPPATH\Controllers\HlController.php(105): App\Models\SeledmModel->getRisk_dm_to_selected('1469')
 4 SYSTEMPATH\CodeIgniter.php(943): App\Controllers\HlController->save_selected_dm()
 5 SYSTEMPATH\CodeIgniter.php(503): CodeIgniter\CodeIgniter->runController(Object(App\Controllers\HlController))
 6 SYSTEMPATH\CodeIgniter.php(361): CodeIgniter\CodeIgniter->handleRequest(null, Object(Config\Cache), false)
 7 FCPATH\index.php(79): CodeIgniter\CodeIgniter->run()
CRITICAL - 2026-03-15 21:35:20 --> [Caused by] CodeIgniter\Database\Exceptions\DatabaseException: Unknown column 'bstest2' in 'field list'
in SYSTEMPATH\Database\MySQLi\Connection.php on line 311.
 1 SYSTEMPATH\Database\BaseConnection.php(693): CodeIgniter\Database\MySQLi\Connection->execute('SELECT `hospcode`, `pid`, `birth`, `hid`, `vhid`, `sex`, `discharge`, `typearea`, `date_screen`, `bstest`, `bslevel`, `result`, `bstest2`, `bslevel2`, `result2`
FROM `riskdm`
WHERE `id` = \'1469\'')
 2 SYSTEMPATH\Database\BaseConnection.php(607): CodeIgniter\Database\BaseConnection->simpleQuery('SELECT `hospcode`, `pid`, `birth`, `hid`, `vhid`, `sex`, `discharge`, `typearea`, `date_screen`, `bstest`, `bslevel`, `result`, `bstest2`, `bslevel2`, `result2`
FROM `riskdm`
WHERE `id` = \'1469\'')
 3 SYSTEMPATH\Database\BaseBuilder.php(1749): CodeIgniter\Database\BaseConnection->query('SELECT `hospcode`, `pid`, `birth`, `hid`, `vhid`, `sex`, `discharge`, `typearea`, `date_screen`, `bstest`, `bslevel`, `result`, `bstest2`, `bslevel2`, `result2`
FROM `riskdm`
WHERE `id` = :id:', [...], false)
 4 APPPATH\Models\SeledmModel.php(48): CodeIgniter\Database\BaseBuilder->getWhere([...])
 5 APPPATH\Controllers\HlController.php(105): App\Models\SeledmModel->getRisk_dm_to_selected('1469')
 6 SYSTEMPATH\CodeIgniter.php(943): App\Controllers\HlController->save_selected_dm()
 7 SYSTEMPATH\CodeIgniter.php(503): CodeIgniter\CodeIgniter->runController(Object(App\Controllers\HlController))
 8 SYSTEMPATH\CodeIgniter.php(361): CodeIgniter\CodeIgniter->handleRequest(null, Object(Config\Cache), false)
 9 FCPATH\index.php(79): CodeIgniter\CodeIgniter->run()
CRITICAL - 2026-03-15 21:35:20 --> [Caused by] mysqli_sql_exception: Unknown column 'bstest2' in 'field list'
in SYSTEMPATH\Database\MySQLi\Connection.php on line 306.
 1 SYSTEMPATH\Database\MySQLi\Connection.php(306): mysqli->query('SELECT `hospcode`, `pid`, `birth`, `hid`, `vhid`, `sex`, `discharge`, `typearea`, `date_screen`, `bstest`, `bslevel`, `result`, `bstest2`, `bslevel2`, `result2`
FROM `riskdm`
WHERE `id` = \'1469\'', 0)
 2 SYSTEMPATH\Database\BaseConnection.php(693): CodeIgniter\Database\MySQLi\Connection->execute('SELECT `hospcode`, `pid`, `birth`, `hid`, `vhid`, `sex`, `discharge`, `typearea`, `date_screen`, `bstest`, `bslevel`, `result`, `bstest2`, `bslevel2`, `result2`
FROM `riskdm`
WHERE `id` = \'1469\'')
 3 SYSTEMPATH\Database\BaseConnection.php(607): CodeIgniter\Database\BaseConnection->simpleQuery('SELECT `hospcode`, `pid`, `birth`, `hid`, `vhid`, `sex`, `discharge`, `typearea`, `date_screen`, `bstest`, `bslevel`, `result`, `bstest2`, `bslevel2`, `result2`
FROM `riskdm`
WHERE `id` = \'1469\'')
 4 SYSTEMPATH\Database\BaseBuilder.php(1749): CodeIgniter\Database\BaseConnection->query('SELECT `hospcode`, `pid`, `birth`, `hid`, `vhid`, `sex`, `discharge`, `typearea`, `date_screen`, `bstest`, `bslevel`, `result`, `bstest2`, `bslevel2`, `result2`
FROM `riskdm`
WHERE `id` = :id:', [...], false)
 5 APPPATH\Models\SeledmModel.php(48): CodeIgniter\Database\BaseBuilder->getWhere([...])
 6 APPPATH\Controllers\HlController.php(105): App\Models\SeledmModel->getRisk_dm_to_selected('1469')
 7 SYSTEMPATH\CodeIgniter.php(943): App\Controllers\HlController->save_selected_dm()
 8 SYSTEMPATH\CodeIgniter.php(503): CodeIgniter\CodeIgniter->runController(Object(App\Controllers\HlController))
 9 SYSTEMPATH\CodeIgniter.php(361): CodeIgniter\CodeIgniter->handleRequest(null, Object(Config\Cache), false)
10 FCPATH\index.php(79): CodeIgniter\CodeIgniter->run()
INFO - 2026-03-15 21:35:22 --> Session: Class initialized using 'CodeIgniter\Session\Handlers\FileHandler' driver.
WARNING - 2026-03-15 21:35:22 --> [DEPRECATED] Creation of dynamic property CodeIgniter\HTTP\IncomingRequest::$user is deprecated in APPPATH\Filters\JwtAuthWeb.php on line 32.
 1 SYSTEMPATH\Filters\Filters.php(182): App\Filters\JwtAuthWeb->before(Object(CodeIgniter\HTTP\IncomingRequest), null)
 2 SYSTEMPATH\CodeIgniter.php(475): CodeIgniter\Filters\Filters->run('fetchRisk/save_selected_dm', 'before')
 3 SYSTEMPATH\CodeIgniter.php(361): CodeIgniter\CodeIgniter->handleRequest(null, Object(Config\Cache), false)
 4 FCPATH\index.php(79): CodeIgniter\CodeIgniter->run()
ERROR - 2026-03-15 21:35:22 --> mysqli_sql_exception: Unknown column 'bstest2' in 'field list' in D:\xampp6\htdocs\smm-HL\vendor\codeigniter4\framework\system\Database\MySQLi\Connection.php:306
Stack trace:
#0 D:\xampp6\htdocs\smm-HL\vendor\codeigniter4\framework\system\Database\MySQLi\Connection.php(306): mysqli->query('SELECT `hospcod...', 0)
#1 D:\xampp6\htdocs\smm-HL\vendor\codeigniter4\framework\system\Database\BaseConnection.php(693): CodeIgniter\Database\MySQLi\Connection->execute('SELECT `hospcod...')
#2 D:\xampp6\htdocs\smm-HL\vendor\codeigniter4\framework\system\Database\BaseConnection.php(607): CodeIgniter\Database\BaseConnection->simpleQuery('SELECT `hospcod...')
#3 D:\xampp6\htdocs\smm-HL\vendor\codeigniter4\framework\system\Database\BaseBuilder.php(1749): CodeIgniter\Database\BaseConnection->query('SELECT `hospcod...', Array, false)
#4 D:\xampp6\htdocs\smm-HL\app\Models\SeledmModel.php(48): CodeIgniter\Database\BaseBuilder->getWhere(Array)
#5 D:\xampp6\htdocs\smm-HL\app\Controllers\HlController.php(105): App\Models\SeledmModel->getRisk_dm_to_selected('1471')
#6 D:\xampp6\htdocs\smm-HL\vendor\codeigniter4\framework\system\CodeIgniter.php(943): App\Controllers\HlController->save_selected_dm()
#7 D:\xampp6\htdocs\smm-HL\vendor\codeigniter4\framework\system\CodeIgniter.php(503): CodeIgniter\CodeIgniter->runController(Object(App\Controllers\HlController))
#8 D:\xampp6\htdocs\smm-HL\vendor\codeigniter4\framework\system\CodeIgniter.php(361): CodeIgniter\CodeIgniter->handleRequest(NULL, Object(Config\Cache), false)
#9 D:\xampp6\htdocs\smm-HL\public\index.php(79): CodeIgniter\CodeIgniter->run()
#10 {main}
CRITICAL - 2026-03-15 21:35:22 --> CodeIgniter\Database\Exceptions\DatabaseException: Unknown column 'bstest2' in 'field list'
in SYSTEMPATH\Database\BaseConnection.php on line 647.
 1 SYSTEMPATH\Database\BaseBuilder.php(1749): CodeIgniter\Database\BaseConnection->query('SELECT `hospcode`, `pid`, `birth`, `hid`, `vhid`, `sex`, `discharge`, `typearea`, `date_screen`, `bstest`, `bslevel`, `result`, `bstest2`, `bslevel2`, `result2`
FROM `riskdm`
WHERE `id` = :id:', [...], false)
 2 APPPATH\Models\SeledmModel.php(48): CodeIgniter\Database\BaseBuilder->getWhere([...])
 3 APPPATH\Controllers\HlController.php(105): App\Models\SeledmModel->getRisk_dm_to_selected('1471')
 4 SYSTEMPATH\CodeIgniter.php(943): App\Controllers\HlController->save_selected_dm()
 5 SYSTEMPATH\CodeIgniter.php(503): CodeIgniter\CodeIgniter->runController(Object(App\Controllers\HlController))
 6 SYSTEMPATH\CodeIgniter.php(361): CodeIgniter\CodeIgniter->handleRequest(null, Object(Config\Cache), false)
 7 FCPATH\index.php(79): CodeIgniter\CodeIgniter->run()
CRITICAL - 2026-03-15 21:35:22 --> [Caused by] CodeIgniter\Database\Exceptions\DatabaseException: Unknown column 'bstest2' in 'field list'
in SYSTEMPATH\Database\MySQLi\Connection.php on line 311.
 1 SYSTEMPATH\Database\BaseConnection.php(693): CodeIgniter\Database\MySQLi\Connection->execute('SELECT `hospcode`, `pid`, `birth`, `hid`, `vhid`, `sex`, `discharge`, `typearea`, `date_screen`, `bstest`, `bslevel`, `result`, `bstest2`, `bslevel2`, `result2`
FROM `riskdm`
WHERE `id` = \'1471\'')
 2 SYSTEMPATH\Database\BaseConnection.php(607): CodeIgniter\Database\BaseConnection->simpleQuery('SELECT `hospcode`, `pid`, `birth`, `hid`, `vhid`, `sex`, `discharge`, `typearea`, `date_screen`, `bstest`, `bslevel`, `result`, `bstest2`, `bslevel2`, `result2`
FROM `riskdm`
WHERE `id` = \'1471\'')
 3 SYSTEMPATH\Database\BaseBuilder.php(1749): CodeIgniter\Database\BaseConnection->query('SELECT `hospcode`, `pid`, `birth`, `hid`, `vhid`, `sex`, `discharge`, `typearea`, `date_screen`, `bstest`, `bslevel`, `result`, `bstest2`, `bslevel2`, `result2`
FROM `riskdm`
WHERE `id` = :id:', [...], false)
 4 APPPATH\Models\SeledmModel.php(48): CodeIgniter\Database\BaseBuilder->getWhere([...])
 5 APPPATH\Controllers\HlController.php(105): App\Models\SeledmModel->getRisk_dm_to_selected('1471')
 6 SYSTEMPATH\CodeIgniter.php(943): App\Controllers\HlController->save_selected_dm()
 7 SYSTEMPATH\CodeIgniter.php(503): CodeIgniter\CodeIgniter->runController(Object(App\Controllers\HlController))
 8 SYSTEMPATH\CodeIgniter.php(361): CodeIgniter\CodeIgniter->handleRequest(null, Object(Config\Cache), false)
 9 FCPATH\index.php(79): CodeIgniter\CodeIgniter->run()
CRITICAL - 2026-03-15 21:35:22 --> [Caused by] mysqli_sql_exception: Unknown column 'bstest2' in 'field list'
in SYSTEMPATH\Database\MySQLi\Connection.php on line 306.
 1 SYSTEMPATH\Database\MySQLi\Connection.php(306): mysqli->query('SELECT `hospcode`, `pid`, `birth`, `hid`, `vhid`, `sex`, `discharge`, `typearea`, `date_screen`, `bstest`, `bslevel`, `result`, `bstest2`, `bslevel2`, `result2`
FROM `riskdm`
WHERE `id` = \'1471\'', 0)
 2 SYSTEMPATH\Database\BaseConnection.php(693): CodeIgniter\Database\MySQLi\Connection->execute('SELECT `hospcode`, `pid`, `birth`, `hid`, `vhid`, `sex`, `discharge`, `typearea`, `date_screen`, `bstest`, `bslevel`, `result`, `bstest2`, `bslevel2`, `result2`
FROM `riskdm`
WHERE `id` = \'1471\'')
 3 SYSTEMPATH\Database\BaseConnection.php(607): CodeIgniter\Database\BaseConnection->simpleQuery('SELECT `hospcode`, `pid`, `birth`, `hid`, `vhid`, `sex`, `discharge`, `typearea`, `date_screen`, `bstest`, `bslevel`, `result`, `bstest2`, `bslevel2`, `result2`
FROM `riskdm`
WHERE `id` = \'1471\'')
 4 SYSTEMPATH\Database\BaseBuilder.php(1749): CodeIgniter\Database\BaseConnection->query('SELECT `hospcode`, `pid`, `birth`, `hid`, `vhid`, `sex`, `discharge`, `typearea`, `date_screen`, `bstest`, `bslevel`, `result`, `bstest2`, `bslevel2`, `result2`
FROM `riskdm`
WHERE `id` = :id:', [...], false)
 5 APPPATH\Models\SeledmModel.php(48): CodeIgniter\Database\BaseBuilder->getWhere([...])
 6 APPPATH\Controllers\HlController.php(105): App\Models\SeledmModel->getRisk_dm_to_selected('1471')
 7 SYSTEMPATH\CodeIgniter.php(943): App\Controllers\HlController->save_selected_dm()
 8 SYSTEMPATH\CodeIgniter.php(503): CodeIgniter\CodeIgniter->runController(Object(App\Controllers\HlController))
 9 SYSTEMPATH\CodeIgniter.php(361): CodeIgniter\CodeIgniter->handleRequest(null, Object(Config\Cache), false)
10 FCPATH\index.php(79): CodeIgniter\CodeIgniter->run()
INFO - 2026-03-15 21:35:24 --> Session: Class initialized using 'CodeIgniter\Session\Handlers\FileHandler' driver.
WARNING - 2026-03-15 21:35:24 --> [DEPRECATED] Creation of dynamic property CodeIgniter\HTTP\IncomingRequest::$user is deprecated in APPPATH\Filters\JwtAuthWeb.php on line 32.
 1 SYSTEMPATH\Filters\Filters.php(182): App\Filters\JwtAuthWeb->before(Object(CodeIgniter\HTTP\IncomingRequest), null)
 2 SYSTEMPATH\CodeIgniter.php(475): CodeIgniter\Filters\Filters->run('fetchRisk/save_selected_dm', 'before')
 3 SYSTEMPATH\CodeIgniter.php(361): CodeIgniter\CodeIgniter->handleRequest(null, Object(Config\Cache), false)
 4 FCPATH\index.php(79): CodeIgniter\CodeIgniter->run()
ERROR - 2026-03-15 21:35:24 --> mysqli_sql_exception: Unknown column 'bstest2' in 'field list' in D:\xampp6\htdocs\smm-HL\vendor\codeigniter4\framework\system\Database\MySQLi\Connection.php:306
Stack trace:
#0 D:\xampp6\htdocs\smm-HL\vendor\codeigniter4\framework\system\Database\MySQLi\Connection.php(306): mysqli->query('SELECT `hospcod...', 0)
#1 D:\xampp6\htdocs\smm-HL\vendor\codeigniter4\framework\system\Database\BaseConnection.php(693): CodeIgniter\Database\MySQLi\Connection->execute('SELECT `hospcod...')
#2 D:\xampp6\htdocs\smm-HL\vendor\codeigniter4\framework\system\Database\BaseConnection.php(607): CodeIgniter\Database\BaseConnection->simpleQuery('SELECT `hospcod...')
#3 D:\xampp6\htdocs\smm-HL\vendor\codeigniter4\framework\system\Database\BaseBuilder.php(1749): CodeIgniter\Database\BaseConnection->query('SELECT `hospcod...', Array, false)
#4 D:\xampp6\htdocs\smm-HL\app\Models\SeledmModel.php(48): CodeIgniter\Database\BaseBuilder->getWhere(Array)
#5 D:\xampp6\htdocs\smm-HL\app\Controllers\HlController.php(105): App\Models\SeledmModel->getRisk_dm_to_selected('1474')
#6 D:\xampp6\htdocs\smm-HL\vendor\codeigniter4\framework\system\CodeIgniter.php(943): App\Controllers\HlController->save_selected_dm()
#7 D:\xampp6\htdocs\smm-HL\vendor\codeigniter4\framework\system\CodeIgniter.php(503): CodeIgniter\CodeIgniter->runController(Object(App\Controllers\HlController))
#8 D:\xampp6\htdocs\smm-HL\vendor\codeigniter4\framework\system\CodeIgniter.php(361): CodeIgniter\CodeIgniter->handleRequest(NULL, Object(Config\Cache), false)
#9 D:\xampp6\htdocs\smm-HL\public\index.php(79): CodeIgniter\CodeIgniter->run()
#10 {main}
CRITICAL - 2026-03-15 21:35:24 --> CodeIgniter\Database\Exceptions\DatabaseException: Unknown column 'bstest2' in 'field list'
in SYSTEMPATH\Database\BaseConnection.php on line 647.
 1 SYSTEMPATH\Database\BaseBuilder.php(1749): CodeIgniter\Database\BaseConnection->query('SELECT `hospcode`, `pid`, `birth`, `hid`, `vhid`, `sex`, `discharge`, `typearea`, `date_screen`, `bstest`, `bslevel`, `result`, `bstest2`, `bslevel2`, `result2`
FROM `riskdm`
WHERE `id` = :id:', [...], false)
 2 APPPATH\Models\SeledmModel.php(48): CodeIgniter\Database\BaseBuilder->getWhere([...])
 3 APPPATH\Controllers\HlController.php(105): App\Models\SeledmModel->getRisk_dm_to_selected('1474')
 4 SYSTEMPATH\CodeIgniter.php(943): App\Controllers\HlController->save_selected_dm()
 5 SYSTEMPATH\CodeIgniter.php(503): CodeIgniter\CodeIgniter->runController(Object(App\Controllers\HlController))
 6 SYSTEMPATH\CodeIgniter.php(361): CodeIgniter\CodeIgniter->handleRequest(null, Object(Config\Cache), false)
 7 FCPATH\index.php(79): CodeIgniter\CodeIgniter->run()
CRITICAL - 2026-03-15 21:35:24 --> [Caused by] CodeIgniter\Database\Exceptions\DatabaseException: Unknown column 'bstest2' in 'field list'
in SYSTEMPATH\Database\MySQLi\Connection.php on line 311.
 1 SYSTEMPATH\Database\BaseConnection.php(693): CodeIgniter\Database\MySQLi\Connection->execute('SELECT `hospcode`, `pid`, `birth`, `hid`, `vhid`, `sex`, `discharge`, `typearea`, `date_screen`, `bstest`, `bslevel`, `result`, `bstest2`, `bslevel2`, `result2`
FROM `riskdm`
WHERE `id` = \'1474\'')
 2 SYSTEMPATH\Database\BaseConnection.php(607): CodeIgniter\Database\BaseConnection->simpleQuery('SELECT `hospcode`, `pid`, `birth`, `hid`, `vhid`, `sex`, `discharge`, `typearea`, `date_screen`, `bstest`, `bslevel`, `result`, `bstest2`, `bslevel2`, `result2`
FROM `riskdm`
WHERE `id` = \'1474\'')
 3 SYSTEMPATH\Database\BaseBuilder.php(1749): CodeIgniter\Database\BaseConnection->query('SELECT `hospcode`, `pid`, `birth`, `hid`, `vhid`, `sex`, `discharge`, `typearea`, `date_screen`, `bstest`, `bslevel`, `result`, `bstest2`, `bslevel2`, `result2`
FROM `riskdm`
WHERE `id` = :id:', [...], false)
 4 APPPATH\Models\SeledmModel.php(48): CodeIgniter\Database\BaseBuilder->getWhere([...])
 5 APPPATH\Controllers\HlController.php(105): App\Models\SeledmModel->getRisk_dm_to_selected('1474')
 6 SYSTEMPATH\CodeIgniter.php(943): App\Controllers\HlController->save_selected_dm()
 7 SYSTEMPATH\CodeIgniter.php(503): CodeIgniter\CodeIgniter->runController(Object(App\Controllers\HlController))
 8 SYSTEMPATH\CodeIgniter.php(361): CodeIgniter\CodeIgniter->handleRequest(null, Object(Config\Cache), false)
 9 FCPATH\index.php(79): CodeIgniter\CodeIgniter->run()
CRITICAL - 2026-03-15 21:35:24 --> [Caused by] mysqli_sql_exception: Unknown column 'bstest2' in 'field list'
in SYSTEMPATH\Database\MySQLi\Connection.php on line 306.
 1 SYSTEMPATH\Database\MySQLi\Connection.php(306): mysqli->query('SELECT `hospcode`, `pid`, `birth`, `hid`, `vhid`, `sex`, `discharge`, `typearea`, `date_screen`, `bstest`, `bslevel`, `result`, `bstest2`, `bslevel2`, `result2`
FROM `riskdm`
WHERE `id` = \'1474\'', 0)
 2 SYSTEMPATH\Database\BaseConnection.php(693): CodeIgniter\Database\MySQLi\Connection->execute('SELECT `hospcode`, `pid`, `birth`, `hid`, `vhid`, `sex`, `discharge`, `typearea`, `date_screen`, `bstest`, `bslevel`, `result`, `bstest2`, `bslevel2`, `result2`
FROM `riskdm`
WHERE `id` = \'1474\'')
 3 SYSTEMPATH\Database\BaseConnection.php(607): CodeIgniter\Database\BaseConnection->simpleQuery('SELECT `hospcode`, `pid`, `birth`, `hid`, `vhid`, `sex`, `discharge`, `typearea`, `date_screen`, `bstest`, `bslevel`, `result`, `bstest2`, `bslevel2`, `result2`
FROM `riskdm`
WHERE `id` = \'1474\'')
 4 SYSTEMPATH\Database\BaseBuilder.php(1749): CodeIgniter\Database\BaseConnection->query('SELECT `hospcode`, `pid`, `birth`, `hid`, `vhid`, `sex`, `discharge`, `typearea`, `date_screen`, `bstest`, `bslevel`, `result`, `bstest2`, `bslevel2`, `result2`
FROM `riskdm`
WHERE `id` = :id:', [...], false)
 5 APPPATH\Models\SeledmModel.php(48): CodeIgniter\Database\BaseBuilder->getWhere([...])
 6 APPPATH\Controllers\HlController.php(105): App\Models\SeledmModel->getRisk_dm_to_selected('1474')
 7 SYSTEMPATH\CodeIgniter.php(943): App\Controllers\HlController->save_selected_dm()
 8 SYSTEMPATH\CodeIgniter.php(503): CodeIgniter\CodeIgniter->runController(Object(App\Controllers\HlController))
 9 SYSTEMPATH\CodeIgniter.php(361): CodeIgniter\CodeIgniter->handleRequest(null, Object(Config\Cache), false)
10 FCPATH\index.php(79): CodeIgniter\CodeIgniter->run()
INFO - 2026-03-15 21:35:50 --> Session: Class initialized using 'CodeIgniter\Session\Handlers\FileHandler' driver.
WARNING - 2026-03-15 21:35:50 --> [DEPRECATED] Creation of dynamic property CodeIgniter\HTTP\IncomingRequest::$user is deprecated in APPPATH\Filters\JwtAuthWeb.php on line 32.
 1 SYSTEMPATH\Filters\Filters.php(182): App\Filters\JwtAuthWeb->before(Object(CodeIgniter\HTTP\IncomingRequest), null)
 2 SYSTEMPATH\CodeIgniter.php(475): CodeIgniter\Filters\Filters->run('fetchRisk/save_selected_dm', 'before')
 3 SYSTEMPATH\CodeIgniter.php(361): CodeIgniter\CodeIgniter->handleRequest(null, Object(Config\Cache), false)
 4 FCPATH\index.php(79): CodeIgniter\CodeIgniter->run()
ERROR - 2026-03-15 21:35:50 --> mysqli_sql_exception: Unknown column 'bstest2' in 'field list' in D:\xampp6\htdocs\smm-HL\vendor\codeigniter4\framework\system\Database\MySQLi\Connection.php:306
Stack trace:
#0 D:\xampp6\htdocs\smm-HL\vendor\codeigniter4\framework\system\Database\MySQLi\Connection.php(306): mysqli->query('SELECT `hospcod...', 0)
#1 D:\xampp6\htdocs\smm-HL\vendor\codeigniter4\framework\system\Database\BaseConnection.php(693): CodeIgniter\Database\MySQLi\Connection->execute('SELECT `hospcod...')
#2 D:\xampp6\htdocs\smm-HL\vendor\codeigniter4\framework\system\Database\BaseConnection.php(607): CodeIgniter\Database\BaseConnection->simpleQuery('SELECT `hospcod...')
#3 D:\xampp6\htdocs\smm-HL\vendor\codeigniter4\framework\system\Database\BaseBuilder.php(1749): CodeIgniter\Database\BaseConnection->query('SELECT `hospcod...', Array, false)
#4 D:\xampp6\htdocs\smm-HL\app\Models\SeledmModel.php(48): CodeIgniter\Database\BaseBuilder->getWhere(Array)
#5 D:\xampp6\htdocs\smm-HL\app\Controllers\HlController.php(105): App\Models\SeledmModel->getRisk_dm_to_selected('1474')
#6 D:\xampp6\htdocs\smm-HL\vendor\codeigniter4\framework\system\CodeIgniter.php(943): App\Controllers\HlController->save_selected_dm()
#7 D:\xampp6\htdocs\smm-HL\vendor\codeigniter4\framework\system\CodeIgniter.php(503): CodeIgniter\CodeIgniter->runController(Object(App\Controllers\HlController))
#8 D:\xampp6\htdocs\smm-HL\vendor\codeigniter4\framework\system\CodeIgniter.php(361): CodeIgniter\CodeIgniter->handleRequest(NULL, Object(Config\Cache), false)
#9 D:\xampp6\htdocs\smm-HL\public\index.php(79): CodeIgniter\CodeIgniter->run()
#10 {main}
CRITICAL - 2026-03-15 21:35:50 --> CodeIgniter\Database\Exceptions\DatabaseException: Unknown column 'bstest2' in 'field list'
in SYSTEMPATH\Database\BaseConnection.php on line 647.
 1 SYSTEMPATH\Database\BaseBuilder.php(1749): CodeIgniter\Database\BaseConnection->query('SELECT `hospcode`, `pid`, `birth`, `hid`, `vhid`, `sex`, `discharge`, `typearea`, `date_screen`, `bstest`, `bslevel`, `result`, `bstest2`, `bslevel2`, `result2`
FROM `riskdm`
WHERE `id` = :id:', [...], false)
 2 APPPATH\Models\SeledmModel.php(48): CodeIgniter\Database\BaseBuilder->getWhere([...])
 3 APPPATH\Controllers\HlController.php(105): App\Models\SeledmModel->getRisk_dm_to_selected('1474')
 4 SYSTEMPATH\CodeIgniter.php(943): App\Controllers\HlController->save_selected_dm()
 5 SYSTEMPATH\CodeIgniter.php(503): CodeIgniter\CodeIgniter->runController(Object(App\Controllers\HlController))
 6 SYSTEMPATH\CodeIgniter.php(361): CodeIgniter\CodeIgniter->handleRequest(null, Object(Config\Cache), false)
 7 FCPATH\index.php(79): CodeIgniter\CodeIgniter->run()
CRITICAL - 2026-03-15 21:35:50 --> [Caused by] CodeIgniter\Database\Exceptions\DatabaseException: Unknown column 'bstest2' in 'field list'
in SYSTEMPATH\Database\MySQLi\Connection.php on line 311.
 1 SYSTEMPATH\Database\BaseConnection.php(693): CodeIgniter\Database\MySQLi\Connection->execute('SELECT `hospcode`, `pid`, `birth`, `hid`, `vhid`, `sex`, `discharge`, `typearea`, `date_screen`, `bstest`, `bslevel`, `result`, `bstest2`, `bslevel2`, `result2`
FROM `riskdm`
WHERE `id` = \'1474\'')
 2 SYSTEMPATH\Database\BaseConnection.php(607): CodeIgniter\Database\BaseConnection->simpleQuery('SELECT `hospcode`, `pid`, `birth`, `hid`, `vhid`, `sex`, `discharge`, `typearea`, `date_screen`, `bstest`, `bslevel`, `result`, `bstest2`, `bslevel2`, `result2`
FROM `riskdm`
WHERE `id` = \'1474\'')
 3 SYSTEMPATH\Database\BaseBuilder.php(1749): CodeIgniter\Database\BaseConnection->query('SELECT `hospcode`, `pid`, `birth`, `hid`, `vhid`, `sex`, `discharge`, `typearea`, `date_screen`, `bstest`, `bslevel`, `result`, `bstest2`, `bslevel2`, `result2`
FROM `riskdm`
WHERE `id` = :id:', [...], false)
 4 APPPATH\Models\SeledmModel.php(48): CodeIgniter\Database\BaseBuilder->getWhere([...])
 5 APPPATH\Controllers\HlController.php(105): App\Models\SeledmModel->getRisk_dm_to_selected('1474')
 6 SYSTEMPATH\CodeIgniter.php(943): App\Controllers\HlController->save_selected_dm()
 7 SYSTEMPATH\CodeIgniter.php(503): CodeIgniter\CodeIgniter->runController(Object(App\Controllers\HlController))
 8 SYSTEMPATH\CodeIgniter.php(361): CodeIgniter\CodeIgniter->handleRequest(null, Object(Config\Cache), false)
 9 FCPATH\index.php(79): CodeIgniter\CodeIgniter->run()
CRITICAL - 2026-03-15 21:35:50 --> [Caused by] mysqli_sql_exception: Unknown column 'bstest2' in 'field list'
in SYSTEMPATH\Database\MySQLi\Connection.php on line 306.
 1 SYSTEMPATH\Database\MySQLi\Connection.php(306): mysqli->query('SELECT `hospcode`, `pid`, `birth`, `hid`, `vhid`, `sex`, `discharge`, `typearea`, `date_screen`, `bstest`, `bslevel`, `result`, `bstest2`, `bslevel2`, `result2`
FROM `riskdm`
WHERE `id` = \'1474\'', 0)
 2 SYSTEMPATH\Database\BaseConnection.php(693): CodeIgniter\Database\MySQLi\Connection->execute('SELECT `hospcode`, `pid`, `birth`, `hid`, `vhid`, `sex`, `discharge`, `typearea`, `date_screen`, `bstest`, `bslevel`, `result`, `bstest2`, `bslevel2`, `result2`
FROM `riskdm`
WHERE `id` = \'1474\'')
 3 SYSTEMPATH\Database\BaseConnection.php(607): CodeIgniter\Database\BaseConnection->simpleQuery('SELECT `hospcode`, `pid`, `birth`, `hid`, `vhid`, `sex`, `discharge`, `typearea`, `date_screen`, `bstest`, `bslevel`, `result`, `bstest2`, `bslevel2`, `result2`
FROM `riskdm`
WHERE `id` = \'1474\'')
 4 SYSTEMPATH\Database\BaseBuilder.php(1749): CodeIgniter\Database\BaseConnection->query('SELECT `hospcode`, `pid`, `birth`, `hid`, `vhid`, `sex`, `discharge`, `typearea`, `date_screen`, `bstest`, `bslevel`, `result`, `bstest2`, `bslevel2`, `result2`
FROM `riskdm`
WHERE `id` = :id:', [...], false)
 5 APPPATH\Models\SeledmModel.php(48): CodeIgniter\Database\BaseBuilder->getWhere([...])
 6 APPPATH\Controllers\HlController.php(105): App\Models\SeledmModel->getRisk_dm_to_selected('1474')
 7 SYSTEMPATH\CodeIgniter.php(943): App\Controllers\HlController->save_selected_dm()
 8 SYSTEMPATH\CodeIgniter.php(503): CodeIgniter\CodeIgniter->runController(Object(App\Controllers\HlController))
 9 SYSTEMPATH\CodeIgniter.php(361): CodeIgniter\CodeIgniter->handleRequest(null, Object(Config\Cache), false)
10 FCPATH\index.php(79): CodeIgniter\CodeIgniter->run()
INFO - 2026-03-15 21:38:08 --> Session: Class initialized using 'CodeIgniter\Session\Handlers\FileHandler' driver.
WARNING - 2026-03-15 21:38:08 --> [DEPRECATED] Creation of dynamic property CodeIgniter\HTTP\IncomingRequest::$user is deprecated in APPPATH\Filters\JwtAuthWeb.php on line 32.
 1 SYSTEMPATH\Filters\Filters.php(182): App\Filters\JwtAuthWeb->before(Object(CodeIgniter\HTTP\IncomingRequest), null)
 2 SYSTEMPATH\CodeIgniter.php(475): CodeIgniter\Filters\Filters->run('fetchData/riskDm_HL', 'before')
 3 SYSTEMPATH\CodeIgniter.php(361): CodeIgniter\CodeIgniter->handleRequest(null, Object(Config\Cache), false)
 4 FCPATH\index.php(79): CodeIgniter\CodeIgniter->run()
INFO - 2026-03-15 21:38:08 --> Session: Class initialized using 'CodeIgniter\Session\Handlers\FileHandler' driver.
WARNING - 2026-03-15 21:38:08 --> [DEPRECATED] Creation of dynamic property CodeIgniter\HTTP\IncomingRequest::$user is deprecated in APPPATH\Filters\JwtAuth.php on line 47.
 1 SYSTEMPATH\Filters\Filters.php(182): App\Filters\JwtAuth->before(Object(CodeIgniter\HTTP\IncomingRequest), null)
 2 SYSTEMPATH\CodeIgniter.php(475): CodeIgniter\Filters\Filters->run('api/profile', 'before')
 3 SYSTEMPATH\CodeIgniter.php(361): CodeIgniter\CodeIgniter->handleRequest(null, Object(Config\Cache), false)
 4 FCPATH\index.php(79): CodeIgniter\CodeIgniter->run()
WARNING - 2026-03-15 21:38:08 --> [DEPRECATED] Creation of dynamic property CodeIgniter\HTTP\IncomingRequest::$user is deprecated in APPPATH\Filters\JwtAuthWeb.php on line 32.
 1 SYSTEMPATH\Filters\Filters.php(182): App\Filters\JwtAuthWeb->before(Object(CodeIgniter\HTTP\IncomingRequest), null)
 2 SYSTEMPATH\CodeIgniter.php(475): CodeIgniter\Filters\Filters->run('get_chart_fpg/0', 'before')
 3 SYSTEMPATH\CodeIgniter.php(361): CodeIgniter\CodeIgniter->handleRequest(null, Object(Config\Cache), false)
 4 FCPATH\index.php(79): CodeIgniter\CodeIgniter->run()
INFO - 2026-03-15 21:38:11 --> Session: Class initialized using 'CodeIgniter\Session\Handlers\FileHandler' driver.
WARNING - 2026-03-15 21:38:11 --> [DEPRECATED] Creation of dynamic property CodeIgniter\HTTP\IncomingRequest::$user is deprecated in APPPATH\Filters\JwtAuthWeb.php on line 32.
 1 SYSTEMPATH\Filters\Filters.php(182): App\Filters\JwtAuthWeb->before(Object(CodeIgniter\HTTP\IncomingRequest), null)
 2 SYSTEMPATH\CodeIgniter.php(475): CodeIgniter\Filters\Filters->run('fetchRisk/fecth_dm_risk/03552', 'before')
 3 SYSTEMPATH\CodeIgniter.php(361): CodeIgniter\CodeIgniter->handleRequest(null, Object(Config\Cache), false)
 4 FCPATH\index.php(79): CodeIgniter\CodeIgniter->run()
INFO - 2026-03-15 21:38:11 --> Session: Class initialized using 'CodeIgniter\Session\Handlers\FileHandler' driver.
WARNING - 2026-03-15 21:38:11 --> [DEPRECATED] Creation of dynamic property CodeIgniter\HTTP\IncomingRequest::$user is deprecated in APPPATH\Filters\JwtAuthWeb.php on line 32.
 1 SYSTEMPATH\Filters\Filters.php(182): App\Filters\JwtAuthWeb->before(Object(CodeIgniter\HTTP\IncomingRequest), null)
 2 SYSTEMPATH\CodeIgniter.php(475): CodeIgniter\Filters\Filters->run('get_chart_fpg/03552', 'before')
 3 SYSTEMPATH\CodeIgniter.php(361): CodeIgniter\CodeIgniter->handleRequest(null, Object(Config\Cache), false)
 4 FCPATH\index.php(79): CodeIgniter\CodeIgniter->run()
INFO - 2026-03-15 21:38:14 --> Session: Class initialized using 'CodeIgniter\Session\Handlers\FileHandler' driver.
WARNING - 2026-03-15 21:38:14 --> [DEPRECATED] Creation of dynamic property CodeIgniter\HTTP\IncomingRequest::$user is deprecated in APPPATH\Filters\JwtAuthWeb.php on line 32.
 1 SYSTEMPATH\Filters\Filters.php(182): App\Filters\JwtAuthWeb->before(Object(CodeIgniter\HTTP\IncomingRequest), null)
 2 SYSTEMPATH\CodeIgniter.php(475): CodeIgniter\Filters\Filters->run('fetchRisk/save_selected_dm', 'before')
 3 SYSTEMPATH\CodeIgniter.php(361): CodeIgniter\CodeIgniter->handleRequest(null, Object(Config\Cache), false)
 4 FCPATH\index.php(79): CodeIgniter\CodeIgniter->run()
INFO - 2026-03-15 21:38:14 --> Session: Class initialized using 'CodeIgniter\Session\Handlers\FileHandler' driver.
WARNING - 2026-03-15 21:38:14 --> [DEPRECATED] Creation of dynamic property CodeIgniter\HTTP\IncomingRequest::$user is deprecated in APPPATH\Filters\JwtAuthWeb.php on line 32.
 1 SYSTEMPATH\Filters\Filters.php(182): App\Filters\JwtAuthWeb->before(Object(CodeIgniter\HTTP\IncomingRequest), null)
 2 SYSTEMPATH\CodeIgniter.php(475): CodeIgniter\Filters\Filters->run('fetchRisk/fecth_dm_risk/03552', 'before')
 3 SYSTEMPATH\CodeIgniter.php(361): CodeIgniter\CodeIgniter->handleRequest(null, Object(Config\Cache), false)
 4 FCPATH\index.php(79): CodeIgniter\CodeIgniter->run()
INFO - 2026-03-15 21:38:16 --> Session: Class initialized using 'CodeIgniter\Session\Handlers\FileHandler' driver.
WARNING - 2026-03-15 21:38:16 --> [DEPRECATED] Creation of dynamic property CodeIgniter\HTTP\IncomingRequest::$user is deprecated in APPPATH\Filters\JwtAuthWeb.php on line 32.
 1 SYSTEMPATH\Filters\Filters.php(182): App\Filters\JwtAuthWeb->before(Object(CodeIgniter\HTTP\IncomingRequest), null)
 2 SYSTEMPATH\CodeIgniter.php(475): CodeIgniter\Filters\Filters->run('fetchRisk/save_selected_dm', 'before')
 3 SYSTEMPATH\CodeIgniter.php(361): CodeIgniter\CodeIgniter->handleRequest(null, Object(Config\Cache), false)
 4 FCPATH\index.php(79): CodeIgniter\CodeIgniter->run()
INFO - 2026-03-15 21:38:17 --> Session: Class initialized using 'CodeIgniter\Session\Handlers\FileHandler' driver.
WARNING - 2026-03-15 21:38:17 --> [DEPRECATED] Creation of dynamic property CodeIgniter\HTTP\IncomingRequest::$user is deprecated in APPPATH\Filters\JwtAuthWeb.php on line 32.
 1 SYSTEMPATH\Filters\Filters.php(182): App\Filters\JwtAuthWeb->before(Object(CodeIgniter\HTTP\IncomingRequest), null)
 2 SYSTEMPATH\CodeIgniter.php(475): CodeIgniter\Filters\Filters->run('fetchRisk/fecth_dm_risk/03552', 'before')
 3 SYSTEMPATH\CodeIgniter.php(361): CodeIgniter\CodeIgniter->handleRequest(null, Object(Config\Cache), false)
 4 FCPATH\index.php(79): CodeIgniter\CodeIgniter->run()
INFO - 2026-03-15 21:38:18 --> Session: Class initialized using 'CodeIgniter\Session\Handlers\FileHandler' driver.
WARNING - 2026-03-15 21:38:18 --> [DEPRECATED] Creation of dynamic property CodeIgniter\HTTP\IncomingRequest::$user is deprecated in APPPATH\Filters\JwtAuthWeb.php on line 32.
 1 SYSTEMPATH\Filters\Filters.php(182): App\Filters\JwtAuthWeb->before(Object(CodeIgniter\HTTP\IncomingRequest), null)
 2 SYSTEMPATH\CodeIgniter.php(475): CodeIgniter\Filters\Filters->run('fetchRisk/save_selected_dm', 'before')
 3 SYSTEMPATH\CodeIgniter.php(361): CodeIgniter\CodeIgniter->handleRequest(null, Object(Config\Cache), false)
 4 FCPATH\index.php(79): CodeIgniter\CodeIgniter->run()
INFO - 2026-03-15 21:38:19 --> Session: Class initialized using 'CodeIgniter\Session\Handlers\FileHandler' driver.
WARNING - 2026-03-15 21:38:19 --> [DEPRECATED] Creation of dynamic property CodeIgniter\HTTP\IncomingRequest::$user is deprecated in APPPATH\Filters\JwtAuthWeb.php on line 32.
 1 SYSTEMPATH\Filters\Filters.php(182): App\Filters\JwtAuthWeb->before(Object(CodeIgniter\HTTP\IncomingRequest), null)
 2 SYSTEMPATH\CodeIgniter.php(475): CodeIgniter\Filters\Filters->run('fetchRisk/fecth_dm_risk/03552', 'before')
 3 SYSTEMPATH\CodeIgniter.php(361): CodeIgniter\CodeIgniter->handleRequest(null, Object(Config\Cache), false)
 4 FCPATH\index.php(79): CodeIgniter\CodeIgniter->run()
INFO - 2026-03-15 21:42:03 --> Session: Class initialized using 'CodeIgniter\Session\Handlers\FileHandler' driver.
WARNING - 2026-03-15 21:42:03 --> [DEPRECATED] Creation of dynamic property CodeIgniter\HTTP\IncomingRequest::$user is deprecated in APPPATH\Filters\JwtAuthWeb.php on line 32.
 1 SYSTEMPATH\Filters\Filters.php(182): App\Filters\JwtAuthWeb->before(Object(CodeIgniter\HTTP\IncomingRequest), null)
 2 SYSTEMPATH\CodeIgniter.php(475): CodeIgniter\Filters\Filters->run('fetchData/riskDm_HL', 'before')
 3 SYSTEMPATH\CodeIgniter.php(361): CodeIgniter\CodeIgniter->handleRequest(null, Object(Config\Cache), false)
 4 FCPATH\index.php(79): CodeIgniter\CodeIgniter->run()
WARNING - 2026-03-15 21:42:04 --> [DEPRECATED] Creation of dynamic property CodeIgniter\HTTP\IncomingRequest::$user is deprecated in APPPATH\Filters\JwtAuth.php on line 47.
 1 SYSTEMPATH\Filters\Filters.php(182): App\Filters\JwtAuth->before(Object(CodeIgniter\HTTP\IncomingRequest), null)
 2 SYSTEMPATH\CodeIgniter.php(475): CodeIgniter\Filters\Filters->run('api/profile', 'before')
 3 SYSTEMPATH\CodeIgniter.php(361): CodeIgniter\CodeIgniter->handleRequest(null, Object(Config\Cache), false)
 4 FCPATH\index.php(79): CodeIgniter\CodeIgniter->run()
INFO - 2026-03-15 21:42:04 --> Session: Class initialized using 'CodeIgniter\Session\Handlers\FileHandler' driver.
WARNING - 2026-03-15 21:42:04 --> [DEPRECATED] Creation of dynamic property CodeIgniter\HTTP\IncomingRequest::$user is deprecated in APPPATH\Filters\JwtAuthWeb.php on line 32.
 1 SYSTEMPATH\Filters\Filters.php(182): App\Filters\JwtAuthWeb->before(Object(CodeIgniter\HTTP\IncomingRequest), null)
 2 SYSTEMPATH\CodeIgniter.php(475): CodeIgniter\Filters\Filters->run('get_chart_fpg/0', 'before')
 3 SYSTEMPATH\CodeIgniter.php(361): CodeIgniter\CodeIgniter->handleRequest(null, Object(Config\Cache), false)
 4 FCPATH\index.php(79): CodeIgniter\CodeIgniter->run()
INFO - 2026-03-15 21:42:06 --> Session: Class initialized using 'CodeIgniter\Session\Handlers\FileHandler' driver.
WARNING - 2026-03-15 21:42:06 --> [DEPRECATED] Creation of dynamic property CodeIgniter\HTTP\IncomingRequest::$user is deprecated in APPPATH\Filters\JwtAuthWeb.php on line 32.
 1 SYSTEMPATH\Filters\Filters.php(182): App\Filters\JwtAuthWeb->before(Object(CodeIgniter\HTTP\IncomingRequest), null)
 2 SYSTEMPATH\CodeIgniter.php(475): CodeIgniter\Filters\Filters->run('fetchRisk/fecth_dm_risk/03552', 'before')
 3 SYSTEMPATH\CodeIgniter.php(361): CodeIgniter\CodeIgniter->handleRequest(null, Object(Config\Cache), false)
 4 FCPATH\index.php(79): CodeIgniter\CodeIgniter->run()
INFO - 2026-03-15 21:42:06 --> Session: Class initialized using 'CodeIgniter\Session\Handlers\FileHandler' driver.
WARNING - 2026-03-15 21:42:06 --> [DEPRECATED] Creation of dynamic property CodeIgniter\HTTP\IncomingRequest::$user is deprecated in APPPATH\Filters\JwtAuthWeb.php on line 32.
 1 SYSTEMPATH\Filters\Filters.php(182): App\Filters\JwtAuthWeb->before(Object(CodeIgniter\HTTP\IncomingRequest), null)
 2 SYSTEMPATH\CodeIgniter.php(475): CodeIgniter\Filters\Filters->run('get_chart_fpg/03552', 'before')
 3 SYSTEMPATH\CodeIgniter.php(361): CodeIgniter\CodeIgniter->handleRequest(null, Object(Config\Cache), false)
 4 FCPATH\index.php(79): CodeIgniter\CodeIgniter->run()
INFO - 2026-03-15 21:42:09 --> Session: Class initialized using 'CodeIgniter\Session\Handlers\FileHandler' driver.
WARNING - 2026-03-15 21:42:09 --> [DEPRECATED] Creation of dynamic property CodeIgniter\HTTP\IncomingRequest::$user is deprecated in APPPATH\Filters\JwtAuthWeb.php on line 32.
 1 SYSTEMPATH\Filters\Filters.php(182): App\Filters\JwtAuthWeb->before(Object(CodeIgniter\HTTP\IncomingRequest), null)
 2 SYSTEMPATH\CodeIgniter.php(475): CodeIgniter\Filters\Filters->run('fetchRisk/save_selected_dm', 'before')
 3 SYSTEMPATH\CodeIgniter.php(361): CodeIgniter\CodeIgniter->handleRequest(null, Object(Config\Cache), false)
 4 FCPATH\index.php(79): CodeIgniter\CodeIgniter->run()
INFO - 2026-03-15 21:42:09 --> Session: Class initialized using 'CodeIgniter\Session\Handlers\FileHandler' driver.
WARNING - 2026-03-15 21:42:09 --> [DEPRECATED] Creation of dynamic property CodeIgniter\HTTP\IncomingRequest::$user is deprecated in APPPATH\Filters\JwtAuthWeb.php on line 32.
 1 SYSTEMPATH\Filters\Filters.php(182): App\Filters\JwtAuthWeb->before(Object(CodeIgniter\HTTP\IncomingRequest), null)
 2 SYSTEMPATH\CodeIgniter.php(475): CodeIgniter\Filters\Filters->run('fetchRisk/fecth_dm_risk/03552', 'before')
 3 SYSTEMPATH\CodeIgniter.php(361): CodeIgniter\CodeIgniter->handleRequest(null, Object(Config\Cache), false)
 4 FCPATH\index.php(79): CodeIgniter\CodeIgniter->run()
INFO - 2026-03-15 21:42:12 --> Session: Class initialized using 'CodeIgniter\Session\Handlers\FileHandler' driver.
WARNING - 2026-03-15 21:42:12 --> [DEPRECATED] Creation of dynamic property CodeIgniter\HTTP\IncomingRequest::$user is deprecated in APPPATH\Filters\JwtAuthWeb.php on line 32.
 1 SYSTEMPATH\Filters\Filters.php(182): App\Filters\JwtAuthWeb->before(Object(CodeIgniter\HTTP\IncomingRequest), null)
 2 SYSTEMPATH\CodeIgniter.php(475): CodeIgniter\Filters\Filters->run('fetchRisk/save_selected_dm', 'before')
 3 SYSTEMPATH\CodeIgniter.php(361): CodeIgniter\CodeIgniter->handleRequest(null, Object(Config\Cache), false)
 4 FCPATH\index.php(79): CodeIgniter\CodeIgniter->run()
INFO - 2026-03-15 21:42:12 --> Session: Class initialized using 'CodeIgniter\Session\Handlers\FileHandler' driver.
WARNING - 2026-03-15 21:42:12 --> [DEPRECATED] Creation of dynamic property CodeIgniter\HTTP\IncomingRequest::$user is deprecated in APPPATH\Filters\JwtAuthWeb.php on line 32.
 1 SYSTEMPATH\Filters\Filters.php(182): App\Filters\JwtAuthWeb->before(Object(CodeIgniter\HTTP\IncomingRequest), null)
 2 SYSTEMPATH\CodeIgniter.php(475): CodeIgniter\Filters\Filters->run('fetchRisk/fecth_dm_risk/03552', 'before')
 3 SYSTEMPATH\CodeIgniter.php(361): CodeIgniter\CodeIgniter->handleRequest(null, Object(Config\Cache), false)
 4 FCPATH\index.php(79): CodeIgniter\CodeIgniter->run()
INFO - 2026-03-15 21:44:07 --> Session: Class initialized using 'CodeIgniter\Session\Handlers\FileHandler' driver.
WARNING - 2026-03-15 21:44:07 --> [DEPRECATED] Creation of dynamic property CodeIgniter\HTTP\IncomingRequest::$user is deprecated in APPPATH\Filters\JwtAuthWeb.php on line 32.
 1 SYSTEMPATH\Filters\Filters.php(182): App\Filters\JwtAuthWeb->before(Object(CodeIgniter\HTTP\IncomingRequest), null)
 2 SYSTEMPATH\CodeIgniter.php(475): CodeIgniter\Filters\Filters->run('fetchData/riskDm_HL', 'before')
 3 SYSTEMPATH\CodeIgniter.php(361): CodeIgniter\CodeIgniter->handleRequest(null, Object(Config\Cache), false)
 4 FCPATH\index.php(79): CodeIgniter\CodeIgniter->run()
WARNING - 2026-03-15 21:44:07 --> [DEPRECATED] Creation of dynamic property CodeIgniter\HTTP\IncomingRequest::$user is deprecated in APPPATH\Filters\JwtAuth.php on line 47.
 1 SYSTEMPATH\Filters\Filters.php(182): App\Filters\JwtAuth->before(Object(CodeIgniter\HTTP\IncomingRequest), null)
 2 SYSTEMPATH\CodeIgniter.php(475): CodeIgniter\Filters\Filters->run('api/profile', 'before')
 3 SYSTEMPATH\CodeIgniter.php(361): CodeIgniter\CodeIgniter->handleRequest(null, Object(Config\Cache), false)
 4 FCPATH\index.php(79): CodeIgniter\CodeIgniter->run()
INFO - 2026-03-15 21:44:07 --> Session: Class initialized using 'CodeIgniter\Session\Handlers\FileHandler' driver.
WARNING - 2026-03-15 21:44:07 --> [DEPRECATED] Creation of dynamic property CodeIgniter\HTTP\IncomingRequest::$user is deprecated in APPPATH\Filters\JwtAuthWeb.php on line 32.
 1 SYSTEMPATH\Filters\Filters.php(182): App\Filters\JwtAuthWeb->before(Object(CodeIgniter\HTTP\IncomingRequest), null)
 2 SYSTEMPATH\CodeIgniter.php(475): CodeIgniter\Filters\Filters->run('get_chart_fpg/0', 'before')
 3 SYSTEMPATH\CodeIgniter.php(361): CodeIgniter\CodeIgniter->handleRequest(null, Object(Config\Cache), false)
 4 FCPATH\index.php(79): CodeIgniter\CodeIgniter->run()
INFO - 2026-03-15 21:44:09 --> Session: Class initialized using 'CodeIgniter\Session\Handlers\FileHandler' driver.
WARNING - 2026-03-15 21:44:09 --> [DEPRECATED] Creation of dynamic property CodeIgniter\HTTP\IncomingRequest::$user is deprecated in APPPATH\Filters\JwtAuthWeb.php on line 32.
 1 SYSTEMPATH\Filters\Filters.php(182): App\Filters\JwtAuthWeb->before(Object(CodeIgniter\HTTP\IncomingRequest), null)
 2 SYSTEMPATH\CodeIgniter.php(475): CodeIgniter\Filters\Filters->run('fetchData/riskHT_HL', 'before')
 3 SYSTEMPATH\CodeIgniter.php(361): CodeIgniter\CodeIgniter->handleRequest(null, Object(Config\Cache), false)
 4 FCPATH\index.php(79): CodeIgniter\CodeIgniter->run()
WARNING - 2026-03-15 21:44:10 --> [DEPRECATED] Creation of dynamic property CodeIgniter\HTTP\IncomingRequest::$user is deprecated in APPPATH\Filters\JwtAuth.php on line 47.
 1 SYSTEMPATH\Filters\Filters.php(182): App\Filters\JwtAuth->before(Object(CodeIgniter\HTTP\IncomingRequest), null)
 2 SYSTEMPATH\CodeIgniter.php(475): CodeIgniter\Filters\Filters->run('api/profile', 'before')
 3 SYSTEMPATH\CodeIgniter.php(361): CodeIgniter\CodeIgniter->handleRequest(null, Object(Config\Cache), false)
 4 FCPATH\index.php(79): CodeIgniter\CodeIgniter->run()
INFO - 2026-03-15 21:44:12 --> Session: Class initialized using 'CodeIgniter\Session\Handlers\FileHandler' driver.
WARNING - 2026-03-15 21:44:12 --> [DEPRECATED] Creation of dynamic property CodeIgniter\HTTP\IncomingRequest::$user is deprecated in APPPATH\Filters\JwtAuthWeb.php on line 32.
 1 SYSTEMPATH\Filters\Filters.php(182): App\Filters\JwtAuthWeb->before(Object(CodeIgniter\HTTP\IncomingRequest), null)
 2 SYSTEMPATH\CodeIgniter.php(475): CodeIgniter\Filters\Filters->run('fetchRisk/fecth_ht_risk/03546', 'before')
 3 SYSTEMPATH\CodeIgniter.php(361): CodeIgniter\CodeIgniter->handleRequest(null, Object(Config\Cache), false)
 4 FCPATH\index.php(79): CodeIgniter\CodeIgniter->run()
INFO - 2026-03-15 21:44:16 --> Session: Class initialized using 'CodeIgniter\Session\Handlers\FileHandler' driver.
WARNING - 2026-03-15 21:44:16 --> [DEPRECATED] Creation of dynamic property CodeIgniter\HTTP\IncomingRequest::$user is deprecated in APPPATH\Filters\JwtAuthWeb.php on line 32.
 1 SYSTEMPATH\Filters\Filters.php(182): App\Filters\JwtAuthWeb->before(Object(CodeIgniter\HTTP\IncomingRequest), null)
 2 SYSTEMPATH\CodeIgniter.php(475): CodeIgniter\Filters\Filters->run('fetchRisk/save_selected_ht', 'before')
 3 SYSTEMPATH\CodeIgniter.php(361): CodeIgniter\CodeIgniter->handleRequest(null, Object(Config\Cache), false)
 4 FCPATH\index.php(79): CodeIgniter\CodeIgniter->run()
INFO - 2026-03-15 21:44:16 --> Session: Class initialized using 'CodeIgniter\Session\Handlers\FileHandler' driver.
WARNING - 2026-03-15 21:44:16 --> [DEPRECATED] Creation of dynamic property CodeIgniter\HTTP\IncomingRequest::$user is deprecated in APPPATH\Filters\JwtAuthWeb.php on line 32.
 1 SYSTEMPATH\Filters\Filters.php(182): App\Filters\JwtAuthWeb->before(Object(CodeIgniter\HTTP\IncomingRequest), null)
 2 SYSTEMPATH\CodeIgniter.php(475): CodeIgniter\Filters\Filters->run('fetchRisk/fecth_ht_risk/03546', 'before')
 3 SYSTEMPATH\CodeIgniter.php(361): CodeIgniter\CodeIgniter->handleRequest(null, Object(Config\Cache), false)
 4 FCPATH\index.php(79): CodeIgniter\CodeIgniter->run()
INFO - 2026-03-15 21:44:26 --> Session: Class initialized using 'CodeIgniter\Session\Handlers\FileHandler' driver.
WARNING - 2026-03-15 21:44:26 --> [DEPRECATED] Creation of dynamic property CodeIgniter\HTTP\IncomingRequest::$user is deprecated in APPPATH\Filters\JwtAuthWeb.php on line 32.
 1 SYSTEMPATH\Filters\Filters.php(182): App\Filters\JwtAuthWeb->before(Object(CodeIgniter\HTTP\IncomingRequest), null)
 2 SYSTEMPATH\CodeIgniter.php(475): CodeIgniter\Filters\Filters->run('fetchRisk/save_selected_ht', 'before')
 3 SYSTEMPATH\CodeIgniter.php(361): CodeIgniter\CodeIgniter->handleRequest(null, Object(Config\Cache), false)
 4 FCPATH\index.php(79): CodeIgniter\CodeIgniter->run()
INFO - 2026-03-15 21:44:26 --> Session: Class initialized using 'CodeIgniter\Session\Handlers\FileHandler' driver.
WARNING - 2026-03-15 21:44:26 --> [DEPRECATED] Creation of dynamic property CodeIgniter\HTTP\IncomingRequest::$user is deprecated in APPPATH\Filters\JwtAuthWeb.php on line 32.
 1 SYSTEMPATH\Filters\Filters.php(182): App\Filters\JwtAuthWeb->before(Object(CodeIgniter\HTTP\IncomingRequest), null)
 2 SYSTEMPATH\CodeIgniter.php(475): CodeIgniter\Filters\Filters->run('fetchRisk/fecth_ht_risk/03546', 'before')
 3 SYSTEMPATH\CodeIgniter.php(361): CodeIgniter\CodeIgniter->handleRequest(null, Object(Config\Cache), false)
 4 FCPATH\index.php(79): CodeIgniter\CodeIgniter->run()
INFO - 2026-03-15 21:50:54 --> Session: Class initialized using 'CodeIgniter\Session\Handlers\FileHandler' driver.
WARNING - 2026-03-15 21:50:54 --> [DEPRECATED] Creation of dynamic property CodeIgniter\HTTP\IncomingRequest::$user is deprecated in APPPATH\Filters\JwtAuthWeb.php on line 32.
 1 SYSTEMPATH\Filters\Filters.php(182): App\Filters\JwtAuthWeb->before(Object(CodeIgniter\HTTP\IncomingRequest), null)
 2 SYSTEMPATH\CodeIgniter.php(475): CodeIgniter\Filters\Filters->run('fetchData/riskHT_HL', 'before')
 3 SYSTEMPATH\CodeIgniter.php(361): CodeIgniter\CodeIgniter->handleRequest(null, Object(Config\Cache), false)
 4 FCPATH\index.php(79): CodeIgniter\CodeIgniter->run()
WARNING - 2026-03-15 21:50:54 --> [DEPRECATED] Creation of dynamic property CodeIgniter\HTTP\IncomingRequest::$user is deprecated in APPPATH\Filters\JwtAuth.php on line 47.
 1 SYSTEMPATH\Filters\Filters.php(182): App\Filters\JwtAuth->before(Object(CodeIgniter\HTTP\IncomingRequest), null)
 2 SYSTEMPATH\CodeIgniter.php(475): CodeIgniter\Filters\Filters->run('api/profile', 'before')
 3 SYSTEMPATH\CodeIgniter.php(361): CodeIgniter\CodeIgniter->handleRequest(null, Object(Config\Cache), false)
 4 FCPATH\index.php(79): CodeIgniter\CodeIgniter->run()
INFO - 2026-03-15 21:50:57 --> Session: Class initialized using 'CodeIgniter\Session\Handlers\FileHandler' driver.
WARNING - 2026-03-15 21:50:57 --> [DEPRECATED] Creation of dynamic property CodeIgniter\HTTP\IncomingRequest::$user is deprecated in APPPATH\Filters\JwtAuthWeb.php on line 32.
 1 SYSTEMPATH\Filters\Filters.php(182): App\Filters\JwtAuthWeb->before(Object(CodeIgniter\HTTP\IncomingRequest), null)
 2 SYSTEMPATH\CodeIgniter.php(475): CodeIgniter\Filters\Filters->run('fetchRisk/fecth_ht_risk/03549', 'before')
 3 SYSTEMPATH\CodeIgniter.php(361): CodeIgniter\CodeIgniter->handleRequest(null, Object(Config\Cache), false)
 4 FCPATH\index.php(79): CodeIgniter\CodeIgniter->run()
INFO - 2026-03-15 21:51:08 --> Session: Class initialized using 'CodeIgniter\Session\Handlers\FileHandler' driver.
WARNING - 2026-03-15 21:51:08 --> [DEPRECATED] Creation of dynamic property CodeIgniter\HTTP\IncomingRequest::$user is deprecated in APPPATH\Filters\JwtAuthWeb.php on line 32.
 1 SYSTEMPATH\Filters\Filters.php(182): App\Filters\JwtAuthWeb->before(Object(CodeIgniter\HTTP\IncomingRequest), null)
 2 SYSTEMPATH\CodeIgniter.php(475): CodeIgniter\Filters\Filters->run('fetchRisk/save_selected_ht', 'before')
 3 SYSTEMPATH\CodeIgniter.php(361): CodeIgniter\CodeIgniter->handleRequest(null, Object(Config\Cache), false)
 4 FCPATH\index.php(79): CodeIgniter\CodeIgniter->run()
CRITICAL - 2026-03-15 21:51:08 --> ErrorException: Undefined array key "hospcode"
in APPPATH\Controllers\HlController.php on line 201.
 1 APPPATH\Controllers\HlController.php(201): CodeIgniter\Debug\Exceptions->errorHandler(2, 'Undefined array key "hospcode"', 'D:\\xampp6\\htdocs\\smm-HL\\app\\Controllers\\HlController.php', 201)
 2 SYSTEMPATH\CodeIgniter.php(943): App\Controllers\HlController->save_selected_ht()
 3 SYSTEMPATH\CodeIgniter.php(503): CodeIgniter\CodeIgniter->runController(Object(App\Controllers\HlController))
 4 SYSTEMPATH\CodeIgniter.php(361): CodeIgniter\CodeIgniter->handleRequest(null, Object(Config\Cache), false)
 5 FCPATH\index.php(79): CodeIgniter\CodeIgniter->run()
INFO - 2026-03-15 21:51:12 --> Session: Class initialized using 'CodeIgniter\Session\Handlers\FileHandler' driver.
WARNING - 2026-03-15 21:51:12 --> [DEPRECATED] Creation of dynamic property CodeIgniter\HTTP\IncomingRequest::$user is deprecated in APPPATH\Filters\JwtAuthWeb.php on line 32.
 1 SYSTEMPATH\Filters\Filters.php(182): App\Filters\JwtAuthWeb->before(Object(CodeIgniter\HTTP\IncomingRequest), null)
 2 SYSTEMPATH\CodeIgniter.php(475): CodeIgniter\Filters\Filters->run('fetchRisk/save_selected_ht', 'before')
 3 SYSTEMPATH\CodeIgniter.php(361): CodeIgniter\CodeIgniter->handleRequest(null, Object(Config\Cache), false)
 4 FCPATH\index.php(79): CodeIgniter\CodeIgniter->run()
CRITICAL - 2026-03-15 21:51:12 --> ErrorException: Undefined array key "hospcode"
in APPPATH\Controllers\HlController.php on line 201.
 1 APPPATH\Controllers\HlController.php(201): CodeIgniter\Debug\Exceptions->errorHandler(2, 'Undefined array key "hospcode"', 'D:\\xampp6\\htdocs\\smm-HL\\app\\Controllers\\HlController.php', 201)
 2 SYSTEMPATH\CodeIgniter.php(943): App\Controllers\HlController->save_selected_ht()
 3 SYSTEMPATH\CodeIgniter.php(503): CodeIgniter\CodeIgniter->runController(Object(App\Controllers\HlController))
 4 SYSTEMPATH\CodeIgniter.php(361): CodeIgniter\CodeIgniter->handleRequest(null, Object(Config\Cache), false)
 5 FCPATH\index.php(79): CodeIgniter\CodeIgniter->run()
INFO - 2026-03-15 21:52:16 --> Session: Class initialized using 'CodeIgniter\Session\Handlers\FileHandler' driver.
WARNING - 2026-03-15 21:52:16 --> [DEPRECATED] Creation of dynamic property CodeIgniter\HTTP\IncomingRequest::$user is deprecated in APPPATH\Filters\JwtAuthWeb.php on line 32.
 1 SYSTEMPATH\Filters\Filters.php(182): App\Filters\JwtAuthWeb->before(Object(CodeIgniter\HTTP\IncomingRequest), null)
 2 SYSTEMPATH\CodeIgniter.php(475): CodeIgniter\Filters\Filters->run('fetchData/riskHT_HL', 'before')
 3 SYSTEMPATH\CodeIgniter.php(361): CodeIgniter\CodeIgniter->handleRequest(null, Object(Config\Cache), false)
 4 FCPATH\index.php(79): CodeIgniter\CodeIgniter->run()
WARNING - 2026-03-15 21:52:16 --> [DEPRECATED] Creation of dynamic property CodeIgniter\HTTP\IncomingRequest::$user is deprecated in APPPATH\Filters\JwtAuth.php on line 47.
 1 SYSTEMPATH\Filters\Filters.php(182): App\Filters\JwtAuth->before(Object(CodeIgniter\HTTP\IncomingRequest), null)
 2 SYSTEMPATH\CodeIgniter.php(475): CodeIgniter\Filters\Filters->run('api/profile', 'before')
 3 SYSTEMPATH\CodeIgniter.php(361): CodeIgniter\CodeIgniter->handleRequest(null, Object(Config\Cache), false)
 4 FCPATH\index.php(79): CodeIgniter\CodeIgniter->run()
INFO - 2026-03-15 21:52:19 --> Session: Class initialized using 'CodeIgniter\Session\Handlers\FileHandler' driver.
WARNING - 2026-03-15 21:52:19 --> [DEPRECATED] Creation of dynamic property CodeIgniter\HTTP\IncomingRequest::$user is deprecated in APPPATH\Filters\JwtAuthWeb.php on line 32.
 1 SYSTEMPATH\Filters\Filters.php(182): App\Filters\JwtAuthWeb->before(Object(CodeIgniter\HTTP\IncomingRequest), null)
 2 SYSTEMPATH\CodeIgniter.php(475): CodeIgniter\Filters\Filters->run('fetchRisk/fecth_ht_risk/03549', 'before')
 3 SYSTEMPATH\CodeIgniter.php(361): CodeIgniter\CodeIgniter->handleRequest(null, Object(Config\Cache), false)
 4 FCPATH\index.php(79): CodeIgniter\CodeIgniter->run()
INFO - 2026-03-15 21:52:21 --> Session: Class initialized using 'CodeIgniter\Session\Handlers\FileHandler' driver.
WARNING - 2026-03-15 21:52:21 --> [DEPRECATED] Creation of dynamic property CodeIgniter\HTTP\IncomingRequest::$user is deprecated in APPPATH\Filters\JwtAuthWeb.php on line 32.
 1 SYSTEMPATH\Filters\Filters.php(182): App\Filters\JwtAuthWeb->before(Object(CodeIgniter\HTTP\IncomingRequest), null)
 2 SYSTEMPATH\CodeIgniter.php(475): CodeIgniter\Filters\Filters->run('fetchRisk/save_selected_ht', 'before')
 3 SYSTEMPATH\CodeIgniter.php(361): CodeIgniter\CodeIgniter->handleRequest(null, Object(Config\Cache), false)
 4 FCPATH\index.php(79): CodeIgniter\CodeIgniter->run()
CRITICAL - 2026-03-15 21:52:21 --> ErrorException: Undefined array key "hospcode"
in APPPATH\Controllers\HlController.php on line 201.
 1 APPPATH\Controllers\HlController.php(201): CodeIgniter\Debug\Exceptions->errorHandler(2, 'Undefined array key "hospcode"', 'D:\\xampp6\\htdocs\\smm-HL\\app\\Controllers\\HlController.php', 201)
 2 SYSTEMPATH\CodeIgniter.php(943): App\Controllers\HlController->save_selected_ht()
 3 SYSTEMPATH\CodeIgniter.php(503): CodeIgniter\CodeIgniter->runController(Object(App\Controllers\HlController))
 4 SYSTEMPATH\CodeIgniter.php(361): CodeIgniter\CodeIgniter->handleRequest(null, Object(Config\Cache), false)
 5 FCPATH\index.php(79): CodeIgniter\CodeIgniter->run()
INFO - 2026-03-15 21:52:23 --> Session: Class initialized using 'CodeIgniter\Session\Handlers\FileHandler' driver.
WARNING - 2026-03-15 21:52:23 --> [DEPRECATED] Creation of dynamic property CodeIgniter\HTTP\IncomingRequest::$user is deprecated in APPPATH\Filters\JwtAuthWeb.php on line 32.
 1 SYSTEMPATH\Filters\Filters.php(182): App\Filters\JwtAuthWeb->before(Object(CodeIgniter\HTTP\IncomingRequest), null)
 2 SYSTEMPATH\CodeIgniter.php(475): CodeIgniter\Filters\Filters->run('fetchRisk/save_selected_ht', 'before')
 3 SYSTEMPATH\CodeIgniter.php(361): CodeIgniter\CodeIgniter->handleRequest(null, Object(Config\Cache), false)
 4 FCPATH\index.php(79): CodeIgniter\CodeIgniter->run()
CRITICAL - 2026-03-15 21:52:23 --> ErrorException: Undefined array key "hospcode"
in APPPATH\Controllers\HlController.php on line 201.
 1 APPPATH\Controllers\HlController.php(201): CodeIgniter\Debug\Exceptions->errorHandler(2, 'Undefined array key "hospcode"', 'D:\\xampp6\\htdocs\\smm-HL\\app\\Controllers\\HlController.php', 201)
 2 SYSTEMPATH\CodeIgniter.php(943): App\Controllers\HlController->save_selected_ht()
 3 SYSTEMPATH\CodeIgniter.php(503): CodeIgniter\CodeIgniter->runController(Object(App\Controllers\HlController))
 4 SYSTEMPATH\CodeIgniter.php(361): CodeIgniter\CodeIgniter->handleRequest(null, Object(Config\Cache), false)
 5 FCPATH\index.php(79): CodeIgniter\CodeIgniter->run()
INFO - 2026-03-15 21:52:43 --> Session: Class initialized using 'CodeIgniter\Session\Handlers\FileHandler' driver.
WARNING - 2026-03-15 21:52:43 --> [DEPRECATED] Creation of dynamic property CodeIgniter\HTTP\IncomingRequest::$user is deprecated in APPPATH\Filters\JwtAuthWeb.php on line 32.
 1 SYSTEMPATH\Filters\Filters.php(182): App\Filters\JwtAuthWeb->before(Object(CodeIgniter\HTTP\IncomingRequest), null)
 2 SYSTEMPATH\CodeIgniter.php(475): CodeIgniter\Filters\Filters->run('fetchRisk/save_selected_ht', 'before')
 3 SYSTEMPATH\CodeIgniter.php(361): CodeIgniter\CodeIgniter->handleRequest(null, Object(Config\Cache), false)
 4 FCPATH\index.php(79): CodeIgniter\CodeIgniter->run()
CRITICAL - 2026-03-15 21:52:43 --> ErrorException: Undefined array key "hospcode"
in APPPATH\Controllers\HlController.php on line 201.
 1 APPPATH\Controllers\HlController.php(201): CodeIgniter\Debug\Exceptions->errorHandler(2, 'Undefined array key "hospcode"', 'D:\\xampp6\\htdocs\\smm-HL\\app\\Controllers\\HlController.php', 201)
 2 SYSTEMPATH\CodeIgniter.php(943): App\Controllers\HlController->save_selected_ht()
 3 SYSTEMPATH\CodeIgniter.php(503): CodeIgniter\CodeIgniter->runController(Object(App\Controllers\HlController))
 4 SYSTEMPATH\CodeIgniter.php(361): CodeIgniter\CodeIgniter->handleRequest(null, Object(Config\Cache), false)
 5 FCPATH\index.php(79): CodeIgniter\CodeIgniter->run()
INFO - 2026-03-15 21:54:38 --> Session: Class initialized using 'CodeIgniter\Session\Handlers\FileHandler' driver.
WARNING - 2026-03-15 21:54:38 --> [DEPRECATED] Creation of dynamic property CodeIgniter\HTTP\IncomingRequest::$user is deprecated in APPPATH\Filters\JwtAuthWeb.php on line 32.
 1 SYSTEMPATH\Filters\Filters.php(182): App\Filters\JwtAuthWeb->before(Object(CodeIgniter\HTTP\IncomingRequest), null)
 2 SYSTEMPATH\CodeIgniter.php(475): CodeIgniter\Filters\Filters->run('fetchData/riskHT_HL', 'before')
 3 SYSTEMPATH\CodeIgniter.php(361): CodeIgniter\CodeIgniter->handleRequest(null, Object(Config\Cache), false)
 4 FCPATH\index.php(79): CodeIgniter\CodeIgniter->run()
WARNING - 2026-03-15 21:54:38 --> [DEPRECATED] Creation of dynamic property CodeIgniter\HTTP\IncomingRequest::$user is deprecated in APPPATH\Filters\JwtAuth.php on line 47.
 1 SYSTEMPATH\Filters\Filters.php(182): App\Filters\JwtAuth->before(Object(CodeIgniter\HTTP\IncomingRequest), null)
 2 SYSTEMPATH\CodeIgniter.php(475): CodeIgniter\Filters\Filters->run('api/profile', 'before')
 3 SYSTEMPATH\CodeIgniter.php(361): CodeIgniter\CodeIgniter->handleRequest(null, Object(Config\Cache), false)
 4 FCPATH\index.php(79): CodeIgniter\CodeIgniter->run()
INFO - 2026-03-15 21:54:40 --> Session: Class initialized using 'CodeIgniter\Session\Handlers\FileHandler' driver.
WARNING - 2026-03-15 21:54:40 --> [DEPRECATED] Creation of dynamic property CodeIgniter\HTTP\IncomingRequest::$user is deprecated in APPPATH\Filters\JwtAuthWeb.php on line 32.
 1 SYSTEMPATH\Filters\Filters.php(182): App\Filters\JwtAuthWeb->before(Object(CodeIgniter\HTTP\IncomingRequest), null)
 2 SYSTEMPATH\CodeIgniter.php(475): CodeIgniter\Filters\Filters->run('fetchRisk/fecth_ht_risk/03545', 'before')
 3 SYSTEMPATH\CodeIgniter.php(361): CodeIgniter\CodeIgniter->handleRequest(null, Object(Config\Cache), false)
 4 FCPATH\index.php(79): CodeIgniter\CodeIgniter->run()
INFO - 2026-03-15 21:54:41 --> Session: Class initialized using 'CodeIgniter\Session\Handlers\FileHandler' driver.
WARNING - 2026-03-15 21:54:41 --> [DEPRECATED] Creation of dynamic property CodeIgniter\HTTP\IncomingRequest::$user is deprecated in APPPATH\Filters\JwtAuthWeb.php on line 32.
 1 SYSTEMPATH\Filters\Filters.php(182): App\Filters\JwtAuthWeb->before(Object(CodeIgniter\HTTP\IncomingRequest), null)
 2 SYSTEMPATH\CodeIgniter.php(475): CodeIgniter\Filters\Filters->run('fetchRisk/save_selected_ht', 'before')
 3 SYSTEMPATH\CodeIgniter.php(361): CodeIgniter\CodeIgniter->handleRequest(null, Object(Config\Cache), false)
 4 FCPATH\index.php(79): CodeIgniter\CodeIgniter->run()
CRITICAL - 2026-03-15 21:54:41 --> ErrorException: Undefined array key "hospcode"
in APPPATH\Controllers\HlController.php on line 202.
 1 APPPATH\Controllers\HlController.php(202): CodeIgniter\Debug\Exceptions->errorHandler(2, 'Undefined array key "hospcode"', 'D:\\xampp6\\htdocs\\smm-HL\\app\\Controllers\\HlController.php', 202)
 2 SYSTEMPATH\CodeIgniter.php(943): App\Controllers\HlController->save_selected_ht()
 3 SYSTEMPATH\CodeIgniter.php(503): CodeIgniter\CodeIgniter->runController(Object(App\Controllers\HlController))
 4 SYSTEMPATH\CodeIgniter.php(361): CodeIgniter\CodeIgniter->handleRequest(null, Object(Config\Cache), false)
 5 FCPATH\index.php(79): CodeIgniter\CodeIgniter->run()
INFO - 2026-03-15 21:55:43 --> Session: Class initialized using 'CodeIgniter\Session\Handlers\FileHandler' driver.
WARNING - 2026-03-15 21:55:43 --> [DEPRECATED] Creation of dynamic property CodeIgniter\HTTP\IncomingRequest::$user is deprecated in APPPATH\Filters\JwtAuthWeb.php on line 32.
 1 SYSTEMPATH\Filters\Filters.php(182): App\Filters\JwtAuthWeb->before(Object(CodeIgniter\HTTP\IncomingRequest), null)
 2 SYSTEMPATH\CodeIgniter.php(475): CodeIgniter\Filters\Filters->run('fetchData/riskHT_HL', 'before')
 3 SYSTEMPATH\CodeIgniter.php(361): CodeIgniter\CodeIgniter->handleRequest(null, Object(Config\Cache), false)
 4 FCPATH\index.php(79): CodeIgniter\CodeIgniter->run()
WARNING - 2026-03-15 21:55:43 --> [DEPRECATED] Creation of dynamic property CodeIgniter\HTTP\IncomingRequest::$user is deprecated in APPPATH\Filters\JwtAuth.php on line 47.
 1 SYSTEMPATH\Filters\Filters.php(182): App\Filters\JwtAuth->before(Object(CodeIgniter\HTTP\IncomingRequest), null)
 2 SYSTEMPATH\CodeIgniter.php(475): CodeIgniter\Filters\Filters->run('api/profile', 'before')
 3 SYSTEMPATH\CodeIgniter.php(361): CodeIgniter\CodeIgniter->handleRequest(null, Object(Config\Cache), false)
 4 FCPATH\index.php(79): CodeIgniter\CodeIgniter->run()
INFO - 2026-03-15 21:55:46 --> Session: Class initialized using 'CodeIgniter\Session\Handlers\FileHandler' driver.
WARNING - 2026-03-15 21:55:46 --> [DEPRECATED] Creation of dynamic property CodeIgniter\HTTP\IncomingRequest::$user is deprecated in APPPATH\Filters\JwtAuthWeb.php on line 32.
 1 SYSTEMPATH\Filters\Filters.php(182): App\Filters\JwtAuthWeb->before(Object(CodeIgniter\HTTP\IncomingRequest), null)
 2 SYSTEMPATH\CodeIgniter.php(475): CodeIgniter\Filters\Filters->run('fetchRisk/fecth_ht_risk/03547', 'before')
 3 SYSTEMPATH\CodeIgniter.php(361): CodeIgniter\CodeIgniter->handleRequest(null, Object(Config\Cache), false)
 4 FCPATH\index.php(79): CodeIgniter\CodeIgniter->run()
INFO - 2026-03-15 21:55:47 --> Session: Class initialized using 'CodeIgniter\Session\Handlers\FileHandler' driver.
WARNING - 2026-03-15 21:55:47 --> [DEPRECATED] Creation of dynamic property CodeIgniter\HTTP\IncomingRequest::$user is deprecated in APPPATH\Filters\JwtAuthWeb.php on line 32.
 1 SYSTEMPATH\Filters\Filters.php(182): App\Filters\JwtAuthWeb->before(Object(CodeIgniter\HTTP\IncomingRequest), null)
 2 SYSTEMPATH\CodeIgniter.php(475): CodeIgniter\Filters\Filters->run('fetchRisk/fecth_ht_risk/03545', 'before')
 3 SYSTEMPATH\CodeIgniter.php(361): CodeIgniter\CodeIgniter->handleRequest(null, Object(Config\Cache), false)
 4 FCPATH\index.php(79): CodeIgniter\CodeIgniter->run()
INFO - 2026-03-15 21:55:50 --> Session: Class initialized using 'CodeIgniter\Session\Handlers\FileHandler' driver.
WARNING - 2026-03-15 21:55:50 --> [DEPRECATED] Creation of dynamic property CodeIgniter\HTTP\IncomingRequest::$user is deprecated in APPPATH\Filters\JwtAuthWeb.php on line 32.
 1 SYSTEMPATH\Filters\Filters.php(182): App\Filters\JwtAuthWeb->before(Object(CodeIgniter\HTTP\IncomingRequest), null)
 2 SYSTEMPATH\CodeIgniter.php(475): CodeIgniter\Filters\Filters->run('fetchRisk/save_selected_ht', 'before')
 3 SYSTEMPATH\CodeIgniter.php(361): CodeIgniter\CodeIgniter->handleRequest(null, Object(Config\Cache), false)
 4 FCPATH\index.php(79): CodeIgniter\CodeIgniter->run()
CRITICAL - 2026-03-15 21:55:51 --> ErrorException: Trying to access array offset on value of type null
in APPPATH\Controllers\HlController.php on line 202.
 1 APPPATH\Controllers\HlController.php(202): CodeIgniter\Debug\Exceptions->errorHandler(2, 'Trying to access array offset on value of type null', 'D:\\xampp6\\htdocs\\smm-HL\\app\\Controllers\\HlController.php', 202)
 2 SYSTEMPATH\CodeIgniter.php(943): App\Controllers\HlController->save_selected_ht()
 3 SYSTEMPATH\CodeIgniter.php(503): CodeIgniter\CodeIgniter->runController(Object(App\Controllers\HlController))
 4 SYSTEMPATH\CodeIgniter.php(361): CodeIgniter\CodeIgniter->handleRequest(null, Object(Config\Cache), false)
 5 FCPATH\index.php(79): CodeIgniter\CodeIgniter->run()
INFO - 2026-03-15 21:57:07 --> Session: Class initialized using 'CodeIgniter\Session\Handlers\FileHandler' driver.
WARNING - 2026-03-15 21:57:07 --> [DEPRECATED] Creation of dynamic property CodeIgniter\HTTP\IncomingRequest::$user is deprecated in APPPATH\Filters\JwtAuthWeb.php on line 32.
 1 SYSTEMPATH\Filters\Filters.php(182): App\Filters\JwtAuthWeb->before(Object(CodeIgniter\HTTP\IncomingRequest), null)
 2 SYSTEMPATH\CodeIgniter.php(475): CodeIgniter\Filters\Filters->run('fetchData/riskHT_HL', 'before')
 3 SYSTEMPATH\CodeIgniter.php(361): CodeIgniter\CodeIgniter->handleRequest(null, Object(Config\Cache), false)
 4 FCPATH\index.php(79): CodeIgniter\CodeIgniter->run()
WARNING - 2026-03-15 21:57:08 --> [DEPRECATED] Creation of dynamic property CodeIgniter\HTTP\IncomingRequest::$user is deprecated in APPPATH\Filters\JwtAuth.php on line 47.
 1 SYSTEMPATH\Filters\Filters.php(182): App\Filters\JwtAuth->before(Object(CodeIgniter\HTTP\IncomingRequest), null)
 2 SYSTEMPATH\CodeIgniter.php(475): CodeIgniter\Filters\Filters->run('api/profile', 'before')
 3 SYSTEMPATH\CodeIgniter.php(361): CodeIgniter\CodeIgniter->handleRequest(null, Object(Config\Cache), false)
 4 FCPATH\index.php(79): CodeIgniter\CodeIgniter->run()
INFO - 2026-03-15 21:57:10 --> Session: Class initialized using 'CodeIgniter\Session\Handlers\FileHandler' driver.
WARNING - 2026-03-15 21:57:10 --> [DEPRECATED] Creation of dynamic property CodeIgniter\HTTP\IncomingRequest::$user is deprecated in APPPATH\Filters\JwtAuthWeb.php on line 32.
 1 SYSTEMPATH\Filters\Filters.php(182): App\Filters\JwtAuthWeb->before(Object(CodeIgniter\HTTP\IncomingRequest), null)
 2 SYSTEMPATH\CodeIgniter.php(475): CodeIgniter\Filters\Filters->run('fetchRisk/fecth_ht_risk/03545', 'before')
 3 SYSTEMPATH\CodeIgniter.php(361): CodeIgniter\CodeIgniter->handleRequest(null, Object(Config\Cache), false)
 4 FCPATH\index.php(79): CodeIgniter\CodeIgniter->run()
INFO - 2026-03-15 21:57:13 --> Session: Class initialized using 'CodeIgniter\Session\Handlers\FileHandler' driver.
WARNING - 2026-03-15 21:57:13 --> [DEPRECATED] Creation of dynamic property CodeIgniter\HTTP\IncomingRequest::$user is deprecated in APPPATH\Filters\JwtAuthWeb.php on line 32.
 1 SYSTEMPATH\Filters\Filters.php(182): App\Filters\JwtAuthWeb->before(Object(CodeIgniter\HTTP\IncomingRequest), null)
 2 SYSTEMPATH\CodeIgniter.php(475): CodeIgniter\Filters\Filters->run('fetchRisk/save_selected_ht', 'before')
 3 SYSTEMPATH\CodeIgniter.php(361): CodeIgniter\CodeIgniter->handleRequest(null, Object(Config\Cache), false)
 4 FCPATH\index.php(79): CodeIgniter\CodeIgniter->run()
INFO - 2026-03-15 21:57:13 --> Session: Class initialized using 'CodeIgniter\Session\Handlers\FileHandler' driver.
WARNING - 2026-03-15 21:57:13 --> [DEPRECATED] Creation of dynamic property CodeIgniter\HTTP\IncomingRequest::$user is deprecated in APPPATH\Filters\JwtAuthWeb.php on line 32.
 1 SYSTEMPATH\Filters\Filters.php(182): App\Filters\JwtAuthWeb->before(Object(CodeIgniter\HTTP\IncomingRequest), null)
 2 SYSTEMPATH\CodeIgniter.php(475): CodeIgniter\Filters\Filters->run('fetchRisk/fecth_ht_risk/03545', 'before')
 3 SYSTEMPATH\CodeIgniter.php(361): CodeIgniter\CodeIgniter->handleRequest(null, Object(Config\Cache), false)
 4 FCPATH\index.php(79): CodeIgniter\CodeIgniter->run()
