INFO - 2026-02-28 09:21:30 --> Session: Class initialized using 'CodeIgniter\Session\Handlers\FileHandler' driver.
INFO - 2026-02-28 09:21:32 --> Session: Class initialized using 'CodeIgniter\Session\Handlers\FileHandler' driver.
WARNING - 2026-02-28 09:21:32 --> [DEPRECATED] Creation of dynamic property CodeIgniter\HTTP\IncomingRequest::$user is deprecated in APPPATH\Filters\JwtAuthWeb.php on line 32.
 1 SYSTEMPATH\Filters\Filters.php(182): App\Filters\JwtAuthWeb->before(Object(CodeIgniter\HTTP\IncomingRequest), null)
 2 SYSTEMPATH\CodeIgniter.php(475): CodeIgniter\Filters\Filters->run('setting/dashboard-page', 'before')
 3 SYSTEMPATH\CodeIgniter.php(361): CodeIgniter\CodeIgniter->handleRequest(null, Object(Config\Cache), false)
 4 FCPATH\index.php(79): CodeIgniter\CodeIgniter->run()
WARNING - 2026-02-28 09:21:32 --> [DEPRECATED] Creation of dynamic property CodeIgniter\HTTP\IncomingRequest::$user is deprecated in APPPATH\Filters\JwtAuth.php on line 47.
 1 SYSTEMPATH\Filters\Filters.php(182): App\Filters\JwtAuth->before(Object(CodeIgniter\HTTP\IncomingRequest), null)
 2 SYSTEMPATH\CodeIgniter.php(475): CodeIgniter\Filters\Filters->run('api/profile', 'before')
 3 SYSTEMPATH\CodeIgniter.php(361): CodeIgniter\CodeIgniter->handleRequest(null, Object(Config\Cache), false)
 4 FCPATH\index.php(79): CodeIgniter\CodeIgniter->run()
INFO - 2026-02-28 09:21:34 --> Session: Class initialized using 'CodeIgniter\Session\Handlers\FileHandler' driver.
WARNING - 2026-02-28 09:21:34 --> [DEPRECATED] Creation of dynamic property CodeIgniter\HTTP\IncomingRequest::$user is deprecated in APPPATH\Filters\JwtAuthWeb.php on line 32.
 1 SYSTEMPATH\Filters\Filters.php(182): App\Filters\JwtAuthWeb->before(Object(CodeIgniter\HTTP\IncomingRequest), null)
 2 SYSTEMPATH\CodeIgniter.php(475): CodeIgniter\Filters\Filters->run('mobile-page', 'before')
 3 SYSTEMPATH\CodeIgniter.php(361): CodeIgniter\CodeIgniter->handleRequest(null, Object(Config\Cache), false)
 4 FCPATH\index.php(79): CodeIgniter\CodeIgniter->run()
WARNING - 2026-02-28 09:21:34 --> [DEPRECATED] Optional parameter $cg declared before required parameter $hcode is implicitly treated as a required parameter in APPPATH\Models\cgserviceModel.php on line 93.
 1 SYSTEMPATH\Autoloader\Autoloader.php(311): include_once('D:\\xampp6\\htdocs\\project-jwt\\vendor\\codeigniter4\\framework\\system\\Debug\\Exceptions.php')
 2 SYSTEMPATH\Autoloader\Autoloader.php(290): CodeIgniter\Autoloader\Autoloader->includeFile('D:\\xampp6\\htdocs\\project-jwt\\app\\Models\\cgserviceModel.php')
 3 SYSTEMPATH\Autoloader\Autoloader.php(266): CodeIgniter\Autoloader\Autoloader->loadInNamespace('App\\Models\\cgserviceModel')
 4 APPPATH\Controllers\mobileController.php(36): CodeIgniter\Autoloader\Autoloader->loadClass('App\\Models\\cgserviceModel')
 5 SYSTEMPATH\CodeIgniter.php(915): App\Controllers\MobileController->__construct()
 6 SYSTEMPATH\CodeIgniter.php(494): CodeIgniter\CodeIgniter->createController()
 7 SYSTEMPATH\CodeIgniter.php(361): CodeIgniter\CodeIgniter->handleRequest(null, Object(Config\Cache), false)
 8 FCPATH\index.php(79): CodeIgniter\CodeIgniter->run()
INFO - 2026-02-28 09:21:37 --> Session: Class initialized using 'CodeIgniter\Session\Handlers\FileHandler' driver.
WARNING - 2026-02-28 09:21:37 --> [DEPRECATED] Creation of dynamic property CodeIgniter\HTTP\IncomingRequest::$user is deprecated in APPPATH\Filters\JwtAuthWeb.php on line 32.
 1 SYSTEMPATH\Filters\Filters.php(182): App\Filters\JwtAuthWeb->before(Object(CodeIgniter\HTTP\IncomingRequest), null)
 2 SYSTEMPATH\CodeIgniter.php(475): CodeIgniter\Filters\Filters->run('visit_ptbed', 'before')
 3 SYSTEMPATH\CodeIgniter.php(361): CodeIgniter\CodeIgniter->handleRequest(null, Object(Config\Cache), false)
 4 FCPATH\index.php(79): CodeIgniter\CodeIgniter->run()
WARNING - 2026-02-28 09:21:37 --> [DEPRECATED] Optional parameter $cg declared before required parameter $hcode is implicitly treated as a required parameter in APPPATH\Models\cgserviceModel.php on line 93.
 1 SYSTEMPATH\Autoloader\Autoloader.php(311): include_once('D:\\xampp6\\htdocs\\project-jwt\\vendor\\codeigniter4\\framework\\system\\Debug\\Exceptions.php')
 2 SYSTEMPATH\Autoloader\Autoloader.php(290): CodeIgniter\Autoloader\Autoloader->includeFile('D:\\xampp6\\htdocs\\project-jwt\\app\\Models\\cgserviceModel.php')
 3 SYSTEMPATH\Autoloader\Autoloader.php(266): CodeIgniter\Autoloader\Autoloader->loadInNamespace('App\\Models\\cgserviceModel')
 4 APPPATH\Controllers\mobileController.php(36): CodeIgniter\Autoloader\Autoloader->loadClass('App\\Models\\cgserviceModel')
 5 SYSTEMPATH\CodeIgniter.php(915): App\Controllers\MobileController->__construct()
 6 SYSTEMPATH\CodeIgniter.php(494): CodeIgniter\CodeIgniter->createController()
 7 SYSTEMPATH\CodeIgniter.php(361): CodeIgniter\CodeIgniter->handleRequest(null, Object(Config\Cache), false)
 8 FCPATH\index.php(79): CodeIgniter\CodeIgniter->run()
INFO - 2026-02-28 09:21:39 --> Session: Class initialized using 'CodeIgniter\Session\Handlers\FileHandler' driver.
WARNING - 2026-02-28 09:21:39 --> [DEPRECATED] Creation of dynamic property CodeIgniter\HTTP\IncomingRequest::$user is deprecated in APPPATH\Filters\JwtAuthWeb.php on line 32.
 1 SYSTEMPATH\Filters\Filters.php(182): App\Filters\JwtAuthWeb->before(Object(CodeIgniter\HTTP\IncomingRequest), null)
 2 SYSTEMPATH\CodeIgniter.php(475): CodeIgniter\Filters\Filters->run('cg_service/257', 'before')
 3 SYSTEMPATH\CodeIgniter.php(361): CodeIgniter\CodeIgniter->handleRequest(null, Object(Config\Cache), false)
 4 FCPATH\index.php(79): CodeIgniter\CodeIgniter->run()
WARNING - 2026-02-28 09:21:39 --> [DEPRECATED] Optional parameter $cg declared before required parameter $hcode is implicitly treated as a required parameter in APPPATH\Models\cgserviceModel.php on line 93.
 1 SYSTEMPATH\Autoloader\Autoloader.php(311): include_once('D:\\xampp6\\htdocs\\project-jwt\\vendor\\codeigniter4\\framework\\system\\Debug\\Exceptions.php')
 2 SYSTEMPATH\Autoloader\Autoloader.php(290): CodeIgniter\Autoloader\Autoloader->includeFile('D:\\xampp6\\htdocs\\project-jwt\\app\\Models\\cgserviceModel.php')
 3 SYSTEMPATH\Autoloader\Autoloader.php(266): CodeIgniter\Autoloader\Autoloader->loadInNamespace('App\\Models\\cgserviceModel')
 4 APPPATH\Controllers\mobileController.php(36): CodeIgniter\Autoloader\Autoloader->loadClass('App\\Models\\cgserviceModel')
 5 SYSTEMPATH\CodeIgniter.php(915): App\Controllers\MobileController->__construct()
 6 SYSTEMPATH\CodeIgniter.php(494): CodeIgniter\CodeIgniter->createController()
 7 SYSTEMPATH\CodeIgniter.php(361): CodeIgniter\CodeIgniter->handleRequest(null, Object(Config\Cache), false)
 8 FCPATH\index.php(79): CodeIgniter\CodeIgniter->run()
INFO - 2026-02-28 09:21:53 --> Session: Class initialized using 'CodeIgniter\Session\Handlers\FileHandler' driver.
WARNING - 2026-02-28 09:21:53 --> [DEPRECATED] Creation of dynamic property CodeIgniter\HTTP\IncomingRequest::$user is deprecated in APPPATH\Filters\JwtAuthWeb.php on line 32.
 1 SYSTEMPATH\Filters\Filters.php(182): App\Filters\JwtAuthWeb->before(Object(CodeIgniter\HTTP\IncomingRequest), null)
 2 SYSTEMPATH\CodeIgniter.php(475): CodeIgniter\Filters\Filters->run('ltc_visit/257', 'before')
 3 SYSTEMPATH\CodeIgniter.php(361): CodeIgniter\CodeIgniter->handleRequest(null, Object(Config\Cache), false)
 4 FCPATH\index.php(79): CodeIgniter\CodeIgniter->run()
WARNING - 2026-02-28 09:21:53 --> [DEPRECATED] Optional parameter $cg declared before required parameter $hcode is implicitly treated as a required parameter in APPPATH\Models\cgserviceModel.php on line 93.
 1 SYSTEMPATH\Autoloader\Autoloader.php(311): include_once('D:\\xampp6\\htdocs\\project-jwt\\vendor\\codeigniter4\\framework\\system\\Debug\\Exceptions.php')
 2 SYSTEMPATH\Autoloader\Autoloader.php(290): CodeIgniter\Autoloader\Autoloader->includeFile('D:\\xampp6\\htdocs\\project-jwt\\app\\Models\\cgserviceModel.php')
 3 SYSTEMPATH\Autoloader\Autoloader.php(266): CodeIgniter\Autoloader\Autoloader->loadInNamespace('App\\Models\\cgserviceModel')
 4 APPPATH\Controllers\mobileController.php(36): CodeIgniter\Autoloader\Autoloader->loadClass('App\\Models\\cgserviceModel')
 5 SYSTEMPATH\CodeIgniter.php(915): App\Controllers\MobileController->__construct()
 6 SYSTEMPATH\CodeIgniter.php(494): CodeIgniter\CodeIgniter->createController()
 7 SYSTEMPATH\CodeIgniter.php(361): CodeIgniter\CodeIgniter->handleRequest(null, Object(Config\Cache), false)
 8 FCPATH\index.php(79): CodeIgniter\CodeIgniter->run()
INFO - 2026-02-28 09:23:04 --> Session: Class initialized using 'CodeIgniter\Session\Handlers\FileHandler' driver.
WARNING - 2026-02-28 09:23:04 --> [DEPRECATED] Creation of dynamic property CodeIgniter\HTTP\IncomingRequest::$user is deprecated in APPPATH\Filters\JwtAuthWeb.php on line 32.
 1 SYSTEMPATH\Filters\Filters.php(182): App\Filters\JwtAuthWeb->before(Object(CodeIgniter\HTTP\IncomingRequest), null)
 2 SYSTEMPATH\CodeIgniter.php(475): CodeIgniter\Filters\Filters->run('cg_service/257', 'before')
 3 SYSTEMPATH\CodeIgniter.php(361): CodeIgniter\CodeIgniter->handleRequest(null, Object(Config\Cache), false)
 4 FCPATH\index.php(79): CodeIgniter\CodeIgniter->run()
WARNING - 2026-02-28 09:23:04 --> [DEPRECATED] Optional parameter $cg declared before required parameter $hcode is implicitly treated as a required parameter in APPPATH\Models\cgserviceModel.php on line 93.
 1 SYSTEMPATH\Autoloader\Autoloader.php(311): include_once('D:\\xampp6\\htdocs\\project-jwt\\vendor\\codeigniter4\\framework\\system\\Debug\\Exceptions.php')
 2 SYSTEMPATH\Autoloader\Autoloader.php(290): CodeIgniter\Autoloader\Autoloader->includeFile('D:\\xampp6\\htdocs\\project-jwt\\app\\Models\\cgserviceModel.php')
 3 SYSTEMPATH\Autoloader\Autoloader.php(266): CodeIgniter\Autoloader\Autoloader->loadInNamespace('App\\Models\\cgserviceModel')
 4 APPPATH\Controllers\mobileController.php(36): CodeIgniter\Autoloader\Autoloader->loadClass('App\\Models\\cgserviceModel')
 5 SYSTEMPATH\CodeIgniter.php(915): App\Controllers\MobileController->__construct()
 6 SYSTEMPATH\CodeIgniter.php(494): CodeIgniter\CodeIgniter->createController()
 7 SYSTEMPATH\CodeIgniter.php(361): CodeIgniter\CodeIgniter->handleRequest(null, Object(Config\Cache), false)
 8 FCPATH\index.php(79): CodeIgniter\CodeIgniter->run()
INFO - 2026-02-28 09:23:06 --> Session: Class initialized using 'CodeIgniter\Session\Handlers\FileHandler' driver.
WARNING - 2026-02-28 09:23:06 --> [DEPRECATED] Creation of dynamic property CodeIgniter\HTTP\IncomingRequest::$user is deprecated in APPPATH\Filters\JwtAuthWeb.php on line 32.
 1 SYSTEMPATH\Filters\Filters.php(182): App\Filters\JwtAuthWeb->before(Object(CodeIgniter\HTTP\IncomingRequest), null)
 2 SYSTEMPATH\CodeIgniter.php(475): CodeIgniter\Filters\Filters->run('visit_ptbed', 'before')
 3 SYSTEMPATH\CodeIgniter.php(361): CodeIgniter\CodeIgniter->handleRequest(null, Object(Config\Cache), false)
 4 FCPATH\index.php(79): CodeIgniter\CodeIgniter->run()
WARNING - 2026-02-28 09:23:06 --> [DEPRECATED] Optional parameter $cg declared before required parameter $hcode is implicitly treated as a required parameter in APPPATH\Models\cgserviceModel.php on line 93.
 1 SYSTEMPATH\Autoloader\Autoloader.php(311): include_once('D:\\xampp6\\htdocs\\project-jwt\\vendor\\codeigniter4\\framework\\system\\Debug\\Exceptions.php')
 2 SYSTEMPATH\Autoloader\Autoloader.php(290): CodeIgniter\Autoloader\Autoloader->includeFile('D:\\xampp6\\htdocs\\project-jwt\\app\\Models\\cgserviceModel.php')
 3 SYSTEMPATH\Autoloader\Autoloader.php(266): CodeIgniter\Autoloader\Autoloader->loadInNamespace('App\\Models\\cgserviceModel')
 4 APPPATH\Controllers\mobileController.php(36): CodeIgniter\Autoloader\Autoloader->loadClass('App\\Models\\cgserviceModel')
 5 SYSTEMPATH\CodeIgniter.php(915): App\Controllers\MobileController->__construct()
 6 SYSTEMPATH\CodeIgniter.php(494): CodeIgniter\CodeIgniter->createController()
 7 SYSTEMPATH\CodeIgniter.php(361): CodeIgniter\CodeIgniter->handleRequest(null, Object(Config\Cache), false)
 8 FCPATH\index.php(79): CodeIgniter\CodeIgniter->run()
INFO - 2026-02-28 09:23:07 --> Session: Class initialized using 'CodeIgniter\Session\Handlers\FileHandler' driver.
WARNING - 2026-02-28 09:23:07 --> [DEPRECATED] Creation of dynamic property CodeIgniter\HTTP\IncomingRequest::$user is deprecated in APPPATH\Filters\JwtAuthWeb.php on line 32.
 1 SYSTEMPATH\Filters\Filters.php(182): App\Filters\JwtAuthWeb->before(Object(CodeIgniter\HTTP\IncomingRequest), null)
 2 SYSTEMPATH\CodeIgniter.php(475): CodeIgniter\Filters\Filters->run('cg_service/256', 'before')
 3 SYSTEMPATH\CodeIgniter.php(361): CodeIgniter\CodeIgniter->handleRequest(null, Object(Config\Cache), false)
 4 FCPATH\index.php(79): CodeIgniter\CodeIgniter->run()
WARNING - 2026-02-28 09:23:07 --> [DEPRECATED] Optional parameter $cg declared before required parameter $hcode is implicitly treated as a required parameter in APPPATH\Models\cgserviceModel.php on line 93.
 1 SYSTEMPATH\Autoloader\Autoloader.php(311): include_once('D:\\xampp6\\htdocs\\project-jwt\\vendor\\codeigniter4\\framework\\system\\Debug\\Exceptions.php')
 2 SYSTEMPATH\Autoloader\Autoloader.php(290): CodeIgniter\Autoloader\Autoloader->includeFile('D:\\xampp6\\htdocs\\project-jwt\\app\\Models\\cgserviceModel.php')
 3 SYSTEMPATH\Autoloader\Autoloader.php(266): CodeIgniter\Autoloader\Autoloader->loadInNamespace('App\\Models\\cgserviceModel')
 4 APPPATH\Controllers\mobileController.php(36): CodeIgniter\Autoloader\Autoloader->loadClass('App\\Models\\cgserviceModel')
 5 SYSTEMPATH\CodeIgniter.php(915): App\Controllers\MobileController->__construct()
 6 SYSTEMPATH\CodeIgniter.php(494): CodeIgniter\CodeIgniter->createController()
 7 SYSTEMPATH\CodeIgniter.php(361): CodeIgniter\CodeIgniter->handleRequest(null, Object(Config\Cache), false)
 8 FCPATH\index.php(79): CodeIgniter\CodeIgniter->run()
INFO - 2026-02-28 09:23:12 --> Session: Class initialized using 'CodeIgniter\Session\Handlers\FileHandler' driver.
WARNING - 2026-02-28 09:23:12 --> [DEPRECATED] Creation of dynamic property CodeIgniter\HTTP\IncomingRequest::$user is deprecated in APPPATH\Filters\JwtAuthWeb.php on line 32.
 1 SYSTEMPATH\Filters\Filters.php(182): App\Filters\JwtAuthWeb->before(Object(CodeIgniter\HTTP\IncomingRequest), null)
 2 SYSTEMPATH\CodeIgniter.php(475): CodeIgniter\Filters\Filters->run('visit_ptbed', 'before')
 3 SYSTEMPATH\CodeIgniter.php(361): CodeIgniter\CodeIgniter->handleRequest(null, Object(Config\Cache), false)
 4 FCPATH\index.php(79): CodeIgniter\CodeIgniter->run()
WARNING - 2026-02-28 09:23:12 --> [DEPRECATED] Optional parameter $cg declared before required parameter $hcode is implicitly treated as a required parameter in APPPATH\Models\cgserviceModel.php on line 93.
 1 SYSTEMPATH\Autoloader\Autoloader.php(311): include_once('D:\\xampp6\\htdocs\\project-jwt\\vendor\\codeigniter4\\framework\\system\\Debug\\Exceptions.php')
 2 SYSTEMPATH\Autoloader\Autoloader.php(290): CodeIgniter\Autoloader\Autoloader->includeFile('D:\\xampp6\\htdocs\\project-jwt\\app\\Models\\cgserviceModel.php')
 3 SYSTEMPATH\Autoloader\Autoloader.php(266): CodeIgniter\Autoloader\Autoloader->loadInNamespace('App\\Models\\cgserviceModel')
 4 APPPATH\Controllers\mobileController.php(36): CodeIgniter\Autoloader\Autoloader->loadClass('App\\Models\\cgserviceModel')
 5 SYSTEMPATH\CodeIgniter.php(915): App\Controllers\MobileController->__construct()
 6 SYSTEMPATH\CodeIgniter.php(494): CodeIgniter\CodeIgniter->createController()
 7 SYSTEMPATH\CodeIgniter.php(361): CodeIgniter\CodeIgniter->handleRequest(null, Object(Config\Cache), false)
 8 FCPATH\index.php(79): CodeIgniter\CodeIgniter->run()
INFO - 2026-02-28 09:23:15 --> Session: Class initialized using 'CodeIgniter\Session\Handlers\FileHandler' driver.
WARNING - 2026-02-28 09:23:15 --> [DEPRECATED] Creation of dynamic property CodeIgniter\HTTP\IncomingRequest::$user is deprecated in APPPATH\Filters\JwtAuthWeb.php on line 32.
 1 SYSTEMPATH\Filters\Filters.php(182): App\Filters\JwtAuthWeb->before(Object(CodeIgniter\HTTP\IncomingRequest), null)
 2 SYSTEMPATH\CodeIgniter.php(475): CodeIgniter\Filters\Filters->run('cg_service/262', 'before')
 3 SYSTEMPATH\CodeIgniter.php(361): CodeIgniter\CodeIgniter->handleRequest(null, Object(Config\Cache), false)
 4 FCPATH\index.php(79): CodeIgniter\CodeIgniter->run()
WARNING - 2026-02-28 09:23:15 --> [DEPRECATED] Optional parameter $cg declared before required parameter $hcode is implicitly treated as a required parameter in APPPATH\Models\cgserviceModel.php on line 93.
 1 SYSTEMPATH\Autoloader\Autoloader.php(311): include_once('D:\\xampp6\\htdocs\\project-jwt\\vendor\\codeigniter4\\framework\\system\\Debug\\Exceptions.php')
 2 SYSTEMPATH\Autoloader\Autoloader.php(290): CodeIgniter\Autoloader\Autoloader->includeFile('D:\\xampp6\\htdocs\\project-jwt\\app\\Models\\cgserviceModel.php')
 3 SYSTEMPATH\Autoloader\Autoloader.php(266): CodeIgniter\Autoloader\Autoloader->loadInNamespace('App\\Models\\cgserviceModel')
 4 APPPATH\Controllers\mobileController.php(36): CodeIgniter\Autoloader\Autoloader->loadClass('App\\Models\\cgserviceModel')
 5 SYSTEMPATH\CodeIgniter.php(915): App\Controllers\MobileController->__construct()
 6 SYSTEMPATH\CodeIgniter.php(494): CodeIgniter\CodeIgniter->createController()
 7 SYSTEMPATH\CodeIgniter.php(361): CodeIgniter\CodeIgniter->handleRequest(null, Object(Config\Cache), false)
 8 FCPATH\index.php(79): CodeIgniter\CodeIgniter->run()
INFO - 2026-02-28 09:25:40 --> Session: Class initialized using 'CodeIgniter\Session\Handlers\FileHandler' driver.
WARNING - 2026-02-28 09:25:40 --> [DEPRECATED] Creation of dynamic property CodeIgniter\HTTP\IncomingRequest::$user is deprecated in APPPATH\Filters\JwtAuthWeb.php on line 32.
 1 SYSTEMPATH\Filters\Filters.php(182): App\Filters\JwtAuthWeb->before(Object(CodeIgniter\HTTP\IncomingRequest), null)
 2 SYSTEMPATH\CodeIgniter.php(475): CodeIgniter\Filters\Filters->run('cg_service/262', 'before')
 3 SYSTEMPATH\CodeIgniter.php(361): CodeIgniter\CodeIgniter->handleRequest(null, Object(Config\Cache), false)
 4 FCPATH\index.php(79): CodeIgniter\CodeIgniter->run()
WARNING - 2026-02-28 09:25:40 --> [DEPRECATED] Optional parameter $cg declared before required parameter $hcode is implicitly treated as a required parameter in APPPATH\Models\cgserviceModel.php on line 93.
 1 SYSTEMPATH\Autoloader\Autoloader.php(311): include_once('D:\\xampp6\\htdocs\\project-jwt\\vendor\\codeigniter4\\framework\\system\\Debug\\Exceptions.php')
 2 SYSTEMPATH\Autoloader\Autoloader.php(290): CodeIgniter\Autoloader\Autoloader->includeFile('D:\\xampp6\\htdocs\\project-jwt\\app\\Models\\cgserviceModel.php')
 3 SYSTEMPATH\Autoloader\Autoloader.php(266): CodeIgniter\Autoloader\Autoloader->loadInNamespace('App\\Models\\cgserviceModel')
 4 APPPATH\Controllers\mobileController.php(36): CodeIgniter\Autoloader\Autoloader->loadClass('App\\Models\\cgserviceModel')
 5 SYSTEMPATH\CodeIgniter.php(915): App\Controllers\MobileController->__construct()
 6 SYSTEMPATH\CodeIgniter.php(494): CodeIgniter\CodeIgniter->createController()
 7 SYSTEMPATH\CodeIgniter.php(361): CodeIgniter\CodeIgniter->handleRequest(null, Object(Config\Cache), false)
 8 FCPATH\index.php(79): CodeIgniter\CodeIgniter->run()
INFO - 2026-02-28 09:25:46 --> Session: Class initialized using 'CodeIgniter\Session\Handlers\FileHandler' driver.
WARNING - 2026-02-28 09:25:46 --> [DEPRECATED] Creation of dynamic property CodeIgniter\HTTP\IncomingRequest::$user is deprecated in APPPATH\Filters\JwtAuthWeb.php on line 32.
 1 SYSTEMPATH\Filters\Filters.php(182): App\Filters\JwtAuthWeb->before(Object(CodeIgniter\HTTP\IncomingRequest), null)
 2 SYSTEMPATH\CodeIgniter.php(475): CodeIgniter\Filters\Filters->run('visit_ptbed', 'before')
 3 SYSTEMPATH\CodeIgniter.php(361): CodeIgniter\CodeIgniter->handleRequest(null, Object(Config\Cache), false)
 4 FCPATH\index.php(79): CodeIgniter\CodeIgniter->run()
WARNING - 2026-02-28 09:25:46 --> [DEPRECATED] Optional parameter $cg declared before required parameter $hcode is implicitly treated as a required parameter in APPPATH\Models\cgserviceModel.php on line 93.
 1 SYSTEMPATH\Autoloader\Autoloader.php(311): include_once('D:\\xampp6\\htdocs\\project-jwt\\vendor\\codeigniter4\\framework\\system\\Debug\\Exceptions.php')
 2 SYSTEMPATH\Autoloader\Autoloader.php(290): CodeIgniter\Autoloader\Autoloader->includeFile('D:\\xampp6\\htdocs\\project-jwt\\app\\Models\\cgserviceModel.php')
 3 SYSTEMPATH\Autoloader\Autoloader.php(266): CodeIgniter\Autoloader\Autoloader->loadInNamespace('App\\Models\\cgserviceModel')
 4 APPPATH\Controllers\mobileController.php(36): CodeIgniter\Autoloader\Autoloader->loadClass('App\\Models\\cgserviceModel')
 5 SYSTEMPATH\CodeIgniter.php(915): App\Controllers\MobileController->__construct()
 6 SYSTEMPATH\CodeIgniter.php(494): CodeIgniter\CodeIgniter->createController()
 7 SYSTEMPATH\CodeIgniter.php(361): CodeIgniter\CodeIgniter->handleRequest(null, Object(Config\Cache), false)
 8 FCPATH\index.php(79): CodeIgniter\CodeIgniter->run()
INFO - 2026-02-28 09:25:49 --> Session: Class initialized using 'CodeIgniter\Session\Handlers\FileHandler' driver.
WARNING - 2026-02-28 09:25:49 --> [DEPRECATED] Creation of dynamic property CodeIgniter\HTTP\IncomingRequest::$user is deprecated in APPPATH\Filters\JwtAuthWeb.php on line 32.
 1 SYSTEMPATH\Filters\Filters.php(182): App\Filters\JwtAuthWeb->before(Object(CodeIgniter\HTTP\IncomingRequest), null)
 2 SYSTEMPATH\CodeIgniter.php(475): CodeIgniter\Filters\Filters->run('cg_service/256', 'before')
 3 SYSTEMPATH\CodeIgniter.php(361): CodeIgniter\CodeIgniter->handleRequest(null, Object(Config\Cache), false)
 4 FCPATH\index.php(79): CodeIgniter\CodeIgniter->run()
WARNING - 2026-02-28 09:25:49 --> [DEPRECATED] Optional parameter $cg declared before required parameter $hcode is implicitly treated as a required parameter in APPPATH\Models\cgserviceModel.php on line 93.
 1 SYSTEMPATH\Autoloader\Autoloader.php(311): include_once('D:\\xampp6\\htdocs\\project-jwt\\vendor\\codeigniter4\\framework\\system\\Debug\\Exceptions.php')
 2 SYSTEMPATH\Autoloader\Autoloader.php(290): CodeIgniter\Autoloader\Autoloader->includeFile('D:\\xampp6\\htdocs\\project-jwt\\app\\Models\\cgserviceModel.php')
 3 SYSTEMPATH\Autoloader\Autoloader.php(266): CodeIgniter\Autoloader\Autoloader->loadInNamespace('App\\Models\\cgserviceModel')
 4 APPPATH\Controllers\mobileController.php(36): CodeIgniter\Autoloader\Autoloader->loadClass('App\\Models\\cgserviceModel')
 5 SYSTEMPATH\CodeIgniter.php(915): App\Controllers\MobileController->__construct()
 6 SYSTEMPATH\CodeIgniter.php(494): CodeIgniter\CodeIgniter->createController()
 7 SYSTEMPATH\CodeIgniter.php(361): CodeIgniter\CodeIgniter->handleRequest(null, Object(Config\Cache), false)
 8 FCPATH\index.php(79): CodeIgniter\CodeIgniter->run()
INFO - 2026-02-28 09:25:53 --> Session: Class initialized using 'CodeIgniter\Session\Handlers\FileHandler' driver.
WARNING - 2026-02-28 09:25:53 --> [DEPRECATED] Creation of dynamic property CodeIgniter\HTTP\IncomingRequest::$user is deprecated in APPPATH\Filters\JwtAuthWeb.php on line 32.
 1 SYSTEMPATH\Filters\Filters.php(182): App\Filters\JwtAuthWeb->before(Object(CodeIgniter\HTTP\IncomingRequest), null)
 2 SYSTEMPATH\CodeIgniter.php(475): CodeIgniter\Filters\Filters->run('visit_ptbed', 'before')
 3 SYSTEMPATH\CodeIgniter.php(361): CodeIgniter\CodeIgniter->handleRequest(null, Object(Config\Cache), false)
 4 FCPATH\index.php(79): CodeIgniter\CodeIgniter->run()
WARNING - 2026-02-28 09:25:53 --> [DEPRECATED] Optional parameter $cg declared before required parameter $hcode is implicitly treated as a required parameter in APPPATH\Models\cgserviceModel.php on line 93.
 1 SYSTEMPATH\Autoloader\Autoloader.php(311): include_once('D:\\xampp6\\htdocs\\project-jwt\\vendor\\codeigniter4\\framework\\system\\Debug\\Exceptions.php')
 2 SYSTEMPATH\Autoloader\Autoloader.php(290): CodeIgniter\Autoloader\Autoloader->includeFile('D:\\xampp6\\htdocs\\project-jwt\\app\\Models\\cgserviceModel.php')
 3 SYSTEMPATH\Autoloader\Autoloader.php(266): CodeIgniter\Autoloader\Autoloader->loadInNamespace('App\\Models\\cgserviceModel')
 4 APPPATH\Controllers\mobileController.php(36): CodeIgniter\Autoloader\Autoloader->loadClass('App\\Models\\cgserviceModel')
 5 SYSTEMPATH\CodeIgniter.php(915): App\Controllers\MobileController->__construct()
 6 SYSTEMPATH\CodeIgniter.php(494): CodeIgniter\CodeIgniter->createController()
 7 SYSTEMPATH\CodeIgniter.php(361): CodeIgniter\CodeIgniter->handleRequest(null, Object(Config\Cache), false)
 8 FCPATH\index.php(79): CodeIgniter\CodeIgniter->run()
INFO - 2026-02-28 09:25:59 --> Session: Class initialized using 'CodeIgniter\Session\Handlers\FileHandler' driver.
WARNING - 2026-02-28 09:25:59 --> [DEPRECATED] Creation of dynamic property CodeIgniter\HTTP\IncomingRequest::$user is deprecated in APPPATH\Filters\JwtAuthWeb.php on line 32.
 1 SYSTEMPATH\Filters\Filters.php(182): App\Filters\JwtAuthWeb->before(Object(CodeIgniter\HTTP\IncomingRequest), null)
 2 SYSTEMPATH\CodeIgniter.php(475): CodeIgniter\Filters\Filters->run('visit_ptbed', 'before')
 3 SYSTEMPATH\CodeIgniter.php(361): CodeIgniter\CodeIgniter->handleRequest(null, Object(Config\Cache), false)
 4 FCPATH\index.php(79): CodeIgniter\CodeIgniter->run()
WARNING - 2026-02-28 09:25:59 --> [DEPRECATED] Optional parameter $cg declared before required parameter $hcode is implicitly treated as a required parameter in APPPATH\Models\cgserviceModel.php on line 93.
 1 SYSTEMPATH\Autoloader\Autoloader.php(311): include_once('D:\\xampp6\\htdocs\\project-jwt\\vendor\\codeigniter4\\framework\\system\\Debug\\Exceptions.php')
 2 SYSTEMPATH\Autoloader\Autoloader.php(290): CodeIgniter\Autoloader\Autoloader->includeFile('D:\\xampp6\\htdocs\\project-jwt\\app\\Models\\cgserviceModel.php')
 3 SYSTEMPATH\Autoloader\Autoloader.php(266): CodeIgniter\Autoloader\Autoloader->loadInNamespace('App\\Models\\cgserviceModel')
 4 APPPATH\Controllers\mobileController.php(36): CodeIgniter\Autoloader\Autoloader->loadClass('App\\Models\\cgserviceModel')
 5 SYSTEMPATH\CodeIgniter.php(915): App\Controllers\MobileController->__construct()
 6 SYSTEMPATH\CodeIgniter.php(494): CodeIgniter\CodeIgniter->createController()
 7 SYSTEMPATH\CodeIgniter.php(361): CodeIgniter\CodeIgniter->handleRequest(null, Object(Config\Cache), false)
 8 FCPATH\index.php(79): CodeIgniter\CodeIgniter->run()
INFO - 2026-02-28 09:26:12 --> Session: Class initialized using 'CodeIgniter\Session\Handlers\FileHandler' driver.
WARNING - 2026-02-28 09:26:12 --> [DEPRECATED] Creation of dynamic property CodeIgniter\HTTP\IncomingRequest::$user is deprecated in APPPATH\Filters\JwtAuthWeb.php on line 32.
 1 SYSTEMPATH\Filters\Filters.php(182): App\Filters\JwtAuthWeb->before(Object(CodeIgniter\HTTP\IncomingRequest), null)
 2 SYSTEMPATH\CodeIgniter.php(475): CodeIgniter\Filters\Filters->run('visit_ptbed', 'before')
 3 SYSTEMPATH\CodeIgniter.php(361): CodeIgniter\CodeIgniter->handleRequest(null, Object(Config\Cache), false)
 4 FCPATH\index.php(79): CodeIgniter\CodeIgniter->run()
WARNING - 2026-02-28 09:26:12 --> [DEPRECATED] Optional parameter $cg declared before required parameter $hcode is implicitly treated as a required parameter in APPPATH\Models\cgserviceModel.php on line 93.
 1 SYSTEMPATH\Autoloader\Autoloader.php(311): include_once('D:\\xampp6\\htdocs\\project-jwt\\vendor\\codeigniter4\\framework\\system\\Debug\\Exceptions.php')
 2 SYSTEMPATH\Autoloader\Autoloader.php(290): CodeIgniter\Autoloader\Autoloader->includeFile('D:\\xampp6\\htdocs\\project-jwt\\app\\Models\\cgserviceModel.php')
 3 SYSTEMPATH\Autoloader\Autoloader.php(266): CodeIgniter\Autoloader\Autoloader->loadInNamespace('App\\Models\\cgserviceModel')
 4 APPPATH\Controllers\mobileController.php(36): CodeIgniter\Autoloader\Autoloader->loadClass('App\\Models\\cgserviceModel')
 5 SYSTEMPATH\CodeIgniter.php(915): App\Controllers\MobileController->__construct()
 6 SYSTEMPATH\CodeIgniter.php(494): CodeIgniter\CodeIgniter->createController()
 7 SYSTEMPATH\CodeIgniter.php(361): CodeIgniter\CodeIgniter->handleRequest(null, Object(Config\Cache), false)
 8 FCPATH\index.php(79): CodeIgniter\CodeIgniter->run()
INFO - 2026-02-28 09:26:19 --> Session: Class initialized using 'CodeIgniter\Session\Handlers\FileHandler' driver.
WARNING - 2026-02-28 09:26:19 --> [DEPRECATED] Creation of dynamic property CodeIgniter\HTTP\IncomingRequest::$user is deprecated in APPPATH\Filters\JwtAuthWeb.php on line 32.
 1 SYSTEMPATH\Filters\Filters.php(182): App\Filters\JwtAuthWeb->before(Object(CodeIgniter\HTTP\IncomingRequest), null)
 2 SYSTEMPATH\CodeIgniter.php(475): CodeIgniter\Filters\Filters->run('cg_service/256', 'before')
 3 SYSTEMPATH\CodeIgniter.php(361): CodeIgniter\CodeIgniter->handleRequest(null, Object(Config\Cache), false)
 4 FCPATH\index.php(79): CodeIgniter\CodeIgniter->run()
WARNING - 2026-02-28 09:26:19 --> [DEPRECATED] Optional parameter $cg declared before required parameter $hcode is implicitly treated as a required parameter in APPPATH\Models\cgserviceModel.php on line 93.
 1 SYSTEMPATH\Autoloader\Autoloader.php(311): include_once('D:\\xampp6\\htdocs\\project-jwt\\vendor\\codeigniter4\\framework\\system\\Debug\\Exceptions.php')
 2 SYSTEMPATH\Autoloader\Autoloader.php(290): CodeIgniter\Autoloader\Autoloader->includeFile('D:\\xampp6\\htdocs\\project-jwt\\app\\Models\\cgserviceModel.php')
 3 SYSTEMPATH\Autoloader\Autoloader.php(266): CodeIgniter\Autoloader\Autoloader->loadInNamespace('App\\Models\\cgserviceModel')
 4 APPPATH\Controllers\mobileController.php(36): CodeIgniter\Autoloader\Autoloader->loadClass('App\\Models\\cgserviceModel')
 5 SYSTEMPATH\CodeIgniter.php(915): App\Controllers\MobileController->__construct()
 6 SYSTEMPATH\CodeIgniter.php(494): CodeIgniter\CodeIgniter->createController()
 7 SYSTEMPATH\CodeIgniter.php(361): CodeIgniter\CodeIgniter->handleRequest(null, Object(Config\Cache), false)
 8 FCPATH\index.php(79): CodeIgniter\CodeIgniter->run()
INFO - 2026-02-28 09:32:54 --> Session: Class initialized using 'CodeIgniter\Session\Handlers\FileHandler' driver.
WARNING - 2026-02-28 09:32:54 --> [DEPRECATED] Creation of dynamic property CodeIgniter\HTTP\IncomingRequest::$user is deprecated in APPPATH\Filters\JwtAuthWeb.php on line 32.
 1 SYSTEMPATH\Filters\Filters.php(182): App\Filters\JwtAuthWeb->before(Object(CodeIgniter\HTTP\IncomingRequest), null)
 2 SYSTEMPATH\CodeIgniter.php(475): CodeIgniter\Filters\Filters->run('cg_service/256', 'before')
 3 SYSTEMPATH\CodeIgniter.php(361): CodeIgniter\CodeIgniter->handleRequest(null, Object(Config\Cache), false)
 4 FCPATH\index.php(79): CodeIgniter\CodeIgniter->run()
WARNING - 2026-02-28 09:32:54 --> [DEPRECATED] Optional parameter $cg declared before required parameter $hcode is implicitly treated as a required parameter in APPPATH\Models\cgserviceModel.php on line 93.
 1 SYSTEMPATH\Autoloader\Autoloader.php(311): include_once('D:\\xampp6\\htdocs\\project-jwt\\vendor\\codeigniter4\\framework\\system\\Debug\\Exceptions.php')
 2 SYSTEMPATH\Autoloader\Autoloader.php(290): CodeIgniter\Autoloader\Autoloader->includeFile('D:\\xampp6\\htdocs\\project-jwt\\app\\Models\\cgserviceModel.php')
 3 SYSTEMPATH\Autoloader\Autoloader.php(266): CodeIgniter\Autoloader\Autoloader->loadInNamespace('App\\Models\\cgserviceModel')
 4 APPPATH\Controllers\mobileController.php(36): CodeIgniter\Autoloader\Autoloader->loadClass('App\\Models\\cgserviceModel')
 5 SYSTEMPATH\CodeIgniter.php(915): App\Controllers\MobileController->__construct()
 6 SYSTEMPATH\CodeIgniter.php(494): CodeIgniter\CodeIgniter->createController()
 7 SYSTEMPATH\CodeIgniter.php(361): CodeIgniter\CodeIgniter->handleRequest(null, Object(Config\Cache), false)
 8 FCPATH\index.php(79): CodeIgniter\CodeIgniter->run()
INFO - 2026-02-28 09:36:11 --> Session: Class initialized using 'CodeIgniter\Session\Handlers\FileHandler' driver.
WARNING - 2026-02-28 09:36:11 --> [DEPRECATED] Creation of dynamic property CodeIgniter\HTTP\IncomingRequest::$user is deprecated in APPPATH\Filters\JwtAuthWeb.php on line 32.
 1 SYSTEMPATH\Filters\Filters.php(182): App\Filters\JwtAuthWeb->before(Object(CodeIgniter\HTTP\IncomingRequest), null)
 2 SYSTEMPATH\CodeIgniter.php(475): CodeIgniter\Filters\Filters->run('ltc_visit/256', 'before')
 3 SYSTEMPATH\CodeIgniter.php(361): CodeIgniter\CodeIgniter->handleRequest(null, Object(Config\Cache), false)
 4 FCPATH\index.php(79): CodeIgniter\CodeIgniter->run()
WARNING - 2026-02-28 09:36:11 --> [DEPRECATED] Optional parameter $cg declared before required parameter $hcode is implicitly treated as a required parameter in APPPATH\Models\cgserviceModel.php on line 93.
 1 SYSTEMPATH\Autoloader\Autoloader.php(311): include_once('D:\\xampp6\\htdocs\\project-jwt\\vendor\\codeigniter4\\framework\\system\\Debug\\Exceptions.php')
 2 SYSTEMPATH\Autoloader\Autoloader.php(290): CodeIgniter\Autoloader\Autoloader->includeFile('D:\\xampp6\\htdocs\\project-jwt\\app\\Models\\cgserviceModel.php')
 3 SYSTEMPATH\Autoloader\Autoloader.php(266): CodeIgniter\Autoloader\Autoloader->loadInNamespace('App\\Models\\cgserviceModel')
 4 APPPATH\Controllers\mobileController.php(36): CodeIgniter\Autoloader\Autoloader->loadClass('App\\Models\\cgserviceModel')
 5 SYSTEMPATH\CodeIgniter.php(915): App\Controllers\MobileController->__construct()
 6 SYSTEMPATH\CodeIgniter.php(494): CodeIgniter\CodeIgniter->createController()
 7 SYSTEMPATH\CodeIgniter.php(361): CodeIgniter\CodeIgniter->handleRequest(null, Object(Config\Cache), false)
 8 FCPATH\index.php(79): CodeIgniter\CodeIgniter->run()
INFO - 2026-02-28 09:36:35 --> Session: Class initialized using 'CodeIgniter\Session\Handlers\FileHandler' driver.
WARNING - 2026-02-28 09:36:35 --> [DEPRECATED] Creation of dynamic property CodeIgniter\HTTP\IncomingRequest::$user is deprecated in APPPATH\Filters\JwtAuthWeb.php on line 32.
 1 SYSTEMPATH\Filters\Filters.php(182): App\Filters\JwtAuthWeb->before(Object(CodeIgniter\HTTP\IncomingRequest), null)
 2 SYSTEMPATH\CodeIgniter.php(475): CodeIgniter\Filters\Filters->run('cg_service/256', 'before')
 3 SYSTEMPATH\CodeIgniter.php(361): CodeIgniter\CodeIgniter->handleRequest(null, Object(Config\Cache), false)
 4 FCPATH\index.php(79): CodeIgniter\CodeIgniter->run()
WARNING - 2026-02-28 09:36:35 --> [DEPRECATED] Optional parameter $cg declared before required parameter $hcode is implicitly treated as a required parameter in APPPATH\Models\cgserviceModel.php on line 93.
 1 SYSTEMPATH\Autoloader\Autoloader.php(311): include_once('D:\\xampp6\\htdocs\\project-jwt\\vendor\\codeigniter4\\framework\\system\\Debug\\Exceptions.php')
 2 SYSTEMPATH\Autoloader\Autoloader.php(290): CodeIgniter\Autoloader\Autoloader->includeFile('D:\\xampp6\\htdocs\\project-jwt\\app\\Models\\cgserviceModel.php')
 3 SYSTEMPATH\Autoloader\Autoloader.php(266): CodeIgniter\Autoloader\Autoloader->loadInNamespace('App\\Models\\cgserviceModel')
 4 APPPATH\Controllers\mobileController.php(36): CodeIgniter\Autoloader\Autoloader->loadClass('App\\Models\\cgserviceModel')
 5 SYSTEMPATH\CodeIgniter.php(915): App\Controllers\MobileController->__construct()
 6 SYSTEMPATH\CodeIgniter.php(494): CodeIgniter\CodeIgniter->createController()
 7 SYSTEMPATH\CodeIgniter.php(361): CodeIgniter\CodeIgniter->handleRequest(null, Object(Config\Cache), false)
 8 FCPATH\index.php(79): CodeIgniter\CodeIgniter->run()
INFO - 2026-02-28 09:36:40 --> Session: Class initialized using 'CodeIgniter\Session\Handlers\FileHandler' driver.
WARNING - 2026-02-28 09:36:40 --> [DEPRECATED] Creation of dynamic property CodeIgniter\HTTP\IncomingRequest::$user is deprecated in APPPATH\Filters\JwtAuthWeb.php on line 32.
 1 SYSTEMPATH\Filters\Filters.php(182): App\Filters\JwtAuthWeb->before(Object(CodeIgniter\HTTP\IncomingRequest), null)
 2 SYSTEMPATH\CodeIgniter.php(475): CodeIgniter\Filters\Filters->run('ltc_visit/256', 'before')
 3 SYSTEMPATH\CodeIgniter.php(361): CodeIgniter\CodeIgniter->handleRequest(null, Object(Config\Cache), false)
 4 FCPATH\index.php(79): CodeIgniter\CodeIgniter->run()
WARNING - 2026-02-28 09:36:40 --> [DEPRECATED] Optional parameter $cg declared before required parameter $hcode is implicitly treated as a required parameter in APPPATH\Models\cgserviceModel.php on line 93.
 1 SYSTEMPATH\Autoloader\Autoloader.php(311): include_once('D:\\xampp6\\htdocs\\project-jwt\\vendor\\codeigniter4\\framework\\system\\Debug\\Exceptions.php')
 2 SYSTEMPATH\Autoloader\Autoloader.php(290): CodeIgniter\Autoloader\Autoloader->includeFile('D:\\xampp6\\htdocs\\project-jwt\\app\\Models\\cgserviceModel.php')
 3 SYSTEMPATH\Autoloader\Autoloader.php(266): CodeIgniter\Autoloader\Autoloader->loadInNamespace('App\\Models\\cgserviceModel')
 4 APPPATH\Controllers\mobileController.php(36): CodeIgniter\Autoloader\Autoloader->loadClass('App\\Models\\cgserviceModel')
 5 SYSTEMPATH\CodeIgniter.php(915): App\Controllers\MobileController->__construct()
 6 SYSTEMPATH\CodeIgniter.php(494): CodeIgniter\CodeIgniter->createController()
 7 SYSTEMPATH\CodeIgniter.php(361): CodeIgniter\CodeIgniter->handleRequest(null, Object(Config\Cache), false)
 8 FCPATH\index.php(79): CodeIgniter\CodeIgniter->run()
INFO - 2026-02-28 09:36:43 --> Session: Class initialized using 'CodeIgniter\Session\Handlers\FileHandler' driver.
WARNING - 2026-02-28 09:36:43 --> [DEPRECATED] Creation of dynamic property CodeIgniter\HTTP\IncomingRequest::$user is deprecated in APPPATH\Filters\JwtAuthWeb.php on line 32.
 1 SYSTEMPATH\Filters\Filters.php(182): App\Filters\JwtAuthWeb->before(Object(CodeIgniter\HTTP\IncomingRequest), null)
 2 SYSTEMPATH\CodeIgniter.php(475): CodeIgniter\Filters\Filters->run('cg_service/256', 'before')
 3 SYSTEMPATH\CodeIgniter.php(361): CodeIgniter\CodeIgniter->handleRequest(null, Object(Config\Cache), false)
 4 FCPATH\index.php(79): CodeIgniter\CodeIgniter->run()
WARNING - 2026-02-28 09:36:43 --> [DEPRECATED] Optional parameter $cg declared before required parameter $hcode is implicitly treated as a required parameter in APPPATH\Models\cgserviceModel.php on line 93.
 1 SYSTEMPATH\Autoloader\Autoloader.php(311): include_once('D:\\xampp6\\htdocs\\project-jwt\\vendor\\codeigniter4\\framework\\system\\Debug\\Exceptions.php')
 2 SYSTEMPATH\Autoloader\Autoloader.php(290): CodeIgniter\Autoloader\Autoloader->includeFile('D:\\xampp6\\htdocs\\project-jwt\\app\\Models\\cgserviceModel.php')
 3 SYSTEMPATH\Autoloader\Autoloader.php(266): CodeIgniter\Autoloader\Autoloader->loadInNamespace('App\\Models\\cgserviceModel')
 4 APPPATH\Controllers\mobileController.php(36): CodeIgniter\Autoloader\Autoloader->loadClass('App\\Models\\cgserviceModel')
 5 SYSTEMPATH\CodeIgniter.php(915): App\Controllers\MobileController->__construct()
 6 SYSTEMPATH\CodeIgniter.php(494): CodeIgniter\CodeIgniter->createController()
 7 SYSTEMPATH\CodeIgniter.php(361): CodeIgniter\CodeIgniter->handleRequest(null, Object(Config\Cache), false)
 8 FCPATH\index.php(79): CodeIgniter\CodeIgniter->run()
INFO - 2026-02-28 09:36:46 --> Session: Class initialized using 'CodeIgniter\Session\Handlers\FileHandler' driver.
WARNING - 2026-02-28 09:36:46 --> [DEPRECATED] Creation of dynamic property CodeIgniter\HTTP\IncomingRequest::$user is deprecated in APPPATH\Filters\JwtAuthWeb.php on line 32.
 1 SYSTEMPATH\Filters\Filters.php(182): App\Filters\JwtAuthWeb->before(Object(CodeIgniter\HTTP\IncomingRequest), null)
 2 SYSTEMPATH\CodeIgniter.php(475): CodeIgniter\Filters\Filters->run('visit_ptbed', 'before')
 3 SYSTEMPATH\CodeIgniter.php(361): CodeIgniter\CodeIgniter->handleRequest(null, Object(Config\Cache), false)
 4 FCPATH\index.php(79): CodeIgniter\CodeIgniter->run()
WARNING - 2026-02-28 09:36:46 --> [DEPRECATED] Optional parameter $cg declared before required parameter $hcode is implicitly treated as a required parameter in APPPATH\Models\cgserviceModel.php on line 93.
 1 SYSTEMPATH\Autoloader\Autoloader.php(311): include_once('D:\\xampp6\\htdocs\\project-jwt\\vendor\\codeigniter4\\framework\\system\\Debug\\Exceptions.php')
 2 SYSTEMPATH\Autoloader\Autoloader.php(290): CodeIgniter\Autoloader\Autoloader->includeFile('D:\\xampp6\\htdocs\\project-jwt\\app\\Models\\cgserviceModel.php')
 3 SYSTEMPATH\Autoloader\Autoloader.php(266): CodeIgniter\Autoloader\Autoloader->loadInNamespace('App\\Models\\cgserviceModel')
 4 APPPATH\Controllers\mobileController.php(36): CodeIgniter\Autoloader\Autoloader->loadClass('App\\Models\\cgserviceModel')
 5 SYSTEMPATH\CodeIgniter.php(915): App\Controllers\MobileController->__construct()
 6 SYSTEMPATH\CodeIgniter.php(494): CodeIgniter\CodeIgniter->createController()
 7 SYSTEMPATH\CodeIgniter.php(361): CodeIgniter\CodeIgniter->handleRequest(null, Object(Config\Cache), false)
 8 FCPATH\index.php(79): CodeIgniter\CodeIgniter->run()
INFO - 2026-02-28 09:36:48 --> Session: Class initialized using 'CodeIgniter\Session\Handlers\FileHandler' driver.
WARNING - 2026-02-28 09:36:48 --> [DEPRECATED] Creation of dynamic property CodeIgniter\HTTP\IncomingRequest::$user is deprecated in APPPATH\Filters\JwtAuthWeb.php on line 32.
 1 SYSTEMPATH\Filters\Filters.php(182): App\Filters\JwtAuthWeb->before(Object(CodeIgniter\HTTP\IncomingRequest), null)
 2 SYSTEMPATH\CodeIgniter.php(475): CodeIgniter\Filters\Filters->run('cg_service/256', 'before')
 3 SYSTEMPATH\CodeIgniter.php(361): CodeIgniter\CodeIgniter->handleRequest(null, Object(Config\Cache), false)
 4 FCPATH\index.php(79): CodeIgniter\CodeIgniter->run()
WARNING - 2026-02-28 09:36:48 --> [DEPRECATED] Optional parameter $cg declared before required parameter $hcode is implicitly treated as a required parameter in APPPATH\Models\cgserviceModel.php on line 93.
 1 SYSTEMPATH\Autoloader\Autoloader.php(311): include_once('D:\\xampp6\\htdocs\\project-jwt\\vendor\\codeigniter4\\framework\\system\\Debug\\Exceptions.php')
 2 SYSTEMPATH\Autoloader\Autoloader.php(290): CodeIgniter\Autoloader\Autoloader->includeFile('D:\\xampp6\\htdocs\\project-jwt\\app\\Models\\cgserviceModel.php')
 3 SYSTEMPATH\Autoloader\Autoloader.php(266): CodeIgniter\Autoloader\Autoloader->loadInNamespace('App\\Models\\cgserviceModel')
 4 APPPATH\Controllers\mobileController.php(36): CodeIgniter\Autoloader\Autoloader->loadClass('App\\Models\\cgserviceModel')
 5 SYSTEMPATH\CodeIgniter.php(915): App\Controllers\MobileController->__construct()
 6 SYSTEMPATH\CodeIgniter.php(494): CodeIgniter\CodeIgniter->createController()
 7 SYSTEMPATH\CodeIgniter.php(361): CodeIgniter\CodeIgniter->handleRequest(null, Object(Config\Cache), false)
 8 FCPATH\index.php(79): CodeIgniter\CodeIgniter->run()
INFO - 2026-02-28 09:36:51 --> Session: Class initialized using 'CodeIgniter\Session\Handlers\FileHandler' driver.
WARNING - 2026-02-28 09:36:51 --> [DEPRECATED] Creation of dynamic property CodeIgniter\HTTP\IncomingRequest::$user is deprecated in APPPATH\Filters\JwtAuthWeb.php on line 32.
 1 SYSTEMPATH\Filters\Filters.php(182): App\Filters\JwtAuthWeb->before(Object(CodeIgniter\HTTP\IncomingRequest), null)
 2 SYSTEMPATH\CodeIgniter.php(475): CodeIgniter\Filters\Filters->run('visit_ptbed', 'before')
 3 SYSTEMPATH\CodeIgniter.php(361): CodeIgniter\CodeIgniter->handleRequest(null, Object(Config\Cache), false)
 4 FCPATH\index.php(79): CodeIgniter\CodeIgniter->run()
WARNING - 2026-02-28 09:36:51 --> [DEPRECATED] Optional parameter $cg declared before required parameter $hcode is implicitly treated as a required parameter in APPPATH\Models\cgserviceModel.php on line 93.
 1 SYSTEMPATH\Autoloader\Autoloader.php(311): include_once('D:\\xampp6\\htdocs\\project-jwt\\vendor\\codeigniter4\\framework\\system\\Debug\\Exceptions.php')
 2 SYSTEMPATH\Autoloader\Autoloader.php(290): CodeIgniter\Autoloader\Autoloader->includeFile('D:\\xampp6\\htdocs\\project-jwt\\app\\Models\\cgserviceModel.php')
 3 SYSTEMPATH\Autoloader\Autoloader.php(266): CodeIgniter\Autoloader\Autoloader->loadInNamespace('App\\Models\\cgserviceModel')
 4 APPPATH\Controllers\mobileController.php(36): CodeIgniter\Autoloader\Autoloader->loadClass('App\\Models\\cgserviceModel')
 5 SYSTEMPATH\CodeIgniter.php(915): App\Controllers\MobileController->__construct()
 6 SYSTEMPATH\CodeIgniter.php(494): CodeIgniter\CodeIgniter->createController()
 7 SYSTEMPATH\CodeIgniter.php(361): CodeIgniter\CodeIgniter->handleRequest(null, Object(Config\Cache), false)
 8 FCPATH\index.php(79): CodeIgniter\CodeIgniter->run()
INFO - 2026-02-28 09:36:59 --> Session: Class initialized using 'CodeIgniter\Session\Handlers\FileHandler' driver.
WARNING - 2026-02-28 09:36:59 --> [DEPRECATED] Creation of dynamic property CodeIgniter\HTTP\IncomingRequest::$user is deprecated in APPPATH\Filters\JwtAuthWeb.php on line 32.
 1 SYSTEMPATH\Filters\Filters.php(182): App\Filters\JwtAuthWeb->before(Object(CodeIgniter\HTTP\IncomingRequest), null)
 2 SYSTEMPATH\CodeIgniter.php(475): CodeIgniter\Filters\Filters->run('cg_service/361', 'before')
 3 SYSTEMPATH\CodeIgniter.php(361): CodeIgniter\CodeIgniter->handleRequest(null, Object(Config\Cache), false)
 4 FCPATH\index.php(79): CodeIgniter\CodeIgniter->run()
WARNING - 2026-02-28 09:36:59 --> [DEPRECATED] Optional parameter $cg declared before required parameter $hcode is implicitly treated as a required parameter in APPPATH\Models\cgserviceModel.php on line 93.
 1 SYSTEMPATH\Autoloader\Autoloader.php(311): include_once('D:\\xampp6\\htdocs\\project-jwt\\vendor\\codeigniter4\\framework\\system\\Debug\\Exceptions.php')
 2 SYSTEMPATH\Autoloader\Autoloader.php(290): CodeIgniter\Autoloader\Autoloader->includeFile('D:\\xampp6\\htdocs\\project-jwt\\app\\Models\\cgserviceModel.php')
 3 SYSTEMPATH\Autoloader\Autoloader.php(266): CodeIgniter\Autoloader\Autoloader->loadInNamespace('App\\Models\\cgserviceModel')
 4 APPPATH\Controllers\mobileController.php(36): CodeIgniter\Autoloader\Autoloader->loadClass('App\\Models\\cgserviceModel')
 5 SYSTEMPATH\CodeIgniter.php(915): App\Controllers\MobileController->__construct()
 6 SYSTEMPATH\CodeIgniter.php(494): CodeIgniter\CodeIgniter->createController()
 7 SYSTEMPATH\CodeIgniter.php(361): CodeIgniter\CodeIgniter->handleRequest(null, Object(Config\Cache), false)
 8 FCPATH\index.php(79): CodeIgniter\CodeIgniter->run()
INFO - 2026-02-28 09:37:02 --> Session: Class initialized using 'CodeIgniter\Session\Handlers\FileHandler' driver.
WARNING - 2026-02-28 09:37:02 --> [DEPRECATED] Creation of dynamic property CodeIgniter\HTTP\IncomingRequest::$user is deprecated in APPPATH\Filters\JwtAuthWeb.php on line 32.
 1 SYSTEMPATH\Filters\Filters.php(182): App\Filters\JwtAuthWeb->before(Object(CodeIgniter\HTTP\IncomingRequest), null)
 2 SYSTEMPATH\CodeIgniter.php(475): CodeIgniter\Filters\Filters->run('visit_ptbed', 'before')
 3 SYSTEMPATH\CodeIgniter.php(361): CodeIgniter\CodeIgniter->handleRequest(null, Object(Config\Cache), false)
 4 FCPATH\index.php(79): CodeIgniter\CodeIgniter->run()
WARNING - 2026-02-28 09:37:02 --> [DEPRECATED] Optional parameter $cg declared before required parameter $hcode is implicitly treated as a required parameter in APPPATH\Models\cgserviceModel.php on line 93.
 1 SYSTEMPATH\Autoloader\Autoloader.php(311): include_once('D:\\xampp6\\htdocs\\project-jwt\\vendor\\codeigniter4\\framework\\system\\Debug\\Exceptions.php')
 2 SYSTEMPATH\Autoloader\Autoloader.php(290): CodeIgniter\Autoloader\Autoloader->includeFile('D:\\xampp6\\htdocs\\project-jwt\\app\\Models\\cgserviceModel.php')
 3 SYSTEMPATH\Autoloader\Autoloader.php(266): CodeIgniter\Autoloader\Autoloader->loadInNamespace('App\\Models\\cgserviceModel')
 4 APPPATH\Controllers\mobileController.php(36): CodeIgniter\Autoloader\Autoloader->loadClass('App\\Models\\cgserviceModel')
 5 SYSTEMPATH\CodeIgniter.php(915): App\Controllers\MobileController->__construct()
 6 SYSTEMPATH\CodeIgniter.php(494): CodeIgniter\CodeIgniter->createController()
 7 SYSTEMPATH\CodeIgniter.php(361): CodeIgniter\CodeIgniter->handleRequest(null, Object(Config\Cache), false)
 8 FCPATH\index.php(79): CodeIgniter\CodeIgniter->run()
INFO - 2026-02-28 09:44:13 --> Session: Class initialized using 'CodeIgniter\Session\Handlers\FileHandler' driver.
WARNING - 2026-02-28 09:44:13 --> [DEPRECATED] Creation of dynamic property CodeIgniter\HTTP\IncomingRequest::$user is deprecated in APPPATH\Filters\JwtAuthWeb.php on line 32.
 1 SYSTEMPATH\Filters\Filters.php(182): App\Filters\JwtAuthWeb->before(Object(CodeIgniter\HTTP\IncomingRequest), null)
 2 SYSTEMPATH\CodeIgniter.php(475): CodeIgniter\Filters\Filters->run('visit_ptbed', 'before')
 3 SYSTEMPATH\CodeIgniter.php(361): CodeIgniter\CodeIgniter->handleRequest(null, Object(Config\Cache), false)
 4 FCPATH\index.php(79): CodeIgniter\CodeIgniter->run()
WARNING - 2026-02-28 09:44:13 --> [DEPRECATED] Optional parameter $cg declared before required parameter $hcode is implicitly treated as a required parameter in APPPATH\Models\cgserviceModel.php on line 93.
 1 SYSTEMPATH\Autoloader\Autoloader.php(311): include_once('D:\\xampp6\\htdocs\\project-jwt\\vendor\\codeigniter4\\framework\\system\\Debug\\Exceptions.php')
 2 SYSTEMPATH\Autoloader\Autoloader.php(290): CodeIgniter\Autoloader\Autoloader->includeFile('D:\\xampp6\\htdocs\\project-jwt\\app\\Models\\cgserviceModel.php')
 3 SYSTEMPATH\Autoloader\Autoloader.php(266): CodeIgniter\Autoloader\Autoloader->loadInNamespace('App\\Models\\cgserviceModel')
 4 APPPATH\Controllers\mobileController.php(36): CodeIgniter\Autoloader\Autoloader->loadClass('App\\Models\\cgserviceModel')
 5 SYSTEMPATH\CodeIgniter.php(915): App\Controllers\MobileController->__construct()
 6 SYSTEMPATH\CodeIgniter.php(494): CodeIgniter\CodeIgniter->createController()
 7 SYSTEMPATH\CodeIgniter.php(361): CodeIgniter\CodeIgniter->handleRequest(null, Object(Config\Cache), false)
 8 FCPATH\index.php(79): CodeIgniter\CodeIgniter->run()
INFO - 2026-02-28 09:44:56 --> Session: Class initialized using 'CodeIgniter\Session\Handlers\FileHandler' driver.
WARNING - 2026-02-28 09:44:56 --> [DEPRECATED] Creation of dynamic property CodeIgniter\HTTP\IncomingRequest::$user is deprecated in APPPATH\Filters\JwtAuthWeb.php on line 32.
 1 SYSTEMPATH\Filters\Filters.php(182): App\Filters\JwtAuthWeb->before(Object(CodeIgniter\HTTP\IncomingRequest), null)
 2 SYSTEMPATH\CodeIgniter.php(475): CodeIgniter\Filters\Filters->run('visit_ptbed', 'before')
 3 SYSTEMPATH\CodeIgniter.php(361): CodeIgniter\CodeIgniter->handleRequest(null, Object(Config\Cache), false)
 4 FCPATH\index.php(79): CodeIgniter\CodeIgniter->run()
WARNING - 2026-02-28 09:44:56 --> [DEPRECATED] Optional parameter $cg declared before required parameter $hcode is implicitly treated as a required parameter in APPPATH\Models\cgserviceModel.php on line 93.
 1 SYSTEMPATH\Autoloader\Autoloader.php(311): include_once('D:\\xampp6\\htdocs\\project-jwt\\vendor\\codeigniter4\\framework\\system\\Debug\\Exceptions.php')
 2 SYSTEMPATH\Autoloader\Autoloader.php(290): CodeIgniter\Autoloader\Autoloader->includeFile('D:\\xampp6\\htdocs\\project-jwt\\app\\Models\\cgserviceModel.php')
 3 SYSTEMPATH\Autoloader\Autoloader.php(266): CodeIgniter\Autoloader\Autoloader->loadInNamespace('App\\Models\\cgserviceModel')
 4 APPPATH\Controllers\mobileController.php(36): CodeIgniter\Autoloader\Autoloader->loadClass('App\\Models\\cgserviceModel')
 5 SYSTEMPATH\CodeIgniter.php(915): App\Controllers\MobileController->__construct()
 6 SYSTEMPATH\CodeIgniter.php(494): CodeIgniter\CodeIgniter->createController()
 7 SYSTEMPATH\CodeIgniter.php(361): CodeIgniter\CodeIgniter->handleRequest(null, Object(Config\Cache), false)
 8 FCPATH\index.php(79): CodeIgniter\CodeIgniter->run()
INFO - 2026-02-28 09:46:27 --> Session: Class initialized using 'CodeIgniter\Session\Handlers\FileHandler' driver.
WARNING - 2026-02-28 09:46:27 --> [DEPRECATED] Creation of dynamic property CodeIgniter\HTTP\IncomingRequest::$user is deprecated in APPPATH\Filters\JwtAuthWeb.php on line 32.
 1 SYSTEMPATH\Filters\Filters.php(182): App\Filters\JwtAuthWeb->before(Object(CodeIgniter\HTTP\IncomingRequest), null)
 2 SYSTEMPATH\CodeIgniter.php(475): CodeIgniter\Filters\Filters->run('visit_ptbed', 'before')
 3 SYSTEMPATH\CodeIgniter.php(361): CodeIgniter\CodeIgniter->handleRequest(null, Object(Config\Cache), false)
 4 FCPATH\index.php(79): CodeIgniter\CodeIgniter->run()
WARNING - 2026-02-28 09:46:27 --> [DEPRECATED] Optional parameter $cg declared before required parameter $hcode is implicitly treated as a required parameter in APPPATH\Models\cgserviceModel.php on line 93.
 1 SYSTEMPATH\Autoloader\Autoloader.php(311): include_once('D:\\xampp6\\htdocs\\project-jwt\\vendor\\codeigniter4\\framework\\system\\Debug\\Exceptions.php')
 2 SYSTEMPATH\Autoloader\Autoloader.php(290): CodeIgniter\Autoloader\Autoloader->includeFile('D:\\xampp6\\htdocs\\project-jwt\\app\\Models\\cgserviceModel.php')
 3 SYSTEMPATH\Autoloader\Autoloader.php(266): CodeIgniter\Autoloader\Autoloader->loadInNamespace('App\\Models\\cgserviceModel')
 4 APPPATH\Controllers\mobileController.php(36): CodeIgniter\Autoloader\Autoloader->loadClass('App\\Models\\cgserviceModel')
 5 SYSTEMPATH\CodeIgniter.php(915): App\Controllers\MobileController->__construct()
 6 SYSTEMPATH\CodeIgniter.php(494): CodeIgniter\CodeIgniter->createController()
 7 SYSTEMPATH\CodeIgniter.php(361): CodeIgniter\CodeIgniter->handleRequest(null, Object(Config\Cache), false)
 8 FCPATH\index.php(79): CodeIgniter\CodeIgniter->run()
INFO - 2026-02-28 09:48:23 --> Session: Class initialized using 'CodeIgniter\Session\Handlers\FileHandler' driver.
WARNING - 2026-02-28 09:48:23 --> [DEPRECATED] Creation of dynamic property CodeIgniter\HTTP\IncomingRequest::$user is deprecated in APPPATH\Filters\JwtAuthWeb.php on line 32.
 1 SYSTEMPATH\Filters\Filters.php(182): App\Filters\JwtAuthWeb->before(Object(CodeIgniter\HTTP\IncomingRequest), null)
 2 SYSTEMPATH\CodeIgniter.php(475): CodeIgniter\Filters\Filters->run('visit_ptbed', 'before')
 3 SYSTEMPATH\CodeIgniter.php(361): CodeIgniter\CodeIgniter->handleRequest(null, Object(Config\Cache), false)
 4 FCPATH\index.php(79): CodeIgniter\CodeIgniter->run()
WARNING - 2026-02-28 09:48:23 --> [DEPRECATED] Optional parameter $cg declared before required parameter $hcode is implicitly treated as a required parameter in APPPATH\Models\cgserviceModel.php on line 93.
 1 SYSTEMPATH\Autoloader\Autoloader.php(311): include_once('D:\\xampp6\\htdocs\\project-jwt\\vendor\\codeigniter4\\framework\\system\\Debug\\Exceptions.php')
 2 SYSTEMPATH\Autoloader\Autoloader.php(290): CodeIgniter\Autoloader\Autoloader->includeFile('D:\\xampp6\\htdocs\\project-jwt\\app\\Models\\cgserviceModel.php')
 3 SYSTEMPATH\Autoloader\Autoloader.php(266): CodeIgniter\Autoloader\Autoloader->loadInNamespace('App\\Models\\cgserviceModel')
 4 APPPATH\Controllers\mobileController.php(36): CodeIgniter\Autoloader\Autoloader->loadClass('App\\Models\\cgserviceModel')
 5 SYSTEMPATH\CodeIgniter.php(915): App\Controllers\MobileController->__construct()
 6 SYSTEMPATH\CodeIgniter.php(494): CodeIgniter\CodeIgniter->createController()
 7 SYSTEMPATH\CodeIgniter.php(361): CodeIgniter\CodeIgniter->handleRequest(null, Object(Config\Cache), false)
 8 FCPATH\index.php(79): CodeIgniter\CodeIgniter->run()
INFO - 2026-02-28 09:49:09 --> Session: Class initialized using 'CodeIgniter\Session\Handlers\FileHandler' driver.
WARNING - 2026-02-28 09:49:09 --> [DEPRECATED] Creation of dynamic property CodeIgniter\HTTP\IncomingRequest::$user is deprecated in APPPATH\Filters\JwtAuthWeb.php on line 32.
 1 SYSTEMPATH\Filters\Filters.php(182): App\Filters\JwtAuthWeb->before(Object(CodeIgniter\HTTP\IncomingRequest), null)
 2 SYSTEMPATH\CodeIgniter.php(475): CodeIgniter\Filters\Filters->run('visit_ptbed', 'before')
 3 SYSTEMPATH\CodeIgniter.php(361): CodeIgniter\CodeIgniter->handleRequest(null, Object(Config\Cache), false)
 4 FCPATH\index.php(79): CodeIgniter\CodeIgniter->run()
WARNING - 2026-02-28 09:49:09 --> [DEPRECATED] Optional parameter $cg declared before required parameter $hcode is implicitly treated as a required parameter in APPPATH\Models\cgserviceModel.php on line 93.
 1 SYSTEMPATH\Autoloader\Autoloader.php(311): include_once('D:\\xampp6\\htdocs\\project-jwt\\vendor\\codeigniter4\\framework\\system\\Debug\\Exceptions.php')
 2 SYSTEMPATH\Autoloader\Autoloader.php(290): CodeIgniter\Autoloader\Autoloader->includeFile('D:\\xampp6\\htdocs\\project-jwt\\app\\Models\\cgserviceModel.php')
 3 SYSTEMPATH\Autoloader\Autoloader.php(266): CodeIgniter\Autoloader\Autoloader->loadInNamespace('App\\Models\\cgserviceModel')
 4 APPPATH\Controllers\mobileController.php(36): CodeIgniter\Autoloader\Autoloader->loadClass('App\\Models\\cgserviceModel')
 5 SYSTEMPATH\CodeIgniter.php(915): App\Controllers\MobileController->__construct()
 6 SYSTEMPATH\CodeIgniter.php(494): CodeIgniter\CodeIgniter->createController()
 7 SYSTEMPATH\CodeIgniter.php(361): CodeIgniter\CodeIgniter->handleRequest(null, Object(Config\Cache), false)
 8 FCPATH\index.php(79): CodeIgniter\CodeIgniter->run()
INFO - 2026-02-28 09:52:58 --> Session: Class initialized using 'CodeIgniter\Session\Handlers\FileHandler' driver.
WARNING - 2026-02-28 09:52:58 --> [DEPRECATED] Creation of dynamic property CodeIgniter\HTTP\IncomingRequest::$user is deprecated in APPPATH\Filters\JwtAuthWeb.php on line 32.
 1 SYSTEMPATH\Filters\Filters.php(182): App\Filters\JwtAuthWeb->before(Object(CodeIgniter\HTTP\IncomingRequest), null)
 2 SYSTEMPATH\CodeIgniter.php(475): CodeIgniter\Filters\Filters->run('visit_ptbed', 'before')
 3 SYSTEMPATH\CodeIgniter.php(361): CodeIgniter\CodeIgniter->handleRequest(null, Object(Config\Cache), false)
 4 FCPATH\index.php(79): CodeIgniter\CodeIgniter->run()
WARNING - 2026-02-28 09:52:58 --> [DEPRECATED] Optional parameter $cg declared before required parameter $hcode is implicitly treated as a required parameter in APPPATH\Models\cgserviceModel.php on line 93.
 1 SYSTEMPATH\Autoloader\Autoloader.php(311): include_once('D:\\xampp6\\htdocs\\project-jwt\\vendor\\codeigniter4\\framework\\system\\Debug\\Exceptions.php')
 2 SYSTEMPATH\Autoloader\Autoloader.php(290): CodeIgniter\Autoloader\Autoloader->includeFile('D:\\xampp6\\htdocs\\project-jwt\\app\\Models\\cgserviceModel.php')
 3 SYSTEMPATH\Autoloader\Autoloader.php(266): CodeIgniter\Autoloader\Autoloader->loadInNamespace('App\\Models\\cgserviceModel')
 4 APPPATH\Controllers\mobileController.php(36): CodeIgniter\Autoloader\Autoloader->loadClass('App\\Models\\cgserviceModel')
 5 SYSTEMPATH\CodeIgniter.php(915): App\Controllers\MobileController->__construct()
 6 SYSTEMPATH\CodeIgniter.php(494): CodeIgniter\CodeIgniter->createController()
 7 SYSTEMPATH\CodeIgniter.php(361): CodeIgniter\CodeIgniter->handleRequest(null, Object(Config\Cache), false)
 8 FCPATH\index.php(79): CodeIgniter\CodeIgniter->run()
INFO - 2026-02-28 09:59:34 --> Session: Class initialized using 'CodeIgniter\Session\Handlers\FileHandler' driver.
WARNING - 2026-02-28 09:59:34 --> [DEPRECATED] Creation of dynamic property CodeIgniter\HTTP\IncomingRequest::$user is deprecated in APPPATH\Filters\JwtAuthWeb.php on line 32.
 1 SYSTEMPATH\Filters\Filters.php(182): App\Filters\JwtAuthWeb->before(Object(CodeIgniter\HTTP\IncomingRequest), null)
 2 SYSTEMPATH\CodeIgniter.php(475): CodeIgniter\Filters\Filters->run('visit_ptbed', 'before')
 3 SYSTEMPATH\CodeIgniter.php(361): CodeIgniter\CodeIgniter->handleRequest(null, Object(Config\Cache), false)
 4 FCPATH\index.php(79): CodeIgniter\CodeIgniter->run()
WARNING - 2026-02-28 09:59:34 --> [DEPRECATED] Optional parameter $cg declared before required parameter $hcode is implicitly treated as a required parameter in APPPATH\Models\cgserviceModel.php on line 93.
 1 SYSTEMPATH\Autoloader\Autoloader.php(311): include_once('D:\\xampp6\\htdocs\\project-jwt\\vendor\\codeigniter4\\framework\\system\\Debug\\Exceptions.php')
 2 SYSTEMPATH\Autoloader\Autoloader.php(290): CodeIgniter\Autoloader\Autoloader->includeFile('D:\\xampp6\\htdocs\\project-jwt\\app\\Models\\cgserviceModel.php')
 3 SYSTEMPATH\Autoloader\Autoloader.php(266): CodeIgniter\Autoloader\Autoloader->loadInNamespace('App\\Models\\cgserviceModel')
 4 APPPATH\Controllers\mobileController.php(36): CodeIgniter\Autoloader\Autoloader->loadClass('App\\Models\\cgserviceModel')
 5 SYSTEMPATH\CodeIgniter.php(915): App\Controllers\MobileController->__construct()
 6 SYSTEMPATH\CodeIgniter.php(494): CodeIgniter\CodeIgniter->createController()
 7 SYSTEMPATH\CodeIgniter.php(361): CodeIgniter\CodeIgniter->handleRequest(null, Object(Config\Cache), false)
 8 FCPATH\index.php(79): CodeIgniter\CodeIgniter->run()
INFO - 2026-02-28 10:09:15 --> Session: Class initialized using 'CodeIgniter\Session\Handlers\FileHandler' driver.
WARNING - 2026-02-28 10:09:15 --> [DEPRECATED] Creation of dynamic property CodeIgniter\HTTP\IncomingRequest::$user is deprecated in APPPATH\Filters\JwtAuthWeb.php on line 32.
 1 SYSTEMPATH\Filters\Filters.php(182): App\Filters\JwtAuthWeb->before(Object(CodeIgniter\HTTP\IncomingRequest), null)
 2 SYSTEMPATH\CodeIgniter.php(475): CodeIgniter\Filters\Filters->run('mobile-page', 'before')
 3 SYSTEMPATH\CodeIgniter.php(361): CodeIgniter\CodeIgniter->handleRequest(null, Object(Config\Cache), false)
 4 FCPATH\index.php(79): CodeIgniter\CodeIgniter->run()
WARNING - 2026-02-28 10:09:15 --> [DEPRECATED] Optional parameter $cg declared before required parameter $hcode is implicitly treated as a required parameter in APPPATH\Models\cgserviceModel.php on line 93.
 1 SYSTEMPATH\Autoloader\Autoloader.php(311): include_once('D:\\xampp6\\htdocs\\project-jwt\\vendor\\codeigniter4\\framework\\system\\Debug\\Exceptions.php')
 2 SYSTEMPATH\Autoloader\Autoloader.php(290): CodeIgniter\Autoloader\Autoloader->includeFile('D:\\xampp6\\htdocs\\project-jwt\\app\\Models\\cgserviceModel.php')
 3 SYSTEMPATH\Autoloader\Autoloader.php(266): CodeIgniter\Autoloader\Autoloader->loadInNamespace('App\\Models\\cgserviceModel')
 4 APPPATH\Controllers\mobileController.php(36): CodeIgniter\Autoloader\Autoloader->loadClass('App\\Models\\cgserviceModel')
 5 SYSTEMPATH\CodeIgniter.php(915): App\Controllers\MobileController->__construct()
 6 SYSTEMPATH\CodeIgniter.php(494): CodeIgniter\CodeIgniter->createController()
 7 SYSTEMPATH\CodeIgniter.php(361): CodeIgniter\CodeIgniter->handleRequest(null, Object(Config\Cache), false)
 8 FCPATH\index.php(79): CodeIgniter\CodeIgniter->run()
INFO - 2026-02-28 10:09:17 --> Session: Class initialized using 'CodeIgniter\Session\Handlers\FileHandler' driver.
WARNING - 2026-02-28 10:09:17 --> [DEPRECATED] Creation of dynamic property CodeIgniter\HTTP\IncomingRequest::$user is deprecated in APPPATH\Filters\JwtAuthWeb.php on line 32.
 1 SYSTEMPATH\Filters\Filters.php(182): App\Filters\JwtAuthWeb->before(Object(CodeIgniter\HTTP\IncomingRequest), null)
 2 SYSTEMPATH\CodeIgniter.php(475): CodeIgniter\Filters\Filters->run('visit_ptbed', 'before')
 3 SYSTEMPATH\CodeIgniter.php(361): CodeIgniter\CodeIgniter->handleRequest(null, Object(Config\Cache), false)
 4 FCPATH\index.php(79): CodeIgniter\CodeIgniter->run()
WARNING - 2026-02-28 10:09:17 --> [DEPRECATED] Optional parameter $cg declared before required parameter $hcode is implicitly treated as a required parameter in APPPATH\Models\cgserviceModel.php on line 93.
 1 SYSTEMPATH\Autoloader\Autoloader.php(311): include_once('D:\\xampp6\\htdocs\\project-jwt\\vendor\\codeigniter4\\framework\\system\\Debug\\Exceptions.php')
 2 SYSTEMPATH\Autoloader\Autoloader.php(290): CodeIgniter\Autoloader\Autoloader->includeFile('D:\\xampp6\\htdocs\\project-jwt\\app\\Models\\cgserviceModel.php')
 3 SYSTEMPATH\Autoloader\Autoloader.php(266): CodeIgniter\Autoloader\Autoloader->loadInNamespace('App\\Models\\cgserviceModel')
 4 APPPATH\Controllers\mobileController.php(36): CodeIgniter\Autoloader\Autoloader->loadClass('App\\Models\\cgserviceModel')
 5 SYSTEMPATH\CodeIgniter.php(915): App\Controllers\MobileController->__construct()
 6 SYSTEMPATH\CodeIgniter.php(494): CodeIgniter\CodeIgniter->createController()
 7 SYSTEMPATH\CodeIgniter.php(361): CodeIgniter\CodeIgniter->handleRequest(null, Object(Config\Cache), false)
 8 FCPATH\index.php(79): CodeIgniter\CodeIgniter->run()
INFO - 2026-02-28 10:09:50 --> Session: Class initialized using 'CodeIgniter\Session\Handlers\FileHandler' driver.
WARNING - 2026-02-28 10:09:50 --> [DEPRECATED] Creation of dynamic property CodeIgniter\HTTP\IncomingRequest::$user is deprecated in APPPATH\Filters\JwtAuthWeb.php on line 32.
 1 SYSTEMPATH\Filters\Filters.php(182): App\Filters\JwtAuthWeb->before(Object(CodeIgniter\HTTP\IncomingRequest), null)
 2 SYSTEMPATH\CodeIgniter.php(475): CodeIgniter\Filters\Filters->run('mobile-page', 'before')
 3 SYSTEMPATH\CodeIgniter.php(361): CodeIgniter\CodeIgniter->handleRequest(null, Object(Config\Cache), false)
 4 FCPATH\index.php(79): CodeIgniter\CodeIgniter->run()
WARNING - 2026-02-28 10:09:50 --> [DEPRECATED] Optional parameter $cg declared before required parameter $hcode is implicitly treated as a required parameter in APPPATH\Models\cgserviceModel.php on line 93.
 1 SYSTEMPATH\Autoloader\Autoloader.php(311): include_once('D:\\xampp6\\htdocs\\project-jwt\\vendor\\codeigniter4\\framework\\system\\Debug\\Exceptions.php')
 2 SYSTEMPATH\Autoloader\Autoloader.php(290): CodeIgniter\Autoloader\Autoloader->includeFile('D:\\xampp6\\htdocs\\project-jwt\\app\\Models\\cgserviceModel.php')
 3 SYSTEMPATH\Autoloader\Autoloader.php(266): CodeIgniter\Autoloader\Autoloader->loadInNamespace('App\\Models\\cgserviceModel')
 4 APPPATH\Controllers\mobileController.php(36): CodeIgniter\Autoloader\Autoloader->loadClass('App\\Models\\cgserviceModel')
 5 SYSTEMPATH\CodeIgniter.php(915): App\Controllers\MobileController->__construct()
 6 SYSTEMPATH\CodeIgniter.php(494): CodeIgniter\CodeIgniter->createController()
 7 SYSTEMPATH\CodeIgniter.php(361): CodeIgniter\CodeIgniter->handleRequest(null, Object(Config\Cache), false)
 8 FCPATH\index.php(79): CodeIgniter\CodeIgniter->run()
INFO - 2026-02-28 10:09:58 --> Session: Class initialized using 'CodeIgniter\Session\Handlers\FileHandler' driver.
INFO - 2026-02-28 10:10:00 --> Session: Class initialized using 'CodeIgniter\Session\Handlers\FileHandler' driver.
WARNING - 2026-02-28 10:10:00 --> [DEPRECATED] Creation of dynamic property CodeIgniter\HTTP\IncomingRequest::$user is deprecated in APPPATH\Filters\JwtAuthWeb.php on line 32.
 1 SYSTEMPATH\Filters\Filters.php(182): App\Filters\JwtAuthWeb->before(Object(CodeIgniter\HTTP\IncomingRequest), null)
 2 SYSTEMPATH\CodeIgniter.php(475): CodeIgniter\Filters\Filters->run('setting/dashboard-page', 'before')
 3 SYSTEMPATH\CodeIgniter.php(361): CodeIgniter\CodeIgniter->handleRequest(null, Object(Config\Cache), false)
 4 FCPATH\index.php(79): CodeIgniter\CodeIgniter->run()
INFO - 2026-02-28 10:10:07 --> Session: Class initialized using 'CodeIgniter\Session\Handlers\FileHandler' driver.
WARNING - 2026-02-28 10:10:07 --> [DEPRECATED] Creation of dynamic property CodeIgniter\HTTP\IncomingRequest::$user is deprecated in APPPATH\Filters\JwtAuthWeb.php on line 32.
 1 SYSTEMPATH\Filters\Filters.php(182): App\Filters\JwtAuthWeb->before(Object(CodeIgniter\HTTP\IncomingRequest), null)
 2 SYSTEMPATH\CodeIgniter.php(475): CodeIgniter\Filters\Filters->run('mobile-page', 'before')
 3 SYSTEMPATH\CodeIgniter.php(361): CodeIgniter\CodeIgniter->handleRequest(null, Object(Config\Cache), false)
 4 FCPATH\index.php(79): CodeIgniter\CodeIgniter->run()
WARNING - 2026-02-28 10:10:07 --> [DEPRECATED] Optional parameter $cg declared before required parameter $hcode is implicitly treated as a required parameter in APPPATH\Models\cgserviceModel.php on line 93.
 1 SYSTEMPATH\Autoloader\Autoloader.php(311): include_once('D:\\xampp6\\htdocs\\project-jwt\\vendor\\codeigniter4\\framework\\system\\Debug\\Exceptions.php')
 2 SYSTEMPATH\Autoloader\Autoloader.php(290): CodeIgniter\Autoloader\Autoloader->includeFile('D:\\xampp6\\htdocs\\project-jwt\\app\\Models\\cgserviceModel.php')
 3 SYSTEMPATH\Autoloader\Autoloader.php(266): CodeIgniter\Autoloader\Autoloader->loadInNamespace('App\\Models\\cgserviceModel')
 4 APPPATH\Controllers\mobileController.php(36): CodeIgniter\Autoloader\Autoloader->loadClass('App\\Models\\cgserviceModel')
 5 SYSTEMPATH\CodeIgniter.php(915): App\Controllers\MobileController->__construct()
 6 SYSTEMPATH\CodeIgniter.php(494): CodeIgniter\CodeIgniter->createController()
 7 SYSTEMPATH\CodeIgniter.php(361): CodeIgniter\CodeIgniter->handleRequest(null, Object(Config\Cache), false)
 8 FCPATH\index.php(79): CodeIgniter\CodeIgniter->run()
INFO - 2026-02-28 10:10:08 --> Session: Class initialized using 'CodeIgniter\Session\Handlers\FileHandler' driver.
WARNING - 2026-02-28 10:10:08 --> [DEPRECATED] Creation of dynamic property CodeIgniter\HTTP\IncomingRequest::$user is deprecated in APPPATH\Filters\JwtAuthWeb.php on line 32.
 1 SYSTEMPATH\Filters\Filters.php(182): App\Filters\JwtAuthWeb->before(Object(CodeIgniter\HTTP\IncomingRequest), null)
 2 SYSTEMPATH\CodeIgniter.php(475): CodeIgniter\Filters\Filters->run('visit_ptbed', 'before')
 3 SYSTEMPATH\CodeIgniter.php(361): CodeIgniter\CodeIgniter->handleRequest(null, Object(Config\Cache), false)
 4 FCPATH\index.php(79): CodeIgniter\CodeIgniter->run()
WARNING - 2026-02-28 10:10:08 --> [DEPRECATED] Optional parameter $cg declared before required parameter $hcode is implicitly treated as a required parameter in APPPATH\Models\cgserviceModel.php on line 93.
 1 SYSTEMPATH\Autoloader\Autoloader.php(311): include_once('D:\\xampp6\\htdocs\\project-jwt\\vendor\\codeigniter4\\framework\\system\\Debug\\Exceptions.php')
 2 SYSTEMPATH\Autoloader\Autoloader.php(290): CodeIgniter\Autoloader\Autoloader->includeFile('D:\\xampp6\\htdocs\\project-jwt\\app\\Models\\cgserviceModel.php')
 3 SYSTEMPATH\Autoloader\Autoloader.php(266): CodeIgniter\Autoloader\Autoloader->loadInNamespace('App\\Models\\cgserviceModel')
 4 APPPATH\Controllers\mobileController.php(36): CodeIgniter\Autoloader\Autoloader->loadClass('App\\Models\\cgserviceModel')
 5 SYSTEMPATH\CodeIgniter.php(915): App\Controllers\MobileController->__construct()
 6 SYSTEMPATH\CodeIgniter.php(494): CodeIgniter\CodeIgniter->createController()
 7 SYSTEMPATH\CodeIgniter.php(361): CodeIgniter\CodeIgniter->handleRequest(null, Object(Config\Cache), false)
 8 FCPATH\index.php(79): CodeIgniter\CodeIgniter->run()
INFO - 2026-02-28 10:10:11 --> Session: Class initialized using 'CodeIgniter\Session\Handlers\FileHandler' driver.
WARNING - 2026-02-28 10:10:11 --> [DEPRECATED] Creation of dynamic property CodeIgniter\HTTP\IncomingRequest::$user is deprecated in APPPATH\Filters\JwtAuthWeb.php on line 32.
 1 SYSTEMPATH\Filters\Filters.php(182): App\Filters\JwtAuthWeb->before(Object(CodeIgniter\HTTP\IncomingRequest), null)
 2 SYSTEMPATH\CodeIgniter.php(475): CodeIgniter\Filters\Filters->run('cg_service/189', 'before')
 3 SYSTEMPATH\CodeIgniter.php(361): CodeIgniter\CodeIgniter->handleRequest(null, Object(Config\Cache), false)
 4 FCPATH\index.php(79): CodeIgniter\CodeIgniter->run()
WARNING - 2026-02-28 10:10:11 --> [DEPRECATED] Optional parameter $cg declared before required parameter $hcode is implicitly treated as a required parameter in APPPATH\Models\cgserviceModel.php on line 93.
 1 SYSTEMPATH\Autoloader\Autoloader.php(311): include_once('D:\\xampp6\\htdocs\\project-jwt\\vendor\\codeigniter4\\framework\\system\\Debug\\Exceptions.php')
 2 SYSTEMPATH\Autoloader\Autoloader.php(290): CodeIgniter\Autoloader\Autoloader->includeFile('D:\\xampp6\\htdocs\\project-jwt\\app\\Models\\cgserviceModel.php')
 3 SYSTEMPATH\Autoloader\Autoloader.php(266): CodeIgniter\Autoloader\Autoloader->loadInNamespace('App\\Models\\cgserviceModel')
 4 APPPATH\Controllers\mobileController.php(36): CodeIgniter\Autoloader\Autoloader->loadClass('App\\Models\\cgserviceModel')
 5 SYSTEMPATH\CodeIgniter.php(915): App\Controllers\MobileController->__construct()
 6 SYSTEMPATH\CodeIgniter.php(494): CodeIgniter\CodeIgniter->createController()
 7 SYSTEMPATH\CodeIgniter.php(361): CodeIgniter\CodeIgniter->handleRequest(null, Object(Config\Cache), false)
 8 FCPATH\index.php(79): CodeIgniter\CodeIgniter->run()
INFO - 2026-02-28 10:10:23 --> Session: Class initialized using 'CodeIgniter\Session\Handlers\FileHandler' driver.
WARNING - 2026-02-28 10:10:23 --> [DEPRECATED] Creation of dynamic property CodeIgniter\HTTP\IncomingRequest::$user is deprecated in APPPATH\Filters\JwtAuthWeb.php on line 32.
 1 SYSTEMPATH\Filters\Filters.php(182): App\Filters\JwtAuthWeb->before(Object(CodeIgniter\HTTP\IncomingRequest), null)
 2 SYSTEMPATH\CodeIgniter.php(475): CodeIgniter\Filters\Filters->run('ltc_visit/189', 'before')
 3 SYSTEMPATH\CodeIgniter.php(361): CodeIgniter\CodeIgniter->handleRequest(null, Object(Config\Cache), false)
 4 FCPATH\index.php(79): CodeIgniter\CodeIgniter->run()
WARNING - 2026-02-28 10:10:23 --> [DEPRECATED] Optional parameter $cg declared before required parameter $hcode is implicitly treated as a required parameter in APPPATH\Models\cgserviceModel.php on line 93.
 1 SYSTEMPATH\Autoloader\Autoloader.php(311): include_once('D:\\xampp6\\htdocs\\project-jwt\\vendor\\codeigniter4\\framework\\system\\Debug\\Exceptions.php')
 2 SYSTEMPATH\Autoloader\Autoloader.php(290): CodeIgniter\Autoloader\Autoloader->includeFile('D:\\xampp6\\htdocs\\project-jwt\\app\\Models\\cgserviceModel.php')
 3 SYSTEMPATH\Autoloader\Autoloader.php(266): CodeIgniter\Autoloader\Autoloader->loadInNamespace('App\\Models\\cgserviceModel')
 4 APPPATH\Controllers\mobileController.php(36): CodeIgniter\Autoloader\Autoloader->loadClass('App\\Models\\cgserviceModel')
 5 SYSTEMPATH\CodeIgniter.php(915): App\Controllers\MobileController->__construct()
 6 SYSTEMPATH\CodeIgniter.php(494): CodeIgniter\CodeIgniter->createController()
 7 SYSTEMPATH\CodeIgniter.php(361): CodeIgniter\CodeIgniter->handleRequest(null, Object(Config\Cache), false)
 8 FCPATH\index.php(79): CodeIgniter\CodeIgniter->run()
INFO - 2026-02-28 10:12:19 --> Session: Class initialized using 'CodeIgniter\Session\Handlers\FileHandler' driver.
WARNING - 2026-02-28 10:12:19 --> [DEPRECATED] Creation of dynamic property CodeIgniter\HTTP\IncomingRequest::$user is deprecated in APPPATH\Filters\JwtAuthWeb.php on line 32.
 1 SYSTEMPATH\Filters\Filters.php(182): App\Filters\JwtAuthWeb->before(Object(CodeIgniter\HTTP\IncomingRequest), null)
 2 SYSTEMPATH\CodeIgniter.php(475): CodeIgniter\Filters\Filters->run('saveCgservice', 'before')
 3 SYSTEMPATH\CodeIgniter.php(361): CodeIgniter\CodeIgniter->handleRequest(null, Object(Config\Cache), false)
 4 FCPATH\index.php(79): CodeIgniter\CodeIgniter->run()
WARNING - 2026-02-28 10:12:19 --> [DEPRECATED] Optional parameter $cg declared before required parameter $hcode is implicitly treated as a required parameter in APPPATH\Models\cgserviceModel.php on line 93.
 1 SYSTEMPATH\Autoloader\Autoloader.php(311): include_once('D:\\xampp6\\htdocs\\project-jwt\\vendor\\codeigniter4\\framework\\system\\Debug\\Exceptions.php')
 2 SYSTEMPATH\Autoloader\Autoloader.php(290): CodeIgniter\Autoloader\Autoloader->includeFile('D:\\xampp6\\htdocs\\project-jwt\\app\\Models\\cgserviceModel.php')
 3 SYSTEMPATH\Autoloader\Autoloader.php(266): CodeIgniter\Autoloader\Autoloader->loadInNamespace('App\\Models\\cgserviceModel')
 4 APPPATH\Controllers\mobileController.php(36): CodeIgniter\Autoloader\Autoloader->loadClass('App\\Models\\cgserviceModel')
 5 SYSTEMPATH\CodeIgniter.php(915): App\Controllers\MobileController->__construct()
 6 SYSTEMPATH\CodeIgniter.php(494): CodeIgniter\CodeIgniter->createController()
 7 SYSTEMPATH\CodeIgniter.php(361): CodeIgniter\CodeIgniter->handleRequest(null, Object(Config\Cache), false)
 8 FCPATH\index.php(79): CodeIgniter\CodeIgniter->run()
INFO - 2026-02-28 10:12:22 --> Session: Class initialized using 'CodeIgniter\Session\Handlers\FileHandler' driver.
WARNING - 2026-02-28 10:12:22 --> [DEPRECATED] Creation of dynamic property CodeIgniter\HTTP\IncomingRequest::$user is deprecated in APPPATH\Filters\JwtAuthWeb.php on line 32.
 1 SYSTEMPATH\Filters\Filters.php(182): App\Filters\JwtAuthWeb->before(Object(CodeIgniter\HTTP\IncomingRequest), null)
 2 SYSTEMPATH\CodeIgniter.php(475): CodeIgniter\Filters\Filters->run('visit_ptbed', 'before')
 3 SYSTEMPATH\CodeIgniter.php(361): CodeIgniter\CodeIgniter->handleRequest(null, Object(Config\Cache), false)
 4 FCPATH\index.php(79): CodeIgniter\CodeIgniter->run()
WARNING - 2026-02-28 10:12:22 --> [DEPRECATED] Optional parameter $cg declared before required parameter $hcode is implicitly treated as a required parameter in APPPATH\Models\cgserviceModel.php on line 93.
 1 SYSTEMPATH\Autoloader\Autoloader.php(311): include_once('D:\\xampp6\\htdocs\\project-jwt\\vendor\\codeigniter4\\framework\\system\\Debug\\Exceptions.php')
 2 SYSTEMPATH\Autoloader\Autoloader.php(290): CodeIgniter\Autoloader\Autoloader->includeFile('D:\\xampp6\\htdocs\\project-jwt\\app\\Models\\cgserviceModel.php')
 3 SYSTEMPATH\Autoloader\Autoloader.php(266): CodeIgniter\Autoloader\Autoloader->loadInNamespace('App\\Models\\cgserviceModel')
 4 APPPATH\Controllers\mobileController.php(36): CodeIgniter\Autoloader\Autoloader->loadClass('App\\Models\\cgserviceModel')
 5 SYSTEMPATH\CodeIgniter.php(915): App\Controllers\MobileController->__construct()
 6 SYSTEMPATH\CodeIgniter.php(494): CodeIgniter\CodeIgniter->createController()
 7 SYSTEMPATH\CodeIgniter.php(361): CodeIgniter\CodeIgniter->handleRequest(null, Object(Config\Cache), false)
 8 FCPATH\index.php(79): CodeIgniter\CodeIgniter->run()
INFO - 2026-02-28 10:20:34 --> Session: Class initialized using 'CodeIgniter\Session\Handlers\FileHandler' driver.
WARNING - 2026-02-28 10:20:34 --> [DEPRECATED] Creation of dynamic property CodeIgniter\HTTP\IncomingRequest::$user is deprecated in APPPATH\Filters\JwtAuthWeb.php on line 32.
 1 SYSTEMPATH\Filters\Filters.php(182): App\Filters\JwtAuthWeb->before(Object(CodeIgniter\HTTP\IncomingRequest), null)
 2 SYSTEMPATH\CodeIgniter.php(475): CodeIgniter\Filters\Filters->run('mobile-page', 'before')
 3 SYSTEMPATH\CodeIgniter.php(361): CodeIgniter\CodeIgniter->handleRequest(null, Object(Config\Cache), false)
 4 FCPATH\index.php(79): CodeIgniter\CodeIgniter->run()
WARNING - 2026-02-28 10:20:34 --> [DEPRECATED] Optional parameter $cg declared before required parameter $hcode is implicitly treated as a required parameter in APPPATH\Models\cgserviceModel.php on line 93.
 1 SYSTEMPATH\Autoloader\Autoloader.php(311): include_once('D:\\xampp6\\htdocs\\project-jwt\\vendor\\codeigniter4\\framework\\system\\Debug\\Exceptions.php')
 2 SYSTEMPATH\Autoloader\Autoloader.php(290): CodeIgniter\Autoloader\Autoloader->includeFile('D:\\xampp6\\htdocs\\project-jwt\\app\\Models\\cgserviceModel.php')
 3 SYSTEMPATH\Autoloader\Autoloader.php(266): CodeIgniter\Autoloader\Autoloader->loadInNamespace('App\\Models\\cgserviceModel')
 4 APPPATH\Controllers\mobileController.php(36): CodeIgniter\Autoloader\Autoloader->loadClass('App\\Models\\cgserviceModel')
 5 SYSTEMPATH\CodeIgniter.php(915): App\Controllers\MobileController->__construct()
 6 SYSTEMPATH\CodeIgniter.php(494): CodeIgniter\CodeIgniter->createController()
 7 SYSTEMPATH\CodeIgniter.php(361): CodeIgniter\CodeIgniter->handleRequest(null, Object(Config\Cache), false)
 8 FCPATH\index.php(79): CodeIgniter\CodeIgniter->run()
INFO - 2026-02-28 10:20:38 --> Session: Class initialized using 'CodeIgniter\Session\Handlers\FileHandler' driver.
INFO - 2026-02-28 10:20:40 --> Session: Class initialized using 'CodeIgniter\Session\Handlers\FileHandler' driver.
WARNING - 2026-02-28 10:20:40 --> [DEPRECATED] Creation of dynamic property CodeIgniter\HTTP\IncomingRequest::$user is deprecated in APPPATH\Filters\JwtAuthWeb.php on line 32.
 1 SYSTEMPATH\Filters\Filters.php(182): App\Filters\JwtAuthWeb->before(Object(CodeIgniter\HTTP\IncomingRequest), null)
 2 SYSTEMPATH\CodeIgniter.php(475): CodeIgniter\Filters\Filters->run('setting/dashboard-page', 'before')
 3 SYSTEMPATH\CodeIgniter.php(361): CodeIgniter\CodeIgniter->handleRequest(null, Object(Config\Cache), false)
 4 FCPATH\index.php(79): CodeIgniter\CodeIgniter->run()
WARNING - 2026-02-28 10:20:40 --> [DEPRECATED] Creation of dynamic property CodeIgniter\HTTP\IncomingRequest::$user is deprecated in APPPATH\Filters\JwtAuth.php on line 47.
 1 SYSTEMPATH\Filters\Filters.php(182): App\Filters\JwtAuth->before(Object(CodeIgniter\HTTP\IncomingRequest), null)
 2 SYSTEMPATH\CodeIgniter.php(475): CodeIgniter\Filters\Filters->run('api/profile', 'before')
 3 SYSTEMPATH\CodeIgniter.php(361): CodeIgniter\CodeIgniter->handleRequest(null, Object(Config\Cache), false)
 4 FCPATH\index.php(79): CodeIgniter\CodeIgniter->run()
INFO - 2026-02-28 10:20:45 --> Session: Class initialized using 'CodeIgniter\Session\Handlers\FileHandler' driver.
WARNING - 2026-02-28 10:20:45 --> [DEPRECATED] Creation of dynamic property CodeIgniter\HTTP\IncomingRequest::$user is deprecated in APPPATH\Filters\JwtAuthWeb.php on line 32.
 1 SYSTEMPATH\Filters\Filters.php(182): App\Filters\JwtAuthWeb->before(Object(CodeIgniter\HTTP\IncomingRequest), null)
 2 SYSTEMPATH\CodeIgniter.php(475): CodeIgniter\Filters\Filters->run('service-page', 'before')
 3 SYSTEMPATH\CodeIgniter.php(361): CodeIgniter\CodeIgniter->handleRequest(null, Object(Config\Cache), false)
 4 FCPATH\index.php(79): CodeIgniter\CodeIgniter->run()
WARNING - 2026-02-28 10:20:45 --> [DEPRECATED] Optional parameter $cg declared before required parameter $hcode is implicitly treated as a required parameter in APPPATH\Models\cgserviceModel.php on line 93.
 1 SYSTEMPATH\Autoloader\Autoloader.php(311): include_once('D:\\xampp6\\htdocs\\project-jwt\\vendor\\codeigniter4\\framework\\system\\Debug\\Exceptions.php')
 2 SYSTEMPATH\Autoloader\Autoloader.php(290): CodeIgniter\Autoloader\Autoloader->includeFile('D:\\xampp6\\htdocs\\project-jwt\\app\\Models\\cgserviceModel.php')
 3 SYSTEMPATH\Autoloader\Autoloader.php(266): CodeIgniter\Autoloader\Autoloader->loadInNamespace('App\\Models\\cgserviceModel')
 4 APPPATH\Controllers\ServiceController.php(21): CodeIgniter\Autoloader\Autoloader->loadClass('App\\Models\\cgserviceModel')
 5 SYSTEMPATH\CodeIgniter.php(915): App\Controllers\ServiceController->__construct()
 6 SYSTEMPATH\CodeIgniter.php(494): CodeIgniter\CodeIgniter->createController()
 7 SYSTEMPATH\CodeIgniter.php(361): CodeIgniter\CodeIgniter->handleRequest(null, Object(Config\Cache), false)
 8 FCPATH\index.php(79): CodeIgniter\CodeIgniter->run()
WARNING - 2026-02-28 10:20:45 --> [DEPRECATED] Creation of dynamic property CodeIgniter\HTTP\IncomingRequest::$user is deprecated in APPPATH\Filters\JwtAuth.php on line 47.
 1 SYSTEMPATH\Filters\Filters.php(182): App\Filters\JwtAuth->before(Object(CodeIgniter\HTTP\IncomingRequest), null)
 2 SYSTEMPATH\CodeIgniter.php(475): CodeIgniter\Filters\Filters->run('api/profile', 'before')
 3 SYSTEMPATH\CodeIgniter.php(361): CodeIgniter\CodeIgniter->handleRequest(null, Object(Config\Cache), false)
 4 FCPATH\index.php(79): CodeIgniter\CodeIgniter->run()
INFO - 2026-02-28 10:20:48 --> Session: Class initialized using 'CodeIgniter\Session\Handlers\FileHandler' driver.
WARNING - 2026-02-28 10:20:48 --> [DEPRECATED] Creation of dynamic property CodeIgniter\HTTP\IncomingRequest::$user is deprecated in APPPATH\Filters\JwtAuthWeb.php on line 32.
 1 SYSTEMPATH\Filters\Filters.php(182): App\Filters\JwtAuthWeb->before(Object(CodeIgniter\HTTP\IncomingRequest), null)
 2 SYSTEMPATH\CodeIgniter.php(475): CodeIgniter\Filters\Filters->run('cgServicerep', 'before')
 3 SYSTEMPATH\CodeIgniter.php(361): CodeIgniter\CodeIgniter->handleRequest(null, Object(Config\Cache), false)
 4 FCPATH\index.php(79): CodeIgniter\CodeIgniter->run()
WARNING - 2026-02-28 10:20:48 --> [DEPRECATED] Optional parameter $cg declared before required parameter $hcode is implicitly treated as a required parameter in APPPATH\Models\cgserviceModel.php on line 93.
 1 SYSTEMPATH\Autoloader\Autoloader.php(311): include_once('D:\\xampp6\\htdocs\\project-jwt\\vendor\\codeigniter4\\framework\\system\\Debug\\Exceptions.php')
 2 SYSTEMPATH\Autoloader\Autoloader.php(290): CodeIgniter\Autoloader\Autoloader->includeFile('D:\\xampp6\\htdocs\\project-jwt\\app\\Models\\cgserviceModel.php')
 3 SYSTEMPATH\Autoloader\Autoloader.php(266): CodeIgniter\Autoloader\Autoloader->loadInNamespace('App\\Models\\cgserviceModel')
 4 APPPATH\Controllers\ServiceController.php(21): CodeIgniter\Autoloader\Autoloader->loadClass('App\\Models\\cgserviceModel')
 5 SYSTEMPATH\CodeIgniter.php(915): App\Controllers\ServiceController->__construct()
 6 SYSTEMPATH\CodeIgniter.php(494): CodeIgniter\CodeIgniter->createController()
 7 SYSTEMPATH\CodeIgniter.php(361): CodeIgniter\CodeIgniter->handleRequest(null, Object(Config\Cache), false)
 8 FCPATH\index.php(79): CodeIgniter\CodeIgniter->run()
INFO - 2026-02-28 10:22:28 --> Session: Class initialized using 'CodeIgniter\Session\Handlers\FileHandler' driver.
INFO - 2026-02-28 10:22:30 --> Session: Class initialized using 'CodeIgniter\Session\Handlers\FileHandler' driver.
WARNING - 2026-02-28 10:22:30 --> [DEPRECATED] Creation of dynamic property CodeIgniter\HTTP\IncomingRequest::$user is deprecated in APPPATH\Filters\JwtAuthWeb.php on line 32.
 1 SYSTEMPATH\Filters\Filters.php(182): App\Filters\JwtAuthWeb->before(Object(CodeIgniter\HTTP\IncomingRequest), null)
 2 SYSTEMPATH\CodeIgniter.php(475): CodeIgniter\Filters\Filters->run('setting/dashboard-page', 'before')
 3 SYSTEMPATH\CodeIgniter.php(361): CodeIgniter\CodeIgniter->handleRequest(null, Object(Config\Cache), false)
 4 FCPATH\index.php(79): CodeIgniter\CodeIgniter->run()
WARNING - 2026-02-28 10:22:30 --> [DEPRECATED] Creation of dynamic property CodeIgniter\HTTP\IncomingRequest::$user is deprecated in APPPATH\Filters\JwtAuth.php on line 47.
 1 SYSTEMPATH\Filters\Filters.php(182): App\Filters\JwtAuth->before(Object(CodeIgniter\HTTP\IncomingRequest), null)
 2 SYSTEMPATH\CodeIgniter.php(475): CodeIgniter\Filters\Filters->run('api/profile', 'before')
 3 SYSTEMPATH\CodeIgniter.php(361): CodeIgniter\CodeIgniter->handleRequest(null, Object(Config\Cache), false)
 4 FCPATH\index.php(79): CodeIgniter\CodeIgniter->run()
INFO - 2026-02-28 10:22:33 --> Session: Class initialized using 'CodeIgniter\Session\Handlers\FileHandler' driver.
WARNING - 2026-02-28 10:22:33 --> [DEPRECATED] Creation of dynamic property CodeIgniter\HTTP\IncomingRequest::$user is deprecated in APPPATH\Filters\JwtAuthWeb.php on line 32.
 1 SYSTEMPATH\Filters\Filters.php(182): App\Filters\JwtAuthWeb->before(Object(CodeIgniter\HTTP\IncomingRequest), null)
 2 SYSTEMPATH\CodeIgniter.php(475): CodeIgniter\Filters\Filters->run('service-page', 'before')
 3 SYSTEMPATH\CodeIgniter.php(361): CodeIgniter\CodeIgniter->handleRequest(null, Object(Config\Cache), false)
 4 FCPATH\index.php(79): CodeIgniter\CodeIgniter->run()
WARNING - 2026-02-28 10:22:33 --> [DEPRECATED] Optional parameter $cg declared before required parameter $hcode is implicitly treated as a required parameter in APPPATH\Models\cgserviceModel.php on line 93.
 1 SYSTEMPATH\Autoloader\Autoloader.php(311): include_once('D:\\xampp6\\htdocs\\project-jwt\\vendor\\codeigniter4\\framework\\system\\Debug\\Exceptions.php')
 2 SYSTEMPATH\Autoloader\Autoloader.php(290): CodeIgniter\Autoloader\Autoloader->includeFile('D:\\xampp6\\htdocs\\project-jwt\\app\\Models\\cgserviceModel.php')
 3 SYSTEMPATH\Autoloader\Autoloader.php(266): CodeIgniter\Autoloader\Autoloader->loadInNamespace('App\\Models\\cgserviceModel')
 4 APPPATH\Controllers\ServiceController.php(21): CodeIgniter\Autoloader\Autoloader->loadClass('App\\Models\\cgserviceModel')
 5 SYSTEMPATH\CodeIgniter.php(915): App\Controllers\ServiceController->__construct()
 6 SYSTEMPATH\CodeIgniter.php(494): CodeIgniter\CodeIgniter->createController()
 7 SYSTEMPATH\CodeIgniter.php(361): CodeIgniter\CodeIgniter->handleRequest(null, Object(Config\Cache), false)
 8 FCPATH\index.php(79): CodeIgniter\CodeIgniter->run()
WARNING - 2026-02-28 10:22:33 --> [DEPRECATED] Creation of dynamic property CodeIgniter\HTTP\IncomingRequest::$user is deprecated in APPPATH\Filters\JwtAuth.php on line 47.
 1 SYSTEMPATH\Filters\Filters.php(182): App\Filters\JwtAuth->before(Object(CodeIgniter\HTTP\IncomingRequest), null)
 2 SYSTEMPATH\CodeIgniter.php(475): CodeIgniter\Filters\Filters->run('api/profile', 'before')
 3 SYSTEMPATH\CodeIgniter.php(361): CodeIgniter\CodeIgniter->handleRequest(null, Object(Config\Cache), false)
 4 FCPATH\index.php(79): CodeIgniter\CodeIgniter->run()
INFO - 2026-02-28 10:22:35 --> Session: Class initialized using 'CodeIgniter\Session\Handlers\FileHandler' driver.
WARNING - 2026-02-28 10:22:35 --> [DEPRECATED] Creation of dynamic property CodeIgniter\HTTP\IncomingRequest::$user is deprecated in APPPATH\Filters\JwtAuthWeb.php on line 32.
 1 SYSTEMPATH\Filters\Filters.php(182): App\Filters\JwtAuthWeb->before(Object(CodeIgniter\HTTP\IncomingRequest), null)
 2 SYSTEMPATH\CodeIgniter.php(475): CodeIgniter\Filters\Filters->run('cgServicerep', 'before')
 3 SYSTEMPATH\CodeIgniter.php(361): CodeIgniter\CodeIgniter->handleRequest(null, Object(Config\Cache), false)
 4 FCPATH\index.php(79): CodeIgniter\CodeIgniter->run()
WARNING - 2026-02-28 10:22:35 --> [DEPRECATED] Optional parameter $cg declared before required parameter $hcode is implicitly treated as a required parameter in APPPATH\Models\cgserviceModel.php on line 93.
 1 SYSTEMPATH\Autoloader\Autoloader.php(311): include_once('D:\\xampp6\\htdocs\\project-jwt\\vendor\\codeigniter4\\framework\\system\\Debug\\Exceptions.php')
 2 SYSTEMPATH\Autoloader\Autoloader.php(290): CodeIgniter\Autoloader\Autoloader->includeFile('D:\\xampp6\\htdocs\\project-jwt\\app\\Models\\cgserviceModel.php')
 3 SYSTEMPATH\Autoloader\Autoloader.php(266): CodeIgniter\Autoloader\Autoloader->loadInNamespace('App\\Models\\cgserviceModel')
 4 APPPATH\Controllers\ServiceController.php(21): CodeIgniter\Autoloader\Autoloader->loadClass('App\\Models\\cgserviceModel')
 5 SYSTEMPATH\CodeIgniter.php(915): App\Controllers\ServiceController->__construct()
 6 SYSTEMPATH\CodeIgniter.php(494): CodeIgniter\CodeIgniter->createController()
 7 SYSTEMPATH\CodeIgniter.php(361): CodeIgniter\CodeIgniter->handleRequest(null, Object(Config\Cache), false)
 8 FCPATH\index.php(79): CodeIgniter\CodeIgniter->run()
INFO - 2026-02-28 10:22:37 --> Session: Class initialized using 'CodeIgniter\Session\Handlers\FileHandler' driver.
WARNING - 2026-02-28 10:22:37 --> [DEPRECATED] Creation of dynamic property CodeIgniter\HTTP\IncomingRequest::$user is deprecated in APPPATH\Filters\JwtAuthWeb.php on line 32.
 1 SYSTEMPATH\Filters\Filters.php(182): App\Filters\JwtAuthWeb->before(Object(CodeIgniter\HTTP\IncomingRequest), null)
 2 SYSTEMPATH\CodeIgniter.php(475): CodeIgniter\Filters\Filters->run('cgServicerep', 'before')
 3 SYSTEMPATH\CodeIgniter.php(361): CodeIgniter\CodeIgniter->handleRequest(null, Object(Config\Cache), false)
 4 FCPATH\index.php(79): CodeIgniter\CodeIgniter->run()
WARNING - 2026-02-28 10:22:37 --> [DEPRECATED] Optional parameter $cg declared before required parameter $hcode is implicitly treated as a required parameter in APPPATH\Models\cgserviceModel.php on line 93.
 1 SYSTEMPATH\Autoloader\Autoloader.php(311): include_once('D:\\xampp6\\htdocs\\project-jwt\\vendor\\codeigniter4\\framework\\system\\Debug\\Exceptions.php')
 2 SYSTEMPATH\Autoloader\Autoloader.php(290): CodeIgniter\Autoloader\Autoloader->includeFile('D:\\xampp6\\htdocs\\project-jwt\\app\\Models\\cgserviceModel.php')
 3 SYSTEMPATH\Autoloader\Autoloader.php(266): CodeIgniter\Autoloader\Autoloader->loadInNamespace('App\\Models\\cgserviceModel')
 4 APPPATH\Controllers\ServiceController.php(21): CodeIgniter\Autoloader\Autoloader->loadClass('App\\Models\\cgserviceModel')
 5 SYSTEMPATH\CodeIgniter.php(915): App\Controllers\ServiceController->__construct()
 6 SYSTEMPATH\CodeIgniter.php(494): CodeIgniter\CodeIgniter->createController()
 7 SYSTEMPATH\CodeIgniter.php(361): CodeIgniter\CodeIgniter->handleRequest(null, Object(Config\Cache), false)
 8 FCPATH\index.php(79): CodeIgniter\CodeIgniter->run()
INFO - 2026-02-28 10:22:39 --> Session: Class initialized using 'CodeIgniter\Session\Handlers\FileHandler' driver.
WARNING - 2026-02-28 10:22:39 --> [DEPRECATED] Creation of dynamic property CodeIgniter\HTTP\IncomingRequest::$user is deprecated in APPPATH\Filters\JwtAuthWeb.php on line 32.
 1 SYSTEMPATH\Filters\Filters.php(182): App\Filters\JwtAuthWeb->before(Object(CodeIgniter\HTTP\IncomingRequest), null)
 2 SYSTEMPATH\CodeIgniter.php(475): CodeIgniter\Filters\Filters->run('ltc-view-details/189/2026/2', 'before')
 3 SYSTEMPATH\CodeIgniter.php(361): CodeIgniter\CodeIgniter->handleRequest(null, Object(Config\Cache), false)
 4 FCPATH\index.php(79): CodeIgniter\CodeIgniter->run()
WARNING - 2026-02-28 10:22:39 --> [DEPRECATED] Optional parameter $cg declared before required parameter $hcode is implicitly treated as a required parameter in APPPATH\Models\cgserviceModel.php on line 93.
 1 SYSTEMPATH\Autoloader\Autoloader.php(311): include_once('D:\\xampp6\\htdocs\\project-jwt\\vendor\\codeigniter4\\framework\\system\\Debug\\Exceptions.php')
 2 SYSTEMPATH\Autoloader\Autoloader.php(290): CodeIgniter\Autoloader\Autoloader->includeFile('D:\\xampp6\\htdocs\\project-jwt\\app\\Models\\cgserviceModel.php')
 3 SYSTEMPATH\Autoloader\Autoloader.php(266): CodeIgniter\Autoloader\Autoloader->loadInNamespace('App\\Models\\cgserviceModel')
 4 APPPATH\Controllers\ServiceController.php(21): CodeIgniter\Autoloader\Autoloader->loadClass('App\\Models\\cgserviceModel')
 5 SYSTEMPATH\CodeIgniter.php(915): App\Controllers\ServiceController->__construct()
 6 SYSTEMPATH\CodeIgniter.php(494): CodeIgniter\CodeIgniter->createController()
 7 SYSTEMPATH\CodeIgniter.php(361): CodeIgniter\CodeIgniter->handleRequest(null, Object(Config\Cache), false)
 8 FCPATH\index.php(79): CodeIgniter\CodeIgniter->run()
WARNING - 2026-02-28 10:22:40 --> [DEPRECATED] Creation of dynamic property CodeIgniter\HTTP\IncomingRequest::$user is deprecated in APPPATH\Filters\JwtAuth.php on line 47.
 1 SYSTEMPATH\Filters\Filters.php(182): App\Filters\JwtAuth->before(Object(CodeIgniter\HTTP\IncomingRequest), null)
 2 SYSTEMPATH\CodeIgniter.php(475): CodeIgniter\Filters\Filters->run('api/profile', 'before')
 3 SYSTEMPATH\CodeIgniter.php(361): CodeIgniter\CodeIgniter->handleRequest(null, Object(Config\Cache), false)
 4 FCPATH\index.php(79): CodeIgniter\CodeIgniter->run()
INFO - 2026-02-28 10:22:42 --> Session: Class initialized using 'CodeIgniter\Session\Handlers\FileHandler' driver.
WARNING - 2026-02-28 10:22:42 --> [DEPRECATED] Creation of dynamic property CodeIgniter\HTTP\IncomingRequest::$user is deprecated in APPPATH\Filters\JwtAuthWeb.php on line 32.
 1 SYSTEMPATH\Filters\Filters.php(182): App\Filters\JwtAuthWeb->before(Object(CodeIgniter\HTTP\IncomingRequest), null)
 2 SYSTEMPATH\CodeIgniter.php(475): CodeIgniter\Filters\Filters->run('getCGservice', 'before')
 3 SYSTEMPATH\CodeIgniter.php(361): CodeIgniter\CodeIgniter->handleRequest(null, Object(Config\Cache), false)
 4 FCPATH\index.php(79): CodeIgniter\CodeIgniter->run()
WARNING - 2026-02-28 10:22:42 --> [DEPRECATED] Optional parameter $cg declared before required parameter $hcode is implicitly treated as a required parameter in APPPATH\Models\cgserviceModel.php on line 93.
 1 SYSTEMPATH\Autoloader\Autoloader.php(311): include_once('D:\\xampp6\\htdocs\\project-jwt\\vendor\\codeigniter4\\framework\\system\\Debug\\Exceptions.php')
 2 SYSTEMPATH\Autoloader\Autoloader.php(290): CodeIgniter\Autoloader\Autoloader->includeFile('D:\\xampp6\\htdocs\\project-jwt\\app\\Models\\cgserviceModel.php')
 3 SYSTEMPATH\Autoloader\Autoloader.php(266): CodeIgniter\Autoloader\Autoloader->loadInNamespace('App\\Models\\cgserviceModel')
 4 APPPATH\Controllers\ServiceController.php(21): CodeIgniter\Autoloader\Autoloader->loadClass('App\\Models\\cgserviceModel')
 5 SYSTEMPATH\CodeIgniter.php(915): App\Controllers\ServiceController->__construct()
 6 SYSTEMPATH\CodeIgniter.php(494): CodeIgniter\CodeIgniter->createController()
 7 SYSTEMPATH\CodeIgniter.php(361): CodeIgniter\CodeIgniter->handleRequest(null, Object(Config\Cache), false)
 8 FCPATH\index.php(79): CodeIgniter\CodeIgniter->run()
INFO - 2026-02-28 10:22:48 --> Session: Class initialized using 'CodeIgniter\Session\Handlers\FileHandler' driver.
WARNING - 2026-02-28 10:22:48 --> [DEPRECATED] Creation of dynamic property CodeIgniter\HTTP\IncomingRequest::$user is deprecated in APPPATH\Filters\JwtAuthWeb.php on line 32.
 1 SYSTEMPATH\Filters\Filters.php(182): App\Filters\JwtAuthWeb->before(Object(CodeIgniter\HTTP\IncomingRequest), null)
 2 SYSTEMPATH\CodeIgniter.php(475): CodeIgniter\Filters\Filters->run('updateCmcomment', 'before')
 3 SYSTEMPATH\CodeIgniter.php(361): CodeIgniter\CodeIgniter->handleRequest(null, Object(Config\Cache), false)
 4 FCPATH\index.php(79): CodeIgniter\CodeIgniter->run()
WARNING - 2026-02-28 10:22:48 --> [DEPRECATED] Optional parameter $cg declared before required parameter $hcode is implicitly treated as a required parameter in APPPATH\Models\cgserviceModel.php on line 93.
 1 SYSTEMPATH\Autoloader\Autoloader.php(311): include_once('D:\\xampp6\\htdocs\\project-jwt\\vendor\\codeigniter4\\framework\\system\\Debug\\Exceptions.php')
 2 SYSTEMPATH\Autoloader\Autoloader.php(290): CodeIgniter\Autoloader\Autoloader->includeFile('D:\\xampp6\\htdocs\\project-jwt\\app\\Models\\cgserviceModel.php')
 3 SYSTEMPATH\Autoloader\Autoloader.php(266): CodeIgniter\Autoloader\Autoloader->loadInNamespace('App\\Models\\cgserviceModel')
 4 APPPATH\Controllers\ServiceController.php(21): CodeIgniter\Autoloader\Autoloader->loadClass('App\\Models\\cgserviceModel')
 5 SYSTEMPATH\CodeIgniter.php(915): App\Controllers\ServiceController->__construct()
 6 SYSTEMPATH\CodeIgniter.php(494): CodeIgniter\CodeIgniter->createController()
 7 SYSTEMPATH\CodeIgniter.php(361): CodeIgniter\CodeIgniter->handleRequest(null, Object(Config\Cache), false)
 8 FCPATH\index.php(79): CodeIgniter\CodeIgniter->run()
INFO - 2026-02-28 10:23:35 --> Session: Class initialized using 'CodeIgniter\Session\Handlers\FileHandler' driver.
WARNING - 2026-02-28 10:23:35 --> [DEPRECATED] Creation of dynamic property CodeIgniter\HTTP\IncomingRequest::$user is deprecated in APPPATH\Filters\JwtAuthWeb.php on line 32.
 1 SYSTEMPATH\Filters\Filters.php(182): App\Filters\JwtAuthWeb->before(Object(CodeIgniter\HTTP\IncomingRequest), null)
 2 SYSTEMPATH\CodeIgniter.php(475): CodeIgniter\Filters\Filters->run('updateCmcomment', 'before')
 3 SYSTEMPATH\CodeIgniter.php(361): CodeIgniter\CodeIgniter->handleRequest(null, Object(Config\Cache), false)
 4 FCPATH\index.php(79): CodeIgniter\CodeIgniter->run()
WARNING - 2026-02-28 10:23:35 --> [DEPRECATED] Optional parameter $cg declared before required parameter $hcode is implicitly treated as a required parameter in APPPATH\Models\cgserviceModel.php on line 93.
 1 SYSTEMPATH\Autoloader\Autoloader.php(311): include_once('D:\\xampp6\\htdocs\\project-jwt\\vendor\\codeigniter4\\framework\\system\\Debug\\Exceptions.php')
 2 SYSTEMPATH\Autoloader\Autoloader.php(290): CodeIgniter\Autoloader\Autoloader->includeFile('D:\\xampp6\\htdocs\\project-jwt\\app\\Models\\cgserviceModel.php')
 3 SYSTEMPATH\Autoloader\Autoloader.php(266): CodeIgniter\Autoloader\Autoloader->loadInNamespace('App\\Models\\cgserviceModel')
 4 APPPATH\Controllers\ServiceController.php(21): CodeIgniter\Autoloader\Autoloader->loadClass('App\\Models\\cgserviceModel')
 5 SYSTEMPATH\CodeIgniter.php(915): App\Controllers\ServiceController->__construct()
 6 SYSTEMPATH\CodeIgniter.php(494): CodeIgniter\CodeIgniter->createController()
 7 SYSTEMPATH\CodeIgniter.php(361): CodeIgniter\CodeIgniter->handleRequest(null, Object(Config\Cache), false)
 8 FCPATH\index.php(79): CodeIgniter\CodeIgniter->run()
INFO - 2026-02-28 10:26:16 --> Session: Class initialized using 'CodeIgniter\Session\Handlers\FileHandler' driver.
WARNING - 2026-02-28 10:26:16 --> [DEPRECATED] Creation of dynamic property CodeIgniter\HTTP\IncomingRequest::$user is deprecated in APPPATH\Filters\JwtAuthWeb.php on line 32.
 1 SYSTEMPATH\Filters\Filters.php(182): App\Filters\JwtAuthWeb->before(Object(CodeIgniter\HTTP\IncomingRequest), null)
 2 SYSTEMPATH\CodeIgniter.php(475): CodeIgniter\Filters\Filters->run('ltc-view-details/189/2026/2', 'before')
 3 SYSTEMPATH\CodeIgniter.php(361): CodeIgniter\CodeIgniter->handleRequest(null, Object(Config\Cache), false)
 4 FCPATH\index.php(79): CodeIgniter\CodeIgniter->run()
WARNING - 2026-02-28 10:26:16 --> [DEPRECATED] Optional parameter $cg declared before required parameter $hcode is implicitly treated as a required parameter in APPPATH\Models\cgserviceModel.php on line 93.
 1 SYSTEMPATH\Autoloader\Autoloader.php(311): include_once('D:\\xampp6\\htdocs\\project-jwt\\vendor\\codeigniter4\\framework\\system\\Debug\\Exceptions.php')
 2 SYSTEMPATH\Autoloader\Autoloader.php(290): CodeIgniter\Autoloader\Autoloader->includeFile('D:\\xampp6\\htdocs\\project-jwt\\app\\Models\\cgserviceModel.php')
 3 SYSTEMPATH\Autoloader\Autoloader.php(266): CodeIgniter\Autoloader\Autoloader->loadInNamespace('App\\Models\\cgserviceModel')
 4 APPPATH\Controllers\ServiceController.php(21): CodeIgniter\Autoloader\Autoloader->loadClass('App\\Models\\cgserviceModel')
 5 SYSTEMPATH\CodeIgniter.php(915): App\Controllers\ServiceController->__construct()
 6 SYSTEMPATH\CodeIgniter.php(494): CodeIgniter\CodeIgniter->createController()
 7 SYSTEMPATH\CodeIgniter.php(361): CodeIgniter\CodeIgniter->handleRequest(null, Object(Config\Cache), false)
 8 FCPATH\index.php(79): CodeIgniter\CodeIgniter->run()
WARNING - 2026-02-28 10:26:16 --> [DEPRECATED] Creation of dynamic property CodeIgniter\HTTP\IncomingRequest::$user is deprecated in APPPATH\Filters\JwtAuth.php on line 47.
 1 SYSTEMPATH\Filters\Filters.php(182): App\Filters\JwtAuth->before(Object(CodeIgniter\HTTP\IncomingRequest), null)
 2 SYSTEMPATH\CodeIgniter.php(475): CodeIgniter\Filters\Filters->run('api/profile', 'before')
 3 SYSTEMPATH\CodeIgniter.php(361): CodeIgniter\CodeIgniter->handleRequest(null, Object(Config\Cache), false)
 4 FCPATH\index.php(79): CodeIgniter\CodeIgniter->run()
INFO - 2026-02-28 10:26:18 --> Session: Class initialized using 'CodeIgniter\Session\Handlers\FileHandler' driver.
WARNING - 2026-02-28 10:26:18 --> [DEPRECATED] Creation of dynamic property CodeIgniter\HTTP\IncomingRequest::$user is deprecated in APPPATH\Filters\JwtAuthWeb.php on line 32.
 1 SYSTEMPATH\Filters\Filters.php(182): App\Filters\JwtAuthWeb->before(Object(CodeIgniter\HTTP\IncomingRequest), null)
 2 SYSTEMPATH\CodeIgniter.php(475): CodeIgniter\Filters\Filters->run('getCGservice', 'before')
 3 SYSTEMPATH\CodeIgniter.php(361): CodeIgniter\CodeIgniter->handleRequest(null, Object(Config\Cache), false)
 4 FCPATH\index.php(79): CodeIgniter\CodeIgniter->run()
WARNING - 2026-02-28 10:26:18 --> [DEPRECATED] Optional parameter $cg declared before required parameter $hcode is implicitly treated as a required parameter in APPPATH\Models\cgserviceModel.php on line 93.
 1 SYSTEMPATH\Autoloader\Autoloader.php(311): include_once('D:\\xampp6\\htdocs\\project-jwt\\vendor\\codeigniter4\\framework\\system\\Debug\\Exceptions.php')
 2 SYSTEMPATH\Autoloader\Autoloader.php(290): CodeIgniter\Autoloader\Autoloader->includeFile('D:\\xampp6\\htdocs\\project-jwt\\app\\Models\\cgserviceModel.php')
 3 SYSTEMPATH\Autoloader\Autoloader.php(266): CodeIgniter\Autoloader\Autoloader->loadInNamespace('App\\Models\\cgserviceModel')
 4 APPPATH\Controllers\ServiceController.php(21): CodeIgniter\Autoloader\Autoloader->loadClass('App\\Models\\cgserviceModel')
 5 SYSTEMPATH\CodeIgniter.php(915): App\Controllers\ServiceController->__construct()
 6 SYSTEMPATH\CodeIgniter.php(494): CodeIgniter\CodeIgniter->createController()
 7 SYSTEMPATH\CodeIgniter.php(361): CodeIgniter\CodeIgniter->handleRequest(null, Object(Config\Cache), false)
 8 FCPATH\index.php(79): CodeIgniter\CodeIgniter->run()
INFO - 2026-02-28 10:26:24 --> Session: Class initialized using 'CodeIgniter\Session\Handlers\FileHandler' driver.
WARNING - 2026-02-28 10:26:24 --> [DEPRECATED] Creation of dynamic property CodeIgniter\HTTP\IncomingRequest::$user is deprecated in APPPATH\Filters\JwtAuthWeb.php on line 32.
 1 SYSTEMPATH\Filters\Filters.php(182): App\Filters\JwtAuthWeb->before(Object(CodeIgniter\HTTP\IncomingRequest), null)
 2 SYSTEMPATH\CodeIgniter.php(475): CodeIgniter\Filters\Filters->run('updateCmcomment', 'before')
 3 SYSTEMPATH\CodeIgniter.php(361): CodeIgniter\CodeIgniter->handleRequest(null, Object(Config\Cache), false)
 4 FCPATH\index.php(79): CodeIgniter\CodeIgniter->run()
WARNING - 2026-02-28 10:26:24 --> [DEPRECATED] Optional parameter $cg declared before required parameter $hcode is implicitly treated as a required parameter in APPPATH\Models\cgserviceModel.php on line 93.
 1 SYSTEMPATH\Autoloader\Autoloader.php(311): include_once('D:\\xampp6\\htdocs\\project-jwt\\vendor\\codeigniter4\\framework\\system\\Debug\\Exceptions.php')
 2 SYSTEMPATH\Autoloader\Autoloader.php(290): CodeIgniter\Autoloader\Autoloader->includeFile('D:\\xampp6\\htdocs\\project-jwt\\app\\Models\\cgserviceModel.php')
 3 SYSTEMPATH\Autoloader\Autoloader.php(266): CodeIgniter\Autoloader\Autoloader->loadInNamespace('App\\Models\\cgserviceModel')
 4 APPPATH\Controllers\ServiceController.php(21): CodeIgniter\Autoloader\Autoloader->loadClass('App\\Models\\cgserviceModel')
 5 SYSTEMPATH\CodeIgniter.php(915): App\Controllers\ServiceController->__construct()
 6 SYSTEMPATH\CodeIgniter.php(494): CodeIgniter\CodeIgniter->createController()
 7 SYSTEMPATH\CodeIgniter.php(361): CodeIgniter\CodeIgniter->handleRequest(null, Object(Config\Cache), false)
 8 FCPATH\index.php(79): CodeIgniter\CodeIgniter->run()
INFO - 2026-02-28 10:26:58 --> Session: Class initialized using 'CodeIgniter\Session\Handlers\FileHandler' driver.
WARNING - 2026-02-28 10:26:58 --> [DEPRECATED] Creation of dynamic property CodeIgniter\HTTP\IncomingRequest::$user is deprecated in APPPATH\Filters\JwtAuthWeb.php on line 32.
 1 SYSTEMPATH\Filters\Filters.php(182): App\Filters\JwtAuthWeb->before(Object(CodeIgniter\HTTP\IncomingRequest), null)
 2 SYSTEMPATH\CodeIgniter.php(475): CodeIgniter\Filters\Filters->run('updateCmcomment', 'before')
 3 SYSTEMPATH\CodeIgniter.php(361): CodeIgniter\CodeIgniter->handleRequest(null, Object(Config\Cache), false)
 4 FCPATH\index.php(79): CodeIgniter\CodeIgniter->run()
WARNING - 2026-02-28 10:26:58 --> [DEPRECATED] Optional parameter $cg declared before required parameter $hcode is implicitly treated as a required parameter in APPPATH\Models\cgserviceModel.php on line 93.
 1 SYSTEMPATH\Autoloader\Autoloader.php(311): include_once('D:\\xampp6\\htdocs\\project-jwt\\vendor\\codeigniter4\\framework\\system\\Debug\\Exceptions.php')
 2 SYSTEMPATH\Autoloader\Autoloader.php(290): CodeIgniter\Autoloader\Autoloader->includeFile('D:\\xampp6\\htdocs\\project-jwt\\app\\Models\\cgserviceModel.php')
 3 SYSTEMPATH\Autoloader\Autoloader.php(266): CodeIgniter\Autoloader\Autoloader->loadInNamespace('App\\Models\\cgserviceModel')
 4 APPPATH\Controllers\ServiceController.php(21): CodeIgniter\Autoloader\Autoloader->loadClass('App\\Models\\cgserviceModel')
 5 SYSTEMPATH\CodeIgniter.php(915): App\Controllers\ServiceController->__construct()
 6 SYSTEMPATH\CodeIgniter.php(494): CodeIgniter\CodeIgniter->createController()
 7 SYSTEMPATH\CodeIgniter.php(361): CodeIgniter\CodeIgniter->handleRequest(null, Object(Config\Cache), false)
 8 FCPATH\index.php(79): CodeIgniter\CodeIgniter->run()
INFO - 2026-02-28 10:46:11 --> Session: Class initialized using 'CodeIgniter\Session\Handlers\FileHandler' driver.
WARNING - 2026-02-28 10:46:11 --> [DEPRECATED] Creation of dynamic property CodeIgniter\HTTP\IncomingRequest::$user is deprecated in APPPATH\Filters\JwtAuthWeb.php on line 32.
 1 SYSTEMPATH\Filters\Filters.php(182): App\Filters\JwtAuthWeb->before(Object(CodeIgniter\HTTP\IncomingRequest), null)
 2 SYSTEMPATH\CodeIgniter.php(475): CodeIgniter\Filters\Filters->run('ltc-view-details/189/2026/2', 'before')
 3 SYSTEMPATH\CodeIgniter.php(361): CodeIgniter\CodeIgniter->handleRequest(null, Object(Config\Cache), false)
 4 FCPATH\index.php(79): CodeIgniter\CodeIgniter->run()
WARNING - 2026-02-28 10:46:11 --> [DEPRECATED] Optional parameter $cg declared before required parameter $hcode is implicitly treated as a required parameter in APPPATH\Models\cgserviceModel.php on line 93.
 1 SYSTEMPATH\Autoloader\Autoloader.php(311): include_once('D:\\xampp6\\htdocs\\project-jwt\\vendor\\codeigniter4\\framework\\system\\Debug\\Exceptions.php')
 2 SYSTEMPATH\Autoloader\Autoloader.php(290): CodeIgniter\Autoloader\Autoloader->includeFile('D:\\xampp6\\htdocs\\project-jwt\\app\\Models\\cgserviceModel.php')
 3 SYSTEMPATH\Autoloader\Autoloader.php(266): CodeIgniter\Autoloader\Autoloader->loadInNamespace('App\\Models\\cgserviceModel')
 4 APPPATH\Controllers\ServiceController.php(21): CodeIgniter\Autoloader\Autoloader->loadClass('App\\Models\\cgserviceModel')
 5 SYSTEMPATH\CodeIgniter.php(915): App\Controllers\ServiceController->__construct()
 6 SYSTEMPATH\CodeIgniter.php(494): CodeIgniter\CodeIgniter->createController()
 7 SYSTEMPATH\CodeIgniter.php(361): CodeIgniter\CodeIgniter->handleRequest(null, Object(Config\Cache), false)
 8 FCPATH\index.php(79): CodeIgniter\CodeIgniter->run()
WARNING - 2026-02-28 10:46:11 --> [DEPRECATED] Creation of dynamic property CodeIgniter\HTTP\IncomingRequest::$user is deprecated in APPPATH\Filters\JwtAuth.php on line 47.
 1 SYSTEMPATH\Filters\Filters.php(182): App\Filters\JwtAuth->before(Object(CodeIgniter\HTTP\IncomingRequest), null)
 2 SYSTEMPATH\CodeIgniter.php(475): CodeIgniter\Filters\Filters->run('api/profile', 'before')
 3 SYSTEMPATH\CodeIgniter.php(361): CodeIgniter\CodeIgniter->handleRequest(null, Object(Config\Cache), false)
 4 FCPATH\index.php(79): CodeIgniter\CodeIgniter->run()
INFO - 2026-02-28 10:46:13 --> Session: Class initialized using 'CodeIgniter\Session\Handlers\FileHandler' driver.
WARNING - 2026-02-28 10:46:13 --> [DEPRECATED] Creation of dynamic property CodeIgniter\HTTP\IncomingRequest::$user is deprecated in APPPATH\Filters\JwtAuthWeb.php on line 32.
 1 SYSTEMPATH\Filters\Filters.php(182): App\Filters\JwtAuthWeb->before(Object(CodeIgniter\HTTP\IncomingRequest), null)
 2 SYSTEMPATH\CodeIgniter.php(475): CodeIgniter\Filters\Filters->run('getCGservice', 'before')
 3 SYSTEMPATH\CodeIgniter.php(361): CodeIgniter\CodeIgniter->handleRequest(null, Object(Config\Cache), false)
 4 FCPATH\index.php(79): CodeIgniter\CodeIgniter->run()
WARNING - 2026-02-28 10:46:13 --> [DEPRECATED] Optional parameter $cg declared before required parameter $hcode is implicitly treated as a required parameter in APPPATH\Models\cgserviceModel.php on line 93.
 1 SYSTEMPATH\Autoloader\Autoloader.php(311): include_once('D:\\xampp6\\htdocs\\project-jwt\\vendor\\codeigniter4\\framework\\system\\Debug\\Exceptions.php')
 2 SYSTEMPATH\Autoloader\Autoloader.php(290): CodeIgniter\Autoloader\Autoloader->includeFile('D:\\xampp6\\htdocs\\project-jwt\\app\\Models\\cgserviceModel.php')
 3 SYSTEMPATH\Autoloader\Autoloader.php(266): CodeIgniter\Autoloader\Autoloader->loadInNamespace('App\\Models\\cgserviceModel')
 4 APPPATH\Controllers\ServiceController.php(21): CodeIgniter\Autoloader\Autoloader->loadClass('App\\Models\\cgserviceModel')
 5 SYSTEMPATH\CodeIgniter.php(915): App\Controllers\ServiceController->__construct()
 6 SYSTEMPATH\CodeIgniter.php(494): CodeIgniter\CodeIgniter->createController()
 7 SYSTEMPATH\CodeIgniter.php(361): CodeIgniter\CodeIgniter->handleRequest(null, Object(Config\Cache), false)
 8 FCPATH\index.php(79): CodeIgniter\CodeIgniter->run()
INFO - 2026-02-28 10:46:14 --> Session: Class initialized using 'CodeIgniter\Session\Handlers\FileHandler' driver.
WARNING - 2026-02-28 10:46:14 --> [DEPRECATED] Creation of dynamic property CodeIgniter\HTTP\IncomingRequest::$user is deprecated in APPPATH\Filters\JwtAuthWeb.php on line 32.
 1 SYSTEMPATH\Filters\Filters.php(182): App\Filters\JwtAuthWeb->before(Object(CodeIgniter\HTTP\IncomingRequest), null)
 2 SYSTEMPATH\CodeIgniter.php(475): CodeIgniter\Filters\Filters->run('getCGservice', 'before')
 3 SYSTEMPATH\CodeIgniter.php(361): CodeIgniter\CodeIgniter->handleRequest(null, Object(Config\Cache), false)
 4 FCPATH\index.php(79): CodeIgniter\CodeIgniter->run()
WARNING - 2026-02-28 10:46:14 --> [DEPRECATED] Optional parameter $cg declared before required parameter $hcode is implicitly treated as a required parameter in APPPATH\Models\cgserviceModel.php on line 93.
 1 SYSTEMPATH\Autoloader\Autoloader.php(311): include_once('D:\\xampp6\\htdocs\\project-jwt\\vendor\\codeigniter4\\framework\\system\\Debug\\Exceptions.php')
 2 SYSTEMPATH\Autoloader\Autoloader.php(290): CodeIgniter\Autoloader\Autoloader->includeFile('D:\\xampp6\\htdocs\\project-jwt\\app\\Models\\cgserviceModel.php')
 3 SYSTEMPATH\Autoloader\Autoloader.php(266): CodeIgniter\Autoloader\Autoloader->loadInNamespace('App\\Models\\cgserviceModel')
 4 APPPATH\Controllers\ServiceController.php(21): CodeIgniter\Autoloader\Autoloader->loadClass('App\\Models\\cgserviceModel')
 5 SYSTEMPATH\CodeIgniter.php(915): App\Controllers\ServiceController->__construct()
 6 SYSTEMPATH\CodeIgniter.php(494): CodeIgniter\CodeIgniter->createController()
 7 SYSTEMPATH\CodeIgniter.php(361): CodeIgniter\CodeIgniter->handleRequest(null, Object(Config\Cache), false)
 8 FCPATH\index.php(79): CodeIgniter\CodeIgniter->run()
INFO - 2026-02-28 10:49:54 --> Session: Class initialized using 'CodeIgniter\Session\Handlers\FileHandler' driver.
WARNING - 2026-02-28 10:49:54 --> [DEPRECATED] Creation of dynamic property CodeIgniter\HTTP\IncomingRequest::$user is deprecated in APPPATH\Filters\JwtAuthWeb.php on line 32.
 1 SYSTEMPATH\Filters\Filters.php(182): App\Filters\JwtAuthWeb->before(Object(CodeIgniter\HTTP\IncomingRequest), null)
 2 SYSTEMPATH\CodeIgniter.php(475): CodeIgniter\Filters\Filters->run('ltc-view-details/189/2026/2', 'before')
 3 SYSTEMPATH\CodeIgniter.php(361): CodeIgniter\CodeIgniter->handleRequest(null, Object(Config\Cache), false)
 4 FCPATH\index.php(79): CodeIgniter\CodeIgniter->run()
WARNING - 2026-02-28 10:49:54 --> [DEPRECATED] Optional parameter $cg declared before required parameter $hcode is implicitly treated as a required parameter in APPPATH\Models\cgserviceModel.php on line 93.
 1 SYSTEMPATH\Autoloader\Autoloader.php(311): include_once('D:\\xampp6\\htdocs\\project-jwt\\vendor\\codeigniter4\\framework\\system\\Debug\\Exceptions.php')
 2 SYSTEMPATH\Autoloader\Autoloader.php(290): CodeIgniter\Autoloader\Autoloader->includeFile('D:\\xampp6\\htdocs\\project-jwt\\app\\Models\\cgserviceModel.php')
 3 SYSTEMPATH\Autoloader\Autoloader.php(266): CodeIgniter\Autoloader\Autoloader->loadInNamespace('App\\Models\\cgserviceModel')
 4 APPPATH\Controllers\ServiceController.php(21): CodeIgniter\Autoloader\Autoloader->loadClass('App\\Models\\cgserviceModel')
 5 SYSTEMPATH\CodeIgniter.php(915): App\Controllers\ServiceController->__construct()
 6 SYSTEMPATH\CodeIgniter.php(494): CodeIgniter\CodeIgniter->createController()
 7 SYSTEMPATH\CodeIgniter.php(361): CodeIgniter\CodeIgniter->handleRequest(null, Object(Config\Cache), false)
 8 FCPATH\index.php(79): CodeIgniter\CodeIgniter->run()
WARNING - 2026-02-28 10:49:55 --> [DEPRECATED] Creation of dynamic property CodeIgniter\HTTP\IncomingRequest::$user is deprecated in APPPATH\Filters\JwtAuth.php on line 47.
 1 SYSTEMPATH\Filters\Filters.php(182): App\Filters\JwtAuth->before(Object(CodeIgniter\HTTP\IncomingRequest), null)
 2 SYSTEMPATH\CodeIgniter.php(475): CodeIgniter\Filters\Filters->run('api/profile', 'before')
 3 SYSTEMPATH\CodeIgniter.php(361): CodeIgniter\CodeIgniter->handleRequest(null, Object(Config\Cache), false)
 4 FCPATH\index.php(79): CodeIgniter\CodeIgniter->run()
INFO - 2026-02-28 10:49:56 --> Session: Class initialized using 'CodeIgniter\Session\Handlers\FileHandler' driver.
WARNING - 2026-02-28 10:49:56 --> [DEPRECATED] Creation of dynamic property CodeIgniter\HTTP\IncomingRequest::$user is deprecated in APPPATH\Filters\JwtAuthWeb.php on line 32.
 1 SYSTEMPATH\Filters\Filters.php(182): App\Filters\JwtAuthWeb->before(Object(CodeIgniter\HTTP\IncomingRequest), null)
 2 SYSTEMPATH\CodeIgniter.php(475): CodeIgniter\Filters\Filters->run('getCGservice', 'before')
 3 SYSTEMPATH\CodeIgniter.php(361): CodeIgniter\CodeIgniter->handleRequest(null, Object(Config\Cache), false)
 4 FCPATH\index.php(79): CodeIgniter\CodeIgniter->run()
WARNING - 2026-02-28 10:49:56 --> [DEPRECATED] Optional parameter $cg declared before required parameter $hcode is implicitly treated as a required parameter in APPPATH\Models\cgserviceModel.php on line 93.
 1 SYSTEMPATH\Autoloader\Autoloader.php(311): include_once('D:\\xampp6\\htdocs\\project-jwt\\vendor\\codeigniter4\\framework\\system\\Debug\\Exceptions.php')
 2 SYSTEMPATH\Autoloader\Autoloader.php(290): CodeIgniter\Autoloader\Autoloader->includeFile('D:\\xampp6\\htdocs\\project-jwt\\app\\Models\\cgserviceModel.php')
 3 SYSTEMPATH\Autoloader\Autoloader.php(266): CodeIgniter\Autoloader\Autoloader->loadInNamespace('App\\Models\\cgserviceModel')
 4 APPPATH\Controllers\ServiceController.php(21): CodeIgniter\Autoloader\Autoloader->loadClass('App\\Models\\cgserviceModel')
 5 SYSTEMPATH\CodeIgniter.php(915): App\Controllers\ServiceController->__construct()
 6 SYSTEMPATH\CodeIgniter.php(494): CodeIgniter\CodeIgniter->createController()
 7 SYSTEMPATH\CodeIgniter.php(361): CodeIgniter\CodeIgniter->handleRequest(null, Object(Config\Cache), false)
 8 FCPATH\index.php(79): CodeIgniter\CodeIgniter->run()
INFO - 2026-02-28 10:51:30 --> Session: Class initialized using 'CodeIgniter\Session\Handlers\FileHandler' driver.
WARNING - 2026-02-28 10:51:30 --> [DEPRECATED] Creation of dynamic property CodeIgniter\HTTP\IncomingRequest::$user is deprecated in APPPATH\Filters\JwtAuthWeb.php on line 32.
 1 SYSTEMPATH\Filters\Filters.php(182): App\Filters\JwtAuthWeb->before(Object(CodeIgniter\HTTP\IncomingRequest), null)
 2 SYSTEMPATH\CodeIgniter.php(475): CodeIgniter\Filters\Filters->run('ltc-view-details/189/2026/2', 'before')
 3 SYSTEMPATH\CodeIgniter.php(361): CodeIgniter\CodeIgniter->handleRequest(null, Object(Config\Cache), false)
 4 FCPATH\index.php(79): CodeIgniter\CodeIgniter->run()
WARNING - 2026-02-28 10:51:30 --> [DEPRECATED] Optional parameter $cg declared before required parameter $hcode is implicitly treated as a required parameter in APPPATH\Models\cgserviceModel.php on line 93.
 1 SYSTEMPATH\Autoloader\Autoloader.php(311): include_once('D:\\xampp6\\htdocs\\project-jwt\\vendor\\codeigniter4\\framework\\system\\Debug\\Exceptions.php')
 2 SYSTEMPATH\Autoloader\Autoloader.php(290): CodeIgniter\Autoloader\Autoloader->includeFile('D:\\xampp6\\htdocs\\project-jwt\\app\\Models\\cgserviceModel.php')
 3 SYSTEMPATH\Autoloader\Autoloader.php(266): CodeIgniter\Autoloader\Autoloader->loadInNamespace('App\\Models\\cgserviceModel')
 4 APPPATH\Controllers\ServiceController.php(21): CodeIgniter\Autoloader\Autoloader->loadClass('App\\Models\\cgserviceModel')
 5 SYSTEMPATH\CodeIgniter.php(915): App\Controllers\ServiceController->__construct()
 6 SYSTEMPATH\CodeIgniter.php(494): CodeIgniter\CodeIgniter->createController()
 7 SYSTEMPATH\CodeIgniter.php(361): CodeIgniter\CodeIgniter->handleRequest(null, Object(Config\Cache), false)
 8 FCPATH\index.php(79): CodeIgniter\CodeIgniter->run()
WARNING - 2026-02-28 10:51:30 --> [DEPRECATED] Creation of dynamic property CodeIgniter\HTTP\IncomingRequest::$user is deprecated in APPPATH\Filters\JwtAuth.php on line 47.
 1 SYSTEMPATH\Filters\Filters.php(182): App\Filters\JwtAuth->before(Object(CodeIgniter\HTTP\IncomingRequest), null)
 2 SYSTEMPATH\CodeIgniter.php(475): CodeIgniter\Filters\Filters->run('api/profile', 'before')
 3 SYSTEMPATH\CodeIgniter.php(361): CodeIgniter\CodeIgniter->handleRequest(null, Object(Config\Cache), false)
 4 FCPATH\index.php(79): CodeIgniter\CodeIgniter->run()
INFO - 2026-02-28 10:51:31 --> Session: Class initialized using 'CodeIgniter\Session\Handlers\FileHandler' driver.
WARNING - 2026-02-28 10:51:31 --> [DEPRECATED] Creation of dynamic property CodeIgniter\HTTP\IncomingRequest::$user is deprecated in APPPATH\Filters\JwtAuthWeb.php on line 32.
 1 SYSTEMPATH\Filters\Filters.php(182): App\Filters\JwtAuthWeb->before(Object(CodeIgniter\HTTP\IncomingRequest), null)
 2 SYSTEMPATH\CodeIgniter.php(475): CodeIgniter\Filters\Filters->run('getCGservice', 'before')
 3 SYSTEMPATH\CodeIgniter.php(361): CodeIgniter\CodeIgniter->handleRequest(null, Object(Config\Cache), false)
 4 FCPATH\index.php(79): CodeIgniter\CodeIgniter->run()
WARNING - 2026-02-28 10:51:31 --> [DEPRECATED] Optional parameter $cg declared before required parameter $hcode is implicitly treated as a required parameter in APPPATH\Models\cgserviceModel.php on line 93.
 1 SYSTEMPATH\Autoloader\Autoloader.php(311): include_once('D:\\xampp6\\htdocs\\project-jwt\\vendor\\codeigniter4\\framework\\system\\Debug\\Exceptions.php')
 2 SYSTEMPATH\Autoloader\Autoloader.php(290): CodeIgniter\Autoloader\Autoloader->includeFile('D:\\xampp6\\htdocs\\project-jwt\\app\\Models\\cgserviceModel.php')
 3 SYSTEMPATH\Autoloader\Autoloader.php(266): CodeIgniter\Autoloader\Autoloader->loadInNamespace('App\\Models\\cgserviceModel')
 4 APPPATH\Controllers\ServiceController.php(21): CodeIgniter\Autoloader\Autoloader->loadClass('App\\Models\\cgserviceModel')
 5 SYSTEMPATH\CodeIgniter.php(915): App\Controllers\ServiceController->__construct()
 6 SYSTEMPATH\CodeIgniter.php(494): CodeIgniter\CodeIgniter->createController()
 7 SYSTEMPATH\CodeIgniter.php(361): CodeIgniter\CodeIgniter->handleRequest(null, Object(Config\Cache), false)
 8 FCPATH\index.php(79): CodeIgniter\CodeIgniter->run()
INFO - 2026-02-28 10:52:55 --> Session: Class initialized using 'CodeIgniter\Session\Handlers\FileHandler' driver.
WARNING - 2026-02-28 10:52:55 --> [DEPRECATED] Creation of dynamic property CodeIgniter\HTTP\IncomingRequest::$user is deprecated in APPPATH\Filters\JwtAuthWeb.php on line 32.
 1 SYSTEMPATH\Filters\Filters.php(182): App\Filters\JwtAuthWeb->before(Object(CodeIgniter\HTTP\IncomingRequest), null)
 2 SYSTEMPATH\CodeIgniter.php(475): CodeIgniter\Filters\Filters->run('ltc-view-details/189/2026/2', 'before')
 3 SYSTEMPATH\CodeIgniter.php(361): CodeIgniter\CodeIgniter->handleRequest(null, Object(Config\Cache), false)
 4 FCPATH\index.php(79): CodeIgniter\CodeIgniter->run()
WARNING - 2026-02-28 10:52:55 --> [DEPRECATED] Optional parameter $cg declared before required parameter $hcode is implicitly treated as a required parameter in APPPATH\Models\cgserviceModel.php on line 93.
 1 SYSTEMPATH\Autoloader\Autoloader.php(311): include_once('D:\\xampp6\\htdocs\\project-jwt\\vendor\\codeigniter4\\framework\\system\\Debug\\Exceptions.php')
 2 SYSTEMPATH\Autoloader\Autoloader.php(290): CodeIgniter\Autoloader\Autoloader->includeFile('D:\\xampp6\\htdocs\\project-jwt\\app\\Models\\cgserviceModel.php')
 3 SYSTEMPATH\Autoloader\Autoloader.php(266): CodeIgniter\Autoloader\Autoloader->loadInNamespace('App\\Models\\cgserviceModel')
 4 APPPATH\Controllers\ServiceController.php(21): CodeIgniter\Autoloader\Autoloader->loadClass('App\\Models\\cgserviceModel')
 5 SYSTEMPATH\CodeIgniter.php(915): App\Controllers\ServiceController->__construct()
 6 SYSTEMPATH\CodeIgniter.php(494): CodeIgniter\CodeIgniter->createController()
 7 SYSTEMPATH\CodeIgniter.php(361): CodeIgniter\CodeIgniter->handleRequest(null, Object(Config\Cache), false)
 8 FCPATH\index.php(79): CodeIgniter\CodeIgniter->run()
WARNING - 2026-02-28 10:52:55 --> [DEPRECATED] Creation of dynamic property CodeIgniter\HTTP\IncomingRequest::$user is deprecated in APPPATH\Filters\JwtAuth.php on line 47.
 1 SYSTEMPATH\Filters\Filters.php(182): App\Filters\JwtAuth->before(Object(CodeIgniter\HTTP\IncomingRequest), null)
 2 SYSTEMPATH\CodeIgniter.php(475): CodeIgniter\Filters\Filters->run('api/profile', 'before')
 3 SYSTEMPATH\CodeIgniter.php(361): CodeIgniter\CodeIgniter->handleRequest(null, Object(Config\Cache), false)
 4 FCPATH\index.php(79): CodeIgniter\CodeIgniter->run()
INFO - 2026-02-28 10:55:24 --> Session: Class initialized using 'CodeIgniter\Session\Handlers\FileHandler' driver.
WARNING - 2026-02-28 10:55:24 --> [DEPRECATED] Creation of dynamic property CodeIgniter\HTTP\IncomingRequest::$user is deprecated in APPPATH\Filters\JwtAuthWeb.php on line 32.
 1 SYSTEMPATH\Filters\Filters.php(182): App\Filters\JwtAuthWeb->before(Object(CodeIgniter\HTTP\IncomingRequest), null)
 2 SYSTEMPATH\CodeIgniter.php(475): CodeIgniter\Filters\Filters->run('ltc-view-details/189/2026/2', 'before')
 3 SYSTEMPATH\CodeIgniter.php(361): CodeIgniter\CodeIgniter->handleRequest(null, Object(Config\Cache), false)
 4 FCPATH\index.php(79): CodeIgniter\CodeIgniter->run()
WARNING - 2026-02-28 10:55:24 --> [DEPRECATED] Optional parameter $cg declared before required parameter $hcode is implicitly treated as a required parameter in APPPATH\Models\cgserviceModel.php on line 93.
 1 SYSTEMPATH\Autoloader\Autoloader.php(311): include_once('D:\\xampp6\\htdocs\\project-jwt\\vendor\\codeigniter4\\framework\\system\\Debug\\Exceptions.php')
 2 SYSTEMPATH\Autoloader\Autoloader.php(290): CodeIgniter\Autoloader\Autoloader->includeFile('D:\\xampp6\\htdocs\\project-jwt\\app\\Models\\cgserviceModel.php')
 3 SYSTEMPATH\Autoloader\Autoloader.php(266): CodeIgniter\Autoloader\Autoloader->loadInNamespace('App\\Models\\cgserviceModel')
 4 APPPATH\Controllers\ServiceController.php(21): CodeIgniter\Autoloader\Autoloader->loadClass('App\\Models\\cgserviceModel')
 5 SYSTEMPATH\CodeIgniter.php(915): App\Controllers\ServiceController->__construct()
 6 SYSTEMPATH\CodeIgniter.php(494): CodeIgniter\CodeIgniter->createController()
 7 SYSTEMPATH\CodeIgniter.php(361): CodeIgniter\CodeIgniter->handleRequest(null, Object(Config\Cache), false)
 8 FCPATH\index.php(79): CodeIgniter\CodeIgniter->run()
WARNING - 2026-02-28 10:55:25 --> [DEPRECATED] Creation of dynamic property CodeIgniter\HTTP\IncomingRequest::$user is deprecated in APPPATH\Filters\JwtAuth.php on line 47.
 1 SYSTEMPATH\Filters\Filters.php(182): App\Filters\JwtAuth->before(Object(CodeIgniter\HTTP\IncomingRequest), null)
 2 SYSTEMPATH\CodeIgniter.php(475): CodeIgniter\Filters\Filters->run('api/profile', 'before')
 3 SYSTEMPATH\CodeIgniter.php(361): CodeIgniter\CodeIgniter->handleRequest(null, Object(Config\Cache), false)
 4 FCPATH\index.php(79): CodeIgniter\CodeIgniter->run()
INFO - 2026-02-28 10:55:26 --> Session: Class initialized using 'CodeIgniter\Session\Handlers\FileHandler' driver.
WARNING - 2026-02-28 10:55:26 --> [DEPRECATED] Creation of dynamic property CodeIgniter\HTTP\IncomingRequest::$user is deprecated in APPPATH\Filters\JwtAuthWeb.php on line 32.
 1 SYSTEMPATH\Filters\Filters.php(182): App\Filters\JwtAuthWeb->before(Object(CodeIgniter\HTTP\IncomingRequest), null)
 2 SYSTEMPATH\CodeIgniter.php(475): CodeIgniter\Filters\Filters->run('getCGservice', 'before')
 3 SYSTEMPATH\CodeIgniter.php(361): CodeIgniter\CodeIgniter->handleRequest(null, Object(Config\Cache), false)
 4 FCPATH\index.php(79): CodeIgniter\CodeIgniter->run()
WARNING - 2026-02-28 10:55:26 --> [DEPRECATED] Optional parameter $cg declared before required parameter $hcode is implicitly treated as a required parameter in APPPATH\Models\cgserviceModel.php on line 93.
 1 SYSTEMPATH\Autoloader\Autoloader.php(311): include_once('D:\\xampp6\\htdocs\\project-jwt\\vendor\\codeigniter4\\framework\\system\\Debug\\Exceptions.php')
 2 SYSTEMPATH\Autoloader\Autoloader.php(290): CodeIgniter\Autoloader\Autoloader->includeFile('D:\\xampp6\\htdocs\\project-jwt\\app\\Models\\cgserviceModel.php')
 3 SYSTEMPATH\Autoloader\Autoloader.php(266): CodeIgniter\Autoloader\Autoloader->loadInNamespace('App\\Models\\cgserviceModel')
 4 APPPATH\Controllers\ServiceController.php(21): CodeIgniter\Autoloader\Autoloader->loadClass('App\\Models\\cgserviceModel')
 5 SYSTEMPATH\CodeIgniter.php(915): App\Controllers\ServiceController->__construct()
 6 SYSTEMPATH\CodeIgniter.php(494): CodeIgniter\CodeIgniter->createController()
 7 SYSTEMPATH\CodeIgniter.php(361): CodeIgniter\CodeIgniter->handleRequest(null, Object(Config\Cache), false)
 8 FCPATH\index.php(79): CodeIgniter\CodeIgniter->run()
INFO - 2026-02-28 10:56:31 --> Session: Class initialized using 'CodeIgniter\Session\Handlers\FileHandler' driver.
WARNING - 2026-02-28 10:56:31 --> [DEPRECATED] Creation of dynamic property CodeIgniter\HTTP\IncomingRequest::$user is deprecated in APPPATH\Filters\JwtAuthWeb.php on line 32.
 1 SYSTEMPATH\Filters\Filters.php(182): App\Filters\JwtAuthWeb->before(Object(CodeIgniter\HTTP\IncomingRequest), null)
 2 SYSTEMPATH\CodeIgniter.php(475): CodeIgniter\Filters\Filters->run('ltc-view-details/189/2026/2', 'before')
 3 SYSTEMPATH\CodeIgniter.php(361): CodeIgniter\CodeIgniter->handleRequest(null, Object(Config\Cache), false)
 4 FCPATH\index.php(79): CodeIgniter\CodeIgniter->run()
WARNING - 2026-02-28 10:56:31 --> [DEPRECATED] Optional parameter $cg declared before required parameter $hcode is implicitly treated as a required parameter in APPPATH\Models\cgserviceModel.php on line 93.
 1 SYSTEMPATH\Autoloader\Autoloader.php(311): include_once('D:\\xampp6\\htdocs\\project-jwt\\vendor\\codeigniter4\\framework\\system\\Debug\\Exceptions.php')
 2 SYSTEMPATH\Autoloader\Autoloader.php(290): CodeIgniter\Autoloader\Autoloader->includeFile('D:\\xampp6\\htdocs\\project-jwt\\app\\Models\\cgserviceModel.php')
 3 SYSTEMPATH\Autoloader\Autoloader.php(266): CodeIgniter\Autoloader\Autoloader->loadInNamespace('App\\Models\\cgserviceModel')
 4 APPPATH\Controllers\ServiceController.php(21): CodeIgniter\Autoloader\Autoloader->loadClass('App\\Models\\cgserviceModel')
 5 SYSTEMPATH\CodeIgniter.php(915): App\Controllers\ServiceController->__construct()
 6 SYSTEMPATH\CodeIgniter.php(494): CodeIgniter\CodeIgniter->createController()
 7 SYSTEMPATH\CodeIgniter.php(361): CodeIgniter\CodeIgniter->handleRequest(null, Object(Config\Cache), false)
 8 FCPATH\index.php(79): CodeIgniter\CodeIgniter->run()
WARNING - 2026-02-28 10:56:31 --> [DEPRECATED] Creation of dynamic property CodeIgniter\HTTP\IncomingRequest::$user is deprecated in APPPATH\Filters\JwtAuth.php on line 47.
 1 SYSTEMPATH\Filters\Filters.php(182): App\Filters\JwtAuth->before(Object(CodeIgniter\HTTP\IncomingRequest), null)
 2 SYSTEMPATH\CodeIgniter.php(475): CodeIgniter\Filters\Filters->run('api/profile', 'before')
 3 SYSTEMPATH\CodeIgniter.php(361): CodeIgniter\CodeIgniter->handleRequest(null, Object(Config\Cache), false)
 4 FCPATH\index.php(79): CodeIgniter\CodeIgniter->run()
INFO - 2026-02-28 10:56:32 --> Session: Class initialized using 'CodeIgniter\Session\Handlers\FileHandler' driver.
WARNING - 2026-02-28 10:56:32 --> [DEPRECATED] Creation of dynamic property CodeIgniter\HTTP\IncomingRequest::$user is deprecated in APPPATH\Filters\JwtAuthWeb.php on line 32.
 1 SYSTEMPATH\Filters\Filters.php(182): App\Filters\JwtAuthWeb->before(Object(CodeIgniter\HTTP\IncomingRequest), null)
 2 SYSTEMPATH\CodeIgniter.php(475): CodeIgniter\Filters\Filters->run('getCGservice', 'before')
 3 SYSTEMPATH\CodeIgniter.php(361): CodeIgniter\CodeIgniter->handleRequest(null, Object(Config\Cache), false)
 4 FCPATH\index.php(79): CodeIgniter\CodeIgniter->run()
WARNING - 2026-02-28 10:56:32 --> [DEPRECATED] Optional parameter $cg declared before required parameter $hcode is implicitly treated as a required parameter in APPPATH\Models\cgserviceModel.php on line 93.
 1 SYSTEMPATH\Autoloader\Autoloader.php(311): include_once('D:\\xampp6\\htdocs\\project-jwt\\vendor\\codeigniter4\\framework\\system\\Debug\\Exceptions.php')
 2 SYSTEMPATH\Autoloader\Autoloader.php(290): CodeIgniter\Autoloader\Autoloader->includeFile('D:\\xampp6\\htdocs\\project-jwt\\app\\Models\\cgserviceModel.php')
 3 SYSTEMPATH\Autoloader\Autoloader.php(266): CodeIgniter\Autoloader\Autoloader->loadInNamespace('App\\Models\\cgserviceModel')
 4 APPPATH\Controllers\ServiceController.php(21): CodeIgniter\Autoloader\Autoloader->loadClass('App\\Models\\cgserviceModel')
 5 SYSTEMPATH\CodeIgniter.php(915): App\Controllers\ServiceController->__construct()
 6 SYSTEMPATH\CodeIgniter.php(494): CodeIgniter\CodeIgniter->createController()
 7 SYSTEMPATH\CodeIgniter.php(361): CodeIgniter\CodeIgniter->handleRequest(null, Object(Config\Cache), false)
 8 FCPATH\index.php(79): CodeIgniter\CodeIgniter->run()
INFO - 2026-02-28 10:57:41 --> Session: Class initialized using 'CodeIgniter\Session\Handlers\FileHandler' driver.
WARNING - 2026-02-28 10:57:41 --> [DEPRECATED] Creation of dynamic property CodeIgniter\HTTP\IncomingRequest::$user is deprecated in APPPATH\Filters\JwtAuthWeb.php on line 32.
 1 SYSTEMPATH\Filters\Filters.php(182): App\Filters\JwtAuthWeb->before(Object(CodeIgniter\HTTP\IncomingRequest), null)
 2 SYSTEMPATH\CodeIgniter.php(475): CodeIgniter\Filters\Filters->run('ltc-view-details/189/2026/2', 'before')
 3 SYSTEMPATH\CodeIgniter.php(361): CodeIgniter\CodeIgniter->handleRequest(null, Object(Config\Cache), false)
 4 FCPATH\index.php(79): CodeIgniter\CodeIgniter->run()
WARNING - 2026-02-28 10:57:41 --> [DEPRECATED] Optional parameter $cg declared before required parameter $hcode is implicitly treated as a required parameter in APPPATH\Models\cgserviceModel.php on line 93.
 1 SYSTEMPATH\Autoloader\Autoloader.php(311): include_once('D:\\xampp6\\htdocs\\project-jwt\\vendor\\codeigniter4\\framework\\system\\Debug\\Exceptions.php')
 2 SYSTEMPATH\Autoloader\Autoloader.php(290): CodeIgniter\Autoloader\Autoloader->includeFile('D:\\xampp6\\htdocs\\project-jwt\\app\\Models\\cgserviceModel.php')
 3 SYSTEMPATH\Autoloader\Autoloader.php(266): CodeIgniter\Autoloader\Autoloader->loadInNamespace('App\\Models\\cgserviceModel')
 4 APPPATH\Controllers\ServiceController.php(21): CodeIgniter\Autoloader\Autoloader->loadClass('App\\Models\\cgserviceModel')
 5 SYSTEMPATH\CodeIgniter.php(915): App\Controllers\ServiceController->__construct()
 6 SYSTEMPATH\CodeIgniter.php(494): CodeIgniter\CodeIgniter->createController()
 7 SYSTEMPATH\CodeIgniter.php(361): CodeIgniter\CodeIgniter->handleRequest(null, Object(Config\Cache), false)
 8 FCPATH\index.php(79): CodeIgniter\CodeIgniter->run()
WARNING - 2026-02-28 10:57:41 --> [DEPRECATED] Creation of dynamic property CodeIgniter\HTTP\IncomingRequest::$user is deprecated in APPPATH\Filters\JwtAuth.php on line 47.
 1 SYSTEMPATH\Filters\Filters.php(182): App\Filters\JwtAuth->before(Object(CodeIgniter\HTTP\IncomingRequest), null)
 2 SYSTEMPATH\CodeIgniter.php(475): CodeIgniter\Filters\Filters->run('api/profile', 'before')
 3 SYSTEMPATH\CodeIgniter.php(361): CodeIgniter\CodeIgniter->handleRequest(null, Object(Config\Cache), false)
 4 FCPATH\index.php(79): CodeIgniter\CodeIgniter->run()
INFO - 2026-02-28 10:57:42 --> Session: Class initialized using 'CodeIgniter\Session\Handlers\FileHandler' driver.
WARNING - 2026-02-28 10:57:42 --> [DEPRECATED] Creation of dynamic property CodeIgniter\HTTP\IncomingRequest::$user is deprecated in APPPATH\Filters\JwtAuthWeb.php on line 32.
 1 SYSTEMPATH\Filters\Filters.php(182): App\Filters\JwtAuthWeb->before(Object(CodeIgniter\HTTP\IncomingRequest), null)
 2 SYSTEMPATH\CodeIgniter.php(475): CodeIgniter\Filters\Filters->run('getCGservice', 'before')
 3 SYSTEMPATH\CodeIgniter.php(361): CodeIgniter\CodeIgniter->handleRequest(null, Object(Config\Cache), false)
 4 FCPATH\index.php(79): CodeIgniter\CodeIgniter->run()
WARNING - 2026-02-28 10:57:42 --> [DEPRECATED] Optional parameter $cg declared before required parameter $hcode is implicitly treated as a required parameter in APPPATH\Models\cgserviceModel.php on line 93.
 1 SYSTEMPATH\Autoloader\Autoloader.php(311): include_once('D:\\xampp6\\htdocs\\project-jwt\\vendor\\codeigniter4\\framework\\system\\Debug\\Exceptions.php')
 2 SYSTEMPATH\Autoloader\Autoloader.php(290): CodeIgniter\Autoloader\Autoloader->includeFile('D:\\xampp6\\htdocs\\project-jwt\\app\\Models\\cgserviceModel.php')
 3 SYSTEMPATH\Autoloader\Autoloader.php(266): CodeIgniter\Autoloader\Autoloader->loadInNamespace('App\\Models\\cgserviceModel')
 4 APPPATH\Controllers\ServiceController.php(21): CodeIgniter\Autoloader\Autoloader->loadClass('App\\Models\\cgserviceModel')
 5 SYSTEMPATH\CodeIgniter.php(915): App\Controllers\ServiceController->__construct()
 6 SYSTEMPATH\CodeIgniter.php(494): CodeIgniter\CodeIgniter->createController()
 7 SYSTEMPATH\CodeIgniter.php(361): CodeIgniter\CodeIgniter->handleRequest(null, Object(Config\Cache), false)
 8 FCPATH\index.php(79): CodeIgniter\CodeIgniter->run()
INFO - 2026-02-28 10:58:05 --> Session: Class initialized using 'CodeIgniter\Session\Handlers\FileHandler' driver.
WARNING - 2026-02-28 10:58:05 --> [DEPRECATED] Creation of dynamic property CodeIgniter\HTTP\IncomingRequest::$user is deprecated in APPPATH\Filters\JwtAuthWeb.php on line 32.
 1 SYSTEMPATH\Filters\Filters.php(182): App\Filters\JwtAuthWeb->before(Object(CodeIgniter\HTTP\IncomingRequest), null)
 2 SYSTEMPATH\CodeIgniter.php(475): CodeIgniter\Filters\Filters->run('getCGservice', 'before')
 3 SYSTEMPATH\CodeIgniter.php(361): CodeIgniter\CodeIgniter->handleRequest(null, Object(Config\Cache), false)
 4 FCPATH\index.php(79): CodeIgniter\CodeIgniter->run()
WARNING - 2026-02-28 10:58:05 --> [DEPRECATED] Optional parameter $cg declared before required parameter $hcode is implicitly treated as a required parameter in APPPATH\Models\cgserviceModel.php on line 93.
 1 SYSTEMPATH\Autoloader\Autoloader.php(311): include_once('D:\\xampp6\\htdocs\\project-jwt\\vendor\\codeigniter4\\framework\\system\\Debug\\Exceptions.php')
 2 SYSTEMPATH\Autoloader\Autoloader.php(290): CodeIgniter\Autoloader\Autoloader->includeFile('D:\\xampp6\\htdocs\\project-jwt\\app\\Models\\cgserviceModel.php')
 3 SYSTEMPATH\Autoloader\Autoloader.php(266): CodeIgniter\Autoloader\Autoloader->loadInNamespace('App\\Models\\cgserviceModel')
 4 APPPATH\Controllers\ServiceController.php(21): CodeIgniter\Autoloader\Autoloader->loadClass('App\\Models\\cgserviceModel')
 5 SYSTEMPATH\CodeIgniter.php(915): App\Controllers\ServiceController->__construct()
 6 SYSTEMPATH\CodeIgniter.php(494): CodeIgniter\CodeIgniter->createController()
 7 SYSTEMPATH\CodeIgniter.php(361): CodeIgniter\CodeIgniter->handleRequest(null, Object(Config\Cache), false)
 8 FCPATH\index.php(79): CodeIgniter\CodeIgniter->run()
INFO - 2026-02-28 10:58:29 --> Session: Class initialized using 'CodeIgniter\Session\Handlers\FileHandler' driver.
WARNING - 2026-02-28 10:58:29 --> [DEPRECATED] Creation of dynamic property CodeIgniter\HTTP\IncomingRequest::$user is deprecated in APPPATH\Filters\JwtAuthWeb.php on line 32.
 1 SYSTEMPATH\Filters\Filters.php(182): App\Filters\JwtAuthWeb->before(Object(CodeIgniter\HTTP\IncomingRequest), null)
 2 SYSTEMPATH\CodeIgniter.php(475): CodeIgniter\Filters\Filters->run('service-page', 'before')
 3 SYSTEMPATH\CodeIgniter.php(361): CodeIgniter\CodeIgniter->handleRequest(null, Object(Config\Cache), false)
 4 FCPATH\index.php(79): CodeIgniter\CodeIgniter->run()
WARNING - 2026-02-28 10:58:29 --> [DEPRECATED] Optional parameter $cg declared before required parameter $hcode is implicitly treated as a required parameter in APPPATH\Models\cgserviceModel.php on line 93.
 1 SYSTEMPATH\Autoloader\Autoloader.php(311): include_once('D:\\xampp6\\htdocs\\project-jwt\\vendor\\codeigniter4\\framework\\system\\Debug\\Exceptions.php')
 2 SYSTEMPATH\Autoloader\Autoloader.php(290): CodeIgniter\Autoloader\Autoloader->includeFile('D:\\xampp6\\htdocs\\project-jwt\\app\\Models\\cgserviceModel.php')
 3 SYSTEMPATH\Autoloader\Autoloader.php(266): CodeIgniter\Autoloader\Autoloader->loadInNamespace('App\\Models\\cgserviceModel')
 4 APPPATH\Controllers\ServiceController.php(21): CodeIgniter\Autoloader\Autoloader->loadClass('App\\Models\\cgserviceModel')
 5 SYSTEMPATH\CodeIgniter.php(915): App\Controllers\ServiceController->__construct()
 6 SYSTEMPATH\CodeIgniter.php(494): CodeIgniter\CodeIgniter->createController()
 7 SYSTEMPATH\CodeIgniter.php(361): CodeIgniter\CodeIgniter->handleRequest(null, Object(Config\Cache), false)
 8 FCPATH\index.php(79): CodeIgniter\CodeIgniter->run()
WARNING - 2026-02-28 10:58:30 --> [DEPRECATED] Creation of dynamic property CodeIgniter\HTTP\IncomingRequest::$user is deprecated in APPPATH\Filters\JwtAuth.php on line 47.
 1 SYSTEMPATH\Filters\Filters.php(182): App\Filters\JwtAuth->before(Object(CodeIgniter\HTTP\IncomingRequest), null)
 2 SYSTEMPATH\CodeIgniter.php(475): CodeIgniter\Filters\Filters->run('api/profile', 'before')
 3 SYSTEMPATH\CodeIgniter.php(361): CodeIgniter\CodeIgniter->handleRequest(null, Object(Config\Cache), false)
 4 FCPATH\index.php(79): CodeIgniter\CodeIgniter->run()
INFO - 2026-02-28 10:58:32 --> Session: Class initialized using 'CodeIgniter\Session\Handlers\FileHandler' driver.
WARNING - 2026-02-28 10:58:32 --> [DEPRECATED] Creation of dynamic property CodeIgniter\HTTP\IncomingRequest::$user is deprecated in APPPATH\Filters\JwtAuthWeb.php on line 32.
 1 SYSTEMPATH\Filters\Filters.php(182): App\Filters\JwtAuthWeb->before(Object(CodeIgniter\HTTP\IncomingRequest), null)
 2 SYSTEMPATH\CodeIgniter.php(475): CodeIgniter\Filters\Filters->run('cgServicerep', 'before')
 3 SYSTEMPATH\CodeIgniter.php(361): CodeIgniter\CodeIgniter->handleRequest(null, Object(Config\Cache), false)
 4 FCPATH\index.php(79): CodeIgniter\CodeIgniter->run()
WARNING - 2026-02-28 10:58:32 --> [DEPRECATED] Optional parameter $cg declared before required parameter $hcode is implicitly treated as a required parameter in APPPATH\Models\cgserviceModel.php on line 93.
 1 SYSTEMPATH\Autoloader\Autoloader.php(311): include_once('D:\\xampp6\\htdocs\\project-jwt\\vendor\\codeigniter4\\framework\\system\\Debug\\Exceptions.php')
 2 SYSTEMPATH\Autoloader\Autoloader.php(290): CodeIgniter\Autoloader\Autoloader->includeFile('D:\\xampp6\\htdocs\\project-jwt\\app\\Models\\cgserviceModel.php')
 3 SYSTEMPATH\Autoloader\Autoloader.php(266): CodeIgniter\Autoloader\Autoloader->loadInNamespace('App\\Models\\cgserviceModel')
 4 APPPATH\Controllers\ServiceController.php(21): CodeIgniter\Autoloader\Autoloader->loadClass('App\\Models\\cgserviceModel')
 5 SYSTEMPATH\CodeIgniter.php(915): App\Controllers\ServiceController->__construct()
 6 SYSTEMPATH\CodeIgniter.php(494): CodeIgniter\CodeIgniter->createController()
 7 SYSTEMPATH\CodeIgniter.php(361): CodeIgniter\CodeIgniter->handleRequest(null, Object(Config\Cache), false)
 8 FCPATH\index.php(79): CodeIgniter\CodeIgniter->run()
INFO - 2026-02-28 10:58:35 --> Session: Class initialized using 'CodeIgniter\Session\Handlers\FileHandler' driver.
WARNING - 2026-02-28 10:58:35 --> [DEPRECATED] Creation of dynamic property CodeIgniter\HTTP\IncomingRequest::$user is deprecated in APPPATH\Filters\JwtAuthWeb.php on line 32.
 1 SYSTEMPATH\Filters\Filters.php(182): App\Filters\JwtAuthWeb->before(Object(CodeIgniter\HTTP\IncomingRequest), null)
 2 SYSTEMPATH\CodeIgniter.php(475): CodeIgniter\Filters\Filters->run('ltc-view-details/135/2026/2', 'before')
 3 SYSTEMPATH\CodeIgniter.php(361): CodeIgniter\CodeIgniter->handleRequest(null, Object(Config\Cache), false)
 4 FCPATH\index.php(79): CodeIgniter\CodeIgniter->run()
WARNING - 2026-02-28 10:58:35 --> [DEPRECATED] Optional parameter $cg declared before required parameter $hcode is implicitly treated as a required parameter in APPPATH\Models\cgserviceModel.php on line 93.
 1 SYSTEMPATH\Autoloader\Autoloader.php(311): include_once('D:\\xampp6\\htdocs\\project-jwt\\vendor\\codeigniter4\\framework\\system\\Debug\\Exceptions.php')
 2 SYSTEMPATH\Autoloader\Autoloader.php(290): CodeIgniter\Autoloader\Autoloader->includeFile('D:\\xampp6\\htdocs\\project-jwt\\app\\Models\\cgserviceModel.php')
 3 SYSTEMPATH\Autoloader\Autoloader.php(266): CodeIgniter\Autoloader\Autoloader->loadInNamespace('App\\Models\\cgserviceModel')
 4 APPPATH\Controllers\ServiceController.php(21): CodeIgniter\Autoloader\Autoloader->loadClass('App\\Models\\cgserviceModel')
 5 SYSTEMPATH\CodeIgniter.php(915): App\Controllers\ServiceController->__construct()
 6 SYSTEMPATH\CodeIgniter.php(494): CodeIgniter\CodeIgniter->createController()
 7 SYSTEMPATH\CodeIgniter.php(361): CodeIgniter\CodeIgniter->handleRequest(null, Object(Config\Cache), false)
 8 FCPATH\index.php(79): CodeIgniter\CodeIgniter->run()
WARNING - 2026-02-28 10:58:35 --> [DEPRECATED] Creation of dynamic property CodeIgniter\HTTP\IncomingRequest::$user is deprecated in APPPATH\Filters\JwtAuth.php on line 47.
 1 SYSTEMPATH\Filters\Filters.php(182): App\Filters\JwtAuth->before(Object(CodeIgniter\HTTP\IncomingRequest), null)
 2 SYSTEMPATH\CodeIgniter.php(475): CodeIgniter\Filters\Filters->run('api/profile', 'before')
 3 SYSTEMPATH\CodeIgniter.php(361): CodeIgniter\CodeIgniter->handleRequest(null, Object(Config\Cache), false)
 4 FCPATH\index.php(79): CodeIgniter\CodeIgniter->run()
INFO - 2026-02-28 10:58:36 --> Session: Class initialized using 'CodeIgniter\Session\Handlers\FileHandler' driver.
WARNING - 2026-02-28 10:58:36 --> [DEPRECATED] Creation of dynamic property CodeIgniter\HTTP\IncomingRequest::$user is deprecated in APPPATH\Filters\JwtAuthWeb.php on line 32.
 1 SYSTEMPATH\Filters\Filters.php(182): App\Filters\JwtAuthWeb->before(Object(CodeIgniter\HTTP\IncomingRequest), null)
 2 SYSTEMPATH\CodeIgniter.php(475): CodeIgniter\Filters\Filters->run('getCGservice', 'before')
 3 SYSTEMPATH\CodeIgniter.php(361): CodeIgniter\CodeIgniter->handleRequest(null, Object(Config\Cache), false)
 4 FCPATH\index.php(79): CodeIgniter\CodeIgniter->run()
WARNING - 2026-02-28 10:58:36 --> [DEPRECATED] Optional parameter $cg declared before required parameter $hcode is implicitly treated as a required parameter in APPPATH\Models\cgserviceModel.php on line 93.
 1 SYSTEMPATH\Autoloader\Autoloader.php(311): include_once('D:\\xampp6\\htdocs\\project-jwt\\vendor\\codeigniter4\\framework\\system\\Debug\\Exceptions.php')
 2 SYSTEMPATH\Autoloader\Autoloader.php(290): CodeIgniter\Autoloader\Autoloader->includeFile('D:\\xampp6\\htdocs\\project-jwt\\app\\Models\\cgserviceModel.php')
 3 SYSTEMPATH\Autoloader\Autoloader.php(266): CodeIgniter\Autoloader\Autoloader->loadInNamespace('App\\Models\\cgserviceModel')
 4 APPPATH\Controllers\ServiceController.php(21): CodeIgniter\Autoloader\Autoloader->loadClass('App\\Models\\cgserviceModel')
 5 SYSTEMPATH\CodeIgniter.php(915): App\Controllers\ServiceController->__construct()
 6 SYSTEMPATH\CodeIgniter.php(494): CodeIgniter\CodeIgniter->createController()
 7 SYSTEMPATH\CodeIgniter.php(361): CodeIgniter\CodeIgniter->handleRequest(null, Object(Config\Cache), false)
 8 FCPATH\index.php(79): CodeIgniter\CodeIgniter->run()
INFO - 2026-02-28 10:59:01 --> Session: Class initialized using 'CodeIgniter\Session\Handlers\FileHandler' driver.
WARNING - 2026-02-28 10:59:01 --> [DEPRECATED] Creation of dynamic property CodeIgniter\HTTP\IncomingRequest::$user is deprecated in APPPATH\Filters\JwtAuthWeb.php on line 32.
 1 SYSTEMPATH\Filters\Filters.php(182): App\Filters\JwtAuthWeb->before(Object(CodeIgniter\HTTP\IncomingRequest), null)
 2 SYSTEMPATH\CodeIgniter.php(475): CodeIgniter\Filters\Filters->run('getCGservice', 'before')
 3 SYSTEMPATH\CodeIgniter.php(361): CodeIgniter\CodeIgniter->handleRequest(null, Object(Config\Cache), false)
 4 FCPATH\index.php(79): CodeIgniter\CodeIgniter->run()
WARNING - 2026-02-28 10:59:01 --> [DEPRECATED] Optional parameter $cg declared before required parameter $hcode is implicitly treated as a required parameter in APPPATH\Models\cgserviceModel.php on line 93.
 1 SYSTEMPATH\Autoloader\Autoloader.php(311): include_once('D:\\xampp6\\htdocs\\project-jwt\\vendor\\codeigniter4\\framework\\system\\Debug\\Exceptions.php')
 2 SYSTEMPATH\Autoloader\Autoloader.php(290): CodeIgniter\Autoloader\Autoloader->includeFile('D:\\xampp6\\htdocs\\project-jwt\\app\\Models\\cgserviceModel.php')
 3 SYSTEMPATH\Autoloader\Autoloader.php(266): CodeIgniter\Autoloader\Autoloader->loadInNamespace('App\\Models\\cgserviceModel')
 4 APPPATH\Controllers\ServiceController.php(21): CodeIgniter\Autoloader\Autoloader->loadClass('App\\Models\\cgserviceModel')
 5 SYSTEMPATH\CodeIgniter.php(915): App\Controllers\ServiceController->__construct()
 6 SYSTEMPATH\CodeIgniter.php(494): CodeIgniter\CodeIgniter->createController()
 7 SYSTEMPATH\CodeIgniter.php(361): CodeIgniter\CodeIgniter->handleRequest(null, Object(Config\Cache), false)
 8 FCPATH\index.php(79): CodeIgniter\CodeIgniter->run()
INFO - 2026-02-28 11:31:59 --> Session: Class initialized using 'CodeIgniter\Session\Handlers\FileHandler' driver.
WARNING - 2026-02-28 11:31:59 --> [DEPRECATED] Creation of dynamic property CodeIgniter\HTTP\IncomingRequest::$user is deprecated in APPPATH\Filters\JwtAuthWeb.php on line 32.
 1 SYSTEMPATH\Filters\Filters.php(182): App\Filters\JwtAuthWeb->before(Object(CodeIgniter\HTTP\IncomingRequest), null)
 2 SYSTEMPATH\CodeIgniter.php(475): CodeIgniter\Filters\Filters->run('getCGservice', 'before')
 3 SYSTEMPATH\CodeIgniter.php(361): CodeIgniter\CodeIgniter->handleRequest(null, Object(Config\Cache), false)
 4 FCPATH\index.php(79): CodeIgniter\CodeIgniter->run()
WARNING - 2026-02-28 11:31:59 --> [DEPRECATED] Optional parameter $cg declared before required parameter $hcode is implicitly treated as a required parameter in APPPATH\Models\cgserviceModel.php on line 93.
 1 SYSTEMPATH\Autoloader\Autoloader.php(311): include_once('D:\\xampp6\\htdocs\\project-jwt\\vendor\\codeigniter4\\framework\\system\\Debug\\Exceptions.php')
 2 SYSTEMPATH\Autoloader\Autoloader.php(290): CodeIgniter\Autoloader\Autoloader->includeFile('D:\\xampp6\\htdocs\\project-jwt\\app\\Models\\cgserviceModel.php')
 3 SYSTEMPATH\Autoloader\Autoloader.php(266): CodeIgniter\Autoloader\Autoloader->loadInNamespace('App\\Models\\cgserviceModel')
 4 APPPATH\Controllers\ServiceController.php(21): CodeIgniter\Autoloader\Autoloader->loadClass('App\\Models\\cgserviceModel')
 5 SYSTEMPATH\CodeIgniter.php(915): App\Controllers\ServiceController->__construct()
 6 SYSTEMPATH\CodeIgniter.php(494): CodeIgniter\CodeIgniter->createController()
 7 SYSTEMPATH\CodeIgniter.php(361): CodeIgniter\CodeIgniter->handleRequest(null, Object(Config\Cache), false)
 8 FCPATH\index.php(79): CodeIgniter\CodeIgniter->run()
INFO - 2026-02-28 11:32:00 --> Session: Class initialized using 'CodeIgniter\Session\Handlers\FileHandler' driver.
WARNING - 2026-02-28 11:32:00 --> [DEPRECATED] Creation of dynamic property CodeIgniter\HTTP\IncomingRequest::$user is deprecated in APPPATH\Filters\JwtAuthWeb.php on line 32.
 1 SYSTEMPATH\Filters\Filters.php(182): App\Filters\JwtAuthWeb->before(Object(CodeIgniter\HTTP\IncomingRequest), null)
 2 SYSTEMPATH\CodeIgniter.php(475): CodeIgniter\Filters\Filters->run('ltc-view-details/135/2026/2', 'before')
 3 SYSTEMPATH\CodeIgniter.php(361): CodeIgniter\CodeIgniter->handleRequest(null, Object(Config\Cache), false)
 4 FCPATH\index.php(79): CodeIgniter\CodeIgniter->run()
WARNING - 2026-02-28 11:32:00 --> [DEPRECATED] Optional parameter $cg declared before required parameter $hcode is implicitly treated as a required parameter in APPPATH\Models\cgserviceModel.php on line 93.
 1 SYSTEMPATH\Autoloader\Autoloader.php(311): include_once('D:\\xampp6\\htdocs\\project-jwt\\vendor\\codeigniter4\\framework\\system\\Debug\\Exceptions.php')
 2 SYSTEMPATH\Autoloader\Autoloader.php(290): CodeIgniter\Autoloader\Autoloader->includeFile('D:\\xampp6\\htdocs\\project-jwt\\app\\Models\\cgserviceModel.php')
 3 SYSTEMPATH\Autoloader\Autoloader.php(266): CodeIgniter\Autoloader\Autoloader->loadInNamespace('App\\Models\\cgserviceModel')
 4 APPPATH\Controllers\ServiceController.php(21): CodeIgniter\Autoloader\Autoloader->loadClass('App\\Models\\cgserviceModel')
 5 SYSTEMPATH\CodeIgniter.php(915): App\Controllers\ServiceController->__construct()
 6 SYSTEMPATH\CodeIgniter.php(494): CodeIgniter\CodeIgniter->createController()
 7 SYSTEMPATH\CodeIgniter.php(361): CodeIgniter\CodeIgniter->handleRequest(null, Object(Config\Cache), false)
 8 FCPATH\index.php(79): CodeIgniter\CodeIgniter->run()
WARNING - 2026-02-28 11:32:00 --> [DEPRECATED] Creation of dynamic property CodeIgniter\HTTP\IncomingRequest::$user is deprecated in APPPATH\Filters\JwtAuth.php on line 47.
 1 SYSTEMPATH\Filters\Filters.php(182): App\Filters\JwtAuth->before(Object(CodeIgniter\HTTP\IncomingRequest), null)
 2 SYSTEMPATH\CodeIgniter.php(475): CodeIgniter\Filters\Filters->run('api/profile', 'before')
 3 SYSTEMPATH\CodeIgniter.php(361): CodeIgniter\CodeIgniter->handleRequest(null, Object(Config\Cache), false)
 4 FCPATH\index.php(79): CodeIgniter\CodeIgniter->run()
INFO - 2026-02-28 11:32:01 --> Session: Class initialized using 'CodeIgniter\Session\Handlers\FileHandler' driver.
WARNING - 2026-02-28 11:32:01 --> [DEPRECATED] Creation of dynamic property CodeIgniter\HTTP\IncomingRequest::$user is deprecated in APPPATH\Filters\JwtAuthWeb.php on line 32.
 1 SYSTEMPATH\Filters\Filters.php(182): App\Filters\JwtAuthWeb->before(Object(CodeIgniter\HTTP\IncomingRequest), null)
 2 SYSTEMPATH\CodeIgniter.php(475): CodeIgniter\Filters\Filters->run('getCGservice', 'before')
 3 SYSTEMPATH\CodeIgniter.php(361): CodeIgniter\CodeIgniter->handleRequest(null, Object(Config\Cache), false)
 4 FCPATH\index.php(79): CodeIgniter\CodeIgniter->run()
WARNING - 2026-02-28 11:32:01 --> [DEPRECATED] Optional parameter $cg declared before required parameter $hcode is implicitly treated as a required parameter in APPPATH\Models\cgserviceModel.php on line 93.
 1 SYSTEMPATH\Autoloader\Autoloader.php(311): include_once('D:\\xampp6\\htdocs\\project-jwt\\vendor\\codeigniter4\\framework\\system\\Debug\\Exceptions.php')
 2 SYSTEMPATH\Autoloader\Autoloader.php(290): CodeIgniter\Autoloader\Autoloader->includeFile('D:\\xampp6\\htdocs\\project-jwt\\app\\Models\\cgserviceModel.php')
 3 SYSTEMPATH\Autoloader\Autoloader.php(266): CodeIgniter\Autoloader\Autoloader->loadInNamespace('App\\Models\\cgserviceModel')
 4 APPPATH\Controllers\ServiceController.php(21): CodeIgniter\Autoloader\Autoloader->loadClass('App\\Models\\cgserviceModel')
 5 SYSTEMPATH\CodeIgniter.php(915): App\Controllers\ServiceController->__construct()
 6 SYSTEMPATH\CodeIgniter.php(494): CodeIgniter\CodeIgniter->createController()
 7 SYSTEMPATH\CodeIgniter.php(361): CodeIgniter\CodeIgniter->handleRequest(null, Object(Config\Cache), false)
 8 FCPATH\index.php(79): CodeIgniter\CodeIgniter->run()
INFO - 2026-02-28 11:34:57 --> Session: Class initialized using 'CodeIgniter\Session\Handlers\FileHandler' driver.
WARNING - 2026-02-28 11:34:57 --> [DEPRECATED] Creation of dynamic property CodeIgniter\HTTP\IncomingRequest::$user is deprecated in APPPATH\Filters\JwtAuthWeb.php on line 32.
 1 SYSTEMPATH\Filters\Filters.php(182): App\Filters\JwtAuthWeb->before(Object(CodeIgniter\HTTP\IncomingRequest), null)
 2 SYSTEMPATH\CodeIgniter.php(475): CodeIgniter\Filters\Filters->run('ltc-view-details/135/2026/2', 'before')
 3 SYSTEMPATH\CodeIgniter.php(361): CodeIgniter\CodeIgniter->handleRequest(null, Object(Config\Cache), false)
 4 FCPATH\index.php(79): CodeIgniter\CodeIgniter->run()
WARNING - 2026-02-28 11:34:57 --> [DEPRECATED] Optional parameter $cg declared before required parameter $hcode is implicitly treated as a required parameter in APPPATH\Models\cgserviceModel.php on line 93.
 1 SYSTEMPATH\Autoloader\Autoloader.php(311): include_once('D:\\xampp6\\htdocs\\project-jwt\\vendor\\codeigniter4\\framework\\system\\Debug\\Exceptions.php')
 2 SYSTEMPATH\Autoloader\Autoloader.php(290): CodeIgniter\Autoloader\Autoloader->includeFile('D:\\xampp6\\htdocs\\project-jwt\\app\\Models\\cgserviceModel.php')
 3 SYSTEMPATH\Autoloader\Autoloader.php(266): CodeIgniter\Autoloader\Autoloader->loadInNamespace('App\\Models\\cgserviceModel')
 4 APPPATH\Controllers\ServiceController.php(21): CodeIgniter\Autoloader\Autoloader->loadClass('App\\Models\\cgserviceModel')
 5 SYSTEMPATH\CodeIgniter.php(915): App\Controllers\ServiceController->__construct()
 6 SYSTEMPATH\CodeIgniter.php(494): CodeIgniter\CodeIgniter->createController()
 7 SYSTEMPATH\CodeIgniter.php(361): CodeIgniter\CodeIgniter->handleRequest(null, Object(Config\Cache), false)
 8 FCPATH\index.php(79): CodeIgniter\CodeIgniter->run()
WARNING - 2026-02-28 11:34:57 --> [DEPRECATED] Creation of dynamic property CodeIgniter\HTTP\IncomingRequest::$user is deprecated in APPPATH\Filters\JwtAuth.php on line 47.
 1 SYSTEMPATH\Filters\Filters.php(182): App\Filters\JwtAuth->before(Object(CodeIgniter\HTTP\IncomingRequest), null)
 2 SYSTEMPATH\CodeIgniter.php(475): CodeIgniter\Filters\Filters->run('api/profile', 'before')
 3 SYSTEMPATH\CodeIgniter.php(361): CodeIgniter\CodeIgniter->handleRequest(null, Object(Config\Cache), false)
 4 FCPATH\index.php(79): CodeIgniter\CodeIgniter->run()
INFO - 2026-02-28 11:34:58 --> Session: Class initialized using 'CodeIgniter\Session\Handlers\FileHandler' driver.
WARNING - 2026-02-28 11:34:58 --> [DEPRECATED] Creation of dynamic property CodeIgniter\HTTP\IncomingRequest::$user is deprecated in APPPATH\Filters\JwtAuthWeb.php on line 32.
 1 SYSTEMPATH\Filters\Filters.php(182): App\Filters\JwtAuthWeb->before(Object(CodeIgniter\HTTP\IncomingRequest), null)
 2 SYSTEMPATH\CodeIgniter.php(475): CodeIgniter\Filters\Filters->run('getCGservice', 'before')
 3 SYSTEMPATH\CodeIgniter.php(361): CodeIgniter\CodeIgniter->handleRequest(null, Object(Config\Cache), false)
 4 FCPATH\index.php(79): CodeIgniter\CodeIgniter->run()
WARNING - 2026-02-28 11:34:58 --> [DEPRECATED] Optional parameter $cg declared before required parameter $hcode is implicitly treated as a required parameter in APPPATH\Models\cgserviceModel.php on line 93.
 1 SYSTEMPATH\Autoloader\Autoloader.php(311): include_once('D:\\xampp6\\htdocs\\project-jwt\\vendor\\codeigniter4\\framework\\system\\Debug\\Exceptions.php')
 2 SYSTEMPATH\Autoloader\Autoloader.php(290): CodeIgniter\Autoloader\Autoloader->includeFile('D:\\xampp6\\htdocs\\project-jwt\\app\\Models\\cgserviceModel.php')
 3 SYSTEMPATH\Autoloader\Autoloader.php(266): CodeIgniter\Autoloader\Autoloader->loadInNamespace('App\\Models\\cgserviceModel')
 4 APPPATH\Controllers\ServiceController.php(21): CodeIgniter\Autoloader\Autoloader->loadClass('App\\Models\\cgserviceModel')
 5 SYSTEMPATH\CodeIgniter.php(915): App\Controllers\ServiceController->__construct()
 6 SYSTEMPATH\CodeIgniter.php(494): CodeIgniter\CodeIgniter->createController()
 7 SYSTEMPATH\CodeIgniter.php(361): CodeIgniter\CodeIgniter->handleRequest(null, Object(Config\Cache), false)
 8 FCPATH\index.php(79): CodeIgniter\CodeIgniter->run()
INFO - 2026-02-28 11:35:33 --> Session: Class initialized using 'CodeIgniter\Session\Handlers\FileHandler' driver.
WARNING - 2026-02-28 11:35:33 --> [DEPRECATED] Creation of dynamic property CodeIgniter\HTTP\IncomingRequest::$user is deprecated in APPPATH\Filters\JwtAuthWeb.php on line 32.
 1 SYSTEMPATH\Filters\Filters.php(182): App\Filters\JwtAuthWeb->before(Object(CodeIgniter\HTTP\IncomingRequest), null)
 2 SYSTEMPATH\CodeIgniter.php(475): CodeIgniter\Filters\Filters->run('ltc-view-details/135/2026/2', 'before')
 3 SYSTEMPATH\CodeIgniter.php(361): CodeIgniter\CodeIgniter->handleRequest(null, Object(Config\Cache), false)
 4 FCPATH\index.php(79): CodeIgniter\CodeIgniter->run()
WARNING - 2026-02-28 11:35:33 --> [DEPRECATED] Optional parameter $cg declared before required parameter $hcode is implicitly treated as a required parameter in APPPATH\Models\cgserviceModel.php on line 93.
 1 SYSTEMPATH\Autoloader\Autoloader.php(311): include_once('D:\\xampp6\\htdocs\\project-jwt\\vendor\\codeigniter4\\framework\\system\\Debug\\Exceptions.php')
 2 SYSTEMPATH\Autoloader\Autoloader.php(290): CodeIgniter\Autoloader\Autoloader->includeFile('D:\\xampp6\\htdocs\\project-jwt\\app\\Models\\cgserviceModel.php')
 3 SYSTEMPATH\Autoloader\Autoloader.php(266): CodeIgniter\Autoloader\Autoloader->loadInNamespace('App\\Models\\cgserviceModel')
 4 APPPATH\Controllers\ServiceController.php(21): CodeIgniter\Autoloader\Autoloader->loadClass('App\\Models\\cgserviceModel')
 5 SYSTEMPATH\CodeIgniter.php(915): App\Controllers\ServiceController->__construct()
 6 SYSTEMPATH\CodeIgniter.php(494): CodeIgniter\CodeIgniter->createController()
 7 SYSTEMPATH\CodeIgniter.php(361): CodeIgniter\CodeIgniter->handleRequest(null, Object(Config\Cache), false)
 8 FCPATH\index.php(79): CodeIgniter\CodeIgniter->run()
WARNING - 2026-02-28 11:35:34 --> [DEPRECATED] Creation of dynamic property CodeIgniter\HTTP\IncomingRequest::$user is deprecated in APPPATH\Filters\JwtAuth.php on line 47.
 1 SYSTEMPATH\Filters\Filters.php(182): App\Filters\JwtAuth->before(Object(CodeIgniter\HTTP\IncomingRequest), null)
 2 SYSTEMPATH\CodeIgniter.php(475): CodeIgniter\Filters\Filters->run('api/profile', 'before')
 3 SYSTEMPATH\CodeIgniter.php(361): CodeIgniter\CodeIgniter->handleRequest(null, Object(Config\Cache), false)
 4 FCPATH\index.php(79): CodeIgniter\CodeIgniter->run()
INFO - 2026-02-28 11:35:35 --> Session: Class initialized using 'CodeIgniter\Session\Handlers\FileHandler' driver.
WARNING - 2026-02-28 11:35:35 --> [DEPRECATED] Creation of dynamic property CodeIgniter\HTTP\IncomingRequest::$user is deprecated in APPPATH\Filters\JwtAuthWeb.php on line 32.
 1 SYSTEMPATH\Filters\Filters.php(182): App\Filters\JwtAuthWeb->before(Object(CodeIgniter\HTTP\IncomingRequest), null)
 2 SYSTEMPATH\CodeIgniter.php(475): CodeIgniter\Filters\Filters->run('getCGservice', 'before')
 3 SYSTEMPATH\CodeIgniter.php(361): CodeIgniter\CodeIgniter->handleRequest(null, Object(Config\Cache), false)
 4 FCPATH\index.php(79): CodeIgniter\CodeIgniter->run()
WARNING - 2026-02-28 11:35:35 --> [DEPRECATED] Optional parameter $cg declared before required parameter $hcode is implicitly treated as a required parameter in APPPATH\Models\cgserviceModel.php on line 93.
 1 SYSTEMPATH\Autoloader\Autoloader.php(311): include_once('D:\\xampp6\\htdocs\\project-jwt\\vendor\\codeigniter4\\framework\\system\\Debug\\Exceptions.php')
 2 SYSTEMPATH\Autoloader\Autoloader.php(290): CodeIgniter\Autoloader\Autoloader->includeFile('D:\\xampp6\\htdocs\\project-jwt\\app\\Models\\cgserviceModel.php')
 3 SYSTEMPATH\Autoloader\Autoloader.php(266): CodeIgniter\Autoloader\Autoloader->loadInNamespace('App\\Models\\cgserviceModel')
 4 APPPATH\Controllers\ServiceController.php(21): CodeIgniter\Autoloader\Autoloader->loadClass('App\\Models\\cgserviceModel')
 5 SYSTEMPATH\CodeIgniter.php(915): App\Controllers\ServiceController->__construct()
 6 SYSTEMPATH\CodeIgniter.php(494): CodeIgniter\CodeIgniter->createController()
 7 SYSTEMPATH\CodeIgniter.php(361): CodeIgniter\CodeIgniter->handleRequest(null, Object(Config\Cache), false)
 8 FCPATH\index.php(79): CodeIgniter\CodeIgniter->run()
INFO - 2026-02-28 11:35:39 --> Session: Class initialized using 'CodeIgniter\Session\Handlers\FileHandler' driver.
WARNING - 2026-02-28 11:35:39 --> [DEPRECATED] Creation of dynamic property CodeIgniter\HTTP\IncomingRequest::$user is deprecated in APPPATH\Filters\JwtAuthWeb.php on line 32.
 1 SYSTEMPATH\Filters\Filters.php(182): App\Filters\JwtAuthWeb->before(Object(CodeIgniter\HTTP\IncomingRequest), null)
 2 SYSTEMPATH\CodeIgniter.php(475): CodeIgniter\Filters\Filters->run('printIndivReport/9', 'before')
 3 SYSTEMPATH\CodeIgniter.php(361): CodeIgniter\CodeIgniter->handleRequest(null, Object(Config\Cache), false)
 4 FCPATH\index.php(79): CodeIgniter\CodeIgniter->run()
WARNING - 2026-02-28 11:35:39 --> [DEPRECATED] Optional parameter $cg declared before required parameter $hcode is implicitly treated as a required parameter in APPPATH\Models\cgserviceModel.php on line 93.
 1 SYSTEMPATH\Autoloader\Autoloader.php(311): include_once('D:\\xampp6\\htdocs\\project-jwt\\vendor\\codeigniter4\\framework\\system\\Debug\\Exceptions.php')
 2 SYSTEMPATH\Autoloader\Autoloader.php(290): CodeIgniter\Autoloader\Autoloader->includeFile('D:\\xampp6\\htdocs\\project-jwt\\app\\Models\\cgserviceModel.php')
 3 SYSTEMPATH\Autoloader\Autoloader.php(266): CodeIgniter\Autoloader\Autoloader->loadInNamespace('App\\Models\\cgserviceModel')
 4 APPPATH\Controllers\ServiceController.php(21): CodeIgniter\Autoloader\Autoloader->loadClass('App\\Models\\cgserviceModel')
 5 SYSTEMPATH\CodeIgniter.php(915): App\Controllers\ServiceController->__construct()
 6 SYSTEMPATH\CodeIgniter.php(494): CodeIgniter\CodeIgniter->createController()
 7 SYSTEMPATH\CodeIgniter.php(361): CodeIgniter\CodeIgniter->handleRequest(null, Object(Config\Cache), false)
 8 FCPATH\index.php(79): CodeIgniter\CodeIgniter->run()
INFO - 2026-02-28 11:38:57 --> Session: Class initialized using 'CodeIgniter\Session\Handlers\FileHandler' driver.
WARNING - 2026-02-28 11:38:57 --> [DEPRECATED] Creation of dynamic property CodeIgniter\HTTP\IncomingRequest::$user is deprecated in APPPATH\Filters\JwtAuthWeb.php on line 32.
 1 SYSTEMPATH\Filters\Filters.php(182): App\Filters\JwtAuthWeb->before(Object(CodeIgniter\HTTP\IncomingRequest), null)
 2 SYSTEMPATH\CodeIgniter.php(475): CodeIgniter\Filters\Filters->run('printIndivReport/9', 'before')
 3 SYSTEMPATH\CodeIgniter.php(361): CodeIgniter\CodeIgniter->handleRequest(null, Object(Config\Cache), false)
 4 FCPATH\index.php(79): CodeIgniter\CodeIgniter->run()
WARNING - 2026-02-28 11:38:57 --> [DEPRECATED] Optional parameter $cg declared before required parameter $hcode is implicitly treated as a required parameter in APPPATH\Models\cgserviceModel.php on line 93.
 1 SYSTEMPATH\Autoloader\Autoloader.php(311): include_once('D:\\xampp6\\htdocs\\project-jwt\\vendor\\codeigniter4\\framework\\system\\Debug\\Exceptions.php')
 2 SYSTEMPATH\Autoloader\Autoloader.php(290): CodeIgniter\Autoloader\Autoloader->includeFile('D:\\xampp6\\htdocs\\project-jwt\\app\\Models\\cgserviceModel.php')
 3 SYSTEMPATH\Autoloader\Autoloader.php(266): CodeIgniter\Autoloader\Autoloader->loadInNamespace('App\\Models\\cgserviceModel')
 4 APPPATH\Controllers\ServiceController.php(21): CodeIgniter\Autoloader\Autoloader->loadClass('App\\Models\\cgserviceModel')
 5 SYSTEMPATH\CodeIgniter.php(915): App\Controllers\ServiceController->__construct()
 6 SYSTEMPATH\CodeIgniter.php(494): CodeIgniter\CodeIgniter->createController()
 7 SYSTEMPATH\CodeIgniter.php(361): CodeIgniter\CodeIgniter->handleRequest(null, Object(Config\Cache), false)
 8 FCPATH\index.php(79): CodeIgniter\CodeIgniter->run()
INFO - 2026-02-28 11:39:46 --> Session: Class initialized using 'CodeIgniter\Session\Handlers\FileHandler' driver.
WARNING - 2026-02-28 11:39:46 --> [DEPRECATED] Creation of dynamic property CodeIgniter\HTTP\IncomingRequest::$user is deprecated in APPPATH\Filters\JwtAuthWeb.php on line 32.
 1 SYSTEMPATH\Filters\Filters.php(182): App\Filters\JwtAuthWeb->before(Object(CodeIgniter\HTTP\IncomingRequest), null)
 2 SYSTEMPATH\CodeIgniter.php(475): CodeIgniter\Filters\Filters->run('printIndivReport/9', 'before')
 3 SYSTEMPATH\CodeIgniter.php(361): CodeIgniter\CodeIgniter->handleRequest(null, Object(Config\Cache), false)
 4 FCPATH\index.php(79): CodeIgniter\CodeIgniter->run()
WARNING - 2026-02-28 11:39:46 --> [DEPRECATED] Optional parameter $cg declared before required parameter $hcode is implicitly treated as a required parameter in APPPATH\Models\cgserviceModel.php on line 93.
 1 SYSTEMPATH\Autoloader\Autoloader.php(311): include_once('D:\\xampp6\\htdocs\\project-jwt\\vendor\\codeigniter4\\framework\\system\\Debug\\Exceptions.php')
 2 SYSTEMPATH\Autoloader\Autoloader.php(290): CodeIgniter\Autoloader\Autoloader->includeFile('D:\\xampp6\\htdocs\\project-jwt\\app\\Models\\cgserviceModel.php')
 3 SYSTEMPATH\Autoloader\Autoloader.php(266): CodeIgniter\Autoloader\Autoloader->loadInNamespace('App\\Models\\cgserviceModel')
 4 APPPATH\Controllers\ServiceController.php(21): CodeIgniter\Autoloader\Autoloader->loadClass('App\\Models\\cgserviceModel')
 5 SYSTEMPATH\CodeIgniter.php(915): App\Controllers\ServiceController->__construct()
 6 SYSTEMPATH\CodeIgniter.php(494): CodeIgniter\CodeIgniter->createController()
 7 SYSTEMPATH\CodeIgniter.php(361): CodeIgniter\CodeIgniter->handleRequest(null, Object(Config\Cache), false)
 8 FCPATH\index.php(79): CodeIgniter\CodeIgniter->run()
INFO - 2026-02-28 12:15:44 --> Session: Class initialized using 'CodeIgniter\Session\Handlers\FileHandler' driver.
WARNING - 2026-02-28 12:15:44 --> [DEPRECATED] Creation of dynamic property CodeIgniter\HTTP\IncomingRequest::$user is deprecated in APPPATH\Filters\JwtAuthWeb.php on line 32.
 1 SYSTEMPATH\Filters\Filters.php(182): App\Filters\JwtAuthWeb->before(Object(CodeIgniter\HTTP\IncomingRequest), null)
 2 SYSTEMPATH\CodeIgniter.php(475): CodeIgniter\Filters\Filters->run('printIndivReport/9', 'before')
 3 SYSTEMPATH\CodeIgniter.php(361): CodeIgniter\CodeIgniter->handleRequest(null, Object(Config\Cache), false)
 4 FCPATH\index.php(79): CodeIgniter\CodeIgniter->run()
WARNING - 2026-02-28 12:15:44 --> [DEPRECATED] Optional parameter $cg declared before required parameter $hcode is implicitly treated as a required parameter in APPPATH\Models\cgserviceModel.php on line 93.
 1 SYSTEMPATH\Autoloader\Autoloader.php(311): include_once('D:\\xampp6\\htdocs\\project-jwt\\vendor\\codeigniter4\\framework\\system\\Debug\\Exceptions.php')
 2 SYSTEMPATH\Autoloader\Autoloader.php(290): CodeIgniter\Autoloader\Autoloader->includeFile('D:\\xampp6\\htdocs\\project-jwt\\app\\Models\\cgserviceModel.php')
 3 SYSTEMPATH\Autoloader\Autoloader.php(266): CodeIgniter\Autoloader\Autoloader->loadInNamespace('App\\Models\\cgserviceModel')
 4 APPPATH\Controllers\ServiceController.php(21): CodeIgniter\Autoloader\Autoloader->loadClass('App\\Models\\cgserviceModel')
 5 SYSTEMPATH\CodeIgniter.php(915): App\Controllers\ServiceController->__construct()
 6 SYSTEMPATH\CodeIgniter.php(494): CodeIgniter\CodeIgniter->createController()
 7 SYSTEMPATH\CodeIgniter.php(361): CodeIgniter\CodeIgniter->handleRequest(null, Object(Config\Cache), false)
 8 FCPATH\index.php(79): CodeIgniter\CodeIgniter->run()
INFO - 2026-02-28 12:18:13 --> Session: Class initialized using 'CodeIgniter\Session\Handlers\FileHandler' driver.
WARNING - 2026-02-28 12:18:13 --> [DEPRECATED] Creation of dynamic property CodeIgniter\HTTP\IncomingRequest::$user is deprecated in APPPATH\Filters\JwtAuthWeb.php on line 32.
 1 SYSTEMPATH\Filters\Filters.php(182): App\Filters\JwtAuthWeb->before(Object(CodeIgniter\HTTP\IncomingRequest), null)
 2 SYSTEMPATH\CodeIgniter.php(475): CodeIgniter\Filters\Filters->run('printIndivReport/9', 'before')
 3 SYSTEMPATH\CodeIgniter.php(361): CodeIgniter\CodeIgniter->handleRequest(null, Object(Config\Cache), false)
 4 FCPATH\index.php(79): CodeIgniter\CodeIgniter->run()
WARNING - 2026-02-28 12:18:13 --> [DEPRECATED] Optional parameter $cg declared before required parameter $hcode is implicitly treated as a required parameter in APPPATH\Models\cgserviceModel.php on line 93.
 1 SYSTEMPATH\Autoloader\Autoloader.php(311): include_once('D:\\xampp6\\htdocs\\project-jwt\\vendor\\codeigniter4\\framework\\system\\Debug\\Exceptions.php')
 2 SYSTEMPATH\Autoloader\Autoloader.php(290): CodeIgniter\Autoloader\Autoloader->includeFile('D:\\xampp6\\htdocs\\project-jwt\\app\\Models\\cgserviceModel.php')
 3 SYSTEMPATH\Autoloader\Autoloader.php(266): CodeIgniter\Autoloader\Autoloader->loadInNamespace('App\\Models\\cgserviceModel')
 4 APPPATH\Controllers\ServiceController.php(21): CodeIgniter\Autoloader\Autoloader->loadClass('App\\Models\\cgserviceModel')
 5 SYSTEMPATH\CodeIgniter.php(915): App\Controllers\ServiceController->__construct()
 6 SYSTEMPATH\CodeIgniter.php(494): CodeIgniter\CodeIgniter->createController()
 7 SYSTEMPATH\CodeIgniter.php(361): CodeIgniter\CodeIgniter->handleRequest(null, Object(Config\Cache), false)
 8 FCPATH\index.php(79): CodeIgniter\CodeIgniter->run()
INFO - 2026-02-28 12:18:24 --> Session: Class initialized using 'CodeIgniter\Session\Handlers\FileHandler' driver.
WARNING - 2026-02-28 12:18:24 --> [DEPRECATED] Creation of dynamic property CodeIgniter\HTTP\IncomingRequest::$user is deprecated in APPPATH\Filters\JwtAuthWeb.php on line 32.
 1 SYSTEMPATH\Filters\Filters.php(182): App\Filters\JwtAuthWeb->before(Object(CodeIgniter\HTTP\IncomingRequest), null)
 2 SYSTEMPATH\CodeIgniter.php(475): CodeIgniter\Filters\Filters->run('printIndivReport/9', 'before')
 3 SYSTEMPATH\CodeIgniter.php(361): CodeIgniter\CodeIgniter->handleRequest(null, Object(Config\Cache), false)
 4 FCPATH\index.php(79): CodeIgniter\CodeIgniter->run()
WARNING - 2026-02-28 12:18:24 --> [DEPRECATED] Optional parameter $cg declared before required parameter $hcode is implicitly treated as a required parameter in APPPATH\Models\cgserviceModel.php on line 93.
 1 SYSTEMPATH\Autoloader\Autoloader.php(311): include_once('D:\\xampp6\\htdocs\\project-jwt\\vendor\\codeigniter4\\framework\\system\\Debug\\Exceptions.php')
 2 SYSTEMPATH\Autoloader\Autoloader.php(290): CodeIgniter\Autoloader\Autoloader->includeFile('D:\\xampp6\\htdocs\\project-jwt\\app\\Models\\cgserviceModel.php')
 3 SYSTEMPATH\Autoloader\Autoloader.php(266): CodeIgniter\Autoloader\Autoloader->loadInNamespace('App\\Models\\cgserviceModel')
 4 APPPATH\Controllers\ServiceController.php(21): CodeIgniter\Autoloader\Autoloader->loadClass('App\\Models\\cgserviceModel')
 5 SYSTEMPATH\CodeIgniter.php(915): App\Controllers\ServiceController->__construct()
 6 SYSTEMPATH\CodeIgniter.php(494): CodeIgniter\CodeIgniter->createController()
 7 SYSTEMPATH\CodeIgniter.php(361): CodeIgniter\CodeIgniter->handleRequest(null, Object(Config\Cache), false)
 8 FCPATH\index.php(79): CodeIgniter\CodeIgniter->run()
INFO - 2026-02-28 12:19:53 --> Session: Class initialized using 'CodeIgniter\Session\Handlers\FileHandler' driver.
WARNING - 2026-02-28 12:19:53 --> [DEPRECATED] Creation of dynamic property CodeIgniter\HTTP\IncomingRequest::$user is deprecated in APPPATH\Filters\JwtAuthWeb.php on line 32.
 1 SYSTEMPATH\Filters\Filters.php(182): App\Filters\JwtAuthWeb->before(Object(CodeIgniter\HTTP\IncomingRequest), null)
 2 SYSTEMPATH\CodeIgniter.php(475): CodeIgniter\Filters\Filters->run('printIndivReport/9', 'before')
 3 SYSTEMPATH\CodeIgniter.php(361): CodeIgniter\CodeIgniter->handleRequest(null, Object(Config\Cache), false)
 4 FCPATH\index.php(79): CodeIgniter\CodeIgniter->run()
WARNING - 2026-02-28 12:19:53 --> [DEPRECATED] Optional parameter $cg declared before required parameter $hcode is implicitly treated as a required parameter in APPPATH\Models\cgserviceModel.php on line 93.
 1 SYSTEMPATH\Autoloader\Autoloader.php(311): include_once('D:\\xampp6\\htdocs\\project-jwt\\vendor\\codeigniter4\\framework\\system\\Debug\\Exceptions.php')
 2 SYSTEMPATH\Autoloader\Autoloader.php(290): CodeIgniter\Autoloader\Autoloader->includeFile('D:\\xampp6\\htdocs\\project-jwt\\app\\Models\\cgserviceModel.php')
 3 SYSTEMPATH\Autoloader\Autoloader.php(266): CodeIgniter\Autoloader\Autoloader->loadInNamespace('App\\Models\\cgserviceModel')
 4 APPPATH\Controllers\ServiceController.php(21): CodeIgniter\Autoloader\Autoloader->loadClass('App\\Models\\cgserviceModel')
 5 SYSTEMPATH\CodeIgniter.php(915): App\Controllers\ServiceController->__construct()
 6 SYSTEMPATH\CodeIgniter.php(494): CodeIgniter\CodeIgniter->createController()
 7 SYSTEMPATH\CodeIgniter.php(361): CodeIgniter\CodeIgniter->handleRequest(null, Object(Config\Cache), false)
 8 FCPATH\index.php(79): CodeIgniter\CodeIgniter->run()
INFO - 2026-02-28 12:24:24 --> Session: Class initialized using 'CodeIgniter\Session\Handlers\FileHandler' driver.
INFO - 2026-02-28 12:24:25 --> Session: Class initialized using 'CodeIgniter\Session\Handlers\FileHandler' driver.
INFO - 2026-02-28 12:24:27 --> Session: Class initialized using 'CodeIgniter\Session\Handlers\FileHandler' driver.
WARNING - 2026-02-28 12:24:27 --> [DEPRECATED] Creation of dynamic property CodeIgniter\HTTP\IncomingRequest::$user is deprecated in APPPATH\Filters\JwtAuthWeb.php on line 32.
 1 SYSTEMPATH\Filters\Filters.php(182): App\Filters\JwtAuthWeb->before(Object(CodeIgniter\HTTP\IncomingRequest), null)
 2 SYSTEMPATH\CodeIgniter.php(475): CodeIgniter\Filters\Filters->run('setting/dashboard-page', 'before')
 3 SYSTEMPATH\CodeIgniter.php(361): CodeIgniter\CodeIgniter->handleRequest(null, Object(Config\Cache), false)
 4 FCPATH\index.php(79): CodeIgniter\CodeIgniter->run()
WARNING - 2026-02-28 12:24:28 --> [DEPRECATED] Creation of dynamic property CodeIgniter\HTTP\IncomingRequest::$user is deprecated in APPPATH\Filters\JwtAuth.php on line 47.
 1 SYSTEMPATH\Filters\Filters.php(182): App\Filters\JwtAuth->before(Object(CodeIgniter\HTTP\IncomingRequest), null)
 2 SYSTEMPATH\CodeIgniter.php(475): CodeIgniter\Filters\Filters->run('api/profile', 'before')
 3 SYSTEMPATH\CodeIgniter.php(361): CodeIgniter\CodeIgniter->handleRequest(null, Object(Config\Cache), false)
 4 FCPATH\index.php(79): CodeIgniter\CodeIgniter->run()
INFO - 2026-02-28 12:24:30 --> Session: Class initialized using 'CodeIgniter\Session\Handlers\FileHandler' driver.
WARNING - 2026-02-28 12:24:30 --> [DEPRECATED] Creation of dynamic property CodeIgniter\HTTP\IncomingRequest::$user is deprecated in APPPATH\Filters\JwtAuthWeb.php on line 32.
 1 SYSTEMPATH\Filters\Filters.php(182): App\Filters\JwtAuthWeb->before(Object(CodeIgniter\HTTP\IncomingRequest), null)
 2 SYSTEMPATH\CodeIgniter.php(475): CodeIgniter\Filters\Filters->run('service-page', 'before')
 3 SYSTEMPATH\CodeIgniter.php(361): CodeIgniter\CodeIgniter->handleRequest(null, Object(Config\Cache), false)
 4 FCPATH\index.php(79): CodeIgniter\CodeIgniter->run()
WARNING - 2026-02-28 12:24:30 --> [DEPRECATED] Optional parameter $cg declared before required parameter $hcode is implicitly treated as a required parameter in APPPATH\Models\cgserviceModel.php on line 93.
 1 SYSTEMPATH\Autoloader\Autoloader.php(311): include_once('D:\\xampp6\\htdocs\\project-jwt\\vendor\\codeigniter4\\framework\\system\\Debug\\Exceptions.php')
 2 SYSTEMPATH\Autoloader\Autoloader.php(290): CodeIgniter\Autoloader\Autoloader->includeFile('D:\\xampp6\\htdocs\\project-jwt\\app\\Models\\cgserviceModel.php')
 3 SYSTEMPATH\Autoloader\Autoloader.php(266): CodeIgniter\Autoloader\Autoloader->loadInNamespace('App\\Models\\cgserviceModel')
 4 APPPATH\Controllers\ServiceController.php(21): CodeIgniter\Autoloader\Autoloader->loadClass('App\\Models\\cgserviceModel')
 5 SYSTEMPATH\CodeIgniter.php(915): App\Controllers\ServiceController->__construct()
 6 SYSTEMPATH\CodeIgniter.php(494): CodeIgniter\CodeIgniter->createController()
 7 SYSTEMPATH\CodeIgniter.php(361): CodeIgniter\CodeIgniter->handleRequest(null, Object(Config\Cache), false)
 8 FCPATH\index.php(79): CodeIgniter\CodeIgniter->run()
WARNING - 2026-02-28 12:24:30 --> [DEPRECATED] Creation of dynamic property CodeIgniter\HTTP\IncomingRequest::$user is deprecated in APPPATH\Filters\JwtAuth.php on line 47.
 1 SYSTEMPATH\Filters\Filters.php(182): App\Filters\JwtAuth->before(Object(CodeIgniter\HTTP\IncomingRequest), null)
 2 SYSTEMPATH\CodeIgniter.php(475): CodeIgniter\Filters\Filters->run('api/profile', 'before')
 3 SYSTEMPATH\CodeIgniter.php(361): CodeIgniter\CodeIgniter->handleRequest(null, Object(Config\Cache), false)
 4 FCPATH\index.php(79): CodeIgniter\CodeIgniter->run()
INFO - 2026-02-28 12:24:34 --> Session: Class initialized using 'CodeIgniter\Session\Handlers\FileHandler' driver.
WARNING - 2026-02-28 12:24:34 --> [DEPRECATED] Creation of dynamic property CodeIgniter\HTTP\IncomingRequest::$user is deprecated in APPPATH\Filters\JwtAuthWeb.php on line 32.
 1 SYSTEMPATH\Filters\Filters.php(182): App\Filters\JwtAuthWeb->before(Object(CodeIgniter\HTTP\IncomingRequest), null)
 2 SYSTEMPATH\CodeIgniter.php(475): CodeIgniter\Filters\Filters->run('cgServicerep', 'before')
 3 SYSTEMPATH\CodeIgniter.php(361): CodeIgniter\CodeIgniter->handleRequest(null, Object(Config\Cache), false)
 4 FCPATH\index.php(79): CodeIgniter\CodeIgniter->run()
WARNING - 2026-02-28 12:24:34 --> [DEPRECATED] Optional parameter $cg declared before required parameter $hcode is implicitly treated as a required parameter in APPPATH\Models\cgserviceModel.php on line 93.
 1 SYSTEMPATH\Autoloader\Autoloader.php(311): include_once('D:\\xampp6\\htdocs\\project-jwt\\vendor\\codeigniter4\\framework\\system\\Debug\\Exceptions.php')
 2 SYSTEMPATH\Autoloader\Autoloader.php(290): CodeIgniter\Autoloader\Autoloader->includeFile('D:\\xampp6\\htdocs\\project-jwt\\app\\Models\\cgserviceModel.php')
 3 SYSTEMPATH\Autoloader\Autoloader.php(266): CodeIgniter\Autoloader\Autoloader->loadInNamespace('App\\Models\\cgserviceModel')
 4 APPPATH\Controllers\ServiceController.php(21): CodeIgniter\Autoloader\Autoloader->loadClass('App\\Models\\cgserviceModel')
 5 SYSTEMPATH\CodeIgniter.php(915): App\Controllers\ServiceController->__construct()
 6 SYSTEMPATH\CodeIgniter.php(494): CodeIgniter\CodeIgniter->createController()
 7 SYSTEMPATH\CodeIgniter.php(361): CodeIgniter\CodeIgniter->handleRequest(null, Object(Config\Cache), false)
 8 FCPATH\index.php(79): CodeIgniter\CodeIgniter->run()
INFO - 2026-02-28 12:24:35 --> Session: Class initialized using 'CodeIgniter\Session\Handlers\FileHandler' driver.
WARNING - 2026-02-28 12:24:35 --> [DEPRECATED] Creation of dynamic property CodeIgniter\HTTP\IncomingRequest::$user is deprecated in APPPATH\Filters\JwtAuthWeb.php on line 32.
 1 SYSTEMPATH\Filters\Filters.php(182): App\Filters\JwtAuthWeb->before(Object(CodeIgniter\HTTP\IncomingRequest), null)
 2 SYSTEMPATH\CodeIgniter.php(475): CodeIgniter\Filters\Filters->run('ltc-view-details/189/2026/2', 'before')
 3 SYSTEMPATH\CodeIgniter.php(361): CodeIgniter\CodeIgniter->handleRequest(null, Object(Config\Cache), false)
 4 FCPATH\index.php(79): CodeIgniter\CodeIgniter->run()
WARNING - 2026-02-28 12:24:35 --> [DEPRECATED] Optional parameter $cg declared before required parameter $hcode is implicitly treated as a required parameter in APPPATH\Models\cgserviceModel.php on line 93.
 1 SYSTEMPATH\Autoloader\Autoloader.php(311): include_once('D:\\xampp6\\htdocs\\project-jwt\\vendor\\codeigniter4\\framework\\system\\Debug\\Exceptions.php')
 2 SYSTEMPATH\Autoloader\Autoloader.php(290): CodeIgniter\Autoloader\Autoloader->includeFile('D:\\xampp6\\htdocs\\project-jwt\\app\\Models\\cgserviceModel.php')
 3 SYSTEMPATH\Autoloader\Autoloader.php(266): CodeIgniter\Autoloader\Autoloader->loadInNamespace('App\\Models\\cgserviceModel')
 4 APPPATH\Controllers\ServiceController.php(21): CodeIgniter\Autoloader\Autoloader->loadClass('App\\Models\\cgserviceModel')
 5 SYSTEMPATH\CodeIgniter.php(915): App\Controllers\ServiceController->__construct()
 6 SYSTEMPATH\CodeIgniter.php(494): CodeIgniter\CodeIgniter->createController()
 7 SYSTEMPATH\CodeIgniter.php(361): CodeIgniter\CodeIgniter->handleRequest(null, Object(Config\Cache), false)
 8 FCPATH\index.php(79): CodeIgniter\CodeIgniter->run()
WARNING - 2026-02-28 12:24:35 --> [DEPRECATED] Creation of dynamic property CodeIgniter\HTTP\IncomingRequest::$user is deprecated in APPPATH\Filters\JwtAuth.php on line 47.
 1 SYSTEMPATH\Filters\Filters.php(182): App\Filters\JwtAuth->before(Object(CodeIgniter\HTTP\IncomingRequest), null)
 2 SYSTEMPATH\CodeIgniter.php(475): CodeIgniter\Filters\Filters->run('api/profile', 'before')
 3 SYSTEMPATH\CodeIgniter.php(361): CodeIgniter\CodeIgniter->handleRequest(null, Object(Config\Cache), false)
 4 FCPATH\index.php(79): CodeIgniter\CodeIgniter->run()
INFO - 2026-02-28 12:24:36 --> Session: Class initialized using 'CodeIgniter\Session\Handlers\FileHandler' driver.
WARNING - 2026-02-28 12:24:36 --> [DEPRECATED] Creation of dynamic property CodeIgniter\HTTP\IncomingRequest::$user is deprecated in APPPATH\Filters\JwtAuthWeb.php on line 32.
 1 SYSTEMPATH\Filters\Filters.php(182): App\Filters\JwtAuthWeb->before(Object(CodeIgniter\HTTP\IncomingRequest), null)
 2 SYSTEMPATH\CodeIgniter.php(475): CodeIgniter\Filters\Filters->run('getCGservice', 'before')
 3 SYSTEMPATH\CodeIgniter.php(361): CodeIgniter\CodeIgniter->handleRequest(null, Object(Config\Cache), false)
 4 FCPATH\index.php(79): CodeIgniter\CodeIgniter->run()
WARNING - 2026-02-28 12:24:36 --> [DEPRECATED] Optional parameter $cg declared before required parameter $hcode is implicitly treated as a required parameter in APPPATH\Models\cgserviceModel.php on line 93.
 1 SYSTEMPATH\Autoloader\Autoloader.php(311): include_once('D:\\xampp6\\htdocs\\project-jwt\\vendor\\codeigniter4\\framework\\system\\Debug\\Exceptions.php')
 2 SYSTEMPATH\Autoloader\Autoloader.php(290): CodeIgniter\Autoloader\Autoloader->includeFile('D:\\xampp6\\htdocs\\project-jwt\\app\\Models\\cgserviceModel.php')
 3 SYSTEMPATH\Autoloader\Autoloader.php(266): CodeIgniter\Autoloader\Autoloader->loadInNamespace('App\\Models\\cgserviceModel')
 4 APPPATH\Controllers\ServiceController.php(21): CodeIgniter\Autoloader\Autoloader->loadClass('App\\Models\\cgserviceModel')
 5 SYSTEMPATH\CodeIgniter.php(915): App\Controllers\ServiceController->__construct()
 6 SYSTEMPATH\CodeIgniter.php(494): CodeIgniter\CodeIgniter->createController()
 7 SYSTEMPATH\CodeIgniter.php(361): CodeIgniter\CodeIgniter->handleRequest(null, Object(Config\Cache), false)
 8 FCPATH\index.php(79): CodeIgniter\CodeIgniter->run()
INFO - 2026-02-28 12:24:40 --> Session: Class initialized using 'CodeIgniter\Session\Handlers\FileHandler' driver.
WARNING - 2026-02-28 12:24:40 --> [DEPRECATED] Creation of dynamic property CodeIgniter\HTTP\IncomingRequest::$user is deprecated in APPPATH\Filters\JwtAuthWeb.php on line 32.
 1 SYSTEMPATH\Filters\Filters.php(182): App\Filters\JwtAuthWeb->before(Object(CodeIgniter\HTTP\IncomingRequest), null)
 2 SYSTEMPATH\CodeIgniter.php(475): CodeIgniter\Filters\Filters->run('printIndivReport/5', 'before')
 3 SYSTEMPATH\CodeIgniter.php(361): CodeIgniter\CodeIgniter->handleRequest(null, Object(Config\Cache), false)
 4 FCPATH\index.php(79): CodeIgniter\CodeIgniter->run()
WARNING - 2026-02-28 12:24:40 --> [DEPRECATED] Optional parameter $cg declared before required parameter $hcode is implicitly treated as a required parameter in APPPATH\Models\cgserviceModel.php on line 93.
 1 SYSTEMPATH\Autoloader\Autoloader.php(311): include_once('D:\\xampp6\\htdocs\\project-jwt\\vendor\\codeigniter4\\framework\\system\\Debug\\Exceptions.php')
 2 SYSTEMPATH\Autoloader\Autoloader.php(290): CodeIgniter\Autoloader\Autoloader->includeFile('D:\\xampp6\\htdocs\\project-jwt\\app\\Models\\cgserviceModel.php')
 3 SYSTEMPATH\Autoloader\Autoloader.php(266): CodeIgniter\Autoloader\Autoloader->loadInNamespace('App\\Models\\cgserviceModel')
 4 APPPATH\Controllers\ServiceController.php(21): CodeIgniter\Autoloader\Autoloader->loadClass('App\\Models\\cgserviceModel')
 5 SYSTEMPATH\CodeIgniter.php(915): App\Controllers\ServiceController->__construct()
 6 SYSTEMPATH\CodeIgniter.php(494): CodeIgniter\CodeIgniter->createController()
 7 SYSTEMPATH\CodeIgniter.php(361): CodeIgniter\CodeIgniter->handleRequest(null, Object(Config\Cache), false)
 8 FCPATH\index.php(79): CodeIgniter\CodeIgniter->run()
INFO - 2026-02-28 12:25:34 --> Session: Class initialized using 'CodeIgniter\Session\Handlers\FileHandler' driver.
WARNING - 2026-02-28 12:25:34 --> [DEPRECATED] Creation of dynamic property CodeIgniter\HTTP\IncomingRequest::$user is deprecated in APPPATH\Filters\JwtAuthWeb.php on line 32.
 1 SYSTEMPATH\Filters\Filters.php(182): App\Filters\JwtAuthWeb->before(Object(CodeIgniter\HTTP\IncomingRequest), null)
 2 SYSTEMPATH\CodeIgniter.php(475): CodeIgniter\Filters\Filters->run('printIndivReport/5', 'before')
 3 SYSTEMPATH\CodeIgniter.php(361): CodeIgniter\CodeIgniter->handleRequest(null, Object(Config\Cache), false)
 4 FCPATH\index.php(79): CodeIgniter\CodeIgniter->run()
WARNING - 2026-02-28 12:25:34 --> [DEPRECATED] Optional parameter $cg declared before required parameter $hcode is implicitly treated as a required parameter in APPPATH\Models\cgserviceModel.php on line 93.
 1 SYSTEMPATH\Autoloader\Autoloader.php(311): include_once('D:\\xampp6\\htdocs\\project-jwt\\vendor\\codeigniter4\\framework\\system\\Debug\\Exceptions.php')
 2 SYSTEMPATH\Autoloader\Autoloader.php(290): CodeIgniter\Autoloader\Autoloader->includeFile('D:\\xampp6\\htdocs\\project-jwt\\app\\Models\\cgserviceModel.php')
 3 SYSTEMPATH\Autoloader\Autoloader.php(266): CodeIgniter\Autoloader\Autoloader->loadInNamespace('App\\Models\\cgserviceModel')
 4 APPPATH\Controllers\ServiceController.php(21): CodeIgniter\Autoloader\Autoloader->loadClass('App\\Models\\cgserviceModel')
 5 SYSTEMPATH\CodeIgniter.php(915): App\Controllers\ServiceController->__construct()
 6 SYSTEMPATH\CodeIgniter.php(494): CodeIgniter\CodeIgniter->createController()
 7 SYSTEMPATH\CodeIgniter.php(361): CodeIgniter\CodeIgniter->handleRequest(null, Object(Config\Cache), false)
 8 FCPATH\index.php(79): CodeIgniter\CodeIgniter->run()
INFO - 2026-02-28 12:25:57 --> Session: Class initialized using 'CodeIgniter\Session\Handlers\FileHandler' driver.
WARNING - 2026-02-28 12:25:57 --> [DEPRECATED] Creation of dynamic property CodeIgniter\HTTP\IncomingRequest::$user is deprecated in APPPATH\Filters\JwtAuthWeb.php on line 32.
 1 SYSTEMPATH\Filters\Filters.php(182): App\Filters\JwtAuthWeb->before(Object(CodeIgniter\HTTP\IncomingRequest), null)
 2 SYSTEMPATH\CodeIgniter.php(475): CodeIgniter\Filters\Filters->run('printIndivReport/5', 'before')
 3 SYSTEMPATH\CodeIgniter.php(361): CodeIgniter\CodeIgniter->handleRequest(null, Object(Config\Cache), false)
 4 FCPATH\index.php(79): CodeIgniter\CodeIgniter->run()
WARNING - 2026-02-28 12:25:57 --> [DEPRECATED] Optional parameter $cg declared before required parameter $hcode is implicitly treated as a required parameter in APPPATH\Models\cgserviceModel.php on line 93.
 1 SYSTEMPATH\Autoloader\Autoloader.php(311): include_once('D:\\xampp6\\htdocs\\project-jwt\\vendor\\codeigniter4\\framework\\system\\Debug\\Exceptions.php')
 2 SYSTEMPATH\Autoloader\Autoloader.php(290): CodeIgniter\Autoloader\Autoloader->includeFile('D:\\xampp6\\htdocs\\project-jwt\\app\\Models\\cgserviceModel.php')
 3 SYSTEMPATH\Autoloader\Autoloader.php(266): CodeIgniter\Autoloader\Autoloader->loadInNamespace('App\\Models\\cgserviceModel')
 4 APPPATH\Controllers\ServiceController.php(21): CodeIgniter\Autoloader\Autoloader->loadClass('App\\Models\\cgserviceModel')
 5 SYSTEMPATH\CodeIgniter.php(915): App\Controllers\ServiceController->__construct()
 6 SYSTEMPATH\CodeIgniter.php(494): CodeIgniter\CodeIgniter->createController()
 7 SYSTEMPATH\CodeIgniter.php(361): CodeIgniter\CodeIgniter->handleRequest(null, Object(Config\Cache), false)
 8 FCPATH\index.php(79): CodeIgniter\CodeIgniter->run()
INFO - 2026-02-28 12:27:13 --> Session: Class initialized using 'CodeIgniter\Session\Handlers\FileHandler' driver.
WARNING - 2026-02-28 12:27:13 --> [DEPRECATED] Creation of dynamic property CodeIgniter\HTTP\IncomingRequest::$user is deprecated in APPPATH\Filters\JwtAuthWeb.php on line 32.
 1 SYSTEMPATH\Filters\Filters.php(182): App\Filters\JwtAuthWeb->before(Object(CodeIgniter\HTTP\IncomingRequest), null)
 2 SYSTEMPATH\CodeIgniter.php(475): CodeIgniter\Filters\Filters->run('printIndivReport/5', 'before')
 3 SYSTEMPATH\CodeIgniter.php(361): CodeIgniter\CodeIgniter->handleRequest(null, Object(Config\Cache), false)
 4 FCPATH\index.php(79): CodeIgniter\CodeIgniter->run()
WARNING - 2026-02-28 12:27:13 --> [DEPRECATED] Optional parameter $cg declared before required parameter $hcode is implicitly treated as a required parameter in APPPATH\Models\cgserviceModel.php on line 93.
 1 SYSTEMPATH\Autoloader\Autoloader.php(311): include_once('D:\\xampp6\\htdocs\\project-jwt\\vendor\\codeigniter4\\framework\\system\\Debug\\Exceptions.php')
 2 SYSTEMPATH\Autoloader\Autoloader.php(290): CodeIgniter\Autoloader\Autoloader->includeFile('D:\\xampp6\\htdocs\\project-jwt\\app\\Models\\cgserviceModel.php')
 3 SYSTEMPATH\Autoloader\Autoloader.php(266): CodeIgniter\Autoloader\Autoloader->loadInNamespace('App\\Models\\cgserviceModel')
 4 APPPATH\Controllers\ServiceController.php(21): CodeIgniter\Autoloader\Autoloader->loadClass('App\\Models\\cgserviceModel')
 5 SYSTEMPATH\CodeIgniter.php(915): App\Controllers\ServiceController->__construct()
 6 SYSTEMPATH\CodeIgniter.php(494): CodeIgniter\CodeIgniter->createController()
 7 SYSTEMPATH\CodeIgniter.php(361): CodeIgniter\CodeIgniter->handleRequest(null, Object(Config\Cache), false)
 8 FCPATH\index.php(79): CodeIgniter\CodeIgniter->run()
INFO - 2026-02-28 12:27:30 --> Session: Class initialized using 'CodeIgniter\Session\Handlers\FileHandler' driver.
WARNING - 2026-02-28 12:27:30 --> [DEPRECATED] Creation of dynamic property CodeIgniter\HTTP\IncomingRequest::$user is deprecated in APPPATH\Filters\JwtAuthWeb.php on line 32.
 1 SYSTEMPATH\Filters\Filters.php(182): App\Filters\JwtAuthWeb->before(Object(CodeIgniter\HTTP\IncomingRequest), null)
 2 SYSTEMPATH\CodeIgniter.php(475): CodeIgniter\Filters\Filters->run('printIndivReport/5', 'before')
 3 SYSTEMPATH\CodeIgniter.php(361): CodeIgniter\CodeIgniter->handleRequest(null, Object(Config\Cache), false)
 4 FCPATH\index.php(79): CodeIgniter\CodeIgniter->run()
WARNING - 2026-02-28 12:27:30 --> [DEPRECATED] Optional parameter $cg declared before required parameter $hcode is implicitly treated as a required parameter in APPPATH\Models\cgserviceModel.php on line 93.
 1 SYSTEMPATH\Autoloader\Autoloader.php(311): include_once('D:\\xampp6\\htdocs\\project-jwt\\vendor\\codeigniter4\\framework\\system\\Debug\\Exceptions.php')
 2 SYSTEMPATH\Autoloader\Autoloader.php(290): CodeIgniter\Autoloader\Autoloader->includeFile('D:\\xampp6\\htdocs\\project-jwt\\app\\Models\\cgserviceModel.php')
 3 SYSTEMPATH\Autoloader\Autoloader.php(266): CodeIgniter\Autoloader\Autoloader->loadInNamespace('App\\Models\\cgserviceModel')
 4 APPPATH\Controllers\ServiceController.php(21): CodeIgniter\Autoloader\Autoloader->loadClass('App\\Models\\cgserviceModel')
 5 SYSTEMPATH\CodeIgniter.php(915): App\Controllers\ServiceController->__construct()
 6 SYSTEMPATH\CodeIgniter.php(494): CodeIgniter\CodeIgniter->createController()
 7 SYSTEMPATH\CodeIgniter.php(361): CodeIgniter\CodeIgniter->handleRequest(null, Object(Config\Cache), false)
 8 FCPATH\index.php(79): CodeIgniter\CodeIgniter->run()
INFO - 2026-02-28 12:28:25 --> Session: Class initialized using 'CodeIgniter\Session\Handlers\FileHandler' driver.
WARNING - 2026-02-28 12:28:25 --> [DEPRECATED] Creation of dynamic property CodeIgniter\HTTP\IncomingRequest::$user is deprecated in APPPATH\Filters\JwtAuthWeb.php on line 32.
 1 SYSTEMPATH\Filters\Filters.php(182): App\Filters\JwtAuthWeb->before(Object(CodeIgniter\HTTP\IncomingRequest), null)
 2 SYSTEMPATH\CodeIgniter.php(475): CodeIgniter\Filters\Filters->run('printIndivReport/5', 'before')
 3 SYSTEMPATH\CodeIgniter.php(361): CodeIgniter\CodeIgniter->handleRequest(null, Object(Config\Cache), false)
 4 FCPATH\index.php(79): CodeIgniter\CodeIgniter->run()
WARNING - 2026-02-28 12:28:25 --> [DEPRECATED] Optional parameter $cg declared before required parameter $hcode is implicitly treated as a required parameter in APPPATH\Models\cgserviceModel.php on line 93.
 1 SYSTEMPATH\Autoloader\Autoloader.php(311): include_once('D:\\xampp6\\htdocs\\project-jwt\\vendor\\codeigniter4\\framework\\system\\Debug\\Exceptions.php')
 2 SYSTEMPATH\Autoloader\Autoloader.php(290): CodeIgniter\Autoloader\Autoloader->includeFile('D:\\xampp6\\htdocs\\project-jwt\\app\\Models\\cgserviceModel.php')
 3 SYSTEMPATH\Autoloader\Autoloader.php(266): CodeIgniter\Autoloader\Autoloader->loadInNamespace('App\\Models\\cgserviceModel')
 4 APPPATH\Controllers\ServiceController.php(21): CodeIgniter\Autoloader\Autoloader->loadClass('App\\Models\\cgserviceModel')
 5 SYSTEMPATH\CodeIgniter.php(915): App\Controllers\ServiceController->__construct()
 6 SYSTEMPATH\CodeIgniter.php(494): CodeIgniter\CodeIgniter->createController()
 7 SYSTEMPATH\CodeIgniter.php(361): CodeIgniter\CodeIgniter->handleRequest(null, Object(Config\Cache), false)
 8 FCPATH\index.php(79): CodeIgniter\CodeIgniter->run()
INFO - 2026-02-28 12:28:52 --> Session: Class initialized using 'CodeIgniter\Session\Handlers\FileHandler' driver.
WARNING - 2026-02-28 12:28:52 --> [DEPRECATED] Creation of dynamic property CodeIgniter\HTTP\IncomingRequest::$user is deprecated in APPPATH\Filters\JwtAuthWeb.php on line 32.
 1 SYSTEMPATH\Filters\Filters.php(182): App\Filters\JwtAuthWeb->before(Object(CodeIgniter\HTTP\IncomingRequest), null)
 2 SYSTEMPATH\CodeIgniter.php(475): CodeIgniter\Filters\Filters->run('printIndivReport/5', 'before')
 3 SYSTEMPATH\CodeIgniter.php(361): CodeIgniter\CodeIgniter->handleRequest(null, Object(Config\Cache), false)
 4 FCPATH\index.php(79): CodeIgniter\CodeIgniter->run()
WARNING - 2026-02-28 12:28:52 --> [DEPRECATED] Optional parameter $cg declared before required parameter $hcode is implicitly treated as a required parameter in APPPATH\Models\cgserviceModel.php on line 93.
 1 SYSTEMPATH\Autoloader\Autoloader.php(311): include_once('D:\\xampp6\\htdocs\\project-jwt\\vendor\\codeigniter4\\framework\\system\\Debug\\Exceptions.php')
 2 SYSTEMPATH\Autoloader\Autoloader.php(290): CodeIgniter\Autoloader\Autoloader->includeFile('D:\\xampp6\\htdocs\\project-jwt\\app\\Models\\cgserviceModel.php')
 3 SYSTEMPATH\Autoloader\Autoloader.php(266): CodeIgniter\Autoloader\Autoloader->loadInNamespace('App\\Models\\cgserviceModel')
 4 APPPATH\Controllers\ServiceController.php(21): CodeIgniter\Autoloader\Autoloader->loadClass('App\\Models\\cgserviceModel')
 5 SYSTEMPATH\CodeIgniter.php(915): App\Controllers\ServiceController->__construct()
 6 SYSTEMPATH\CodeIgniter.php(494): CodeIgniter\CodeIgniter->createController()
 7 SYSTEMPATH\CodeIgniter.php(361): CodeIgniter\CodeIgniter->handleRequest(null, Object(Config\Cache), false)
 8 FCPATH\index.php(79): CodeIgniter\CodeIgniter->run()
INFO - 2026-02-28 12:29:27 --> Session: Class initialized using 'CodeIgniter\Session\Handlers\FileHandler' driver.
WARNING - 2026-02-28 12:29:27 --> [DEPRECATED] Creation of dynamic property CodeIgniter\HTTP\IncomingRequest::$user is deprecated in APPPATH\Filters\JwtAuthWeb.php on line 32.
 1 SYSTEMPATH\Filters\Filters.php(182): App\Filters\JwtAuthWeb->before(Object(CodeIgniter\HTTP\IncomingRequest), null)
 2 SYSTEMPATH\CodeIgniter.php(475): CodeIgniter\Filters\Filters->run('printIndivReport/5', 'before')
 3 SYSTEMPATH\CodeIgniter.php(361): CodeIgniter\CodeIgniter->handleRequest(null, Object(Config\Cache), false)
 4 FCPATH\index.php(79): CodeIgniter\CodeIgniter->run()
WARNING - 2026-02-28 12:29:27 --> [DEPRECATED] Optional parameter $cg declared before required parameter $hcode is implicitly treated as a required parameter in APPPATH\Models\cgserviceModel.php on line 93.
 1 SYSTEMPATH\Autoloader\Autoloader.php(311): include_once('D:\\xampp6\\htdocs\\project-jwt\\vendor\\codeigniter4\\framework\\system\\Debug\\Exceptions.php')
 2 SYSTEMPATH\Autoloader\Autoloader.php(290): CodeIgniter\Autoloader\Autoloader->includeFile('D:\\xampp6\\htdocs\\project-jwt\\app\\Models\\cgserviceModel.php')
 3 SYSTEMPATH\Autoloader\Autoloader.php(266): CodeIgniter\Autoloader\Autoloader->loadInNamespace('App\\Models\\cgserviceModel')
 4 APPPATH\Controllers\ServiceController.php(21): CodeIgniter\Autoloader\Autoloader->loadClass('App\\Models\\cgserviceModel')
 5 SYSTEMPATH\CodeIgniter.php(915): App\Controllers\ServiceController->__construct()
 6 SYSTEMPATH\CodeIgniter.php(494): CodeIgniter\CodeIgniter->createController()
 7 SYSTEMPATH\CodeIgniter.php(361): CodeIgniter\CodeIgniter->handleRequest(null, Object(Config\Cache), false)
 8 FCPATH\index.php(79): CodeIgniter\CodeIgniter->run()
INFO - 2026-02-28 12:30:01 --> Session: Class initialized using 'CodeIgniter\Session\Handlers\FileHandler' driver.
WARNING - 2026-02-28 12:30:01 --> [DEPRECATED] Creation of dynamic property CodeIgniter\HTTP\IncomingRequest::$user is deprecated in APPPATH\Filters\JwtAuthWeb.php on line 32.
 1 SYSTEMPATH\Filters\Filters.php(182): App\Filters\JwtAuthWeb->before(Object(CodeIgniter\HTTP\IncomingRequest), null)
 2 SYSTEMPATH\CodeIgniter.php(475): CodeIgniter\Filters\Filters->run('printIndivReport/5', 'before')
 3 SYSTEMPATH\CodeIgniter.php(361): CodeIgniter\CodeIgniter->handleRequest(null, Object(Config\Cache), false)
 4 FCPATH\index.php(79): CodeIgniter\CodeIgniter->run()
WARNING - 2026-02-28 12:30:01 --> [DEPRECATED] Optional parameter $cg declared before required parameter $hcode is implicitly treated as a required parameter in APPPATH\Models\cgserviceModel.php on line 93.
 1 SYSTEMPATH\Autoloader\Autoloader.php(311): include_once('D:\\xampp6\\htdocs\\project-jwt\\vendor\\codeigniter4\\framework\\system\\Debug\\Exceptions.php')
 2 SYSTEMPATH\Autoloader\Autoloader.php(290): CodeIgniter\Autoloader\Autoloader->includeFile('D:\\xampp6\\htdocs\\project-jwt\\app\\Models\\cgserviceModel.php')
 3 SYSTEMPATH\Autoloader\Autoloader.php(266): CodeIgniter\Autoloader\Autoloader->loadInNamespace('App\\Models\\cgserviceModel')
 4 APPPATH\Controllers\ServiceController.php(21): CodeIgniter\Autoloader\Autoloader->loadClass('App\\Models\\cgserviceModel')
 5 SYSTEMPATH\CodeIgniter.php(915): App\Controllers\ServiceController->__construct()
 6 SYSTEMPATH\CodeIgniter.php(494): CodeIgniter\CodeIgniter->createController()
 7 SYSTEMPATH\CodeIgniter.php(361): CodeIgniter\CodeIgniter->handleRequest(null, Object(Config\Cache), false)
 8 FCPATH\index.php(79): CodeIgniter\CodeIgniter->run()
INFO - 2026-02-28 12:30:13 --> Session: Class initialized using 'CodeIgniter\Session\Handlers\FileHandler' driver.
WARNING - 2026-02-28 12:30:13 --> [DEPRECATED] Creation of dynamic property CodeIgniter\HTTP\IncomingRequest::$user is deprecated in APPPATH\Filters\JwtAuthWeb.php on line 32.
 1 SYSTEMPATH\Filters\Filters.php(182): App\Filters\JwtAuthWeb->before(Object(CodeIgniter\HTTP\IncomingRequest), null)
 2 SYSTEMPATH\CodeIgniter.php(475): CodeIgniter\Filters\Filters->run('printIndivReport/5', 'before')
 3 SYSTEMPATH\CodeIgniter.php(361): CodeIgniter\CodeIgniter->handleRequest(null, Object(Config\Cache), false)
 4 FCPATH\index.php(79): CodeIgniter\CodeIgniter->run()
WARNING - 2026-02-28 12:30:13 --> [DEPRECATED] Optional parameter $cg declared before required parameter $hcode is implicitly treated as a required parameter in APPPATH\Models\cgserviceModel.php on line 93.
 1 SYSTEMPATH\Autoloader\Autoloader.php(311): include_once('D:\\xampp6\\htdocs\\project-jwt\\vendor\\codeigniter4\\framework\\system\\Debug\\Exceptions.php')
 2 SYSTEMPATH\Autoloader\Autoloader.php(290): CodeIgniter\Autoloader\Autoloader->includeFile('D:\\xampp6\\htdocs\\project-jwt\\app\\Models\\cgserviceModel.php')
 3 SYSTEMPATH\Autoloader\Autoloader.php(266): CodeIgniter\Autoloader\Autoloader->loadInNamespace('App\\Models\\cgserviceModel')
 4 APPPATH\Controllers\ServiceController.php(21): CodeIgniter\Autoloader\Autoloader->loadClass('App\\Models\\cgserviceModel')
 5 SYSTEMPATH\CodeIgniter.php(915): App\Controllers\ServiceController->__construct()
 6 SYSTEMPATH\CodeIgniter.php(494): CodeIgniter\CodeIgniter->createController()
 7 SYSTEMPATH\CodeIgniter.php(361): CodeIgniter\CodeIgniter->handleRequest(null, Object(Config\Cache), false)
 8 FCPATH\index.php(79): CodeIgniter\CodeIgniter->run()
INFO - 2026-02-28 12:31:13 --> Session: Class initialized using 'CodeIgniter\Session\Handlers\FileHandler' driver.
WARNING - 2026-02-28 12:31:13 --> [DEPRECATED] Creation of dynamic property CodeIgniter\HTTP\IncomingRequest::$user is deprecated in APPPATH\Filters\JwtAuthWeb.php on line 32.
 1 SYSTEMPATH\Filters\Filters.php(182): App\Filters\JwtAuthWeb->before(Object(CodeIgniter\HTTP\IncomingRequest), null)
 2 SYSTEMPATH\CodeIgniter.php(475): CodeIgniter\Filters\Filters->run('printIndivReport/5', 'before')
 3 SYSTEMPATH\CodeIgniter.php(361): CodeIgniter\CodeIgniter->handleRequest(null, Object(Config\Cache), false)
 4 FCPATH\index.php(79): CodeIgniter\CodeIgniter->run()
WARNING - 2026-02-28 12:31:13 --> [DEPRECATED] Optional parameter $cg declared before required parameter $hcode is implicitly treated as a required parameter in APPPATH\Models\cgserviceModel.php on line 93.
 1 SYSTEMPATH\Autoloader\Autoloader.php(311): include_once('D:\\xampp6\\htdocs\\project-jwt\\vendor\\codeigniter4\\framework\\system\\Debug\\Exceptions.php')
 2 SYSTEMPATH\Autoloader\Autoloader.php(290): CodeIgniter\Autoloader\Autoloader->includeFile('D:\\xampp6\\htdocs\\project-jwt\\app\\Models\\cgserviceModel.php')
 3 SYSTEMPATH\Autoloader\Autoloader.php(266): CodeIgniter\Autoloader\Autoloader->loadInNamespace('App\\Models\\cgserviceModel')
 4 APPPATH\Controllers\ServiceController.php(21): CodeIgniter\Autoloader\Autoloader->loadClass('App\\Models\\cgserviceModel')
 5 SYSTEMPATH\CodeIgniter.php(915): App\Controllers\ServiceController->__construct()
 6 SYSTEMPATH\CodeIgniter.php(494): CodeIgniter\CodeIgniter->createController()
 7 SYSTEMPATH\CodeIgniter.php(361): CodeIgniter\CodeIgniter->handleRequest(null, Object(Config\Cache), false)
 8 FCPATH\index.php(79): CodeIgniter\CodeIgniter->run()
INFO - 2026-02-28 12:32:14 --> Session: Class initialized using 'CodeIgniter\Session\Handlers\FileHandler' driver.
WARNING - 2026-02-28 12:32:14 --> [DEPRECATED] Creation of dynamic property CodeIgniter\HTTP\IncomingRequest::$user is deprecated in APPPATH\Filters\JwtAuthWeb.php on line 32.
 1 SYSTEMPATH\Filters\Filters.php(182): App\Filters\JwtAuthWeb->before(Object(CodeIgniter\HTTP\IncomingRequest), null)
 2 SYSTEMPATH\CodeIgniter.php(475): CodeIgniter\Filters\Filters->run('printIndivReport/5', 'before')
 3 SYSTEMPATH\CodeIgniter.php(361): CodeIgniter\CodeIgniter->handleRequest(null, Object(Config\Cache), false)
 4 FCPATH\index.php(79): CodeIgniter\CodeIgniter->run()
WARNING - 2026-02-28 12:32:14 --> [DEPRECATED] Optional parameter $cg declared before required parameter $hcode is implicitly treated as a required parameter in APPPATH\Models\cgserviceModel.php on line 93.
 1 SYSTEMPATH\Autoloader\Autoloader.php(311): include_once('D:\\xampp6\\htdocs\\project-jwt\\vendor\\codeigniter4\\framework\\system\\Debug\\Exceptions.php')
 2 SYSTEMPATH\Autoloader\Autoloader.php(290): CodeIgniter\Autoloader\Autoloader->includeFile('D:\\xampp6\\htdocs\\project-jwt\\app\\Models\\cgserviceModel.php')
 3 SYSTEMPATH\Autoloader\Autoloader.php(266): CodeIgniter\Autoloader\Autoloader->loadInNamespace('App\\Models\\cgserviceModel')
 4 APPPATH\Controllers\ServiceController.php(21): CodeIgniter\Autoloader\Autoloader->loadClass('App\\Models\\cgserviceModel')
 5 SYSTEMPATH\CodeIgniter.php(915): App\Controllers\ServiceController->__construct()
 6 SYSTEMPATH\CodeIgniter.php(494): CodeIgniter\CodeIgniter->createController()
 7 SYSTEMPATH\CodeIgniter.php(361): CodeIgniter\CodeIgniter->handleRequest(null, Object(Config\Cache), false)
 8 FCPATH\index.php(79): CodeIgniter\CodeIgniter->run()
INFO - 2026-02-28 12:32:52 --> Session: Class initialized using 'CodeIgniter\Session\Handlers\FileHandler' driver.
WARNING - 2026-02-28 12:32:52 --> [DEPRECATED] Creation of dynamic property CodeIgniter\HTTP\IncomingRequest::$user is deprecated in APPPATH\Filters\JwtAuthWeb.php on line 32.
 1 SYSTEMPATH\Filters\Filters.php(182): App\Filters\JwtAuthWeb->before(Object(CodeIgniter\HTTP\IncomingRequest), null)
 2 SYSTEMPATH\CodeIgniter.php(475): CodeIgniter\Filters\Filters->run('printIndivReport/5', 'before')
 3 SYSTEMPATH\CodeIgniter.php(361): CodeIgniter\CodeIgniter->handleRequest(null, Object(Config\Cache), false)
 4 FCPATH\index.php(79): CodeIgniter\CodeIgniter->run()
WARNING - 2026-02-28 12:32:52 --> [DEPRECATED] Optional parameter $cg declared before required parameter $hcode is implicitly treated as a required parameter in APPPATH\Models\cgserviceModel.php on line 93.
 1 SYSTEMPATH\Autoloader\Autoloader.php(311): include_once('D:\\xampp6\\htdocs\\project-jwt\\vendor\\codeigniter4\\framework\\system\\Debug\\Exceptions.php')
 2 SYSTEMPATH\Autoloader\Autoloader.php(290): CodeIgniter\Autoloader\Autoloader->includeFile('D:\\xampp6\\htdocs\\project-jwt\\app\\Models\\cgserviceModel.php')
 3 SYSTEMPATH\Autoloader\Autoloader.php(266): CodeIgniter\Autoloader\Autoloader->loadInNamespace('App\\Models\\cgserviceModel')
 4 APPPATH\Controllers\ServiceController.php(21): CodeIgniter\Autoloader\Autoloader->loadClass('App\\Models\\cgserviceModel')
 5 SYSTEMPATH\CodeIgniter.php(915): App\Controllers\ServiceController->__construct()
 6 SYSTEMPATH\CodeIgniter.php(494): CodeIgniter\CodeIgniter->createController()
 7 SYSTEMPATH\CodeIgniter.php(361): CodeIgniter\CodeIgniter->handleRequest(null, Object(Config\Cache), false)
 8 FCPATH\index.php(79): CodeIgniter\CodeIgniter->run()
INFO - 2026-02-28 12:33:22 --> Session: Class initialized using 'CodeIgniter\Session\Handlers\FileHandler' driver.
WARNING - 2026-02-28 12:33:22 --> [DEPRECATED] Creation of dynamic property CodeIgniter\HTTP\IncomingRequest::$user is deprecated in APPPATH\Filters\JwtAuthWeb.php on line 32.
 1 SYSTEMPATH\Filters\Filters.php(182): App\Filters\JwtAuthWeb->before(Object(CodeIgniter\HTTP\IncomingRequest), null)
 2 SYSTEMPATH\CodeIgniter.php(475): CodeIgniter\Filters\Filters->run('printIndivReport/5', 'before')
 3 SYSTEMPATH\CodeIgniter.php(361): CodeIgniter\CodeIgniter->handleRequest(null, Object(Config\Cache), false)
 4 FCPATH\index.php(79): CodeIgniter\CodeIgniter->run()
WARNING - 2026-02-28 12:33:22 --> [DEPRECATED] Optional parameter $cg declared before required parameter $hcode is implicitly treated as a required parameter in APPPATH\Models\cgserviceModel.php on line 93.
 1 SYSTEMPATH\Autoloader\Autoloader.php(311): include_once('D:\\xampp6\\htdocs\\project-jwt\\vendor\\codeigniter4\\framework\\system\\Debug\\Exceptions.php')
 2 SYSTEMPATH\Autoloader\Autoloader.php(290): CodeIgniter\Autoloader\Autoloader->includeFile('D:\\xampp6\\htdocs\\project-jwt\\app\\Models\\cgserviceModel.php')
 3 SYSTEMPATH\Autoloader\Autoloader.php(266): CodeIgniter\Autoloader\Autoloader->loadInNamespace('App\\Models\\cgserviceModel')
 4 APPPATH\Controllers\ServiceController.php(21): CodeIgniter\Autoloader\Autoloader->loadClass('App\\Models\\cgserviceModel')
 5 SYSTEMPATH\CodeIgniter.php(915): App\Controllers\ServiceController->__construct()
 6 SYSTEMPATH\CodeIgniter.php(494): CodeIgniter\CodeIgniter->createController()
 7 SYSTEMPATH\CodeIgniter.php(361): CodeIgniter\CodeIgniter->handleRequest(null, Object(Config\Cache), false)
 8 FCPATH\index.php(79): CodeIgniter\CodeIgniter->run()
INFO - 2026-02-28 12:33:40 --> Session: Class initialized using 'CodeIgniter\Session\Handlers\FileHandler' driver.
WARNING - 2026-02-28 12:33:40 --> [DEPRECATED] Creation of dynamic property CodeIgniter\HTTP\IncomingRequest::$user is deprecated in APPPATH\Filters\JwtAuthWeb.php on line 32.
 1 SYSTEMPATH\Filters\Filters.php(182): App\Filters\JwtAuthWeb->before(Object(CodeIgniter\HTTP\IncomingRequest), null)
 2 SYSTEMPATH\CodeIgniter.php(475): CodeIgniter\Filters\Filters->run('printIndivReport/5', 'before')
 3 SYSTEMPATH\CodeIgniter.php(361): CodeIgniter\CodeIgniter->handleRequest(null, Object(Config\Cache), false)
 4 FCPATH\index.php(79): CodeIgniter\CodeIgniter->run()
WARNING - 2026-02-28 12:33:40 --> [DEPRECATED] Optional parameter $cg declared before required parameter $hcode is implicitly treated as a required parameter in APPPATH\Models\cgserviceModel.php on line 93.
 1 SYSTEMPATH\Autoloader\Autoloader.php(311): include_once('D:\\xampp6\\htdocs\\project-jwt\\vendor\\codeigniter4\\framework\\system\\Debug\\Exceptions.php')
 2 SYSTEMPATH\Autoloader\Autoloader.php(290): CodeIgniter\Autoloader\Autoloader->includeFile('D:\\xampp6\\htdocs\\project-jwt\\app\\Models\\cgserviceModel.php')
 3 SYSTEMPATH\Autoloader\Autoloader.php(266): CodeIgniter\Autoloader\Autoloader->loadInNamespace('App\\Models\\cgserviceModel')
 4 APPPATH\Controllers\ServiceController.php(21): CodeIgniter\Autoloader\Autoloader->loadClass('App\\Models\\cgserviceModel')
 5 SYSTEMPATH\CodeIgniter.php(915): App\Controllers\ServiceController->__construct()
 6 SYSTEMPATH\CodeIgniter.php(494): CodeIgniter\CodeIgniter->createController()
 7 SYSTEMPATH\CodeIgniter.php(361): CodeIgniter\CodeIgniter->handleRequest(null, Object(Config\Cache), false)
 8 FCPATH\index.php(79): CodeIgniter\CodeIgniter->run()
INFO - 2026-02-28 12:35:36 --> Session: Class initialized using 'CodeIgniter\Session\Handlers\FileHandler' driver.
WARNING - 2026-02-28 12:35:36 --> [DEPRECATED] Creation of dynamic property CodeIgniter\HTTP\IncomingRequest::$user is deprecated in APPPATH\Filters\JwtAuthWeb.php on line 32.
 1 SYSTEMPATH\Filters\Filters.php(182): App\Filters\JwtAuthWeb->before(Object(CodeIgniter\HTTP\IncomingRequest), null)
 2 SYSTEMPATH\CodeIgniter.php(475): CodeIgniter\Filters\Filters->run('printIndivReport/5', 'before')
 3 SYSTEMPATH\CodeIgniter.php(361): CodeIgniter\CodeIgniter->handleRequest(null, Object(Config\Cache), false)
 4 FCPATH\index.php(79): CodeIgniter\CodeIgniter->run()
WARNING - 2026-02-28 12:35:36 --> [DEPRECATED] Optional parameter $cg declared before required parameter $hcode is implicitly treated as a required parameter in APPPATH\Models\cgserviceModel.php on line 93.
 1 SYSTEMPATH\Autoloader\Autoloader.php(311): include_once('D:\\xampp6\\htdocs\\project-jwt\\vendor\\codeigniter4\\framework\\system\\Debug\\Exceptions.php')
 2 SYSTEMPATH\Autoloader\Autoloader.php(290): CodeIgniter\Autoloader\Autoloader->includeFile('D:\\xampp6\\htdocs\\project-jwt\\app\\Models\\cgserviceModel.php')
 3 SYSTEMPATH\Autoloader\Autoloader.php(266): CodeIgniter\Autoloader\Autoloader->loadInNamespace('App\\Models\\cgserviceModel')
 4 APPPATH\Controllers\ServiceController.php(21): CodeIgniter\Autoloader\Autoloader->loadClass('App\\Models\\cgserviceModel')
 5 SYSTEMPATH\CodeIgniter.php(915): App\Controllers\ServiceController->__construct()
 6 SYSTEMPATH\CodeIgniter.php(494): CodeIgniter\CodeIgniter->createController()
 7 SYSTEMPATH\CodeIgniter.php(361): CodeIgniter\CodeIgniter->handleRequest(null, Object(Config\Cache), false)
 8 FCPATH\index.php(79): CodeIgniter\CodeIgniter->run()
INFO - 2026-02-28 12:36:30 --> Session: Class initialized using 'CodeIgniter\Session\Handlers\FileHandler' driver.
WARNING - 2026-02-28 12:36:30 --> [DEPRECATED] Creation of dynamic property CodeIgniter\HTTP\IncomingRequest::$user is deprecated in APPPATH\Filters\JwtAuthWeb.php on line 32.
 1 SYSTEMPATH\Filters\Filters.php(182): App\Filters\JwtAuthWeb->before(Object(CodeIgniter\HTTP\IncomingRequest), null)
 2 SYSTEMPATH\CodeIgniter.php(475): CodeIgniter\Filters\Filters->run('printIndivReport/5', 'before')
 3 SYSTEMPATH\CodeIgniter.php(361): CodeIgniter\CodeIgniter->handleRequest(null, Object(Config\Cache), false)
 4 FCPATH\index.php(79): CodeIgniter\CodeIgniter->run()
WARNING - 2026-02-28 12:36:30 --> [DEPRECATED] Optional parameter $cg declared before required parameter $hcode is implicitly treated as a required parameter in APPPATH\Models\cgserviceModel.php on line 93.
 1 SYSTEMPATH\Autoloader\Autoloader.php(311): include_once('D:\\xampp6\\htdocs\\project-jwt\\vendor\\codeigniter4\\framework\\system\\Debug\\Exceptions.php')
 2 SYSTEMPATH\Autoloader\Autoloader.php(290): CodeIgniter\Autoloader\Autoloader->includeFile('D:\\xampp6\\htdocs\\project-jwt\\app\\Models\\cgserviceModel.php')
 3 SYSTEMPATH\Autoloader\Autoloader.php(266): CodeIgniter\Autoloader\Autoloader->loadInNamespace('App\\Models\\cgserviceModel')
 4 APPPATH\Controllers\ServiceController.php(21): CodeIgniter\Autoloader\Autoloader->loadClass('App\\Models\\cgserviceModel')
 5 SYSTEMPATH\CodeIgniter.php(915): App\Controllers\ServiceController->__construct()
 6 SYSTEMPATH\CodeIgniter.php(494): CodeIgniter\CodeIgniter->createController()
 7 SYSTEMPATH\CodeIgniter.php(361): CodeIgniter\CodeIgniter->handleRequest(null, Object(Config\Cache), false)
 8 FCPATH\index.php(79): CodeIgniter\CodeIgniter->run()
INFO - 2026-02-28 12:37:32 --> Session: Class initialized using 'CodeIgniter\Session\Handlers\FileHandler' driver.
WARNING - 2026-02-28 12:37:32 --> [DEPRECATED] Creation of dynamic property CodeIgniter\HTTP\IncomingRequest::$user is deprecated in APPPATH\Filters\JwtAuthWeb.php on line 32.
 1 SYSTEMPATH\Filters\Filters.php(182): App\Filters\JwtAuthWeb->before(Object(CodeIgniter\HTTP\IncomingRequest), null)
 2 SYSTEMPATH\CodeIgniter.php(475): CodeIgniter\Filters\Filters->run('printIndivReport/5', 'before')
 3 SYSTEMPATH\CodeIgniter.php(361): CodeIgniter\CodeIgniter->handleRequest(null, Object(Config\Cache), false)
 4 FCPATH\index.php(79): CodeIgniter\CodeIgniter->run()
WARNING - 2026-02-28 12:37:32 --> [DEPRECATED] Optional parameter $cg declared before required parameter $hcode is implicitly treated as a required parameter in APPPATH\Models\cgserviceModel.php on line 93.
 1 SYSTEMPATH\Autoloader\Autoloader.php(311): include_once('D:\\xampp6\\htdocs\\project-jwt\\vendor\\codeigniter4\\framework\\system\\Debug\\Exceptions.php')
 2 SYSTEMPATH\Autoloader\Autoloader.php(290): CodeIgniter\Autoloader\Autoloader->includeFile('D:\\xampp6\\htdocs\\project-jwt\\app\\Models\\cgserviceModel.php')
 3 SYSTEMPATH\Autoloader\Autoloader.php(266): CodeIgniter\Autoloader\Autoloader->loadInNamespace('App\\Models\\cgserviceModel')
 4 APPPATH\Controllers\ServiceController.php(21): CodeIgniter\Autoloader\Autoloader->loadClass('App\\Models\\cgserviceModel')
 5 SYSTEMPATH\CodeIgniter.php(915): App\Controllers\ServiceController->__construct()
 6 SYSTEMPATH\CodeIgniter.php(494): CodeIgniter\CodeIgniter->createController()
 7 SYSTEMPATH\CodeIgniter.php(361): CodeIgniter\CodeIgniter->handleRequest(null, Object(Config\Cache), false)
 8 FCPATH\index.php(79): CodeIgniter\CodeIgniter->run()
INFO - 2026-02-28 12:39:33 --> Session: Class initialized using 'CodeIgniter\Session\Handlers\FileHandler' driver.
WARNING - 2026-02-28 12:39:33 --> [DEPRECATED] Creation of dynamic property CodeIgniter\HTTP\IncomingRequest::$user is deprecated in APPPATH\Filters\JwtAuthWeb.php on line 32.
 1 SYSTEMPATH\Filters\Filters.php(182): App\Filters\JwtAuthWeb->before(Object(CodeIgniter\HTTP\IncomingRequest), null)
 2 SYSTEMPATH\CodeIgniter.php(475): CodeIgniter\Filters\Filters->run('printIndivReport/5', 'before')
 3 SYSTEMPATH\CodeIgniter.php(361): CodeIgniter\CodeIgniter->handleRequest(null, Object(Config\Cache), false)
 4 FCPATH\index.php(79): CodeIgniter\CodeIgniter->run()
WARNING - 2026-02-28 12:39:33 --> [DEPRECATED] Optional parameter $cg declared before required parameter $hcode is implicitly treated as a required parameter in APPPATH\Models\cgserviceModel.php on line 93.
 1 SYSTEMPATH\Autoloader\Autoloader.php(311): include_once('D:\\xampp6\\htdocs\\project-jwt\\vendor\\codeigniter4\\framework\\system\\Debug\\Exceptions.php')
 2 SYSTEMPATH\Autoloader\Autoloader.php(290): CodeIgniter\Autoloader\Autoloader->includeFile('D:\\xampp6\\htdocs\\project-jwt\\app\\Models\\cgserviceModel.php')
 3 SYSTEMPATH\Autoloader\Autoloader.php(266): CodeIgniter\Autoloader\Autoloader->loadInNamespace('App\\Models\\cgserviceModel')
 4 APPPATH\Controllers\ServiceController.php(21): CodeIgniter\Autoloader\Autoloader->loadClass('App\\Models\\cgserviceModel')
 5 SYSTEMPATH\CodeIgniter.php(915): App\Controllers\ServiceController->__construct()
 6 SYSTEMPATH\CodeIgniter.php(494): CodeIgniter\CodeIgniter->createController()
 7 SYSTEMPATH\CodeIgniter.php(361): CodeIgniter\CodeIgniter->handleRequest(null, Object(Config\Cache), false)
 8 FCPATH\index.php(79): CodeIgniter\CodeIgniter->run()
INFO - 2026-02-28 12:39:49 --> Session: Class initialized using 'CodeIgniter\Session\Handlers\FileHandler' driver.
WARNING - 2026-02-28 12:39:49 --> [DEPRECATED] Creation of dynamic property CodeIgniter\HTTP\IncomingRequest::$user is deprecated in APPPATH\Filters\JwtAuthWeb.php on line 32.
 1 SYSTEMPATH\Filters\Filters.php(182): App\Filters\JwtAuthWeb->before(Object(CodeIgniter\HTTP\IncomingRequest), null)
 2 SYSTEMPATH\CodeIgniter.php(475): CodeIgniter\Filters\Filters->run('printIndivReport/5', 'before')
 3 SYSTEMPATH\CodeIgniter.php(361): CodeIgniter\CodeIgniter->handleRequest(null, Object(Config\Cache), false)
 4 FCPATH\index.php(79): CodeIgniter\CodeIgniter->run()
WARNING - 2026-02-28 12:39:49 --> [DEPRECATED] Optional parameter $cg declared before required parameter $hcode is implicitly treated as a required parameter in APPPATH\Models\cgserviceModel.php on line 93.
 1 SYSTEMPATH\Autoloader\Autoloader.php(311): include_once('D:\\xampp6\\htdocs\\project-jwt\\vendor\\codeigniter4\\framework\\system\\Debug\\Exceptions.php')
 2 SYSTEMPATH\Autoloader\Autoloader.php(290): CodeIgniter\Autoloader\Autoloader->includeFile('D:\\xampp6\\htdocs\\project-jwt\\app\\Models\\cgserviceModel.php')
 3 SYSTEMPATH\Autoloader\Autoloader.php(266): CodeIgniter\Autoloader\Autoloader->loadInNamespace('App\\Models\\cgserviceModel')
 4 APPPATH\Controllers\ServiceController.php(21): CodeIgniter\Autoloader\Autoloader->loadClass('App\\Models\\cgserviceModel')
 5 SYSTEMPATH\CodeIgniter.php(915): App\Controllers\ServiceController->__construct()
 6 SYSTEMPATH\CodeIgniter.php(494): CodeIgniter\CodeIgniter->createController()
 7 SYSTEMPATH\CodeIgniter.php(361): CodeIgniter\CodeIgniter->handleRequest(null, Object(Config\Cache), false)
 8 FCPATH\index.php(79): CodeIgniter\CodeIgniter->run()
INFO - 2026-02-28 12:40:26 --> Session: Class initialized using 'CodeIgniter\Session\Handlers\FileHandler' driver.
WARNING - 2026-02-28 12:40:26 --> [DEPRECATED] Creation of dynamic property CodeIgniter\HTTP\IncomingRequest::$user is deprecated in APPPATH\Filters\JwtAuthWeb.php on line 32.
 1 SYSTEMPATH\Filters\Filters.php(182): App\Filters\JwtAuthWeb->before(Object(CodeIgniter\HTTP\IncomingRequest), null)
 2 SYSTEMPATH\CodeIgniter.php(475): CodeIgniter\Filters\Filters->run('printIndivReport/5', 'before')
 3 SYSTEMPATH\CodeIgniter.php(361): CodeIgniter\CodeIgniter->handleRequest(null, Object(Config\Cache), false)
 4 FCPATH\index.php(79): CodeIgniter\CodeIgniter->run()
WARNING - 2026-02-28 12:40:26 --> [DEPRECATED] Optional parameter $cg declared before required parameter $hcode is implicitly treated as a required parameter in APPPATH\Models\cgserviceModel.php on line 93.
 1 SYSTEMPATH\Autoloader\Autoloader.php(311): include_once('D:\\xampp6\\htdocs\\project-jwt\\vendor\\codeigniter4\\framework\\system\\Debug\\Exceptions.php')
 2 SYSTEMPATH\Autoloader\Autoloader.php(290): CodeIgniter\Autoloader\Autoloader->includeFile('D:\\xampp6\\htdocs\\project-jwt\\app\\Models\\cgserviceModel.php')
 3 SYSTEMPATH\Autoloader\Autoloader.php(266): CodeIgniter\Autoloader\Autoloader->loadInNamespace('App\\Models\\cgserviceModel')
 4 APPPATH\Controllers\ServiceController.php(21): CodeIgniter\Autoloader\Autoloader->loadClass('App\\Models\\cgserviceModel')
 5 SYSTEMPATH\CodeIgniter.php(915): App\Controllers\ServiceController->__construct()
 6 SYSTEMPATH\CodeIgniter.php(494): CodeIgniter\CodeIgniter->createController()
 7 SYSTEMPATH\CodeIgniter.php(361): CodeIgniter\CodeIgniter->handleRequest(null, Object(Config\Cache), false)
 8 FCPATH\index.php(79): CodeIgniter\CodeIgniter->run()
INFO - 2026-02-28 12:40:52 --> Session: Class initialized using 'CodeIgniter\Session\Handlers\FileHandler' driver.
WARNING - 2026-02-28 12:40:52 --> [DEPRECATED] Creation of dynamic property CodeIgniter\HTTP\IncomingRequest::$user is deprecated in APPPATH\Filters\JwtAuthWeb.php on line 32.
 1 SYSTEMPATH\Filters\Filters.php(182): App\Filters\JwtAuthWeb->before(Object(CodeIgniter\HTTP\IncomingRequest), null)
 2 SYSTEMPATH\CodeIgniter.php(475): CodeIgniter\Filters\Filters->run('printIndivReport/5', 'before')
 3 SYSTEMPATH\CodeIgniter.php(361): CodeIgniter\CodeIgniter->handleRequest(null, Object(Config\Cache), false)
 4 FCPATH\index.php(79): CodeIgniter\CodeIgniter->run()
WARNING - 2026-02-28 12:40:52 --> [DEPRECATED] Optional parameter $cg declared before required parameter $hcode is implicitly treated as a required parameter in APPPATH\Models\cgserviceModel.php on line 93.
 1 SYSTEMPATH\Autoloader\Autoloader.php(311): include_once('D:\\xampp6\\htdocs\\project-jwt\\vendor\\codeigniter4\\framework\\system\\Debug\\Exceptions.php')
 2 SYSTEMPATH\Autoloader\Autoloader.php(290): CodeIgniter\Autoloader\Autoloader->includeFile('D:\\xampp6\\htdocs\\project-jwt\\app\\Models\\cgserviceModel.php')
 3 SYSTEMPATH\Autoloader\Autoloader.php(266): CodeIgniter\Autoloader\Autoloader->loadInNamespace('App\\Models\\cgserviceModel')
 4 APPPATH\Controllers\ServiceController.php(21): CodeIgniter\Autoloader\Autoloader->loadClass('App\\Models\\cgserviceModel')
 5 SYSTEMPATH\CodeIgniter.php(915): App\Controllers\ServiceController->__construct()
 6 SYSTEMPATH\CodeIgniter.php(494): CodeIgniter\CodeIgniter->createController()
 7 SYSTEMPATH\CodeIgniter.php(361): CodeIgniter\CodeIgniter->handleRequest(null, Object(Config\Cache), false)
 8 FCPATH\index.php(79): CodeIgniter\CodeIgniter->run()
INFO - 2026-02-28 12:41:08 --> Session: Class initialized using 'CodeIgniter\Session\Handlers\FileHandler' driver.
WARNING - 2026-02-28 12:41:08 --> [DEPRECATED] Creation of dynamic property CodeIgniter\HTTP\IncomingRequest::$user is deprecated in APPPATH\Filters\JwtAuthWeb.php on line 32.
 1 SYSTEMPATH\Filters\Filters.php(182): App\Filters\JwtAuthWeb->before(Object(CodeIgniter\HTTP\IncomingRequest), null)
 2 SYSTEMPATH\CodeIgniter.php(475): CodeIgniter\Filters\Filters->run('printIndivReport/5', 'before')
 3 SYSTEMPATH\CodeIgniter.php(361): CodeIgniter\CodeIgniter->handleRequest(null, Object(Config\Cache), false)
 4 FCPATH\index.php(79): CodeIgniter\CodeIgniter->run()
WARNING - 2026-02-28 12:41:08 --> [DEPRECATED] Optional parameter $cg declared before required parameter $hcode is implicitly treated as a required parameter in APPPATH\Models\cgserviceModel.php on line 93.
 1 SYSTEMPATH\Autoloader\Autoloader.php(311): include_once('D:\\xampp6\\htdocs\\project-jwt\\vendor\\codeigniter4\\framework\\system\\Debug\\Exceptions.php')
 2 SYSTEMPATH\Autoloader\Autoloader.php(290): CodeIgniter\Autoloader\Autoloader->includeFile('D:\\xampp6\\htdocs\\project-jwt\\app\\Models\\cgserviceModel.php')
 3 SYSTEMPATH\Autoloader\Autoloader.php(266): CodeIgniter\Autoloader\Autoloader->loadInNamespace('App\\Models\\cgserviceModel')
 4 APPPATH\Controllers\ServiceController.php(21): CodeIgniter\Autoloader\Autoloader->loadClass('App\\Models\\cgserviceModel')
 5 SYSTEMPATH\CodeIgniter.php(915): App\Controllers\ServiceController->__construct()
 6 SYSTEMPATH\CodeIgniter.php(494): CodeIgniter\CodeIgniter->createController()
 7 SYSTEMPATH\CodeIgniter.php(361): CodeIgniter\CodeIgniter->handleRequest(null, Object(Config\Cache), false)
 8 FCPATH\index.php(79): CodeIgniter\CodeIgniter->run()
INFO - 2026-02-28 12:41:21 --> Session: Class initialized using 'CodeIgniter\Session\Handlers\FileHandler' driver.
WARNING - 2026-02-28 12:41:21 --> [DEPRECATED] Creation of dynamic property CodeIgniter\HTTP\IncomingRequest::$user is deprecated in APPPATH\Filters\JwtAuthWeb.php on line 32.
 1 SYSTEMPATH\Filters\Filters.php(182): App\Filters\JwtAuthWeb->before(Object(CodeIgniter\HTTP\IncomingRequest), null)
 2 SYSTEMPATH\CodeIgniter.php(475): CodeIgniter\Filters\Filters->run('printIndivReport/5', 'before')
 3 SYSTEMPATH\CodeIgniter.php(361): CodeIgniter\CodeIgniter->handleRequest(null, Object(Config\Cache), false)
 4 FCPATH\index.php(79): CodeIgniter\CodeIgniter->run()
WARNING - 2026-02-28 12:41:21 --> [DEPRECATED] Optional parameter $cg declared before required parameter $hcode is implicitly treated as a required parameter in APPPATH\Models\cgserviceModel.php on line 93.
 1 SYSTEMPATH\Autoloader\Autoloader.php(311): include_once('D:\\xampp6\\htdocs\\project-jwt\\vendor\\codeigniter4\\framework\\system\\Debug\\Exceptions.php')
 2 SYSTEMPATH\Autoloader\Autoloader.php(290): CodeIgniter\Autoloader\Autoloader->includeFile('D:\\xampp6\\htdocs\\project-jwt\\app\\Models\\cgserviceModel.php')
 3 SYSTEMPATH\Autoloader\Autoloader.php(266): CodeIgniter\Autoloader\Autoloader->loadInNamespace('App\\Models\\cgserviceModel')
 4 APPPATH\Controllers\ServiceController.php(21): CodeIgniter\Autoloader\Autoloader->loadClass('App\\Models\\cgserviceModel')
 5 SYSTEMPATH\CodeIgniter.php(915): App\Controllers\ServiceController->__construct()
 6 SYSTEMPATH\CodeIgniter.php(494): CodeIgniter\CodeIgniter->createController()
 7 SYSTEMPATH\CodeIgniter.php(361): CodeIgniter\CodeIgniter->handleRequest(null, Object(Config\Cache), false)
 8 FCPATH\index.php(79): CodeIgniter\CodeIgniter->run()
INFO - 2026-02-28 12:41:57 --> Session: Class initialized using 'CodeIgniter\Session\Handlers\FileHandler' driver.
WARNING - 2026-02-28 12:41:57 --> [DEPRECATED] Creation of dynamic property CodeIgniter\HTTP\IncomingRequest::$user is deprecated in APPPATH\Filters\JwtAuthWeb.php on line 32.
 1 SYSTEMPATH\Filters\Filters.php(182): App\Filters\JwtAuthWeb->before(Object(CodeIgniter\HTTP\IncomingRequest), null)
 2 SYSTEMPATH\CodeIgniter.php(475): CodeIgniter\Filters\Filters->run('printIndivReport/5', 'before')
 3 SYSTEMPATH\CodeIgniter.php(361): CodeIgniter\CodeIgniter->handleRequest(null, Object(Config\Cache), false)
 4 FCPATH\index.php(79): CodeIgniter\CodeIgniter->run()
WARNING - 2026-02-28 12:41:57 --> [DEPRECATED] Optional parameter $cg declared before required parameter $hcode is implicitly treated as a required parameter in APPPATH\Models\cgserviceModel.php on line 93.
 1 SYSTEMPATH\Autoloader\Autoloader.php(311): include_once('D:\\xampp6\\htdocs\\project-jwt\\vendor\\codeigniter4\\framework\\system\\Debug\\Exceptions.php')
 2 SYSTEMPATH\Autoloader\Autoloader.php(290): CodeIgniter\Autoloader\Autoloader->includeFile('D:\\xampp6\\htdocs\\project-jwt\\app\\Models\\cgserviceModel.php')
 3 SYSTEMPATH\Autoloader\Autoloader.php(266): CodeIgniter\Autoloader\Autoloader->loadInNamespace('App\\Models\\cgserviceModel')
 4 APPPATH\Controllers\ServiceController.php(21): CodeIgniter\Autoloader\Autoloader->loadClass('App\\Models\\cgserviceModel')
 5 SYSTEMPATH\CodeIgniter.php(915): App\Controllers\ServiceController->__construct()
 6 SYSTEMPATH\CodeIgniter.php(494): CodeIgniter\CodeIgniter->createController()
 7 SYSTEMPATH\CodeIgniter.php(361): CodeIgniter\CodeIgniter->handleRequest(null, Object(Config\Cache), false)
 8 FCPATH\index.php(79): CodeIgniter\CodeIgniter->run()
INFO - 2026-02-28 12:42:50 --> Session: Class initialized using 'CodeIgniter\Session\Handlers\FileHandler' driver.
WARNING - 2026-02-28 12:42:50 --> [DEPRECATED] Creation of dynamic property CodeIgniter\HTTP\IncomingRequest::$user is deprecated in APPPATH\Filters\JwtAuthWeb.php on line 32.
 1 SYSTEMPATH\Filters\Filters.php(182): App\Filters\JwtAuthWeb->before(Object(CodeIgniter\HTTP\IncomingRequest), null)
 2 SYSTEMPATH\CodeIgniter.php(475): CodeIgniter\Filters\Filters->run('printIndivReport/5', 'before')
 3 SYSTEMPATH\CodeIgniter.php(361): CodeIgniter\CodeIgniter->handleRequest(null, Object(Config\Cache), false)
 4 FCPATH\index.php(79): CodeIgniter\CodeIgniter->run()
WARNING - 2026-02-28 12:42:50 --> [DEPRECATED] Optional parameter $cg declared before required parameter $hcode is implicitly treated as a required parameter in APPPATH\Models\cgserviceModel.php on line 93.
 1 SYSTEMPATH\Autoloader\Autoloader.php(311): include_once('D:\\xampp6\\htdocs\\project-jwt\\vendor\\codeigniter4\\framework\\system\\Debug\\Exceptions.php')
 2 SYSTEMPATH\Autoloader\Autoloader.php(290): CodeIgniter\Autoloader\Autoloader->includeFile('D:\\xampp6\\htdocs\\project-jwt\\app\\Models\\cgserviceModel.php')
 3 SYSTEMPATH\Autoloader\Autoloader.php(266): CodeIgniter\Autoloader\Autoloader->loadInNamespace('App\\Models\\cgserviceModel')
 4 APPPATH\Controllers\ServiceController.php(21): CodeIgniter\Autoloader\Autoloader->loadClass('App\\Models\\cgserviceModel')
 5 SYSTEMPATH\CodeIgniter.php(915): App\Controllers\ServiceController->__construct()
 6 SYSTEMPATH\CodeIgniter.php(494): CodeIgniter\CodeIgniter->createController()
 7 SYSTEMPATH\CodeIgniter.php(361): CodeIgniter\CodeIgniter->handleRequest(null, Object(Config\Cache), false)
 8 FCPATH\index.php(79): CodeIgniter\CodeIgniter->run()
INFO - 2026-02-28 12:43:07 --> Session: Class initialized using 'CodeIgniter\Session\Handlers\FileHandler' driver.
WARNING - 2026-02-28 12:43:07 --> [DEPRECATED] Creation of dynamic property CodeIgniter\HTTP\IncomingRequest::$user is deprecated in APPPATH\Filters\JwtAuthWeb.php on line 32.
 1 SYSTEMPATH\Filters\Filters.php(182): App\Filters\JwtAuthWeb->before(Object(CodeIgniter\HTTP\IncomingRequest), null)
 2 SYSTEMPATH\CodeIgniter.php(475): CodeIgniter\Filters\Filters->run('printIndivReport/5', 'before')
 3 SYSTEMPATH\CodeIgniter.php(361): CodeIgniter\CodeIgniter->handleRequest(null, Object(Config\Cache), false)
 4 FCPATH\index.php(79): CodeIgniter\CodeIgniter->run()
WARNING - 2026-02-28 12:43:07 --> [DEPRECATED] Optional parameter $cg declared before required parameter $hcode is implicitly treated as a required parameter in APPPATH\Models\cgserviceModel.php on line 93.
 1 SYSTEMPATH\Autoloader\Autoloader.php(311): include_once('D:\\xampp6\\htdocs\\project-jwt\\vendor\\codeigniter4\\framework\\system\\Debug\\Exceptions.php')
 2 SYSTEMPATH\Autoloader\Autoloader.php(290): CodeIgniter\Autoloader\Autoloader->includeFile('D:\\xampp6\\htdocs\\project-jwt\\app\\Models\\cgserviceModel.php')
 3 SYSTEMPATH\Autoloader\Autoloader.php(266): CodeIgniter\Autoloader\Autoloader->loadInNamespace('App\\Models\\cgserviceModel')
 4 APPPATH\Controllers\ServiceController.php(21): CodeIgniter\Autoloader\Autoloader->loadClass('App\\Models\\cgserviceModel')
 5 SYSTEMPATH\CodeIgniter.php(915): App\Controllers\ServiceController->__construct()
 6 SYSTEMPATH\CodeIgniter.php(494): CodeIgniter\CodeIgniter->createController()
 7 SYSTEMPATH\CodeIgniter.php(361): CodeIgniter\CodeIgniter->handleRequest(null, Object(Config\Cache), false)
 8 FCPATH\index.php(79): CodeIgniter\CodeIgniter->run()
INFO - 2026-02-28 12:43:20 --> Session: Class initialized using 'CodeIgniter\Session\Handlers\FileHandler' driver.
WARNING - 2026-02-28 12:43:20 --> [DEPRECATED] Creation of dynamic property CodeIgniter\HTTP\IncomingRequest::$user is deprecated in APPPATH\Filters\JwtAuthWeb.php on line 32.
 1 SYSTEMPATH\Filters\Filters.php(182): App\Filters\JwtAuthWeb->before(Object(CodeIgniter\HTTP\IncomingRequest), null)
 2 SYSTEMPATH\CodeIgniter.php(475): CodeIgniter\Filters\Filters->run('printIndivReport/5', 'before')
 3 SYSTEMPATH\CodeIgniter.php(361): CodeIgniter\CodeIgniter->handleRequest(null, Object(Config\Cache), false)
 4 FCPATH\index.php(79): CodeIgniter\CodeIgniter->run()
WARNING - 2026-02-28 12:43:20 --> [DEPRECATED] Optional parameter $cg declared before required parameter $hcode is implicitly treated as a required parameter in APPPATH\Models\cgserviceModel.php on line 93.
 1 SYSTEMPATH\Autoloader\Autoloader.php(311): include_once('D:\\xampp6\\htdocs\\project-jwt\\vendor\\codeigniter4\\framework\\system\\Debug\\Exceptions.php')
 2 SYSTEMPATH\Autoloader\Autoloader.php(290): CodeIgniter\Autoloader\Autoloader->includeFile('D:\\xampp6\\htdocs\\project-jwt\\app\\Models\\cgserviceModel.php')
 3 SYSTEMPATH\Autoloader\Autoloader.php(266): CodeIgniter\Autoloader\Autoloader->loadInNamespace('App\\Models\\cgserviceModel')
 4 APPPATH\Controllers\ServiceController.php(21): CodeIgniter\Autoloader\Autoloader->loadClass('App\\Models\\cgserviceModel')
 5 SYSTEMPATH\CodeIgniter.php(915): App\Controllers\ServiceController->__construct()
 6 SYSTEMPATH\CodeIgniter.php(494): CodeIgniter\CodeIgniter->createController()
 7 SYSTEMPATH\CodeIgniter.php(361): CodeIgniter\CodeIgniter->handleRequest(null, Object(Config\Cache), false)
 8 FCPATH\index.php(79): CodeIgniter\CodeIgniter->run()
INFO - 2026-02-28 12:43:35 --> Session: Class initialized using 'CodeIgniter\Session\Handlers\FileHandler' driver.
WARNING - 2026-02-28 12:43:35 --> [DEPRECATED] Creation of dynamic property CodeIgniter\HTTP\IncomingRequest::$user is deprecated in APPPATH\Filters\JwtAuthWeb.php on line 32.
 1 SYSTEMPATH\Filters\Filters.php(182): App\Filters\JwtAuthWeb->before(Object(CodeIgniter\HTTP\IncomingRequest), null)
 2 SYSTEMPATH\CodeIgniter.php(475): CodeIgniter\Filters\Filters->run('printIndivReport/5', 'before')
 3 SYSTEMPATH\CodeIgniter.php(361): CodeIgniter\CodeIgniter->handleRequest(null, Object(Config\Cache), false)
 4 FCPATH\index.php(79): CodeIgniter\CodeIgniter->run()
WARNING - 2026-02-28 12:43:35 --> [DEPRECATED] Optional parameter $cg declared before required parameter $hcode is implicitly treated as a required parameter in APPPATH\Models\cgserviceModel.php on line 93.
 1 SYSTEMPATH\Autoloader\Autoloader.php(311): include_once('D:\\xampp6\\htdocs\\project-jwt\\vendor\\codeigniter4\\framework\\system\\Debug\\Exceptions.php')
 2 SYSTEMPATH\Autoloader\Autoloader.php(290): CodeIgniter\Autoloader\Autoloader->includeFile('D:\\xampp6\\htdocs\\project-jwt\\app\\Models\\cgserviceModel.php')
 3 SYSTEMPATH\Autoloader\Autoloader.php(266): CodeIgniter\Autoloader\Autoloader->loadInNamespace('App\\Models\\cgserviceModel')
 4 APPPATH\Controllers\ServiceController.php(21): CodeIgniter\Autoloader\Autoloader->loadClass('App\\Models\\cgserviceModel')
 5 SYSTEMPATH\CodeIgniter.php(915): App\Controllers\ServiceController->__construct()
 6 SYSTEMPATH\CodeIgniter.php(494): CodeIgniter\CodeIgniter->createController()
 7 SYSTEMPATH\CodeIgniter.php(361): CodeIgniter\CodeIgniter->handleRequest(null, Object(Config\Cache), false)
 8 FCPATH\index.php(79): CodeIgniter\CodeIgniter->run()
INFO - 2026-02-28 12:44:00 --> Session: Class initialized using 'CodeIgniter\Session\Handlers\FileHandler' driver.
WARNING - 2026-02-28 12:44:00 --> [DEPRECATED] Creation of dynamic property CodeIgniter\HTTP\IncomingRequest::$user is deprecated in APPPATH\Filters\JwtAuthWeb.php on line 32.
 1 SYSTEMPATH\Filters\Filters.php(182): App\Filters\JwtAuthWeb->before(Object(CodeIgniter\HTTP\IncomingRequest), null)
 2 SYSTEMPATH\CodeIgniter.php(475): CodeIgniter\Filters\Filters->run('printIndivReport/5', 'before')
 3 SYSTEMPATH\CodeIgniter.php(361): CodeIgniter\CodeIgniter->handleRequest(null, Object(Config\Cache), false)
 4 FCPATH\index.php(79): CodeIgniter\CodeIgniter->run()
WARNING - 2026-02-28 12:44:00 --> [DEPRECATED] Optional parameter $cg declared before required parameter $hcode is implicitly treated as a required parameter in APPPATH\Models\cgserviceModel.php on line 93.
 1 SYSTEMPATH\Autoloader\Autoloader.php(311): include_once('D:\\xampp6\\htdocs\\project-jwt\\vendor\\codeigniter4\\framework\\system\\Debug\\Exceptions.php')
 2 SYSTEMPATH\Autoloader\Autoloader.php(290): CodeIgniter\Autoloader\Autoloader->includeFile('D:\\xampp6\\htdocs\\project-jwt\\app\\Models\\cgserviceModel.php')
 3 SYSTEMPATH\Autoloader\Autoloader.php(266): CodeIgniter\Autoloader\Autoloader->loadInNamespace('App\\Models\\cgserviceModel')
 4 APPPATH\Controllers\ServiceController.php(21): CodeIgniter\Autoloader\Autoloader->loadClass('App\\Models\\cgserviceModel')
 5 SYSTEMPATH\CodeIgniter.php(915): App\Controllers\ServiceController->__construct()
 6 SYSTEMPATH\CodeIgniter.php(494): CodeIgniter\CodeIgniter->createController()
 7 SYSTEMPATH\CodeIgniter.php(361): CodeIgniter\CodeIgniter->handleRequest(null, Object(Config\Cache), false)
 8 FCPATH\index.php(79): CodeIgniter\CodeIgniter->run()
INFO - 2026-02-28 12:44:45 --> Session: Class initialized using 'CodeIgniter\Session\Handlers\FileHandler' driver.
WARNING - 2026-02-28 12:44:45 --> [DEPRECATED] Creation of dynamic property CodeIgniter\HTTP\IncomingRequest::$user is deprecated in APPPATH\Filters\JwtAuthWeb.php on line 32.
 1 SYSTEMPATH\Filters\Filters.php(182): App\Filters\JwtAuthWeb->before(Object(CodeIgniter\HTTP\IncomingRequest), null)
 2 SYSTEMPATH\CodeIgniter.php(475): CodeIgniter\Filters\Filters->run('printIndivReport/5', 'before')
 3 SYSTEMPATH\CodeIgniter.php(361): CodeIgniter\CodeIgniter->handleRequest(null, Object(Config\Cache), false)
 4 FCPATH\index.php(79): CodeIgniter\CodeIgniter->run()
WARNING - 2026-02-28 12:44:45 --> [DEPRECATED] Optional parameter $cg declared before required parameter $hcode is implicitly treated as a required parameter in APPPATH\Models\cgserviceModel.php on line 93.
 1 SYSTEMPATH\Autoloader\Autoloader.php(311): include_once('D:\\xampp6\\htdocs\\project-jwt\\vendor\\codeigniter4\\framework\\system\\Debug\\Exceptions.php')
 2 SYSTEMPATH\Autoloader\Autoloader.php(290): CodeIgniter\Autoloader\Autoloader->includeFile('D:\\xampp6\\htdocs\\project-jwt\\app\\Models\\cgserviceModel.php')
 3 SYSTEMPATH\Autoloader\Autoloader.php(266): CodeIgniter\Autoloader\Autoloader->loadInNamespace('App\\Models\\cgserviceModel')
 4 APPPATH\Controllers\ServiceController.php(21): CodeIgniter\Autoloader\Autoloader->loadClass('App\\Models\\cgserviceModel')
 5 SYSTEMPATH\CodeIgniter.php(915): App\Controllers\ServiceController->__construct()
 6 SYSTEMPATH\CodeIgniter.php(494): CodeIgniter\CodeIgniter->createController()
 7 SYSTEMPATH\CodeIgniter.php(361): CodeIgniter\CodeIgniter->handleRequest(null, Object(Config\Cache), false)
 8 FCPATH\index.php(79): CodeIgniter\CodeIgniter->run()
INFO - 2026-02-28 12:45:19 --> Session: Class initialized using 'CodeIgniter\Session\Handlers\FileHandler' driver.
WARNING - 2026-02-28 12:45:19 --> [DEPRECATED] Creation of dynamic property CodeIgniter\HTTP\IncomingRequest::$user is deprecated in APPPATH\Filters\JwtAuthWeb.php on line 32.
 1 SYSTEMPATH\Filters\Filters.php(182): App\Filters\JwtAuthWeb->before(Object(CodeIgniter\HTTP\IncomingRequest), null)
 2 SYSTEMPATH\CodeIgniter.php(475): CodeIgniter\Filters\Filters->run('printIndivReport/5', 'before')
 3 SYSTEMPATH\CodeIgniter.php(361): CodeIgniter\CodeIgniter->handleRequest(null, Object(Config\Cache), false)
 4 FCPATH\index.php(79): CodeIgniter\CodeIgniter->run()
WARNING - 2026-02-28 12:45:19 --> [DEPRECATED] Optional parameter $cg declared before required parameter $hcode is implicitly treated as a required parameter in APPPATH\Models\cgserviceModel.php on line 93.
 1 SYSTEMPATH\Autoloader\Autoloader.php(311): include_once('D:\\xampp6\\htdocs\\project-jwt\\vendor\\codeigniter4\\framework\\system\\Debug\\Exceptions.php')
 2 SYSTEMPATH\Autoloader\Autoloader.php(290): CodeIgniter\Autoloader\Autoloader->includeFile('D:\\xampp6\\htdocs\\project-jwt\\app\\Models\\cgserviceModel.php')
 3 SYSTEMPATH\Autoloader\Autoloader.php(266): CodeIgniter\Autoloader\Autoloader->loadInNamespace('App\\Models\\cgserviceModel')
 4 APPPATH\Controllers\ServiceController.php(21): CodeIgniter\Autoloader\Autoloader->loadClass('App\\Models\\cgserviceModel')
 5 SYSTEMPATH\CodeIgniter.php(915): App\Controllers\ServiceController->__construct()
 6 SYSTEMPATH\CodeIgniter.php(494): CodeIgniter\CodeIgniter->createController()
 7 SYSTEMPATH\CodeIgniter.php(361): CodeIgniter\CodeIgniter->handleRequest(null, Object(Config\Cache), false)
 8 FCPATH\index.php(79): CodeIgniter\CodeIgniter->run()
INFO - 2026-02-28 12:46:26 --> Session: Class initialized using 'CodeIgniter\Session\Handlers\FileHandler' driver.
WARNING - 2026-02-28 12:46:26 --> [DEPRECATED] Creation of dynamic property CodeIgniter\HTTP\IncomingRequest::$user is deprecated in APPPATH\Filters\JwtAuthWeb.php on line 32.
 1 SYSTEMPATH\Filters\Filters.php(182): App\Filters\JwtAuthWeb->before(Object(CodeIgniter\HTTP\IncomingRequest), null)
 2 SYSTEMPATH\CodeIgniter.php(475): CodeIgniter\Filters\Filters->run('printIndivReport/5', 'before')
 3 SYSTEMPATH\CodeIgniter.php(361): CodeIgniter\CodeIgniter->handleRequest(null, Object(Config\Cache), false)
 4 FCPATH\index.php(79): CodeIgniter\CodeIgniter->run()
WARNING - 2026-02-28 12:46:26 --> [DEPRECATED] Optional parameter $cg declared before required parameter $hcode is implicitly treated as a required parameter in APPPATH\Models\cgserviceModel.php on line 93.
 1 SYSTEMPATH\Autoloader\Autoloader.php(311): include_once('D:\\xampp6\\htdocs\\project-jwt\\vendor\\codeigniter4\\framework\\system\\Debug\\Exceptions.php')
 2 SYSTEMPATH\Autoloader\Autoloader.php(290): CodeIgniter\Autoloader\Autoloader->includeFile('D:\\xampp6\\htdocs\\project-jwt\\app\\Models\\cgserviceModel.php')
 3 SYSTEMPATH\Autoloader\Autoloader.php(266): CodeIgniter\Autoloader\Autoloader->loadInNamespace('App\\Models\\cgserviceModel')
 4 APPPATH\Controllers\ServiceController.php(21): CodeIgniter\Autoloader\Autoloader->loadClass('App\\Models\\cgserviceModel')
 5 SYSTEMPATH\CodeIgniter.php(915): App\Controllers\ServiceController->__construct()
 6 SYSTEMPATH\CodeIgniter.php(494): CodeIgniter\CodeIgniter->createController()
 7 SYSTEMPATH\CodeIgniter.php(361): CodeIgniter\CodeIgniter->handleRequest(null, Object(Config\Cache), false)
 8 FCPATH\index.php(79): CodeIgniter\CodeIgniter->run()
INFO - 2026-02-28 12:46:48 --> Session: Class initialized using 'CodeIgniter\Session\Handlers\FileHandler' driver.
WARNING - 2026-02-28 12:46:48 --> [DEPRECATED] Creation of dynamic property CodeIgniter\HTTP\IncomingRequest::$user is deprecated in APPPATH\Filters\JwtAuthWeb.php on line 32.
 1 SYSTEMPATH\Filters\Filters.php(182): App\Filters\JwtAuthWeb->before(Object(CodeIgniter\HTTP\IncomingRequest), null)
 2 SYSTEMPATH\CodeIgniter.php(475): CodeIgniter\Filters\Filters->run('getCGservice', 'before')
 3 SYSTEMPATH\CodeIgniter.php(361): CodeIgniter\CodeIgniter->handleRequest(null, Object(Config\Cache), false)
 4 FCPATH\index.php(79): CodeIgniter\CodeIgniter->run()
WARNING - 2026-02-28 12:46:48 --> [DEPRECATED] Optional parameter $cg declared before required parameter $hcode is implicitly treated as a required parameter in APPPATH\Models\cgserviceModel.php on line 93.
 1 SYSTEMPATH\Autoloader\Autoloader.php(311): include_once('D:\\xampp6\\htdocs\\project-jwt\\vendor\\codeigniter4\\framework\\system\\Debug\\Exceptions.php')
 2 SYSTEMPATH\Autoloader\Autoloader.php(290): CodeIgniter\Autoloader\Autoloader->includeFile('D:\\xampp6\\htdocs\\project-jwt\\app\\Models\\cgserviceModel.php')
 3 SYSTEMPATH\Autoloader\Autoloader.php(266): CodeIgniter\Autoloader\Autoloader->loadInNamespace('App\\Models\\cgserviceModel')
 4 APPPATH\Controllers\ServiceController.php(21): CodeIgniter\Autoloader\Autoloader->loadClass('App\\Models\\cgserviceModel')
 5 SYSTEMPATH\CodeIgniter.php(915): App\Controllers\ServiceController->__construct()
 6 SYSTEMPATH\CodeIgniter.php(494): CodeIgniter\CodeIgniter->createController()
 7 SYSTEMPATH\CodeIgniter.php(361): CodeIgniter\CodeIgniter->handleRequest(null, Object(Config\Cache), false)
 8 FCPATH\index.php(79): CodeIgniter\CodeIgniter->run()
INFO - 2026-02-28 12:46:52 --> Session: Class initialized using 'CodeIgniter\Session\Handlers\FileHandler' driver.
WARNING - 2026-02-28 12:46:52 --> [DEPRECATED] Creation of dynamic property CodeIgniter\HTTP\IncomingRequest::$user is deprecated in APPPATH\Filters\JwtAuthWeb.php on line 32.
 1 SYSTEMPATH\Filters\Filters.php(182): App\Filters\JwtAuthWeb->before(Object(CodeIgniter\HTTP\IncomingRequest), null)
 2 SYSTEMPATH\CodeIgniter.php(475): CodeIgniter\Filters\Filters->run('getCGservice', 'before')
 3 SYSTEMPATH\CodeIgniter.php(361): CodeIgniter\CodeIgniter->handleRequest(null, Object(Config\Cache), false)
 4 FCPATH\index.php(79): CodeIgniter\CodeIgniter->run()
WARNING - 2026-02-28 12:46:52 --> [DEPRECATED] Optional parameter $cg declared before required parameter $hcode is implicitly treated as a required parameter in APPPATH\Models\cgserviceModel.php on line 93.
 1 SYSTEMPATH\Autoloader\Autoloader.php(311): include_once('D:\\xampp6\\htdocs\\project-jwt\\vendor\\codeigniter4\\framework\\system\\Debug\\Exceptions.php')
 2 SYSTEMPATH\Autoloader\Autoloader.php(290): CodeIgniter\Autoloader\Autoloader->includeFile('D:\\xampp6\\htdocs\\project-jwt\\app\\Models\\cgserviceModel.php')
 3 SYSTEMPATH\Autoloader\Autoloader.php(266): CodeIgniter\Autoloader\Autoloader->loadInNamespace('App\\Models\\cgserviceModel')
 4 APPPATH\Controllers\ServiceController.php(21): CodeIgniter\Autoloader\Autoloader->loadClass('App\\Models\\cgserviceModel')
 5 SYSTEMPATH\CodeIgniter.php(915): App\Controllers\ServiceController->__construct()
 6 SYSTEMPATH\CodeIgniter.php(494): CodeIgniter\CodeIgniter->createController()
 7 SYSTEMPATH\CodeIgniter.php(361): CodeIgniter\CodeIgniter->handleRequest(null, Object(Config\Cache), false)
 8 FCPATH\index.php(79): CodeIgniter\CodeIgniter->run()
INFO - 2026-02-28 12:46:58 --> Session: Class initialized using 'CodeIgniter\Session\Handlers\FileHandler' driver.
WARNING - 2026-02-28 12:46:58 --> [DEPRECATED] Creation of dynamic property CodeIgniter\HTTP\IncomingRequest::$user is deprecated in APPPATH\Filters\JwtAuthWeb.php on line 32.
 1 SYSTEMPATH\Filters\Filters.php(182): App\Filters\JwtAuthWeb->before(Object(CodeIgniter\HTTP\IncomingRequest), null)
 2 SYSTEMPATH\CodeIgniter.php(475): CodeIgniter\Filters\Filters->run('printIndivReport/121', 'before')
 3 SYSTEMPATH\CodeIgniter.php(361): CodeIgniter\CodeIgniter->handleRequest(null, Object(Config\Cache), false)
 4 FCPATH\index.php(79): CodeIgniter\CodeIgniter->run()
WARNING - 2026-02-28 12:46:58 --> [DEPRECATED] Optional parameter $cg declared before required parameter $hcode is implicitly treated as a required parameter in APPPATH\Models\cgserviceModel.php on line 93.
 1 SYSTEMPATH\Autoloader\Autoloader.php(311): include_once('D:\\xampp6\\htdocs\\project-jwt\\vendor\\codeigniter4\\framework\\system\\Debug\\Exceptions.php')
 2 SYSTEMPATH\Autoloader\Autoloader.php(290): CodeIgniter\Autoloader\Autoloader->includeFile('D:\\xampp6\\htdocs\\project-jwt\\app\\Models\\cgserviceModel.php')
 3 SYSTEMPATH\Autoloader\Autoloader.php(266): CodeIgniter\Autoloader\Autoloader->loadInNamespace('App\\Models\\cgserviceModel')
 4 APPPATH\Controllers\ServiceController.php(21): CodeIgniter\Autoloader\Autoloader->loadClass('App\\Models\\cgserviceModel')
 5 SYSTEMPATH\CodeIgniter.php(915): App\Controllers\ServiceController->__construct()
 6 SYSTEMPATH\CodeIgniter.php(494): CodeIgniter\CodeIgniter->createController()
 7 SYSTEMPATH\CodeIgniter.php(361): CodeIgniter\CodeIgniter->handleRequest(null, Object(Config\Cache), false)
 8 FCPATH\index.php(79): CodeIgniter\CodeIgniter->run()
INFO - 2026-02-28 12:47:32 --> Session: Class initialized using 'CodeIgniter\Session\Handlers\FileHandler' driver.
WARNING - 2026-02-28 12:47:32 --> [DEPRECATED] Creation of dynamic property CodeIgniter\HTTP\IncomingRequest::$user is deprecated in APPPATH\Filters\JwtAuthWeb.php on line 32.
 1 SYSTEMPATH\Filters\Filters.php(182): App\Filters\JwtAuthWeb->before(Object(CodeIgniter\HTTP\IncomingRequest), null)
 2 SYSTEMPATH\CodeIgniter.php(475): CodeIgniter\Filters\Filters->run('printIndivReport/121', 'before')
 3 SYSTEMPATH\CodeIgniter.php(361): CodeIgniter\CodeIgniter->handleRequest(null, Object(Config\Cache), false)
 4 FCPATH\index.php(79): CodeIgniter\CodeIgniter->run()
WARNING - 2026-02-28 12:47:32 --> [DEPRECATED] Optional parameter $cg declared before required parameter $hcode is implicitly treated as a required parameter in APPPATH\Models\cgserviceModel.php on line 93.
 1 SYSTEMPATH\Autoloader\Autoloader.php(311): include_once('D:\\xampp6\\htdocs\\project-jwt\\vendor\\codeigniter4\\framework\\system\\Debug\\Exceptions.php')
 2 SYSTEMPATH\Autoloader\Autoloader.php(290): CodeIgniter\Autoloader\Autoloader->includeFile('D:\\xampp6\\htdocs\\project-jwt\\app\\Models\\cgserviceModel.php')
 3 SYSTEMPATH\Autoloader\Autoloader.php(266): CodeIgniter\Autoloader\Autoloader->loadInNamespace('App\\Models\\cgserviceModel')
 4 APPPATH\Controllers\ServiceController.php(21): CodeIgniter\Autoloader\Autoloader->loadClass('App\\Models\\cgserviceModel')
 5 SYSTEMPATH\CodeIgniter.php(915): App\Controllers\ServiceController->__construct()
 6 SYSTEMPATH\CodeIgniter.php(494): CodeIgniter\CodeIgniter->createController()
 7 SYSTEMPATH\CodeIgniter.php(361): CodeIgniter\CodeIgniter->handleRequest(null, Object(Config\Cache), false)
 8 FCPATH\index.php(79): CodeIgniter\CodeIgniter->run()
INFO - 2026-02-28 12:49:11 --> Session: Class initialized using 'CodeIgniter\Session\Handlers\FileHandler' driver.
WARNING - 2026-02-28 12:49:11 --> [DEPRECATED] Creation of dynamic property CodeIgniter\HTTP\IncomingRequest::$user is deprecated in APPPATH\Filters\JwtAuthWeb.php on line 32.
 1 SYSTEMPATH\Filters\Filters.php(182): App\Filters\JwtAuthWeb->before(Object(CodeIgniter\HTTP\IncomingRequest), null)
 2 SYSTEMPATH\CodeIgniter.php(475): CodeIgniter\Filters\Filters->run('printIndivReport/121', 'before')
 3 SYSTEMPATH\CodeIgniter.php(361): CodeIgniter\CodeIgniter->handleRequest(null, Object(Config\Cache), false)
 4 FCPATH\index.php(79): CodeIgniter\CodeIgniter->run()
WARNING - 2026-02-28 12:49:11 --> [DEPRECATED] Optional parameter $cg declared before required parameter $hcode is implicitly treated as a required parameter in APPPATH\Models\cgserviceModel.php on line 93.
 1 SYSTEMPATH\Autoloader\Autoloader.php(311): include_once('D:\\xampp6\\htdocs\\project-jwt\\vendor\\codeigniter4\\framework\\system\\Debug\\Exceptions.php')
 2 SYSTEMPATH\Autoloader\Autoloader.php(290): CodeIgniter\Autoloader\Autoloader->includeFile('D:\\xampp6\\htdocs\\project-jwt\\app\\Models\\cgserviceModel.php')
 3 SYSTEMPATH\Autoloader\Autoloader.php(266): CodeIgniter\Autoloader\Autoloader->loadInNamespace('App\\Models\\cgserviceModel')
 4 APPPATH\Controllers\ServiceController.php(21): CodeIgniter\Autoloader\Autoloader->loadClass('App\\Models\\cgserviceModel')
 5 SYSTEMPATH\CodeIgniter.php(915): App\Controllers\ServiceController->__construct()
 6 SYSTEMPATH\CodeIgniter.php(494): CodeIgniter\CodeIgniter->createController()
 7 SYSTEMPATH\CodeIgniter.php(361): CodeIgniter\CodeIgniter->handleRequest(null, Object(Config\Cache), false)
 8 FCPATH\index.php(79): CodeIgniter\CodeIgniter->run()
INFO - 2026-02-28 12:49:19 --> Session: Class initialized using 'CodeIgniter\Session\Handlers\FileHandler' driver.
WARNING - 2026-02-28 12:49:19 --> [DEPRECATED] Creation of dynamic property CodeIgniter\HTTP\IncomingRequest::$user is deprecated in APPPATH\Filters\JwtAuthWeb.php on line 32.
 1 SYSTEMPATH\Filters\Filters.php(182): App\Filters\JwtAuthWeb->before(Object(CodeIgniter\HTTP\IncomingRequest), null)
 2 SYSTEMPATH\CodeIgniter.php(475): CodeIgniter\Filters\Filters->run('ltc-view-details/189/2026/2', 'before')
 3 SYSTEMPATH\CodeIgniter.php(361): CodeIgniter\CodeIgniter->handleRequest(null, Object(Config\Cache), false)
 4 FCPATH\index.php(79): CodeIgniter\CodeIgniter->run()
WARNING - 2026-02-28 12:49:19 --> [DEPRECATED] Optional parameter $cg declared before required parameter $hcode is implicitly treated as a required parameter in APPPATH\Models\cgserviceModel.php on line 93.
 1 SYSTEMPATH\Autoloader\Autoloader.php(311): include_once('D:\\xampp6\\htdocs\\project-jwt\\vendor\\codeigniter4\\framework\\system\\Debug\\Exceptions.php')
 2 SYSTEMPATH\Autoloader\Autoloader.php(290): CodeIgniter\Autoloader\Autoloader->includeFile('D:\\xampp6\\htdocs\\project-jwt\\app\\Models\\cgserviceModel.php')
 3 SYSTEMPATH\Autoloader\Autoloader.php(266): CodeIgniter\Autoloader\Autoloader->loadInNamespace('App\\Models\\cgserviceModel')
 4 APPPATH\Controllers\ServiceController.php(21): CodeIgniter\Autoloader\Autoloader->loadClass('App\\Models\\cgserviceModel')
 5 SYSTEMPATH\CodeIgniter.php(915): App\Controllers\ServiceController->__construct()
 6 SYSTEMPATH\CodeIgniter.php(494): CodeIgniter\CodeIgniter->createController()
 7 SYSTEMPATH\CodeIgniter.php(361): CodeIgniter\CodeIgniter->handleRequest(null, Object(Config\Cache), false)
 8 FCPATH\index.php(79): CodeIgniter\CodeIgniter->run()
WARNING - 2026-02-28 12:49:20 --> [DEPRECATED] Creation of dynamic property CodeIgniter\HTTP\IncomingRequest::$user is deprecated in APPPATH\Filters\JwtAuth.php on line 47.
 1 SYSTEMPATH\Filters\Filters.php(182): App\Filters\JwtAuth->before(Object(CodeIgniter\HTTP\IncomingRequest), null)
 2 SYSTEMPATH\CodeIgniter.php(475): CodeIgniter\Filters\Filters->run('api/profile', 'before')
 3 SYSTEMPATH\CodeIgniter.php(361): CodeIgniter\CodeIgniter->handleRequest(null, Object(Config\Cache), false)
 4 FCPATH\index.php(79): CodeIgniter\CodeIgniter->run()
INFO - 2026-02-28 12:49:21 --> Session: Class initialized using 'CodeIgniter\Session\Handlers\FileHandler' driver.
WARNING - 2026-02-28 12:49:21 --> [DEPRECATED] Creation of dynamic property CodeIgniter\HTTP\IncomingRequest::$user is deprecated in APPPATH\Filters\JwtAuthWeb.php on line 32.
 1 SYSTEMPATH\Filters\Filters.php(182): App\Filters\JwtAuthWeb->before(Object(CodeIgniter\HTTP\IncomingRequest), null)
 2 SYSTEMPATH\CodeIgniter.php(475): CodeIgniter\Filters\Filters->run('getCGservice', 'before')
 3 SYSTEMPATH\CodeIgniter.php(361): CodeIgniter\CodeIgniter->handleRequest(null, Object(Config\Cache), false)
 4 FCPATH\index.php(79): CodeIgniter\CodeIgniter->run()
WARNING - 2026-02-28 12:49:21 --> [DEPRECATED] Optional parameter $cg declared before required parameter $hcode is implicitly treated as a required parameter in APPPATH\Models\cgserviceModel.php on line 93.
 1 SYSTEMPATH\Autoloader\Autoloader.php(311): include_once('D:\\xampp6\\htdocs\\project-jwt\\vendor\\codeigniter4\\framework\\system\\Debug\\Exceptions.php')
 2 SYSTEMPATH\Autoloader\Autoloader.php(290): CodeIgniter\Autoloader\Autoloader->includeFile('D:\\xampp6\\htdocs\\project-jwt\\app\\Models\\cgserviceModel.php')
 3 SYSTEMPATH\Autoloader\Autoloader.php(266): CodeIgniter\Autoloader\Autoloader->loadInNamespace('App\\Models\\cgserviceModel')
 4 APPPATH\Controllers\ServiceController.php(21): CodeIgniter\Autoloader\Autoloader->loadClass('App\\Models\\cgserviceModel')
 5 SYSTEMPATH\CodeIgniter.php(915): App\Controllers\ServiceController->__construct()
 6 SYSTEMPATH\CodeIgniter.php(494): CodeIgniter\CodeIgniter->createController()
 7 SYSTEMPATH\CodeIgniter.php(361): CodeIgniter\CodeIgniter->handleRequest(null, Object(Config\Cache), false)
 8 FCPATH\index.php(79): CodeIgniter\CodeIgniter->run()
INFO - 2026-02-28 12:51:19 --> Session: Class initialized using 'CodeIgniter\Session\Handlers\FileHandler' driver.
WARNING - 2026-02-28 12:51:19 --> [DEPRECATED] Creation of dynamic property CodeIgniter\HTTP\IncomingRequest::$user is deprecated in APPPATH\Filters\JwtAuthWeb.php on line 32.
 1 SYSTEMPATH\Filters\Filters.php(182): App\Filters\JwtAuthWeb->before(Object(CodeIgniter\HTTP\IncomingRequest), null)
 2 SYSTEMPATH\CodeIgniter.php(475): CodeIgniter\Filters\Filters->run('ltc-view-details/189/2026/2', 'before')
 3 SYSTEMPATH\CodeIgniter.php(361): CodeIgniter\CodeIgniter->handleRequest(null, Object(Config\Cache), false)
 4 FCPATH\index.php(79): CodeIgniter\CodeIgniter->run()
WARNING - 2026-02-28 12:51:19 --> [DEPRECATED] Optional parameter $cg declared before required parameter $hcode is implicitly treated as a required parameter in APPPATH\Models\cgserviceModel.php on line 93.
 1 SYSTEMPATH\Autoloader\Autoloader.php(311): include_once('D:\\xampp6\\htdocs\\project-jwt\\vendor\\codeigniter4\\framework\\system\\Debug\\Exceptions.php')
 2 SYSTEMPATH\Autoloader\Autoloader.php(290): CodeIgniter\Autoloader\Autoloader->includeFile('D:\\xampp6\\htdocs\\project-jwt\\app\\Models\\cgserviceModel.php')
 3 SYSTEMPATH\Autoloader\Autoloader.php(266): CodeIgniter\Autoloader\Autoloader->loadInNamespace('App\\Models\\cgserviceModel')
 4 APPPATH\Controllers\ServiceController.php(21): CodeIgniter\Autoloader\Autoloader->loadClass('App\\Models\\cgserviceModel')
 5 SYSTEMPATH\CodeIgniter.php(915): App\Controllers\ServiceController->__construct()
 6 SYSTEMPATH\CodeIgniter.php(494): CodeIgniter\CodeIgniter->createController()
 7 SYSTEMPATH\CodeIgniter.php(361): CodeIgniter\CodeIgniter->handleRequest(null, Object(Config\Cache), false)
 8 FCPATH\index.php(79): CodeIgniter\CodeIgniter->run()
WARNING - 2026-02-28 12:51:19 --> [DEPRECATED] Creation of dynamic property CodeIgniter\HTTP\IncomingRequest::$user is deprecated in APPPATH\Filters\JwtAuth.php on line 47.
 1 SYSTEMPATH\Filters\Filters.php(182): App\Filters\JwtAuth->before(Object(CodeIgniter\HTTP\IncomingRequest), null)
 2 SYSTEMPATH\CodeIgniter.php(475): CodeIgniter\Filters\Filters->run('api/profile', 'before')
 3 SYSTEMPATH\CodeIgniter.php(361): CodeIgniter\CodeIgniter->handleRequest(null, Object(Config\Cache), false)
 4 FCPATH\index.php(79): CodeIgniter\CodeIgniter->run()
INFO - 2026-02-28 12:51:20 --> Session: Class initialized using 'CodeIgniter\Session\Handlers\FileHandler' driver.
WARNING - 2026-02-28 12:51:20 --> [DEPRECATED] Creation of dynamic property CodeIgniter\HTTP\IncomingRequest::$user is deprecated in APPPATH\Filters\JwtAuthWeb.php on line 32.
 1 SYSTEMPATH\Filters\Filters.php(182): App\Filters\JwtAuthWeb->before(Object(CodeIgniter\HTTP\IncomingRequest), null)
 2 SYSTEMPATH\CodeIgniter.php(475): CodeIgniter\Filters\Filters->run('getCGservice', 'before')
 3 SYSTEMPATH\CodeIgniter.php(361): CodeIgniter\CodeIgniter->handleRequest(null, Object(Config\Cache), false)
 4 FCPATH\index.php(79): CodeIgniter\CodeIgniter->run()
WARNING - 2026-02-28 12:51:20 --> [DEPRECATED] Optional parameter $cg declared before required parameter $hcode is implicitly treated as a required parameter in APPPATH\Models\cgserviceModel.php on line 93.
 1 SYSTEMPATH\Autoloader\Autoloader.php(311): include_once('D:\\xampp6\\htdocs\\project-jwt\\vendor\\codeigniter4\\framework\\system\\Debug\\Exceptions.php')
 2 SYSTEMPATH\Autoloader\Autoloader.php(290): CodeIgniter\Autoloader\Autoloader->includeFile('D:\\xampp6\\htdocs\\project-jwt\\app\\Models\\cgserviceModel.php')
 3 SYSTEMPATH\Autoloader\Autoloader.php(266): CodeIgniter\Autoloader\Autoloader->loadInNamespace('App\\Models\\cgserviceModel')
 4 APPPATH\Controllers\ServiceController.php(21): CodeIgniter\Autoloader\Autoloader->loadClass('App\\Models\\cgserviceModel')
 5 SYSTEMPATH\CodeIgniter.php(915): App\Controllers\ServiceController->__construct()
 6 SYSTEMPATH\CodeIgniter.php(494): CodeIgniter\CodeIgniter->createController()
 7 SYSTEMPATH\CodeIgniter.php(361): CodeIgniter\CodeIgniter->handleRequest(null, Object(Config\Cache), false)
 8 FCPATH\index.php(79): CodeIgniter\CodeIgniter->run()
INFO - 2026-02-28 12:51:24 --> Session: Class initialized using 'CodeIgniter\Session\Handlers\FileHandler' driver.
WARNING - 2026-02-28 12:51:24 --> [DEPRECATED] Creation of dynamic property CodeIgniter\HTTP\IncomingRequest::$user is deprecated in APPPATH\Filters\JwtAuthWeb.php on line 32.
 1 SYSTEMPATH\Filters\Filters.php(182): App\Filters\JwtAuthWeb->before(Object(CodeIgniter\HTTP\IncomingRequest), null)
 2 SYSTEMPATH\CodeIgniter.php(475): CodeIgniter\Filters\Filters->run('printIndivReport/121', 'before')
 3 SYSTEMPATH\CodeIgniter.php(361): CodeIgniter\CodeIgniter->handleRequest(null, Object(Config\Cache), false)
 4 FCPATH\index.php(79): CodeIgniter\CodeIgniter->run()
WARNING - 2026-02-28 12:51:24 --> [DEPRECATED] Optional parameter $cg declared before required parameter $hcode is implicitly treated as a required parameter in APPPATH\Models\cgserviceModel.php on line 93.
 1 SYSTEMPATH\Autoloader\Autoloader.php(311): include_once('D:\\xampp6\\htdocs\\project-jwt\\vendor\\codeigniter4\\framework\\system\\Debug\\Exceptions.php')
 2 SYSTEMPATH\Autoloader\Autoloader.php(290): CodeIgniter\Autoloader\Autoloader->includeFile('D:\\xampp6\\htdocs\\project-jwt\\app\\Models\\cgserviceModel.php')
 3 SYSTEMPATH\Autoloader\Autoloader.php(266): CodeIgniter\Autoloader\Autoloader->loadInNamespace('App\\Models\\cgserviceModel')
 4 APPPATH\Controllers\ServiceController.php(21): CodeIgniter\Autoloader\Autoloader->loadClass('App\\Models\\cgserviceModel')
 5 SYSTEMPATH\CodeIgniter.php(915): App\Controllers\ServiceController->__construct()
 6 SYSTEMPATH\CodeIgniter.php(494): CodeIgniter\CodeIgniter->createController()
 7 SYSTEMPATH\CodeIgniter.php(361): CodeIgniter\CodeIgniter->handleRequest(null, Object(Config\Cache), false)
 8 FCPATH\index.php(79): CodeIgniter\CodeIgniter->run()
INFO - 2026-02-28 12:53:28 --> Session: Class initialized using 'CodeIgniter\Session\Handlers\FileHandler' driver.
WARNING - 2026-02-28 12:53:28 --> [DEPRECATED] Creation of dynamic property CodeIgniter\HTTP\IncomingRequest::$user is deprecated in APPPATH\Filters\JwtAuthWeb.php on line 32.
 1 SYSTEMPATH\Filters\Filters.php(182): App\Filters\JwtAuthWeb->before(Object(CodeIgniter\HTTP\IncomingRequest), null)
 2 SYSTEMPATH\CodeIgniter.php(475): CodeIgniter\Filters\Filters->run('printIndivReport/121', 'before')
 3 SYSTEMPATH\CodeIgniter.php(361): CodeIgniter\CodeIgniter->handleRequest(null, Object(Config\Cache), false)
 4 FCPATH\index.php(79): CodeIgniter\CodeIgniter->run()
WARNING - 2026-02-28 12:53:28 --> [DEPRECATED] Optional parameter $cg declared before required parameter $hcode is implicitly treated as a required parameter in APPPATH\Models\cgserviceModel.php on line 93.
 1 SYSTEMPATH\Autoloader\Autoloader.php(311): include_once('D:\\xampp6\\htdocs\\project-jwt\\vendor\\codeigniter4\\framework\\system\\Debug\\Exceptions.php')
 2 SYSTEMPATH\Autoloader\Autoloader.php(290): CodeIgniter\Autoloader\Autoloader->includeFile('D:\\xampp6\\htdocs\\project-jwt\\app\\Models\\cgserviceModel.php')
 3 SYSTEMPATH\Autoloader\Autoloader.php(266): CodeIgniter\Autoloader\Autoloader->loadInNamespace('App\\Models\\cgserviceModel')
 4 APPPATH\Controllers\ServiceController.php(21): CodeIgniter\Autoloader\Autoloader->loadClass('App\\Models\\cgserviceModel')
 5 SYSTEMPATH\CodeIgniter.php(915): App\Controllers\ServiceController->__construct()
 6 SYSTEMPATH\CodeIgniter.php(494): CodeIgniter\CodeIgniter->createController()
 7 SYSTEMPATH\CodeIgniter.php(361): CodeIgniter\CodeIgniter->handleRequest(null, Object(Config\Cache), false)
 8 FCPATH\index.php(79): CodeIgniter\CodeIgniter->run()
INFO - 2026-02-28 12:55:45 --> Session: Class initialized using 'CodeIgniter\Session\Handlers\FileHandler' driver.
WARNING - 2026-02-28 12:55:45 --> [DEPRECATED] Creation of dynamic property CodeIgniter\HTTP\IncomingRequest::$user is deprecated in APPPATH\Filters\JwtAuthWeb.php on line 32.
 1 SYSTEMPATH\Filters\Filters.php(182): App\Filters\JwtAuthWeb->before(Object(CodeIgniter\HTTP\IncomingRequest), null)
 2 SYSTEMPATH\CodeIgniter.php(475): CodeIgniter\Filters\Filters->run('printIndivReport/121', 'before')
 3 SYSTEMPATH\CodeIgniter.php(361): CodeIgniter\CodeIgniter->handleRequest(null, Object(Config\Cache), false)
 4 FCPATH\index.php(79): CodeIgniter\CodeIgniter->run()
WARNING - 2026-02-28 12:55:45 --> [DEPRECATED] Optional parameter $cg declared before required parameter $hcode is implicitly treated as a required parameter in APPPATH\Models\cgserviceModel.php on line 93.
 1 SYSTEMPATH\Autoloader\Autoloader.php(311): include_once('D:\\xampp6\\htdocs\\project-jwt\\vendor\\codeigniter4\\framework\\system\\Debug\\Exceptions.php')
 2 SYSTEMPATH\Autoloader\Autoloader.php(290): CodeIgniter\Autoloader\Autoloader->includeFile('D:\\xampp6\\htdocs\\project-jwt\\app\\Models\\cgserviceModel.php')
 3 SYSTEMPATH\Autoloader\Autoloader.php(266): CodeIgniter\Autoloader\Autoloader->loadInNamespace('App\\Models\\cgserviceModel')
 4 APPPATH\Controllers\ServiceController.php(21): CodeIgniter\Autoloader\Autoloader->loadClass('App\\Models\\cgserviceModel')
 5 SYSTEMPATH\CodeIgniter.php(915): App\Controllers\ServiceController->__construct()
 6 SYSTEMPATH\CodeIgniter.php(494): CodeIgniter\CodeIgniter->createController()
 7 SYSTEMPATH\CodeIgniter.php(361): CodeIgniter\CodeIgniter->handleRequest(null, Object(Config\Cache), false)
 8 FCPATH\index.php(79): CodeIgniter\CodeIgniter->run()
INFO - 2026-02-28 12:57:34 --> Session: Class initialized using 'CodeIgniter\Session\Handlers\FileHandler' driver.
WARNING - 2026-02-28 12:57:34 --> [DEPRECATED] Creation of dynamic property CodeIgniter\HTTP\IncomingRequest::$user is deprecated in APPPATH\Filters\JwtAuthWeb.php on line 32.
 1 SYSTEMPATH\Filters\Filters.php(182): App\Filters\JwtAuthWeb->before(Object(CodeIgniter\HTTP\IncomingRequest), null)
 2 SYSTEMPATH\CodeIgniter.php(475): CodeIgniter\Filters\Filters->run('printIndivReport/121', 'before')
 3 SYSTEMPATH\CodeIgniter.php(361): CodeIgniter\CodeIgniter->handleRequest(null, Object(Config\Cache), false)
 4 FCPATH\index.php(79): CodeIgniter\CodeIgniter->run()
WARNING - 2026-02-28 12:57:34 --> [DEPRECATED] Optional parameter $cg declared before required parameter $hcode is implicitly treated as a required parameter in APPPATH\Models\cgserviceModel.php on line 93.
 1 SYSTEMPATH\Autoloader\Autoloader.php(311): include_once('D:\\xampp6\\htdocs\\project-jwt\\vendor\\codeigniter4\\framework\\system\\Debug\\Exceptions.php')
 2 SYSTEMPATH\Autoloader\Autoloader.php(290): CodeIgniter\Autoloader\Autoloader->includeFile('D:\\xampp6\\htdocs\\project-jwt\\app\\Models\\cgserviceModel.php')
 3 SYSTEMPATH\Autoloader\Autoloader.php(266): CodeIgniter\Autoloader\Autoloader->loadInNamespace('App\\Models\\cgserviceModel')
 4 APPPATH\Controllers\ServiceController.php(21): CodeIgniter\Autoloader\Autoloader->loadClass('App\\Models\\cgserviceModel')
 5 SYSTEMPATH\CodeIgniter.php(915): App\Controllers\ServiceController->__construct()
 6 SYSTEMPATH\CodeIgniter.php(494): CodeIgniter\CodeIgniter->createController()
 7 SYSTEMPATH\CodeIgniter.php(361): CodeIgniter\CodeIgniter->handleRequest(null, Object(Config\Cache), false)
 8 FCPATH\index.php(79): CodeIgniter\CodeIgniter->run()
INFO - 2026-02-28 12:57:39 --> Session: Class initialized using 'CodeIgniter\Session\Handlers\FileHandler' driver.
WARNING - 2026-02-28 12:57:39 --> [DEPRECATED] Creation of dynamic property CodeIgniter\HTTP\IncomingRequest::$user is deprecated in APPPATH\Filters\JwtAuthWeb.php on line 32.
 1 SYSTEMPATH\Filters\Filters.php(182): App\Filters\JwtAuthWeb->before(Object(CodeIgniter\HTTP\IncomingRequest), null)
 2 SYSTEMPATH\CodeIgniter.php(475): CodeIgniter\Filters\Filters->run('printIndivReport/121', 'before')
 3 SYSTEMPATH\CodeIgniter.php(361): CodeIgniter\CodeIgniter->handleRequest(null, Object(Config\Cache), false)
 4 FCPATH\index.php(79): CodeIgniter\CodeIgniter->run()
WARNING - 2026-02-28 12:57:39 --> [DEPRECATED] Optional parameter $cg declared before required parameter $hcode is implicitly treated as a required parameter in APPPATH\Models\cgserviceModel.php on line 93.
 1 SYSTEMPATH\Autoloader\Autoloader.php(311): include_once('D:\\xampp6\\htdocs\\project-jwt\\vendor\\codeigniter4\\framework\\system\\Debug\\Exceptions.php')
 2 SYSTEMPATH\Autoloader\Autoloader.php(290): CodeIgniter\Autoloader\Autoloader->includeFile('D:\\xampp6\\htdocs\\project-jwt\\app\\Models\\cgserviceModel.php')
 3 SYSTEMPATH\Autoloader\Autoloader.php(266): CodeIgniter\Autoloader\Autoloader->loadInNamespace('App\\Models\\cgserviceModel')
 4 APPPATH\Controllers\ServiceController.php(21): CodeIgniter\Autoloader\Autoloader->loadClass('App\\Models\\cgserviceModel')
 5 SYSTEMPATH\CodeIgniter.php(915): App\Controllers\ServiceController->__construct()
 6 SYSTEMPATH\CodeIgniter.php(494): CodeIgniter\CodeIgniter->createController()
 7 SYSTEMPATH\CodeIgniter.php(361): CodeIgniter\CodeIgniter->handleRequest(null, Object(Config\Cache), false)
 8 FCPATH\index.php(79): CodeIgniter\CodeIgniter->run()
INFO - 2026-02-28 12:58:18 --> Session: Class initialized using 'CodeIgniter\Session\Handlers\FileHandler' driver.
WARNING - 2026-02-28 12:58:18 --> [DEPRECATED] Creation of dynamic property CodeIgniter\HTTP\IncomingRequest::$user is deprecated in APPPATH\Filters\JwtAuthWeb.php on line 32.
 1 SYSTEMPATH\Filters\Filters.php(182): App\Filters\JwtAuthWeb->before(Object(CodeIgniter\HTTP\IncomingRequest), null)
 2 SYSTEMPATH\CodeIgniter.php(475): CodeIgniter\Filters\Filters->run('printIndivReport/121', 'before')
 3 SYSTEMPATH\CodeIgniter.php(361): CodeIgniter\CodeIgniter->handleRequest(null, Object(Config\Cache), false)
 4 FCPATH\index.php(79): CodeIgniter\CodeIgniter->run()
WARNING - 2026-02-28 12:58:18 --> [DEPRECATED] Optional parameter $cg declared before required parameter $hcode is implicitly treated as a required parameter in APPPATH\Models\cgserviceModel.php on line 93.
 1 SYSTEMPATH\Autoloader\Autoloader.php(311): include_once('D:\\xampp6\\htdocs\\project-jwt\\vendor\\codeigniter4\\framework\\system\\Debug\\Exceptions.php')
 2 SYSTEMPATH\Autoloader\Autoloader.php(290): CodeIgniter\Autoloader\Autoloader->includeFile('D:\\xampp6\\htdocs\\project-jwt\\app\\Models\\cgserviceModel.php')
 3 SYSTEMPATH\Autoloader\Autoloader.php(266): CodeIgniter\Autoloader\Autoloader->loadInNamespace('App\\Models\\cgserviceModel')
 4 APPPATH\Controllers\ServiceController.php(21): CodeIgniter\Autoloader\Autoloader->loadClass('App\\Models\\cgserviceModel')
 5 SYSTEMPATH\CodeIgniter.php(915): App\Controllers\ServiceController->__construct()
 6 SYSTEMPATH\CodeIgniter.php(494): CodeIgniter\CodeIgniter->createController()
 7 SYSTEMPATH\CodeIgniter.php(361): CodeIgniter\CodeIgniter->handleRequest(null, Object(Config\Cache), false)
 8 FCPATH\index.php(79): CodeIgniter\CodeIgniter->run()
INFO - 2026-02-28 12:59:39 --> Session: Class initialized using 'CodeIgniter\Session\Handlers\FileHandler' driver.
WARNING - 2026-02-28 12:59:39 --> [DEPRECATED] Creation of dynamic property CodeIgniter\HTTP\IncomingRequest::$user is deprecated in APPPATH\Filters\JwtAuthWeb.php on line 32.
 1 SYSTEMPATH\Filters\Filters.php(182): App\Filters\JwtAuthWeb->before(Object(CodeIgniter\HTTP\IncomingRequest), null)
 2 SYSTEMPATH\CodeIgniter.php(475): CodeIgniter\Filters\Filters->run('printIndivReport/121', 'before')
 3 SYSTEMPATH\CodeIgniter.php(361): CodeIgniter\CodeIgniter->handleRequest(null, Object(Config\Cache), false)
 4 FCPATH\index.php(79): CodeIgniter\CodeIgniter->run()
WARNING - 2026-02-28 12:59:39 --> [DEPRECATED] Optional parameter $cg declared before required parameter $hcode is implicitly treated as a required parameter in APPPATH\Models\cgserviceModel.php on line 93.
 1 SYSTEMPATH\Autoloader\Autoloader.php(311): include_once('D:\\xampp6\\htdocs\\project-jwt\\vendor\\codeigniter4\\framework\\system\\Debug\\Exceptions.php')
 2 SYSTEMPATH\Autoloader\Autoloader.php(290): CodeIgniter\Autoloader\Autoloader->includeFile('D:\\xampp6\\htdocs\\project-jwt\\app\\Models\\cgserviceModel.php')
 3 SYSTEMPATH\Autoloader\Autoloader.php(266): CodeIgniter\Autoloader\Autoloader->loadInNamespace('App\\Models\\cgserviceModel')
 4 APPPATH\Controllers\ServiceController.php(21): CodeIgniter\Autoloader\Autoloader->loadClass('App\\Models\\cgserviceModel')
 5 SYSTEMPATH\CodeIgniter.php(915): App\Controllers\ServiceController->__construct()
 6 SYSTEMPATH\CodeIgniter.php(494): CodeIgniter\CodeIgniter->createController()
 7 SYSTEMPATH\CodeIgniter.php(361): CodeIgniter\CodeIgniter->handleRequest(null, Object(Config\Cache), false)
 8 FCPATH\index.php(79): CodeIgniter\CodeIgniter->run()
INFO - 2026-02-28 13:00:41 --> Session: Class initialized using 'CodeIgniter\Session\Handlers\FileHandler' driver.
WARNING - 2026-02-28 13:00:41 --> [DEPRECATED] Creation of dynamic property CodeIgniter\HTTP\IncomingRequest::$user is deprecated in APPPATH\Filters\JwtAuthWeb.php on line 32.
 1 SYSTEMPATH\Filters\Filters.php(182): App\Filters\JwtAuthWeb->before(Object(CodeIgniter\HTTP\IncomingRequest), null)
 2 SYSTEMPATH\CodeIgniter.php(475): CodeIgniter\Filters\Filters->run('printIndivReport/121', 'before')
 3 SYSTEMPATH\CodeIgniter.php(361): CodeIgniter\CodeIgniter->handleRequest(null, Object(Config\Cache), false)
 4 FCPATH\index.php(79): CodeIgniter\CodeIgniter->run()
WARNING - 2026-02-28 13:00:41 --> [DEPRECATED] Optional parameter $cg declared before required parameter $hcode is implicitly treated as a required parameter in APPPATH\Models\cgserviceModel.php on line 93.
 1 SYSTEMPATH\Autoloader\Autoloader.php(311): include_once('D:\\xampp6\\htdocs\\project-jwt\\vendor\\codeigniter4\\framework\\system\\Debug\\Exceptions.php')
 2 SYSTEMPATH\Autoloader\Autoloader.php(290): CodeIgniter\Autoloader\Autoloader->includeFile('D:\\xampp6\\htdocs\\project-jwt\\app\\Models\\cgserviceModel.php')
 3 SYSTEMPATH\Autoloader\Autoloader.php(266): CodeIgniter\Autoloader\Autoloader->loadInNamespace('App\\Models\\cgserviceModel')
 4 APPPATH\Controllers\ServiceController.php(21): CodeIgniter\Autoloader\Autoloader->loadClass('App\\Models\\cgserviceModel')
 5 SYSTEMPATH\CodeIgniter.php(915): App\Controllers\ServiceController->__construct()
 6 SYSTEMPATH\CodeIgniter.php(494): CodeIgniter\CodeIgniter->createController()
 7 SYSTEMPATH\CodeIgniter.php(361): CodeIgniter\CodeIgniter->handleRequest(null, Object(Config\Cache), false)
 8 FCPATH\index.php(79): CodeIgniter\CodeIgniter->run()
INFO - 2026-02-28 13:02:21 --> Session: Class initialized using 'CodeIgniter\Session\Handlers\FileHandler' driver.
WARNING - 2026-02-28 13:02:21 --> [DEPRECATED] Creation of dynamic property CodeIgniter\HTTP\IncomingRequest::$user is deprecated in APPPATH\Filters\JwtAuthWeb.php on line 32.
 1 SYSTEMPATH\Filters\Filters.php(182): App\Filters\JwtAuthWeb->before(Object(CodeIgniter\HTTP\IncomingRequest), null)
 2 SYSTEMPATH\CodeIgniter.php(475): CodeIgniter\Filters\Filters->run('printIndivReport/121', 'before')
 3 SYSTEMPATH\CodeIgniter.php(361): CodeIgniter\CodeIgniter->handleRequest(null, Object(Config\Cache), false)
 4 FCPATH\index.php(79): CodeIgniter\CodeIgniter->run()
WARNING - 2026-02-28 13:02:21 --> [DEPRECATED] Optional parameter $cg declared before required parameter $hcode is implicitly treated as a required parameter in APPPATH\Models\cgserviceModel.php on line 93.
 1 SYSTEMPATH\Autoloader\Autoloader.php(311): include_once('D:\\xampp6\\htdocs\\project-jwt\\vendor\\codeigniter4\\framework\\system\\Debug\\Exceptions.php')
 2 SYSTEMPATH\Autoloader\Autoloader.php(290): CodeIgniter\Autoloader\Autoloader->includeFile('D:\\xampp6\\htdocs\\project-jwt\\app\\Models\\cgserviceModel.php')
 3 SYSTEMPATH\Autoloader\Autoloader.php(266): CodeIgniter\Autoloader\Autoloader->loadInNamespace('App\\Models\\cgserviceModel')
 4 APPPATH\Controllers\ServiceController.php(21): CodeIgniter\Autoloader\Autoloader->loadClass('App\\Models\\cgserviceModel')
 5 SYSTEMPATH\CodeIgniter.php(915): App\Controllers\ServiceController->__construct()
 6 SYSTEMPATH\CodeIgniter.php(494): CodeIgniter\CodeIgniter->createController()
 7 SYSTEMPATH\CodeIgniter.php(361): CodeIgniter\CodeIgniter->handleRequest(null, Object(Config\Cache), false)
 8 FCPATH\index.php(79): CodeIgniter\CodeIgniter->run()
INFO - 2026-02-28 13:03:39 --> Session: Class initialized using 'CodeIgniter\Session\Handlers\FileHandler' driver.
WARNING - 2026-02-28 13:03:39 --> [DEPRECATED] Creation of dynamic property CodeIgniter\HTTP\IncomingRequest::$user is deprecated in APPPATH\Filters\JwtAuthWeb.php on line 32.
 1 SYSTEMPATH\Filters\Filters.php(182): App\Filters\JwtAuthWeb->before(Object(CodeIgniter\HTTP\IncomingRequest), null)
 2 SYSTEMPATH\CodeIgniter.php(475): CodeIgniter\Filters\Filters->run('printIndivReport/121', 'before')
 3 SYSTEMPATH\CodeIgniter.php(361): CodeIgniter\CodeIgniter->handleRequest(null, Object(Config\Cache), false)
 4 FCPATH\index.php(79): CodeIgniter\CodeIgniter->run()
WARNING - 2026-02-28 13:03:39 --> [DEPRECATED] Optional parameter $cg declared before required parameter $hcode is implicitly treated as a required parameter in APPPATH\Models\cgserviceModel.php on line 93.
 1 SYSTEMPATH\Autoloader\Autoloader.php(311): include_once('D:\\xampp6\\htdocs\\project-jwt\\vendor\\codeigniter4\\framework\\system\\Debug\\Exceptions.php')
 2 SYSTEMPATH\Autoloader\Autoloader.php(290): CodeIgniter\Autoloader\Autoloader->includeFile('D:\\xampp6\\htdocs\\project-jwt\\app\\Models\\cgserviceModel.php')
 3 SYSTEMPATH\Autoloader\Autoloader.php(266): CodeIgniter\Autoloader\Autoloader->loadInNamespace('App\\Models\\cgserviceModel')
 4 APPPATH\Controllers\ServiceController.php(21): CodeIgniter\Autoloader\Autoloader->loadClass('App\\Models\\cgserviceModel')
 5 SYSTEMPATH\CodeIgniter.php(915): App\Controllers\ServiceController->__construct()
 6 SYSTEMPATH\CodeIgniter.php(494): CodeIgniter\CodeIgniter->createController()
 7 SYSTEMPATH\CodeIgniter.php(361): CodeIgniter\CodeIgniter->handleRequest(null, Object(Config\Cache), false)
 8 FCPATH\index.php(79): CodeIgniter\CodeIgniter->run()
INFO - 2026-02-28 13:03:59 --> Session: Class initialized using 'CodeIgniter\Session\Handlers\FileHandler' driver.
WARNING - 2026-02-28 13:03:59 --> [DEPRECATED] Creation of dynamic property CodeIgniter\HTTP\IncomingRequest::$user is deprecated in APPPATH\Filters\JwtAuthWeb.php on line 32.
 1 SYSTEMPATH\Filters\Filters.php(182): App\Filters\JwtAuthWeb->before(Object(CodeIgniter\HTTP\IncomingRequest), null)
 2 SYSTEMPATH\CodeIgniter.php(475): CodeIgniter\Filters\Filters->run('printIndivReport/121', 'before')
 3 SYSTEMPATH\CodeIgniter.php(361): CodeIgniter\CodeIgniter->handleRequest(null, Object(Config\Cache), false)
 4 FCPATH\index.php(79): CodeIgniter\CodeIgniter->run()
WARNING - 2026-02-28 13:03:59 --> [DEPRECATED] Optional parameter $cg declared before required parameter $hcode is implicitly treated as a required parameter in APPPATH\Models\cgserviceModel.php on line 93.
 1 SYSTEMPATH\Autoloader\Autoloader.php(311): include_once('D:\\xampp6\\htdocs\\project-jwt\\vendor\\codeigniter4\\framework\\system\\Debug\\Exceptions.php')
 2 SYSTEMPATH\Autoloader\Autoloader.php(290): CodeIgniter\Autoloader\Autoloader->includeFile('D:\\xampp6\\htdocs\\project-jwt\\app\\Models\\cgserviceModel.php')
 3 SYSTEMPATH\Autoloader\Autoloader.php(266): CodeIgniter\Autoloader\Autoloader->loadInNamespace('App\\Models\\cgserviceModel')
 4 APPPATH\Controllers\ServiceController.php(21): CodeIgniter\Autoloader\Autoloader->loadClass('App\\Models\\cgserviceModel')
 5 SYSTEMPATH\CodeIgniter.php(915): App\Controllers\ServiceController->__construct()
 6 SYSTEMPATH\CodeIgniter.php(494): CodeIgniter\CodeIgniter->createController()
 7 SYSTEMPATH\CodeIgniter.php(361): CodeIgniter\CodeIgniter->handleRequest(null, Object(Config\Cache), false)
 8 FCPATH\index.php(79): CodeIgniter\CodeIgniter->run()
INFO - 2026-02-28 13:04:21 --> Session: Class initialized using 'CodeIgniter\Session\Handlers\FileHandler' driver.
WARNING - 2026-02-28 13:04:21 --> [DEPRECATED] Creation of dynamic property CodeIgniter\HTTP\IncomingRequest::$user is deprecated in APPPATH\Filters\JwtAuthWeb.php on line 32.
 1 SYSTEMPATH\Filters\Filters.php(182): App\Filters\JwtAuthWeb->before(Object(CodeIgniter\HTTP\IncomingRequest), null)
 2 SYSTEMPATH\CodeIgniter.php(475): CodeIgniter\Filters\Filters->run('printIndivReport/121', 'before')
 3 SYSTEMPATH\CodeIgniter.php(361): CodeIgniter\CodeIgniter->handleRequest(null, Object(Config\Cache), false)
 4 FCPATH\index.php(79): CodeIgniter\CodeIgniter->run()
WARNING - 2026-02-28 13:04:21 --> [DEPRECATED] Optional parameter $cg declared before required parameter $hcode is implicitly treated as a required parameter in APPPATH\Models\cgserviceModel.php on line 93.
 1 SYSTEMPATH\Autoloader\Autoloader.php(311): include_once('D:\\xampp6\\htdocs\\project-jwt\\vendor\\codeigniter4\\framework\\system\\Debug\\Exceptions.php')
 2 SYSTEMPATH\Autoloader\Autoloader.php(290): CodeIgniter\Autoloader\Autoloader->includeFile('D:\\xampp6\\htdocs\\project-jwt\\app\\Models\\cgserviceModel.php')
 3 SYSTEMPATH\Autoloader\Autoloader.php(266): CodeIgniter\Autoloader\Autoloader->loadInNamespace('App\\Models\\cgserviceModel')
 4 APPPATH\Controllers\ServiceController.php(21): CodeIgniter\Autoloader\Autoloader->loadClass('App\\Models\\cgserviceModel')
 5 SYSTEMPATH\CodeIgniter.php(915): App\Controllers\ServiceController->__construct()
 6 SYSTEMPATH\CodeIgniter.php(494): CodeIgniter\CodeIgniter->createController()
 7 SYSTEMPATH\CodeIgniter.php(361): CodeIgniter\CodeIgniter->handleRequest(null, Object(Config\Cache), false)
 8 FCPATH\index.php(79): CodeIgniter\CodeIgniter->run()
INFO - 2026-02-28 13:04:58 --> Session: Class initialized using 'CodeIgniter\Session\Handlers\FileHandler' driver.
WARNING - 2026-02-28 13:04:58 --> [DEPRECATED] Creation of dynamic property CodeIgniter\HTTP\IncomingRequest::$user is deprecated in APPPATH\Filters\JwtAuthWeb.php on line 32.
 1 SYSTEMPATH\Filters\Filters.php(182): App\Filters\JwtAuthWeb->before(Object(CodeIgniter\HTTP\IncomingRequest), null)
 2 SYSTEMPATH\CodeIgniter.php(475): CodeIgniter\Filters\Filters->run('service-page', 'before')
 3 SYSTEMPATH\CodeIgniter.php(361): CodeIgniter\CodeIgniter->handleRequest(null, Object(Config\Cache), false)
 4 FCPATH\index.php(79): CodeIgniter\CodeIgniter->run()
WARNING - 2026-02-28 13:04:58 --> [DEPRECATED] Optional parameter $cg declared before required parameter $hcode is implicitly treated as a required parameter in APPPATH\Models\cgserviceModel.php on line 93.
 1 SYSTEMPATH\Autoloader\Autoloader.php(311): include_once('D:\\xampp6\\htdocs\\project-jwt\\vendor\\codeigniter4\\framework\\system\\Debug\\Exceptions.php')
 2 SYSTEMPATH\Autoloader\Autoloader.php(290): CodeIgniter\Autoloader\Autoloader->includeFile('D:\\xampp6\\htdocs\\project-jwt\\app\\Models\\cgserviceModel.php')
 3 SYSTEMPATH\Autoloader\Autoloader.php(266): CodeIgniter\Autoloader\Autoloader->loadInNamespace('App\\Models\\cgserviceModel')
 4 APPPATH\Controllers\ServiceController.php(21): CodeIgniter\Autoloader\Autoloader->loadClass('App\\Models\\cgserviceModel')
 5 SYSTEMPATH\CodeIgniter.php(915): App\Controllers\ServiceController->__construct()
 6 SYSTEMPATH\CodeIgniter.php(494): CodeIgniter\CodeIgniter->createController()
 7 SYSTEMPATH\CodeIgniter.php(361): CodeIgniter\CodeIgniter->handleRequest(null, Object(Config\Cache), false)
 8 FCPATH\index.php(79): CodeIgniter\CodeIgniter->run()
WARNING - 2026-02-28 13:04:58 --> [DEPRECATED] Creation of dynamic property CodeIgniter\HTTP\IncomingRequest::$user is deprecated in APPPATH\Filters\JwtAuth.php on line 47.
 1 SYSTEMPATH\Filters\Filters.php(182): App\Filters\JwtAuth->before(Object(CodeIgniter\HTTP\IncomingRequest), null)
 2 SYSTEMPATH\CodeIgniter.php(475): CodeIgniter\Filters\Filters->run('api/profile', 'before')
 3 SYSTEMPATH\CodeIgniter.php(361): CodeIgniter\CodeIgniter->handleRequest(null, Object(Config\Cache), false)
 4 FCPATH\index.php(79): CodeIgniter\CodeIgniter->run()
INFO - 2026-02-28 13:05:01 --> Session: Class initialized using 'CodeIgniter\Session\Handlers\FileHandler' driver.
WARNING - 2026-02-28 13:05:01 --> [DEPRECATED] Creation of dynamic property CodeIgniter\HTTP\IncomingRequest::$user is deprecated in APPPATH\Filters\JwtAuthWeb.php on line 32.
 1 SYSTEMPATH\Filters\Filters.php(182): App\Filters\JwtAuthWeb->before(Object(CodeIgniter\HTTP\IncomingRequest), null)
 2 SYSTEMPATH\CodeIgniter.php(475): CodeIgniter\Filters\Filters->run('cgServicerep', 'before')
 3 SYSTEMPATH\CodeIgniter.php(361): CodeIgniter\CodeIgniter->handleRequest(null, Object(Config\Cache), false)
 4 FCPATH\index.php(79): CodeIgniter\CodeIgniter->run()
WARNING - 2026-02-28 13:05:01 --> [DEPRECATED] Optional parameter $cg declared before required parameter $hcode is implicitly treated as a required parameter in APPPATH\Models\cgserviceModel.php on line 93.
 1 SYSTEMPATH\Autoloader\Autoloader.php(311): include_once('D:\\xampp6\\htdocs\\project-jwt\\vendor\\codeigniter4\\framework\\system\\Debug\\Exceptions.php')
 2 SYSTEMPATH\Autoloader\Autoloader.php(290): CodeIgniter\Autoloader\Autoloader->includeFile('D:\\xampp6\\htdocs\\project-jwt\\app\\Models\\cgserviceModel.php')
 3 SYSTEMPATH\Autoloader\Autoloader.php(266): CodeIgniter\Autoloader\Autoloader->loadInNamespace('App\\Models\\cgserviceModel')
 4 APPPATH\Controllers\ServiceController.php(21): CodeIgniter\Autoloader\Autoloader->loadClass('App\\Models\\cgserviceModel')
 5 SYSTEMPATH\CodeIgniter.php(915): App\Controllers\ServiceController->__construct()
 6 SYSTEMPATH\CodeIgniter.php(494): CodeIgniter\CodeIgniter->createController()
 7 SYSTEMPATH\CodeIgniter.php(361): CodeIgniter\CodeIgniter->handleRequest(null, Object(Config\Cache), false)
 8 FCPATH\index.php(79): CodeIgniter\CodeIgniter->run()
INFO - 2026-02-28 13:05:05 --> Session: Class initialized using 'CodeIgniter\Session\Handlers\FileHandler' driver.
WARNING - 2026-02-28 13:05:05 --> [DEPRECATED] Creation of dynamic property CodeIgniter\HTTP\IncomingRequest::$user is deprecated in APPPATH\Filters\JwtAuthWeb.php on line 32.
 1 SYSTEMPATH\Filters\Filters.php(182): App\Filters\JwtAuthWeb->before(Object(CodeIgniter\HTTP\IncomingRequest), null)
 2 SYSTEMPATH\CodeIgniter.php(475): CodeIgniter\Filters\Filters->run('ltc-view-details/121/2026/2', 'before')
 3 SYSTEMPATH\CodeIgniter.php(361): CodeIgniter\CodeIgniter->handleRequest(null, Object(Config\Cache), false)
 4 FCPATH\index.php(79): CodeIgniter\CodeIgniter->run()
WARNING - 2026-02-28 13:05:05 --> [DEPRECATED] Optional parameter $cg declared before required parameter $hcode is implicitly treated as a required parameter in APPPATH\Models\cgserviceModel.php on line 93.
 1 SYSTEMPATH\Autoloader\Autoloader.php(311): include_once('D:\\xampp6\\htdocs\\project-jwt\\vendor\\codeigniter4\\framework\\system\\Debug\\Exceptions.php')
 2 SYSTEMPATH\Autoloader\Autoloader.php(290): CodeIgniter\Autoloader\Autoloader->includeFile('D:\\xampp6\\htdocs\\project-jwt\\app\\Models\\cgserviceModel.php')
 3 SYSTEMPATH\Autoloader\Autoloader.php(266): CodeIgniter\Autoloader\Autoloader->loadInNamespace('App\\Models\\cgserviceModel')
 4 APPPATH\Controllers\ServiceController.php(21): CodeIgniter\Autoloader\Autoloader->loadClass('App\\Models\\cgserviceModel')
 5 SYSTEMPATH\CodeIgniter.php(915): App\Controllers\ServiceController->__construct()
 6 SYSTEMPATH\CodeIgniter.php(494): CodeIgniter\CodeIgniter->createController()
 7 SYSTEMPATH\CodeIgniter.php(361): CodeIgniter\CodeIgniter->handleRequest(null, Object(Config\Cache), false)
 8 FCPATH\index.php(79): CodeIgniter\CodeIgniter->run()
WARNING - 2026-02-28 13:05:06 --> [DEPRECATED] Creation of dynamic property CodeIgniter\HTTP\IncomingRequest::$user is deprecated in APPPATH\Filters\JwtAuth.php on line 47.
 1 SYSTEMPATH\Filters\Filters.php(182): App\Filters\JwtAuth->before(Object(CodeIgniter\HTTP\IncomingRequest), null)
 2 SYSTEMPATH\CodeIgniter.php(475): CodeIgniter\Filters\Filters->run('api/profile', 'before')
 3 SYSTEMPATH\CodeIgniter.php(361): CodeIgniter\CodeIgniter->handleRequest(null, Object(Config\Cache), false)
 4 FCPATH\index.php(79): CodeIgniter\CodeIgniter->run()
INFO - 2026-02-28 13:05:07 --> Session: Class initialized using 'CodeIgniter\Session\Handlers\FileHandler' driver.
WARNING - 2026-02-28 13:05:07 --> [DEPRECATED] Creation of dynamic property CodeIgniter\HTTP\IncomingRequest::$user is deprecated in APPPATH\Filters\JwtAuthWeb.php on line 32.
 1 SYSTEMPATH\Filters\Filters.php(182): App\Filters\JwtAuthWeb->before(Object(CodeIgniter\HTTP\IncomingRequest), null)
 2 SYSTEMPATH\CodeIgniter.php(475): CodeIgniter\Filters\Filters->run('getCGservice', 'before')
 3 SYSTEMPATH\CodeIgniter.php(361): CodeIgniter\CodeIgniter->handleRequest(null, Object(Config\Cache), false)
 4 FCPATH\index.php(79): CodeIgniter\CodeIgniter->run()
WARNING - 2026-02-28 13:05:07 --> [DEPRECATED] Optional parameter $cg declared before required parameter $hcode is implicitly treated as a required parameter in APPPATH\Models\cgserviceModel.php on line 93.
 1 SYSTEMPATH\Autoloader\Autoloader.php(311): include_once('D:\\xampp6\\htdocs\\project-jwt\\vendor\\codeigniter4\\framework\\system\\Debug\\Exceptions.php')
 2 SYSTEMPATH\Autoloader\Autoloader.php(290): CodeIgniter\Autoloader\Autoloader->includeFile('D:\\xampp6\\htdocs\\project-jwt\\app\\Models\\cgserviceModel.php')
 3 SYSTEMPATH\Autoloader\Autoloader.php(266): CodeIgniter\Autoloader\Autoloader->loadInNamespace('App\\Models\\cgserviceModel')
 4 APPPATH\Controllers\ServiceController.php(21): CodeIgniter\Autoloader\Autoloader->loadClass('App\\Models\\cgserviceModel')
 5 SYSTEMPATH\CodeIgniter.php(915): App\Controllers\ServiceController->__construct()
 6 SYSTEMPATH\CodeIgniter.php(494): CodeIgniter\CodeIgniter->createController()
 7 SYSTEMPATH\CodeIgniter.php(361): CodeIgniter\CodeIgniter->handleRequest(null, Object(Config\Cache), false)
 8 FCPATH\index.php(79): CodeIgniter\CodeIgniter->run()
INFO - 2026-02-28 13:05:10 --> Session: Class initialized using 'CodeIgniter\Session\Handlers\FileHandler' driver.
WARNING - 2026-02-28 13:05:10 --> [DEPRECATED] Creation of dynamic property CodeIgniter\HTTP\IncomingRequest::$user is deprecated in APPPATH\Filters\JwtAuthWeb.php on line 32.
 1 SYSTEMPATH\Filters\Filters.php(182): App\Filters\JwtAuthWeb->before(Object(CodeIgniter\HTTP\IncomingRequest), null)
 2 SYSTEMPATH\CodeIgniter.php(475): CodeIgniter\Filters\Filters->run('service-page', 'before')
 3 SYSTEMPATH\CodeIgniter.php(361): CodeIgniter\CodeIgniter->handleRequest(null, Object(Config\Cache), false)
 4 FCPATH\index.php(79): CodeIgniter\CodeIgniter->run()
WARNING - 2026-02-28 13:05:10 --> [DEPRECATED] Optional parameter $cg declared before required parameter $hcode is implicitly treated as a required parameter in APPPATH\Models\cgserviceModel.php on line 93.
 1 SYSTEMPATH\Autoloader\Autoloader.php(311): include_once('D:\\xampp6\\htdocs\\project-jwt\\vendor\\codeigniter4\\framework\\system\\Debug\\Exceptions.php')
 2 SYSTEMPATH\Autoloader\Autoloader.php(290): CodeIgniter\Autoloader\Autoloader->includeFile('D:\\xampp6\\htdocs\\project-jwt\\app\\Models\\cgserviceModel.php')
 3 SYSTEMPATH\Autoloader\Autoloader.php(266): CodeIgniter\Autoloader\Autoloader->loadInNamespace('App\\Models\\cgserviceModel')
 4 APPPATH\Controllers\ServiceController.php(21): CodeIgniter\Autoloader\Autoloader->loadClass('App\\Models\\cgserviceModel')
 5 SYSTEMPATH\CodeIgniter.php(915): App\Controllers\ServiceController->__construct()
 6 SYSTEMPATH\CodeIgniter.php(494): CodeIgniter\CodeIgniter->createController()
 7 SYSTEMPATH\CodeIgniter.php(361): CodeIgniter\CodeIgniter->handleRequest(null, Object(Config\Cache), false)
 8 FCPATH\index.php(79): CodeIgniter\CodeIgniter->run()
WARNING - 2026-02-28 13:05:10 --> [DEPRECATED] Creation of dynamic property CodeIgniter\HTTP\IncomingRequest::$user is deprecated in APPPATH\Filters\JwtAuth.php on line 47.
 1 SYSTEMPATH\Filters\Filters.php(182): App\Filters\JwtAuth->before(Object(CodeIgniter\HTTP\IncomingRequest), null)
 2 SYSTEMPATH\CodeIgniter.php(475): CodeIgniter\Filters\Filters->run('api/profile', 'before')
 3 SYSTEMPATH\CodeIgniter.php(361): CodeIgniter\CodeIgniter->handleRequest(null, Object(Config\Cache), false)
 4 FCPATH\index.php(79): CodeIgniter\CodeIgniter->run()
INFO - 2026-02-28 13:05:11 --> Session: Class initialized using 'CodeIgniter\Session\Handlers\FileHandler' driver.
WARNING - 2026-02-28 13:05:11 --> [DEPRECATED] Creation of dynamic property CodeIgniter\HTTP\IncomingRequest::$user is deprecated in APPPATH\Filters\JwtAuthWeb.php on line 32.
 1 SYSTEMPATH\Filters\Filters.php(182): App\Filters\JwtAuthWeb->before(Object(CodeIgniter\HTTP\IncomingRequest), null)
 2 SYSTEMPATH\CodeIgniter.php(475): CodeIgniter\Filters\Filters->run('cgServicerep', 'before')
 3 SYSTEMPATH\CodeIgniter.php(361): CodeIgniter\CodeIgniter->handleRequest(null, Object(Config\Cache), false)
 4 FCPATH\index.php(79): CodeIgniter\CodeIgniter->run()
WARNING - 2026-02-28 13:05:11 --> [DEPRECATED] Optional parameter $cg declared before required parameter $hcode is implicitly treated as a required parameter in APPPATH\Models\cgserviceModel.php on line 93.
 1 SYSTEMPATH\Autoloader\Autoloader.php(311): include_once('D:\\xampp6\\htdocs\\project-jwt\\vendor\\codeigniter4\\framework\\system\\Debug\\Exceptions.php')
 2 SYSTEMPATH\Autoloader\Autoloader.php(290): CodeIgniter\Autoloader\Autoloader->includeFile('D:\\xampp6\\htdocs\\project-jwt\\app\\Models\\cgserviceModel.php')
 3 SYSTEMPATH\Autoloader\Autoloader.php(266): CodeIgniter\Autoloader\Autoloader->loadInNamespace('App\\Models\\cgserviceModel')
 4 APPPATH\Controllers\ServiceController.php(21): CodeIgniter\Autoloader\Autoloader->loadClass('App\\Models\\cgserviceModel')
 5 SYSTEMPATH\CodeIgniter.php(915): App\Controllers\ServiceController->__construct()
 6 SYSTEMPATH\CodeIgniter.php(494): CodeIgniter\CodeIgniter->createController()
 7 SYSTEMPATH\CodeIgniter.php(361): CodeIgniter\CodeIgniter->handleRequest(null, Object(Config\Cache), false)
 8 FCPATH\index.php(79): CodeIgniter\CodeIgniter->run()
INFO - 2026-02-28 13:05:14 --> Session: Class initialized using 'CodeIgniter\Session\Handlers\FileHandler' driver.
WARNING - 2026-02-28 13:05:14 --> [DEPRECATED] Creation of dynamic property CodeIgniter\HTTP\IncomingRequest::$user is deprecated in APPPATH\Filters\JwtAuthWeb.php on line 32.
 1 SYSTEMPATH\Filters\Filters.php(182): App\Filters\JwtAuthWeb->before(Object(CodeIgniter\HTTP\IncomingRequest), null)
 2 SYSTEMPATH\CodeIgniter.php(475): CodeIgniter\Filters\Filters->run('ltc-view-details/121/2026/2', 'before')
 3 SYSTEMPATH\CodeIgniter.php(361): CodeIgniter\CodeIgniter->handleRequest(null, Object(Config\Cache), false)
 4 FCPATH\index.php(79): CodeIgniter\CodeIgniter->run()
WARNING - 2026-02-28 13:05:14 --> [DEPRECATED] Optional parameter $cg declared before required parameter $hcode is implicitly treated as a required parameter in APPPATH\Models\cgserviceModel.php on line 93.
 1 SYSTEMPATH\Autoloader\Autoloader.php(311): include_once('D:\\xampp6\\htdocs\\project-jwt\\vendor\\codeigniter4\\framework\\system\\Debug\\Exceptions.php')
 2 SYSTEMPATH\Autoloader\Autoloader.php(290): CodeIgniter\Autoloader\Autoloader->includeFile('D:\\xampp6\\htdocs\\project-jwt\\app\\Models\\cgserviceModel.php')
 3 SYSTEMPATH\Autoloader\Autoloader.php(266): CodeIgniter\Autoloader\Autoloader->loadInNamespace('App\\Models\\cgserviceModel')
 4 APPPATH\Controllers\ServiceController.php(21): CodeIgniter\Autoloader\Autoloader->loadClass('App\\Models\\cgserviceModel')
 5 SYSTEMPATH\CodeIgniter.php(915): App\Controllers\ServiceController->__construct()
 6 SYSTEMPATH\CodeIgniter.php(494): CodeIgniter\CodeIgniter->createController()
 7 SYSTEMPATH\CodeIgniter.php(361): CodeIgniter\CodeIgniter->handleRequest(null, Object(Config\Cache), false)
 8 FCPATH\index.php(79): CodeIgniter\CodeIgniter->run()
WARNING - 2026-02-28 13:05:15 --> [DEPRECATED] Creation of dynamic property CodeIgniter\HTTP\IncomingRequest::$user is deprecated in APPPATH\Filters\JwtAuth.php on line 47.
 1 SYSTEMPATH\Filters\Filters.php(182): App\Filters\JwtAuth->before(Object(CodeIgniter\HTTP\IncomingRequest), null)
 2 SYSTEMPATH\CodeIgniter.php(475): CodeIgniter\Filters\Filters->run('api/profile', 'before')
 3 SYSTEMPATH\CodeIgniter.php(361): CodeIgniter\CodeIgniter->handleRequest(null, Object(Config\Cache), false)
 4 FCPATH\index.php(79): CodeIgniter\CodeIgniter->run()
INFO - 2026-02-28 13:05:16 --> Session: Class initialized using 'CodeIgniter\Session\Handlers\FileHandler' driver.
WARNING - 2026-02-28 13:05:16 --> [DEPRECATED] Creation of dynamic property CodeIgniter\HTTP\IncomingRequest::$user is deprecated in APPPATH\Filters\JwtAuthWeb.php on line 32.
 1 SYSTEMPATH\Filters\Filters.php(182): App\Filters\JwtAuthWeb->before(Object(CodeIgniter\HTTP\IncomingRequest), null)
 2 SYSTEMPATH\CodeIgniter.php(475): CodeIgniter\Filters\Filters->run('getCGservice', 'before')
 3 SYSTEMPATH\CodeIgniter.php(361): CodeIgniter\CodeIgniter->handleRequest(null, Object(Config\Cache), false)
 4 FCPATH\index.php(79): CodeIgniter\CodeIgniter->run()
WARNING - 2026-02-28 13:05:16 --> [DEPRECATED] Optional parameter $cg declared before required parameter $hcode is implicitly treated as a required parameter in APPPATH\Models\cgserviceModel.php on line 93.
 1 SYSTEMPATH\Autoloader\Autoloader.php(311): include_once('D:\\xampp6\\htdocs\\project-jwt\\vendor\\codeigniter4\\framework\\system\\Debug\\Exceptions.php')
 2 SYSTEMPATH\Autoloader\Autoloader.php(290): CodeIgniter\Autoloader\Autoloader->includeFile('D:\\xampp6\\htdocs\\project-jwt\\app\\Models\\cgserviceModel.php')
 3 SYSTEMPATH\Autoloader\Autoloader.php(266): CodeIgniter\Autoloader\Autoloader->loadInNamespace('App\\Models\\cgserviceModel')
 4 APPPATH\Controllers\ServiceController.php(21): CodeIgniter\Autoloader\Autoloader->loadClass('App\\Models\\cgserviceModel')
 5 SYSTEMPATH\CodeIgniter.php(915): App\Controllers\ServiceController->__construct()
 6 SYSTEMPATH\CodeIgniter.php(494): CodeIgniter\CodeIgniter->createController()
 7 SYSTEMPATH\CodeIgniter.php(361): CodeIgniter\CodeIgniter->handleRequest(null, Object(Config\Cache), false)
 8 FCPATH\index.php(79): CodeIgniter\CodeIgniter->run()
INFO - 2026-02-28 13:05:18 --> Session: Class initialized using 'CodeIgniter\Session\Handlers\FileHandler' driver.
WARNING - 2026-02-28 13:05:18 --> [DEPRECATED] Creation of dynamic property CodeIgniter\HTTP\IncomingRequest::$user is deprecated in APPPATH\Filters\JwtAuthWeb.php on line 32.
 1 SYSTEMPATH\Filters\Filters.php(182): App\Filters\JwtAuthWeb->before(Object(CodeIgniter\HTTP\IncomingRequest), null)
 2 SYSTEMPATH\CodeIgniter.php(475): CodeIgniter\Filters\Filters->run('service-page', 'before')
 3 SYSTEMPATH\CodeIgniter.php(361): CodeIgniter\CodeIgniter->handleRequest(null, Object(Config\Cache), false)
 4 FCPATH\index.php(79): CodeIgniter\CodeIgniter->run()
WARNING - 2026-02-28 13:05:18 --> [DEPRECATED] Optional parameter $cg declared before required parameter $hcode is implicitly treated as a required parameter in APPPATH\Models\cgserviceModel.php on line 93.
 1 SYSTEMPATH\Autoloader\Autoloader.php(311): include_once('D:\\xampp6\\htdocs\\project-jwt\\vendor\\codeigniter4\\framework\\system\\Debug\\Exceptions.php')
 2 SYSTEMPATH\Autoloader\Autoloader.php(290): CodeIgniter\Autoloader\Autoloader->includeFile('D:\\xampp6\\htdocs\\project-jwt\\app\\Models\\cgserviceModel.php')
 3 SYSTEMPATH\Autoloader\Autoloader.php(266): CodeIgniter\Autoloader\Autoloader->loadInNamespace('App\\Models\\cgserviceModel')
 4 APPPATH\Controllers\ServiceController.php(21): CodeIgniter\Autoloader\Autoloader->loadClass('App\\Models\\cgserviceModel')
 5 SYSTEMPATH\CodeIgniter.php(915): App\Controllers\ServiceController->__construct()
 6 SYSTEMPATH\CodeIgniter.php(494): CodeIgniter\CodeIgniter->createController()
 7 SYSTEMPATH\CodeIgniter.php(361): CodeIgniter\CodeIgniter->handleRequest(null, Object(Config\Cache), false)
 8 FCPATH\index.php(79): CodeIgniter\CodeIgniter->run()
WARNING - 2026-02-28 13:05:18 --> [DEPRECATED] Creation of dynamic property CodeIgniter\HTTP\IncomingRequest::$user is deprecated in APPPATH\Filters\JwtAuth.php on line 47.
 1 SYSTEMPATH\Filters\Filters.php(182): App\Filters\JwtAuth->before(Object(CodeIgniter\HTTP\IncomingRequest), null)
 2 SYSTEMPATH\CodeIgniter.php(475): CodeIgniter\Filters\Filters->run('api/profile', 'before')
 3 SYSTEMPATH\CodeIgniter.php(361): CodeIgniter\CodeIgniter->handleRequest(null, Object(Config\Cache), false)
 4 FCPATH\index.php(79): CodeIgniter\CodeIgniter->run()
INFO - 2026-02-28 13:05:19 --> Session: Class initialized using 'CodeIgniter\Session\Handlers\FileHandler' driver.
WARNING - 2026-02-28 13:05:19 --> [DEPRECATED] Creation of dynamic property CodeIgniter\HTTP\IncomingRequest::$user is deprecated in APPPATH\Filters\JwtAuthWeb.php on line 32.
 1 SYSTEMPATH\Filters\Filters.php(182): App\Filters\JwtAuthWeb->before(Object(CodeIgniter\HTTP\IncomingRequest), null)
 2 SYSTEMPATH\CodeIgniter.php(475): CodeIgniter\Filters\Filters->run('cgServicerep', 'before')
 3 SYSTEMPATH\CodeIgniter.php(361): CodeIgniter\CodeIgniter->handleRequest(null, Object(Config\Cache), false)
 4 FCPATH\index.php(79): CodeIgniter\CodeIgniter->run()
WARNING - 2026-02-28 13:05:19 --> [DEPRECATED] Optional parameter $cg declared before required parameter $hcode is implicitly treated as a required parameter in APPPATH\Models\cgserviceModel.php on line 93.
 1 SYSTEMPATH\Autoloader\Autoloader.php(311): include_once('D:\\xampp6\\htdocs\\project-jwt\\vendor\\codeigniter4\\framework\\system\\Debug\\Exceptions.php')
 2 SYSTEMPATH\Autoloader\Autoloader.php(290): CodeIgniter\Autoloader\Autoloader->includeFile('D:\\xampp6\\htdocs\\project-jwt\\app\\Models\\cgserviceModel.php')
 3 SYSTEMPATH\Autoloader\Autoloader.php(266): CodeIgniter\Autoloader\Autoloader->loadInNamespace('App\\Models\\cgserviceModel')
 4 APPPATH\Controllers\ServiceController.php(21): CodeIgniter\Autoloader\Autoloader->loadClass('App\\Models\\cgserviceModel')
 5 SYSTEMPATH\CodeIgniter.php(915): App\Controllers\ServiceController->__construct()
 6 SYSTEMPATH\CodeIgniter.php(494): CodeIgniter\CodeIgniter->createController()
 7 SYSTEMPATH\CodeIgniter.php(361): CodeIgniter\CodeIgniter->handleRequest(null, Object(Config\Cache), false)
 8 FCPATH\index.php(79): CodeIgniter\CodeIgniter->run()
INFO - 2026-02-28 13:05:21 --> Session: Class initialized using 'CodeIgniter\Session\Handlers\FileHandler' driver.
WARNING - 2026-02-28 13:05:21 --> [DEPRECATED] Creation of dynamic property CodeIgniter\HTTP\IncomingRequest::$user is deprecated in APPPATH\Filters\JwtAuthWeb.php on line 32.
 1 SYSTEMPATH\Filters\Filters.php(182): App\Filters\JwtAuthWeb->before(Object(CodeIgniter\HTTP\IncomingRequest), null)
 2 SYSTEMPATH\CodeIgniter.php(475): CodeIgniter\Filters\Filters->run('ltc-view-details/188/2026/2', 'before')
 3 SYSTEMPATH\CodeIgniter.php(361): CodeIgniter\CodeIgniter->handleRequest(null, Object(Config\Cache), false)
 4 FCPATH\index.php(79): CodeIgniter\CodeIgniter->run()
WARNING - 2026-02-28 13:05:21 --> [DEPRECATED] Optional parameter $cg declared before required parameter $hcode is implicitly treated as a required parameter in APPPATH\Models\cgserviceModel.php on line 93.
 1 SYSTEMPATH\Autoloader\Autoloader.php(311): include_once('D:\\xampp6\\htdocs\\project-jwt\\vendor\\codeigniter4\\framework\\system\\Debug\\Exceptions.php')
 2 SYSTEMPATH\Autoloader\Autoloader.php(290): CodeIgniter\Autoloader\Autoloader->includeFile('D:\\xampp6\\htdocs\\project-jwt\\app\\Models\\cgserviceModel.php')
 3 SYSTEMPATH\Autoloader\Autoloader.php(266): CodeIgniter\Autoloader\Autoloader->loadInNamespace('App\\Models\\cgserviceModel')
 4 APPPATH\Controllers\ServiceController.php(21): CodeIgniter\Autoloader\Autoloader->loadClass('App\\Models\\cgserviceModel')
 5 SYSTEMPATH\CodeIgniter.php(915): App\Controllers\ServiceController->__construct()
 6 SYSTEMPATH\CodeIgniter.php(494): CodeIgniter\CodeIgniter->createController()
 7 SYSTEMPATH\CodeIgniter.php(361): CodeIgniter\CodeIgniter->handleRequest(null, Object(Config\Cache), false)
 8 FCPATH\index.php(79): CodeIgniter\CodeIgniter->run()
WARNING - 2026-02-28 13:05:22 --> [DEPRECATED] Creation of dynamic property CodeIgniter\HTTP\IncomingRequest::$user is deprecated in APPPATH\Filters\JwtAuth.php on line 47.
 1 SYSTEMPATH\Filters\Filters.php(182): App\Filters\JwtAuth->before(Object(CodeIgniter\HTTP\IncomingRequest), null)
 2 SYSTEMPATH\CodeIgniter.php(475): CodeIgniter\Filters\Filters->run('api/profile', 'before')
 3 SYSTEMPATH\CodeIgniter.php(361): CodeIgniter\CodeIgniter->handleRequest(null, Object(Config\Cache), false)
 4 FCPATH\index.php(79): CodeIgniter\CodeIgniter->run()
INFO - 2026-02-28 13:05:23 --> Session: Class initialized using 'CodeIgniter\Session\Handlers\FileHandler' driver.
WARNING - 2026-02-28 13:05:23 --> [DEPRECATED] Creation of dynamic property CodeIgniter\HTTP\IncomingRequest::$user is deprecated in APPPATH\Filters\JwtAuthWeb.php on line 32.
 1 SYSTEMPATH\Filters\Filters.php(182): App\Filters\JwtAuthWeb->before(Object(CodeIgniter\HTTP\IncomingRequest), null)
 2 SYSTEMPATH\CodeIgniter.php(475): CodeIgniter\Filters\Filters->run('getCGservice', 'before')
 3 SYSTEMPATH\CodeIgniter.php(361): CodeIgniter\CodeIgniter->handleRequest(null, Object(Config\Cache), false)
 4 FCPATH\index.php(79): CodeIgniter\CodeIgniter->run()
WARNING - 2026-02-28 13:05:23 --> [DEPRECATED] Optional parameter $cg declared before required parameter $hcode is implicitly treated as a required parameter in APPPATH\Models\cgserviceModel.php on line 93.
 1 SYSTEMPATH\Autoloader\Autoloader.php(311): include_once('D:\\xampp6\\htdocs\\project-jwt\\vendor\\codeigniter4\\framework\\system\\Debug\\Exceptions.php')
 2 SYSTEMPATH\Autoloader\Autoloader.php(290): CodeIgniter\Autoloader\Autoloader->includeFile('D:\\xampp6\\htdocs\\project-jwt\\app\\Models\\cgserviceModel.php')
 3 SYSTEMPATH\Autoloader\Autoloader.php(266): CodeIgniter\Autoloader\Autoloader->loadInNamespace('App\\Models\\cgserviceModel')
 4 APPPATH\Controllers\ServiceController.php(21): CodeIgniter\Autoloader\Autoloader->loadClass('App\\Models\\cgserviceModel')
 5 SYSTEMPATH\CodeIgniter.php(915): App\Controllers\ServiceController->__construct()
 6 SYSTEMPATH\CodeIgniter.php(494): CodeIgniter\CodeIgniter->createController()
 7 SYSTEMPATH\CodeIgniter.php(361): CodeIgniter\CodeIgniter->handleRequest(null, Object(Config\Cache), false)
 8 FCPATH\index.php(79): CodeIgniter\CodeIgniter->run()
INFO - 2026-02-28 13:05:29 --> Session: Class initialized using 'CodeIgniter\Session\Handlers\FileHandler' driver.
WARNING - 2026-02-28 13:05:29 --> [DEPRECATED] Creation of dynamic property CodeIgniter\HTTP\IncomingRequest::$user is deprecated in APPPATH\Filters\JwtAuthWeb.php on line 32.
 1 SYSTEMPATH\Filters\Filters.php(182): App\Filters\JwtAuthWeb->before(Object(CodeIgniter\HTTP\IncomingRequest), null)
 2 SYSTEMPATH\CodeIgniter.php(475): CodeIgniter\Filters\Filters->run('updateCmcomment', 'before')
 3 SYSTEMPATH\CodeIgniter.php(361): CodeIgniter\CodeIgniter->handleRequest(null, Object(Config\Cache), false)
 4 FCPATH\index.php(79): CodeIgniter\CodeIgniter->run()
WARNING - 2026-02-28 13:05:29 --> [DEPRECATED] Optional parameter $cg declared before required parameter $hcode is implicitly treated as a required parameter in APPPATH\Models\cgserviceModel.php on line 93.
 1 SYSTEMPATH\Autoloader\Autoloader.php(311): include_once('D:\\xampp6\\htdocs\\project-jwt\\vendor\\codeigniter4\\framework\\system\\Debug\\Exceptions.php')
 2 SYSTEMPATH\Autoloader\Autoloader.php(290): CodeIgniter\Autoloader\Autoloader->includeFile('D:\\xampp6\\htdocs\\project-jwt\\app\\Models\\cgserviceModel.php')
 3 SYSTEMPATH\Autoloader\Autoloader.php(266): CodeIgniter\Autoloader\Autoloader->loadInNamespace('App\\Models\\cgserviceModel')
 4 APPPATH\Controllers\ServiceController.php(21): CodeIgniter\Autoloader\Autoloader->loadClass('App\\Models\\cgserviceModel')
 5 SYSTEMPATH\CodeIgniter.php(915): App\Controllers\ServiceController->__construct()
 6 SYSTEMPATH\CodeIgniter.php(494): CodeIgniter\CodeIgniter->createController()
 7 SYSTEMPATH\CodeIgniter.php(361): CodeIgniter\CodeIgniter->handleRequest(null, Object(Config\Cache), false)
 8 FCPATH\index.php(79): CodeIgniter\CodeIgniter->run()
INFO - 2026-02-28 13:05:34 --> Session: Class initialized using 'CodeIgniter\Session\Handlers\FileHandler' driver.
WARNING - 2026-02-28 13:05:34 --> [DEPRECATED] Creation of dynamic property CodeIgniter\HTTP\IncomingRequest::$user is deprecated in APPPATH\Filters\JwtAuthWeb.php on line 32.
 1 SYSTEMPATH\Filters\Filters.php(182): App\Filters\JwtAuthWeb->before(Object(CodeIgniter\HTTP\IncomingRequest), null)
 2 SYSTEMPATH\CodeIgniter.php(475): CodeIgniter\Filters\Filters->run('printIndivReport/7', 'before')
 3 SYSTEMPATH\CodeIgniter.php(361): CodeIgniter\CodeIgniter->handleRequest(null, Object(Config\Cache), false)
 4 FCPATH\index.php(79): CodeIgniter\CodeIgniter->run()
WARNING - 2026-02-28 13:05:34 --> [DEPRECATED] Optional parameter $cg declared before required parameter $hcode is implicitly treated as a required parameter in APPPATH\Models\cgserviceModel.php on line 93.
 1 SYSTEMPATH\Autoloader\Autoloader.php(311): include_once('D:\\xampp6\\htdocs\\project-jwt\\vendor\\codeigniter4\\framework\\system\\Debug\\Exceptions.php')
 2 SYSTEMPATH\Autoloader\Autoloader.php(290): CodeIgniter\Autoloader\Autoloader->includeFile('D:\\xampp6\\htdocs\\project-jwt\\app\\Models\\cgserviceModel.php')
 3 SYSTEMPATH\Autoloader\Autoloader.php(266): CodeIgniter\Autoloader\Autoloader->loadInNamespace('App\\Models\\cgserviceModel')
 4 APPPATH\Controllers\ServiceController.php(21): CodeIgniter\Autoloader\Autoloader->loadClass('App\\Models\\cgserviceModel')
 5 SYSTEMPATH\CodeIgniter.php(915): App\Controllers\ServiceController->__construct()
 6 SYSTEMPATH\CodeIgniter.php(494): CodeIgniter\CodeIgniter->createController()
 7 SYSTEMPATH\CodeIgniter.php(361): CodeIgniter\CodeIgniter->handleRequest(null, Object(Config\Cache), false)
 8 FCPATH\index.php(79): CodeIgniter\CodeIgniter->run()
INFO - 2026-02-28 13:06:21 --> Session: Class initialized using 'CodeIgniter\Session\Handlers\FileHandler' driver.
WARNING - 2026-02-28 13:06:21 --> [DEPRECATED] Creation of dynamic property CodeIgniter\HTTP\IncomingRequest::$user is deprecated in APPPATH\Filters\JwtAuthWeb.php on line 32.
 1 SYSTEMPATH\Filters\Filters.php(182): App\Filters\JwtAuthWeb->before(Object(CodeIgniter\HTTP\IncomingRequest), null)
 2 SYSTEMPATH\CodeIgniter.php(475): CodeIgniter\Filters\Filters->run('mobile-page', 'before')
 3 SYSTEMPATH\CodeIgniter.php(361): CodeIgniter\CodeIgniter->handleRequest(null, Object(Config\Cache), false)
 4 FCPATH\index.php(79): CodeIgniter\CodeIgniter->run()
WARNING - 2026-02-28 13:06:21 --> [DEPRECATED] Optional parameter $cg declared before required parameter $hcode is implicitly treated as a required parameter in APPPATH\Models\cgserviceModel.php on line 93.
 1 SYSTEMPATH\Autoloader\Autoloader.php(311): include_once('D:\\xampp6\\htdocs\\project-jwt\\vendor\\codeigniter4\\framework\\system\\Debug\\Exceptions.php')
 2 SYSTEMPATH\Autoloader\Autoloader.php(290): CodeIgniter\Autoloader\Autoloader->includeFile('D:\\xampp6\\htdocs\\project-jwt\\app\\Models\\cgserviceModel.php')
 3 SYSTEMPATH\Autoloader\Autoloader.php(266): CodeIgniter\Autoloader\Autoloader->loadInNamespace('App\\Models\\cgserviceModel')
 4 APPPATH\Controllers\mobileController.php(36): CodeIgniter\Autoloader\Autoloader->loadClass('App\\Models\\cgserviceModel')
 5 SYSTEMPATH\CodeIgniter.php(915): App\Controllers\MobileController->__construct()
 6 SYSTEMPATH\CodeIgniter.php(494): CodeIgniter\CodeIgniter->createController()
 7 SYSTEMPATH\CodeIgniter.php(361): CodeIgniter\CodeIgniter->handleRequest(null, Object(Config\Cache), false)
 8 FCPATH\index.php(79): CodeIgniter\CodeIgniter->run()
INFO - 2026-02-28 13:06:23 --> Session: Class initialized using 'CodeIgniter\Session\Handlers\FileHandler' driver.
WARNING - 2026-02-28 13:06:23 --> [DEPRECATED] Creation of dynamic property CodeIgniter\HTTP\IncomingRequest::$user is deprecated in APPPATH\Filters\JwtAuthWeb.php on line 32.
 1 SYSTEMPATH\Filters\Filters.php(182): App\Filters\JwtAuthWeb->before(Object(CodeIgniter\HTTP\IncomingRequest), null)
 2 SYSTEMPATH\CodeIgniter.php(475): CodeIgniter\Filters\Filters->run('visit_ptbed', 'before')
 3 SYSTEMPATH\CodeIgniter.php(361): CodeIgniter\CodeIgniter->handleRequest(null, Object(Config\Cache), false)
 4 FCPATH\index.php(79): CodeIgniter\CodeIgniter->run()
WARNING - 2026-02-28 13:06:23 --> [DEPRECATED] Optional parameter $cg declared before required parameter $hcode is implicitly treated as a required parameter in APPPATH\Models\cgserviceModel.php on line 93.
 1 SYSTEMPATH\Autoloader\Autoloader.php(311): include_once('D:\\xampp6\\htdocs\\project-jwt\\vendor\\codeigniter4\\framework\\system\\Debug\\Exceptions.php')
 2 SYSTEMPATH\Autoloader\Autoloader.php(290): CodeIgniter\Autoloader\Autoloader->includeFile('D:\\xampp6\\htdocs\\project-jwt\\app\\Models\\cgserviceModel.php')
 3 SYSTEMPATH\Autoloader\Autoloader.php(266): CodeIgniter\Autoloader\Autoloader->loadInNamespace('App\\Models\\cgserviceModel')
 4 APPPATH\Controllers\mobileController.php(36): CodeIgniter\Autoloader\Autoloader->loadClass('App\\Models\\cgserviceModel')
 5 SYSTEMPATH\CodeIgniter.php(915): App\Controllers\MobileController->__construct()
 6 SYSTEMPATH\CodeIgniter.php(494): CodeIgniter\CodeIgniter->createController()
 7 SYSTEMPATH\CodeIgniter.php(361): CodeIgniter\CodeIgniter->handleRequest(null, Object(Config\Cache), false)
 8 FCPATH\index.php(79): CodeIgniter\CodeIgniter->run()
INFO - 2026-02-28 13:06:38 --> Session: Class initialized using 'CodeIgniter\Session\Handlers\FileHandler' driver.
WARNING - 2026-02-28 13:06:38 --> [DEPRECATED] Creation of dynamic property CodeIgniter\HTTP\IncomingRequest::$user is deprecated in APPPATH\Filters\JwtAuthWeb.php on line 32.
 1 SYSTEMPATH\Filters\Filters.php(182): App\Filters\JwtAuthWeb->before(Object(CodeIgniter\HTTP\IncomingRequest), null)
 2 SYSTEMPATH\CodeIgniter.php(475): CodeIgniter\Filters\Filters->run('cg_service/127', 'before')
 3 SYSTEMPATH\CodeIgniter.php(361): CodeIgniter\CodeIgniter->handleRequest(null, Object(Config\Cache), false)
 4 FCPATH\index.php(79): CodeIgniter\CodeIgniter->run()
WARNING - 2026-02-28 13:06:38 --> [DEPRECATED] Optional parameter $cg declared before required parameter $hcode is implicitly treated as a required parameter in APPPATH\Models\cgserviceModel.php on line 93.
 1 SYSTEMPATH\Autoloader\Autoloader.php(311): include_once('D:\\xampp6\\htdocs\\project-jwt\\vendor\\codeigniter4\\framework\\system\\Debug\\Exceptions.php')
 2 SYSTEMPATH\Autoloader\Autoloader.php(290): CodeIgniter\Autoloader\Autoloader->includeFile('D:\\xampp6\\htdocs\\project-jwt\\app\\Models\\cgserviceModel.php')
 3 SYSTEMPATH\Autoloader\Autoloader.php(266): CodeIgniter\Autoloader\Autoloader->loadInNamespace('App\\Models\\cgserviceModel')
 4 APPPATH\Controllers\mobileController.php(36): CodeIgniter\Autoloader\Autoloader->loadClass('App\\Models\\cgserviceModel')
 5 SYSTEMPATH\CodeIgniter.php(915): App\Controllers\MobileController->__construct()
 6 SYSTEMPATH\CodeIgniter.php(494): CodeIgniter\CodeIgniter->createController()
 7 SYSTEMPATH\CodeIgniter.php(361): CodeIgniter\CodeIgniter->handleRequest(null, Object(Config\Cache), false)
 8 FCPATH\index.php(79): CodeIgniter\CodeIgniter->run()
INFO - 2026-02-28 13:06:49 --> Session: Class initialized using 'CodeIgniter\Session\Handlers\FileHandler' driver.
WARNING - 2026-02-28 13:06:49 --> [DEPRECATED] Creation of dynamic property CodeIgniter\HTTP\IncomingRequest::$user is deprecated in APPPATH\Filters\JwtAuthWeb.php on line 32.
 1 SYSTEMPATH\Filters\Filters.php(182): App\Filters\JwtAuthWeb->before(Object(CodeIgniter\HTTP\IncomingRequest), null)
 2 SYSTEMPATH\CodeIgniter.php(475): CodeIgniter\Filters\Filters->run('visit_ptbed', 'before')
 3 SYSTEMPATH\CodeIgniter.php(361): CodeIgniter\CodeIgniter->handleRequest(null, Object(Config\Cache), false)
 4 FCPATH\index.php(79): CodeIgniter\CodeIgniter->run()
WARNING - 2026-02-28 13:06:49 --> [DEPRECATED] Optional parameter $cg declared before required parameter $hcode is implicitly treated as a required parameter in APPPATH\Models\cgserviceModel.php on line 93.
 1 SYSTEMPATH\Autoloader\Autoloader.php(311): include_once('D:\\xampp6\\htdocs\\project-jwt\\vendor\\codeigniter4\\framework\\system\\Debug\\Exceptions.php')
 2 SYSTEMPATH\Autoloader\Autoloader.php(290): CodeIgniter\Autoloader\Autoloader->includeFile('D:\\xampp6\\htdocs\\project-jwt\\app\\Models\\cgserviceModel.php')
 3 SYSTEMPATH\Autoloader\Autoloader.php(266): CodeIgniter\Autoloader\Autoloader->loadInNamespace('App\\Models\\cgserviceModel')
 4 APPPATH\Controllers\mobileController.php(36): CodeIgniter\Autoloader\Autoloader->loadClass('App\\Models\\cgserviceModel')
 5 SYSTEMPATH\CodeIgniter.php(915): App\Controllers\MobileController->__construct()
 6 SYSTEMPATH\CodeIgniter.php(494): CodeIgniter\CodeIgniter->createController()
 7 SYSTEMPATH\CodeIgniter.php(361): CodeIgniter\CodeIgniter->handleRequest(null, Object(Config\Cache), false)
 8 FCPATH\index.php(79): CodeIgniter\CodeIgniter->run()
INFO - 2026-02-28 13:16:42 --> Session: Class initialized using 'CodeIgniter\Session\Handlers\FileHandler' driver.
WARNING - 2026-02-28 13:16:42 --> [DEPRECATED] Creation of dynamic property CodeIgniter\HTTP\IncomingRequest::$user is deprecated in APPPATH\Filters\JwtAuthWeb.php on line 32.
 1 SYSTEMPATH\Filters\Filters.php(182): App\Filters\JwtAuthWeb->before(Object(CodeIgniter\HTTP\IncomingRequest), null)
 2 SYSTEMPATH\CodeIgniter.php(475): CodeIgniter\Filters\Filters->run('ltc-view-details/135/2026/2', 'before')
 3 SYSTEMPATH\CodeIgniter.php(361): CodeIgniter\CodeIgniter->handleRequest(null, Object(Config\Cache), false)
 4 FCPATH\index.php(79): CodeIgniter\CodeIgniter->run()
WARNING - 2026-02-28 13:16:42 --> [DEPRECATED] Optional parameter $cg declared before required parameter $hcode is implicitly treated as a required parameter in APPPATH\Models\cgserviceModel.php on line 93.
 1 SYSTEMPATH\Autoloader\Autoloader.php(311): include_once('D:\\xampp6\\htdocs\\project-jwt\\vendor\\codeigniter4\\framework\\system\\Debug\\Exceptions.php')
 2 SYSTEMPATH\Autoloader\Autoloader.php(290): CodeIgniter\Autoloader\Autoloader->includeFile('D:\\xampp6\\htdocs\\project-jwt\\app\\Models\\cgserviceModel.php')
 3 SYSTEMPATH\Autoloader\Autoloader.php(266): CodeIgniter\Autoloader\Autoloader->loadInNamespace('App\\Models\\cgserviceModel')
 4 APPPATH\Controllers\ServiceController.php(21): CodeIgniter\Autoloader\Autoloader->loadClass('App\\Models\\cgserviceModel')
 5 SYSTEMPATH\CodeIgniter.php(915): App\Controllers\ServiceController->__construct()
 6 SYSTEMPATH\CodeIgniter.php(494): CodeIgniter\CodeIgniter->createController()
 7 SYSTEMPATH\CodeIgniter.php(361): CodeIgniter\CodeIgniter->handleRequest(null, Object(Config\Cache), false)
 8 FCPATH\index.php(79): CodeIgniter\CodeIgniter->run()
WARNING - 2026-02-28 13:16:43 --> [DEPRECATED] Creation of dynamic property CodeIgniter\HTTP\IncomingRequest::$user is deprecated in APPPATH\Filters\JwtAuth.php on line 47.
 1 SYSTEMPATH\Filters\Filters.php(182): App\Filters\JwtAuth->before(Object(CodeIgniter\HTTP\IncomingRequest), null)
 2 SYSTEMPATH\CodeIgniter.php(475): CodeIgniter\Filters\Filters->run('api/profile', 'before')
 3 SYSTEMPATH\CodeIgniter.php(361): CodeIgniter\CodeIgniter->handleRequest(null, Object(Config\Cache), false)
 4 FCPATH\index.php(79): CodeIgniter\CodeIgniter->run()
INFO - 2026-02-28 13:16:45 --> Session: Class initialized using 'CodeIgniter\Session\Handlers\FileHandler' driver.
WARNING - 2026-02-28 13:16:45 --> [DEPRECATED] Creation of dynamic property CodeIgniter\HTTP\IncomingRequest::$user is deprecated in APPPATH\Filters\JwtAuthWeb.php on line 32.
 1 SYSTEMPATH\Filters\Filters.php(182): App\Filters\JwtAuthWeb->before(Object(CodeIgniter\HTTP\IncomingRequest), null)
 2 SYSTEMPATH\CodeIgniter.php(475): CodeIgniter\Filters\Filters->run('ltc-all', 'before')
 3 SYSTEMPATH\CodeIgniter.php(361): CodeIgniter\CodeIgniter->handleRequest(null, Object(Config\Cache), false)
 4 FCPATH\index.php(79): CodeIgniter\CodeIgniter->run()
WARNING - 2026-02-28 13:16:45 --> [DEPRECATED] Creation of dynamic property CodeIgniter\HTTP\IncomingRequest::$user is deprecated in APPPATH\Filters\JwtAuth.php on line 47.
 1 SYSTEMPATH\Filters\Filters.php(182): App\Filters\JwtAuth->before(Object(CodeIgniter\HTTP\IncomingRequest), null)
 2 SYSTEMPATH\CodeIgniter.php(475): CodeIgniter\Filters\Filters->run('api/profile', 'before')
 3 SYSTEMPATH\CodeIgniter.php(361): CodeIgniter\CodeIgniter->handleRequest(null, Object(Config\Cache), false)
 4 FCPATH\index.php(79): CodeIgniter\CodeIgniter->run()
INFO - 2026-02-28 13:16:45 --> Session: Class initialized using 'CodeIgniter\Session\Handlers\FileHandler' driver.
WARNING - 2026-02-28 13:16:45 --> [DEPRECATED] Creation of dynamic property CodeIgniter\HTTP\IncomingRequest::$user is deprecated in APPPATH\Filters\JwtAuthWeb.php on line 32.
 1 SYSTEMPATH\Filters\Filters.php(182): App\Filters\JwtAuthWeb->before(Object(CodeIgniter\HTTP\IncomingRequest), null)
 2 SYSTEMPATH\CodeIgniter.php(475): CodeIgniter\Filters\Filters->run('getLtcData', 'before')
 3 SYSTEMPATH\CodeIgniter.php(361): CodeIgniter\CodeIgniter->handleRequest(null, Object(Config\Cache), false)
 4 FCPATH\index.php(79): CodeIgniter\CodeIgniter->run()
INFO - 2026-02-28 13:16:46 --> Session: Class initialized using 'CodeIgniter\Session\Handlers\FileHandler' driver.
WARNING - 2026-02-28 13:16:46 --> [DEPRECATED] Creation of dynamic property CodeIgniter\HTTP\IncomingRequest::$user is deprecated in APPPATH\Filters\JwtAuthWeb.php on line 32.
 1 SYSTEMPATH\Filters\Filters.php(182): App\Filters\JwtAuthWeb->before(Object(CodeIgniter\HTTP\IncomingRequest), null)
 2 SYSTEMPATH\CodeIgniter.php(475): CodeIgniter\Filters\Filters->run('getLtc', 'before')
 3 SYSTEMPATH\CodeIgniter.php(361): CodeIgniter\CodeIgniter->handleRequest(null, Object(Config\Cache), false)
 4 FCPATH\index.php(79): CodeIgniter\CodeIgniter->run()
INFO - 2026-02-28 13:18:53 --> Session: Class initialized using 'CodeIgniter\Session\Handlers\FileHandler' driver.
WARNING - 2026-02-28 13:18:53 --> [DEPRECATED] Creation of dynamic property CodeIgniter\HTTP\IncomingRequest::$user is deprecated in APPPATH\Filters\JwtAuthWeb.php on line 32.
 1 SYSTEMPATH\Filters\Filters.php(182): App\Filters\JwtAuthWeb->before(Object(CodeIgniter\HTTP\IncomingRequest), null)
 2 SYSTEMPATH\CodeIgniter.php(475): CodeIgniter\Filters\Filters->run('ltc-all', 'before')
 3 SYSTEMPATH\CodeIgniter.php(361): CodeIgniter\CodeIgniter->handleRequest(null, Object(Config\Cache), false)
 4 FCPATH\index.php(79): CodeIgniter\CodeIgniter->run()
WARNING - 2026-02-28 13:18:54 --> [DEPRECATED] Creation of dynamic property CodeIgniter\HTTP\IncomingRequest::$user is deprecated in APPPATH\Filters\JwtAuth.php on line 47.
 1 SYSTEMPATH\Filters\Filters.php(182): App\Filters\JwtAuth->before(Object(CodeIgniter\HTTP\IncomingRequest), null)
 2 SYSTEMPATH\CodeIgniter.php(475): CodeIgniter\Filters\Filters->run('api/profile', 'before')
 3 SYSTEMPATH\CodeIgniter.php(361): CodeIgniter\CodeIgniter->handleRequest(null, Object(Config\Cache), false)
 4 FCPATH\index.php(79): CodeIgniter\CodeIgniter->run()
INFO - 2026-02-28 13:18:54 --> Session: Class initialized using 'CodeIgniter\Session\Handlers\FileHandler' driver.
WARNING - 2026-02-28 13:18:54 --> [DEPRECATED] Creation of dynamic property CodeIgniter\HTTP\IncomingRequest::$user is deprecated in APPPATH\Filters\JwtAuthWeb.php on line 32.
 1 SYSTEMPATH\Filters\Filters.php(182): App\Filters\JwtAuthWeb->before(Object(CodeIgniter\HTTP\IncomingRequest), null)
 2 SYSTEMPATH\CodeIgniter.php(475): CodeIgniter\Filters\Filters->run('getLtcData', 'before')
 3 SYSTEMPATH\CodeIgniter.php(361): CodeIgniter\CodeIgniter->handleRequest(null, Object(Config\Cache), false)
 4 FCPATH\index.php(79): CodeIgniter\CodeIgniter->run()
INFO - 2026-02-28 13:18:55 --> Session: Class initialized using 'CodeIgniter\Session\Handlers\FileHandler' driver.
WARNING - 2026-02-28 13:18:55 --> [DEPRECATED] Creation of dynamic property CodeIgniter\HTTP\IncomingRequest::$user is deprecated in APPPATH\Filters\JwtAuthWeb.php on line 32.
 1 SYSTEMPATH\Filters\Filters.php(182): App\Filters\JwtAuthWeb->before(Object(CodeIgniter\HTTP\IncomingRequest), null)
 2 SYSTEMPATH\CodeIgniter.php(475): CodeIgniter\Filters\Filters->run('getLtc', 'before')
 3 SYSTEMPATH\CodeIgniter.php(361): CodeIgniter\CodeIgniter->handleRequest(null, Object(Config\Cache), false)
 4 FCPATH\index.php(79): CodeIgniter\CodeIgniter->run()
INFO - 2026-02-28 13:20:36 --> Session: Class initialized using 'CodeIgniter\Session\Handlers\FileHandler' driver.
WARNING - 2026-02-28 13:20:36 --> [DEPRECATED] Creation of dynamic property CodeIgniter\HTTP\IncomingRequest::$user is deprecated in APPPATH\Filters\JwtAuthWeb.php on line 32.
 1 SYSTEMPATH\Filters\Filters.php(182): App\Filters\JwtAuthWeb->before(Object(CodeIgniter\HTTP\IncomingRequest), null)
 2 SYSTEMPATH\CodeIgniter.php(475): CodeIgniter\Filters\Filters->run('updateLtcCaregiver', 'before')
 3 SYSTEMPATH\CodeIgniter.php(361): CodeIgniter\CodeIgniter->handleRequest(null, Object(Config\Cache), false)
 4 FCPATH\index.php(79): CodeIgniter\CodeIgniter->run()
INFO - 2026-02-28 13:20:36 --> Session: Class initialized using 'CodeIgniter\Session\Handlers\FileHandler' driver.
WARNING - 2026-02-28 13:20:36 --> [DEPRECATED] Creation of dynamic property CodeIgniter\HTTP\IncomingRequest::$user is deprecated in APPPATH\Filters\JwtAuthWeb.php on line 32.
 1 SYSTEMPATH\Filters\Filters.php(182): App\Filters\JwtAuthWeb->before(Object(CodeIgniter\HTTP\IncomingRequest), null)
 2 SYSTEMPATH\CodeIgniter.php(475): CodeIgniter\Filters\Filters->run('getLtcData', 'before')
 3 SYSTEMPATH\CodeIgniter.php(361): CodeIgniter\CodeIgniter->handleRequest(null, Object(Config\Cache), false)
 4 FCPATH\index.php(79): CodeIgniter\CodeIgniter->run()
INFO - 2026-02-28 13:20:38 --> Session: Class initialized using 'CodeIgniter\Session\Handlers\FileHandler' driver.
WARNING - 2026-02-28 13:20:38 --> [DEPRECATED] Creation of dynamic property CodeIgniter\HTTP\IncomingRequest::$user is deprecated in APPPATH\Filters\JwtAuthWeb.php on line 32.
 1 SYSTEMPATH\Filters\Filters.php(182): App\Filters\JwtAuthWeb->before(Object(CodeIgniter\HTTP\IncomingRequest), null)
 2 SYSTEMPATH\CodeIgniter.php(475): CodeIgniter\Filters\Filters->run('getLtc', 'before')
 3 SYSTEMPATH\CodeIgniter.php(361): CodeIgniter\CodeIgniter->handleRequest(null, Object(Config\Cache), false)
 4 FCPATH\index.php(79): CodeIgniter\CodeIgniter->run()
INFO - 2026-02-28 13:28:29 --> Session: Class initialized using 'CodeIgniter\Session\Handlers\FileHandler' driver.
WARNING - 2026-02-28 13:28:29 --> [DEPRECATED] Creation of dynamic property CodeIgniter\HTTP\IncomingRequest::$user is deprecated in APPPATH\Filters\JwtAuthWeb.php on line 32.
 1 SYSTEMPATH\Filters\Filters.php(182): App\Filters\JwtAuthWeb->before(Object(CodeIgniter\HTTP\IncomingRequest), null)
 2 SYSTEMPATH\CodeIgniter.php(475): CodeIgniter\Filters\Filters->run('updateLtcCaregiver', 'before')
 3 SYSTEMPATH\CodeIgniter.php(361): CodeIgniter\CodeIgniter->handleRequest(null, Object(Config\Cache), false)
 4 FCPATH\index.php(79): CodeIgniter\CodeIgniter->run()
CRITICAL - 2026-02-28 13:28:29 --> TypeError: date_format(): Argument #1 ($object) must be of type DateTimeInterface, null given
in APPPATH\Controllers\LtcController.php on line 117.
 1 APPPATH\Controllers\LtcController.php(117): date_format(null, 'Y-m-d')
 2 SYSTEMPATH\CodeIgniter.php(943): App\Controllers\LtcController->updateLtcCaregiver()
 3 SYSTEMPATH\CodeIgniter.php(503): CodeIgniter\CodeIgniter->runController(Object(App\Controllers\LtcController))
 4 SYSTEMPATH\CodeIgniter.php(361): CodeIgniter\CodeIgniter->handleRequest(null, Object(Config\Cache), false)
 5 FCPATH\index.php(79): CodeIgniter\CodeIgniter->run()
INFO - 2026-02-28 13:29:11 --> Session: Class initialized using 'CodeIgniter\Session\Handlers\FileHandler' driver.
WARNING - 2026-02-28 13:29:11 --> [DEPRECATED] Creation of dynamic property CodeIgniter\HTTP\IncomingRequest::$user is deprecated in APPPATH\Filters\JwtAuthWeb.php on line 32.
 1 SYSTEMPATH\Filters\Filters.php(182): App\Filters\JwtAuthWeb->before(Object(CodeIgniter\HTTP\IncomingRequest), null)
 2 SYSTEMPATH\CodeIgniter.php(475): CodeIgniter\Filters\Filters->run('updateLtcCaregiver', 'before')
 3 SYSTEMPATH\CodeIgniter.php(361): CodeIgniter\CodeIgniter->handleRequest(null, Object(Config\Cache), false)
 4 FCPATH\index.php(79): CodeIgniter\CodeIgniter->run()
ERROR - 2026-02-28 13:29:11 --> mysqli_sql_exception: Unknown column 'date_dead' in 'field list' in D:\xampp6\htdocs\project-jwt\vendor\codeigniter4\framework\system\Database\MySQLi\Connection.php:306
Stack trace:
#0 D:\xampp6\htdocs\project-jwt\vendor\codeigniter4\framework\system\Database\MySQLi\Connection.php(306): mysqli->query('UPDATE `ltc_ltc...', 0)
#1 D:\xampp6\htdocs\project-jwt\vendor\codeigniter4\framework\system\Database\BaseConnection.php(693): CodeIgniter\Database\MySQLi\Connection->execute('UPDATE `ltc_ltc...')
#2 D:\xampp6\htdocs\project-jwt\vendor\codeigniter4\framework\system\Database\BaseConnection.php(607): CodeIgniter\Database\BaseConnection->simpleQuery('UPDATE `ltc_ltc...')
#3 D:\xampp6\htdocs\project-jwt\vendor\codeigniter4\framework\system\Database\BaseBuilder.php(2474): CodeIgniter\Database\BaseConnection->query('UPDATE `ltc_ltc...', Array, false)
#4 D:\xampp6\htdocs\project-jwt\app\Models\ltcModel.php(80): CodeIgniter\Database\BaseBuilder->update()
#5 D:\xampp6\htdocs\project-jwt\app\Controllers\LtcController.php(122): App\Models\LtcModel->updateEntry(Array, Array)
#6 D:\xampp6\htdocs\project-jwt\vendor\codeigniter4\framework\system\CodeIgniter.php(943): App\Controllers\LtcController->updateLtcCaregiver()
#7 D:\xampp6\htdocs\project-jwt\vendor\codeigniter4\framework\system\CodeIgniter.php(503): CodeIgniter\CodeIgniter->runController(Object(App\Controllers\LtcController))
#8 D:\xampp6\htdocs\project-jwt\vendor\codeigniter4\framework\system\CodeIgniter.php(361): CodeIgniter\CodeIgniter->handleRequest(NULL, Object(Config\Cache), false)
#9 D:\xampp6\htdocs\project-jwt\public\index.php(79): CodeIgniter\CodeIgniter->run()
#10 {main}
CRITICAL - 2026-02-28 13:29:11 --> CodeIgniter\Database\Exceptions\DatabaseException: Unknown column 'date_dead' in 'field list'
in SYSTEMPATH\Database\BaseConnection.php on line 647.
 1 SYSTEMPATH\Database\BaseBuilder.php(2474): CodeIgniter\Database\BaseConnection->query('UPDATE `ltc_ltc` SET `grp` = :grp:, `orgcode` = :orgcode:, `cg_id` = :cg_id:, `ccg` = :ccg:, `cg_volunteer` = :cg_volunteer:, `cm` = :cm:, `careplan` = :careplan:, `adress` = :adress:, `date_start` = :date_start:, `date_dead` = :date_dead:, `d_update` = :d_update:
WHERE `id` = :id:', [...], false)
 2 APPPATH\Models\ltcModel.php(80): CodeIgniter\Database\BaseBuilder->update()
 3 APPPATH\Controllers\LtcController.php(122): App\Models\LtcModel->updateEntry([...], [...])
 4 SYSTEMPATH\CodeIgniter.php(943): App\Controllers\LtcController->updateLtcCaregiver()
 5 SYSTEMPATH\CodeIgniter.php(503): CodeIgniter\CodeIgniter->runController(Object(App\Controllers\LtcController))
 6 SYSTEMPATH\CodeIgniter.php(361): CodeIgniter\CodeIgniter->handleRequest(null, Object(Config\Cache), false)
 7 FCPATH\index.php(79): CodeIgniter\CodeIgniter->run()
CRITICAL - 2026-02-28 13:29:11 --> [Caused by] CodeIgniter\Database\Exceptions\DatabaseException: Unknown column 'date_dead' in 'field list'
in SYSTEMPATH\Database\MySQLi\Connection.php on line 311.
 1 SYSTEMPATH\Database\BaseConnection.php(693): CodeIgniter\Database\MySQLi\Connection->execute('UPDATE `ltc_ltc` SET `grp` = \'1\', `orgcode` = \'J6756\', `cg_id` = \'7\', `ccg` = \'\', `cg_volunteer` = \'\', `cm` = \'2\', `careplan` = \'1. ทำความสะอาดบริเวณบ้าน,2. เปลี่ยนผ้าปูที่นอน,3.ดูแลเรื่องรับประทานยา\', `adress` = NULL, `date_start` = NULL, `date_dead` = NULL, `d_update` = \'2026-02-28\'
WHERE `id` = \'112\'')
 2 SYSTEMPATH\Database\BaseConnection.php(607): CodeIgniter\Database\BaseConnection->simpleQuery('UPDATE `ltc_ltc` SET `grp` = \'1\', `orgcode` = \'J6756\', `cg_id` = \'7\', `ccg` = \'\', `cg_volunteer` = \'\', `cm` = \'2\', `careplan` = \'1. ทำความสะอาดบริเวณบ้าน,2. เปลี่ยนผ้าปูที่นอน,3.ดูแลเรื่องรับประทานยา\', `adress` = NULL, `date_start` = NULL, `date_dead` = NULL, `d_update` = \'2026-02-28\'
WHERE `id` = \'112\'')
 3 SYSTEMPATH\Database\BaseBuilder.php(2474): CodeIgniter\Database\BaseConnection->query('UPDATE `ltc_ltc` SET `grp` = :grp:, `orgcode` = :orgcode:, `cg_id` = :cg_id:, `ccg` = :ccg:, `cg_volunteer` = :cg_volunteer:, `cm` = :cm:, `careplan` = :careplan:, `adress` = :adress:, `date_start` = :date_start:, `date_dead` = :date_dead:, `d_update` = :d_update:
WHERE `id` = :id:', [...], false)
 4 APPPATH\Models\ltcModel.php(80): CodeIgniter\Database\BaseBuilder->update()
 5 APPPATH\Controllers\LtcController.php(122): App\Models\LtcModel->updateEntry([...], [...])
 6 SYSTEMPATH\CodeIgniter.php(943): App\Controllers\LtcController->updateLtcCaregiver()
 7 SYSTEMPATH\CodeIgniter.php(503): CodeIgniter\CodeIgniter->runController(Object(App\Controllers\LtcController))
 8 SYSTEMPATH\CodeIgniter.php(361): CodeIgniter\CodeIgniter->handleRequest(null, Object(Config\Cache), false)
 9 FCPATH\index.php(79): CodeIgniter\CodeIgniter->run()
CRITICAL - 2026-02-28 13:29:11 --> [Caused by] mysqli_sql_exception: Unknown column 'date_dead' in 'field list'
in SYSTEMPATH\Database\MySQLi\Connection.php on line 306.
 1 SYSTEMPATH\Database\MySQLi\Connection.php(306): mysqli->query('UPDATE `ltc_ltc` SET `grp` = \'1\', `orgcode` = \'J6756\', `cg_id` = \'7\', `ccg` = \'\', `cg_volunteer` = \'\', `cm` = \'2\', `careplan` = \'1. ทำความสะอาดบริเวณบ้าน,2. เปลี่ยนผ้าปูที่นอน,3.ดูแลเรื่องรับประทานยา\', `adress` = NULL, `date_start` = NULL, `date_dead` = NULL, `d_update` = \'2026-02-28\'
WHERE `id` = \'112\'', 0)
 2 SYSTEMPATH\Database\BaseConnection.php(693): CodeIgniter\Database\MySQLi\Connection->execute('UPDATE `ltc_ltc` SET `grp` = \'1\', `orgcode` = \'J6756\', `cg_id` = \'7\', `ccg` = \'\', `cg_volunteer` = \'\', `cm` = \'2\', `careplan` = \'1. ทำความสะอาดบริเวณบ้าน,2. เปลี่ยนผ้าปูที่นอน,3.ดูแลเรื่องรับประทานยา\', `adress` = NULL, `date_start` = NULL, `date_dead` = NULL, `d_update` = \'2026-02-28\'
WHERE `id` = \'112\'')
 3 SYSTEMPATH\Database\BaseConnection.php(607): CodeIgniter\Database\BaseConnection->simpleQuery('UPDATE `ltc_ltc` SET `grp` = \'1\', `orgcode` = \'J6756\', `cg_id` = \'7\', `ccg` = \'\', `cg_volunteer` = \'\', `cm` = \'2\', `careplan` = \'1. ทำความสะอาดบริเวณบ้าน,2. เปลี่ยนผ้าปูที่นอน,3.ดูแลเรื่องรับประทานยา\', `adress` = NULL, `date_start` = NULL, `date_dead` = NULL, `d_update` = \'2026-02-28\'
WHERE `id` = \'112\'')
 4 SYSTEMPATH\Database\BaseBuilder.php(2474): CodeIgniter\Database\BaseConnection->query('UPDATE `ltc_ltc` SET `grp` = :grp:, `orgcode` = :orgcode:, `cg_id` = :cg_id:, `ccg` = :ccg:, `cg_volunteer` = :cg_volunteer:, `cm` = :cm:, `careplan` = :careplan:, `adress` = :adress:, `date_start` = :date_start:, `date_dead` = :date_dead:, `d_update` = :d_update:
WHERE `id` = :id:', [...], false)
 5 APPPATH\Models\ltcModel.php(80): CodeIgniter\Database\BaseBuilder->update()
 6 APPPATH\Controllers\LtcController.php(122): App\Models\LtcModel->updateEntry([...], [...])
 7 SYSTEMPATH\CodeIgniter.php(943): App\Controllers\LtcController->updateLtcCaregiver()
 8 SYSTEMPATH\CodeIgniter.php(503): CodeIgniter\CodeIgniter->runController(Object(App\Controllers\LtcController))
 9 SYSTEMPATH\CodeIgniter.php(361): CodeIgniter\CodeIgniter->handleRequest(null, Object(Config\Cache), false)
10 FCPATH\index.php(79): CodeIgniter\CodeIgniter->run()
INFO - 2026-02-28 13:29:40 --> Session: Class initialized using 'CodeIgniter\Session\Handlers\FileHandler' driver.
WARNING - 2026-02-28 13:29:40 --> [DEPRECATED] Creation of dynamic property CodeIgniter\HTTP\IncomingRequest::$user is deprecated in APPPATH\Filters\JwtAuthWeb.php on line 32.
 1 SYSTEMPATH\Filters\Filters.php(182): App\Filters\JwtAuthWeb->before(Object(CodeIgniter\HTTP\IncomingRequest), null)
 2 SYSTEMPATH\CodeIgniter.php(475): CodeIgniter\Filters\Filters->run('updateLtcCaregiver', 'before')
 3 SYSTEMPATH\CodeIgniter.php(361): CodeIgniter\CodeIgniter->handleRequest(null, Object(Config\Cache), false)
 4 FCPATH\index.php(79): CodeIgniter\CodeIgniter->run()
INFO - 2026-02-28 13:29:40 --> Session: Class initialized using 'CodeIgniter\Session\Handlers\FileHandler' driver.
WARNING - 2026-02-28 13:29:40 --> [DEPRECATED] Creation of dynamic property CodeIgniter\HTTP\IncomingRequest::$user is deprecated in APPPATH\Filters\JwtAuthWeb.php on line 32.
 1 SYSTEMPATH\Filters\Filters.php(182): App\Filters\JwtAuthWeb->before(Object(CodeIgniter\HTTP\IncomingRequest), null)
 2 SYSTEMPATH\CodeIgniter.php(475): CodeIgniter\Filters\Filters->run('getLtcData', 'before')
 3 SYSTEMPATH\CodeIgniter.php(361): CodeIgniter\CodeIgniter->handleRequest(null, Object(Config\Cache), false)
 4 FCPATH\index.php(79): CodeIgniter\CodeIgniter->run()
INFO - 2026-02-28 13:29:43 --> Session: Class initialized using 'CodeIgniter\Session\Handlers\FileHandler' driver.
WARNING - 2026-02-28 13:29:43 --> [DEPRECATED] Creation of dynamic property CodeIgniter\HTTP\IncomingRequest::$user is deprecated in APPPATH\Filters\JwtAuthWeb.php on line 32.
 1 SYSTEMPATH\Filters\Filters.php(182): App\Filters\JwtAuthWeb->before(Object(CodeIgniter\HTTP\IncomingRequest), null)
 2 SYSTEMPATH\CodeIgniter.php(475): CodeIgniter\Filters\Filters->run('getLtc', 'before')
 3 SYSTEMPATH\CodeIgniter.php(361): CodeIgniter\CodeIgniter->handleRequest(null, Object(Config\Cache), false)
 4 FCPATH\index.php(79): CodeIgniter\CodeIgniter->run()
INFO - 2026-02-28 13:29:49 --> Session: Class initialized using 'CodeIgniter\Session\Handlers\FileHandler' driver.
WARNING - 2026-02-28 13:29:49 --> [DEPRECATED] Creation of dynamic property CodeIgniter\HTTP\IncomingRequest::$user is deprecated in APPPATH\Filters\JwtAuthWeb.php on line 32.
 1 SYSTEMPATH\Filters\Filters.php(182): App\Filters\JwtAuthWeb->before(Object(CodeIgniter\HTTP\IncomingRequest), null)
 2 SYSTEMPATH\CodeIgniter.php(475): CodeIgniter\Filters\Filters->run('getLtc', 'before')
 3 SYSTEMPATH\CodeIgniter.php(361): CodeIgniter\CodeIgniter->handleRequest(null, Object(Config\Cache), false)
 4 FCPATH\index.php(79): CodeIgniter\CodeIgniter->run()
INFO - 2026-02-28 13:29:55 --> Session: Class initialized using 'CodeIgniter\Session\Handlers\FileHandler' driver.
WARNING - 2026-02-28 13:29:55 --> [DEPRECATED] Creation of dynamic property CodeIgniter\HTTP\IncomingRequest::$user is deprecated in APPPATH\Filters\JwtAuthWeb.php on line 32.
 1 SYSTEMPATH\Filters\Filters.php(182): App\Filters\JwtAuthWeb->before(Object(CodeIgniter\HTTP\IncomingRequest), null)
 2 SYSTEMPATH\CodeIgniter.php(475): CodeIgniter\Filters\Filters->run('getLtc', 'before')
 3 SYSTEMPATH\CodeIgniter.php(361): CodeIgniter\CodeIgniter->handleRequest(null, Object(Config\Cache), false)
 4 FCPATH\index.php(79): CodeIgniter\CodeIgniter->run()
INFO - 2026-02-28 13:30:09 --> Session: Class initialized using 'CodeIgniter\Session\Handlers\FileHandler' driver.
WARNING - 2026-02-28 13:30:09 --> [DEPRECATED] Creation of dynamic property CodeIgniter\HTTP\IncomingRequest::$user is deprecated in APPPATH\Filters\JwtAuthWeb.php on line 32.
 1 SYSTEMPATH\Filters\Filters.php(182): App\Filters\JwtAuthWeb->before(Object(CodeIgniter\HTTP\IncomingRequest), null)
 2 SYSTEMPATH\CodeIgniter.php(475): CodeIgniter\Filters\Filters->run('updateLtcCaregiver', 'before')
 3 SYSTEMPATH\CodeIgniter.php(361): CodeIgniter\CodeIgniter->handleRequest(null, Object(Config\Cache), false)
 4 FCPATH\index.php(79): CodeIgniter\CodeIgniter->run()
INFO - 2026-02-28 13:30:10 --> Session: Class initialized using 'CodeIgniter\Session\Handlers\FileHandler' driver.
WARNING - 2026-02-28 13:30:10 --> [DEPRECATED] Creation of dynamic property CodeIgniter\HTTP\IncomingRequest::$user is deprecated in APPPATH\Filters\JwtAuthWeb.php on line 32.
 1 SYSTEMPATH\Filters\Filters.php(182): App\Filters\JwtAuthWeb->before(Object(CodeIgniter\HTTP\IncomingRequest), null)
 2 SYSTEMPATH\CodeIgniter.php(475): CodeIgniter\Filters\Filters->run('getLtcData', 'before')
 3 SYSTEMPATH\CodeIgniter.php(361): CodeIgniter\CodeIgniter->handleRequest(null, Object(Config\Cache), false)
 4 FCPATH\index.php(79): CodeIgniter\CodeIgniter->run()
INFO - 2026-02-28 13:30:20 --> Session: Class initialized using 'CodeIgniter\Session\Handlers\FileHandler' driver.
WARNING - 2026-02-28 13:30:20 --> [DEPRECATED] Creation of dynamic property CodeIgniter\HTTP\IncomingRequest::$user is deprecated in APPPATH\Filters\JwtAuthWeb.php on line 32.
 1 SYSTEMPATH\Filters\Filters.php(182): App\Filters\JwtAuthWeb->before(Object(CodeIgniter\HTTP\IncomingRequest), null)
 2 SYSTEMPATH\CodeIgniter.php(475): CodeIgniter\Filters\Filters->run('ltc-all', 'before')
 3 SYSTEMPATH\CodeIgniter.php(361): CodeIgniter\CodeIgniter->handleRequest(null, Object(Config\Cache), false)
 4 FCPATH\index.php(79): CodeIgniter\CodeIgniter->run()
WARNING - 2026-02-28 13:30:20 --> [DEPRECATED] Creation of dynamic property CodeIgniter\HTTP\IncomingRequest::$user is deprecated in APPPATH\Filters\JwtAuth.php on line 47.
 1 SYSTEMPATH\Filters\Filters.php(182): App\Filters\JwtAuth->before(Object(CodeIgniter\HTTP\IncomingRequest), null)
 2 SYSTEMPATH\CodeIgniter.php(475): CodeIgniter\Filters\Filters->run('api/profile', 'before')
 3 SYSTEMPATH\CodeIgniter.php(361): CodeIgniter\CodeIgniter->handleRequest(null, Object(Config\Cache), false)
 4 FCPATH\index.php(79): CodeIgniter\CodeIgniter->run()
INFO - 2026-02-28 13:30:20 --> Session: Class initialized using 'CodeIgniter\Session\Handlers\FileHandler' driver.
WARNING - 2026-02-28 13:30:20 --> [DEPRECATED] Creation of dynamic property CodeIgniter\HTTP\IncomingRequest::$user is deprecated in APPPATH\Filters\JwtAuthWeb.php on line 32.
 1 SYSTEMPATH\Filters\Filters.php(182): App\Filters\JwtAuthWeb->before(Object(CodeIgniter\HTTP\IncomingRequest), null)
 2 SYSTEMPATH\CodeIgniter.php(475): CodeIgniter\Filters\Filters->run('getLtcData', 'before')
 3 SYSTEMPATH\CodeIgniter.php(361): CodeIgniter\CodeIgniter->handleRequest(null, Object(Config\Cache), false)
 4 FCPATH\index.php(79): CodeIgniter\CodeIgniter->run()
INFO - 2026-02-28 13:30:22 --> Session: Class initialized using 'CodeIgniter\Session\Handlers\FileHandler' driver.
WARNING - 2026-02-28 13:30:22 --> [DEPRECATED] Creation of dynamic property CodeIgniter\HTTP\IncomingRequest::$user is deprecated in APPPATH\Filters\JwtAuthWeb.php on line 32.
 1 SYSTEMPATH\Filters\Filters.php(182): App\Filters\JwtAuthWeb->before(Object(CodeIgniter\HTTP\IncomingRequest), null)
 2 SYSTEMPATH\CodeIgniter.php(475): CodeIgniter\Filters\Filters->run('getLtc', 'before')
 3 SYSTEMPATH\CodeIgniter.php(361): CodeIgniter\CodeIgniter->handleRequest(null, Object(Config\Cache), false)
 4 FCPATH\index.php(79): CodeIgniter\CodeIgniter->run()
INFO - 2026-02-28 13:36:29 --> Session: Class initialized using 'CodeIgniter\Session\Handlers\FileHandler' driver.
WARNING - 2026-02-28 13:36:29 --> [DEPRECATED] Creation of dynamic property CodeIgniter\HTTP\IncomingRequest::$user is deprecated in APPPATH\Filters\JwtAuthWeb.php on line 32.
 1 SYSTEMPATH\Filters\Filters.php(182): App\Filters\JwtAuthWeb->before(Object(CodeIgniter\HTTP\IncomingRequest), null)
 2 SYSTEMPATH\CodeIgniter.php(475): CodeIgniter\Filters\Filters->run('updateLtcCaregiver', 'before')
 3 SYSTEMPATH\CodeIgniter.php(361): CodeIgniter\CodeIgniter->handleRequest(null, Object(Config\Cache), false)
 4 FCPATH\index.php(79): CodeIgniter\CodeIgniter->run()
INFO - 2026-02-28 13:36:29 --> Session: Class initialized using 'CodeIgniter\Session\Handlers\FileHandler' driver.
WARNING - 2026-02-28 13:36:29 --> [DEPRECATED] Creation of dynamic property CodeIgniter\HTTP\IncomingRequest::$user is deprecated in APPPATH\Filters\JwtAuthWeb.php on line 32.
 1 SYSTEMPATH\Filters\Filters.php(182): App\Filters\JwtAuthWeb->before(Object(CodeIgniter\HTTP\IncomingRequest), null)
 2 SYSTEMPATH\CodeIgniter.php(475): CodeIgniter\Filters\Filters->run('getLtcData', 'before')
 3 SYSTEMPATH\CodeIgniter.php(361): CodeIgniter\CodeIgniter->handleRequest(null, Object(Config\Cache), false)
 4 FCPATH\index.php(79): CodeIgniter\CodeIgniter->run()
INFO - 2026-02-28 13:36:32 --> Session: Class initialized using 'CodeIgniter\Session\Handlers\FileHandler' driver.
WARNING - 2026-02-28 13:36:32 --> [DEPRECATED] Creation of dynamic property CodeIgniter\HTTP\IncomingRequest::$user is deprecated in APPPATH\Filters\JwtAuthWeb.php on line 32.
 1 SYSTEMPATH\Filters\Filters.php(182): App\Filters\JwtAuthWeb->before(Object(CodeIgniter\HTTP\IncomingRequest), null)
 2 SYSTEMPATH\CodeIgniter.php(475): CodeIgniter\Filters\Filters->run('getLtc', 'before')
 3 SYSTEMPATH\CodeIgniter.php(361): CodeIgniter\CodeIgniter->handleRequest(null, Object(Config\Cache), false)
 4 FCPATH\index.php(79): CodeIgniter\CodeIgniter->run()
INFO - 2026-02-28 13:36:40 --> Session: Class initialized using 'CodeIgniter\Session\Handlers\FileHandler' driver.
WARNING - 2026-02-28 13:36:40 --> [DEPRECATED] Creation of dynamic property CodeIgniter\HTTP\IncomingRequest::$user is deprecated in APPPATH\Filters\JwtAuthWeb.php on line 32.
 1 SYSTEMPATH\Filters\Filters.php(182): App\Filters\JwtAuthWeb->before(Object(CodeIgniter\HTTP\IncomingRequest), null)
 2 SYSTEMPATH\CodeIgniter.php(475): CodeIgniter\Filters\Filters->run('updateLtcCaregiver', 'before')
 3 SYSTEMPATH\CodeIgniter.php(361): CodeIgniter\CodeIgniter->handleRequest(null, Object(Config\Cache), false)
 4 FCPATH\index.php(79): CodeIgniter\CodeIgniter->run()
INFO - 2026-02-28 13:36:40 --> Session: Class initialized using 'CodeIgniter\Session\Handlers\FileHandler' driver.
WARNING - 2026-02-28 13:36:40 --> [DEPRECATED] Creation of dynamic property CodeIgniter\HTTP\IncomingRequest::$user is deprecated in APPPATH\Filters\JwtAuthWeb.php on line 32.
 1 SYSTEMPATH\Filters\Filters.php(182): App\Filters\JwtAuthWeb->before(Object(CodeIgniter\HTTP\IncomingRequest), null)
 2 SYSTEMPATH\CodeIgniter.php(475): CodeIgniter\Filters\Filters->run('getLtcData', 'before')
 3 SYSTEMPATH\CodeIgniter.php(361): CodeIgniter\CodeIgniter->handleRequest(null, Object(Config\Cache), false)
 4 FCPATH\index.php(79): CodeIgniter\CodeIgniter->run()
INFO - 2026-02-28 13:36:44 --> Session: Class initialized using 'CodeIgniter\Session\Handlers\FileHandler' driver.
WARNING - 2026-02-28 13:36:44 --> [DEPRECATED] Creation of dynamic property CodeIgniter\HTTP\IncomingRequest::$user is deprecated in APPPATH\Filters\JwtAuthWeb.php on line 32.
 1 SYSTEMPATH\Filters\Filters.php(182): App\Filters\JwtAuthWeb->before(Object(CodeIgniter\HTTP\IncomingRequest), null)
 2 SYSTEMPATH\CodeIgniter.php(475): CodeIgniter\Filters\Filters->run('getLtc', 'before')
 3 SYSTEMPATH\CodeIgniter.php(361): CodeIgniter\CodeIgniter->handleRequest(null, Object(Config\Cache), false)
 4 FCPATH\index.php(79): CodeIgniter\CodeIgniter->run()
INFO - 2026-02-28 13:38:36 --> Session: Class initialized using 'CodeIgniter\Session\Handlers\FileHandler' driver.
WARNING - 2026-02-28 13:38:36 --> [DEPRECATED] Creation of dynamic property CodeIgniter\HTTP\IncomingRequest::$user is deprecated in APPPATH\Filters\JwtAuthWeb.php on line 32.
 1 SYSTEMPATH\Filters\Filters.php(182): App\Filters\JwtAuthWeb->before(Object(CodeIgniter\HTTP\IncomingRequest), null)
 2 SYSTEMPATH\CodeIgniter.php(475): CodeIgniter\Filters\Filters->run('updateLtcCaregiver', 'before')
 3 SYSTEMPATH\CodeIgniter.php(361): CodeIgniter\CodeIgniter->handleRequest(null, Object(Config\Cache), false)
 4 FCPATH\index.php(79): CodeIgniter\CodeIgniter->run()
INFO - 2026-02-28 13:38:36 --> Session: Class initialized using 'CodeIgniter\Session\Handlers\FileHandler' driver.
WARNING - 2026-02-28 13:38:36 --> [DEPRECATED] Creation of dynamic property CodeIgniter\HTTP\IncomingRequest::$user is deprecated in APPPATH\Filters\JwtAuthWeb.php on line 32.
 1 SYSTEMPATH\Filters\Filters.php(182): App\Filters\JwtAuthWeb->before(Object(CodeIgniter\HTTP\IncomingRequest), null)
 2 SYSTEMPATH\CodeIgniter.php(475): CodeIgniter\Filters\Filters->run('getLtcData', 'before')
 3 SYSTEMPATH\CodeIgniter.php(361): CodeIgniter\CodeIgniter->handleRequest(null, Object(Config\Cache), false)
 4 FCPATH\index.php(79): CodeIgniter\CodeIgniter->run()
INFO - 2026-02-28 13:38:39 --> Session: Class initialized using 'CodeIgniter\Session\Handlers\FileHandler' driver.
WARNING - 2026-02-28 13:38:39 --> [DEPRECATED] Creation of dynamic property CodeIgniter\HTTP\IncomingRequest::$user is deprecated in APPPATH\Filters\JwtAuthWeb.php on line 32.
 1 SYSTEMPATH\Filters\Filters.php(182): App\Filters\JwtAuthWeb->before(Object(CodeIgniter\HTTP\IncomingRequest), null)
 2 SYSTEMPATH\CodeIgniter.php(475): CodeIgniter\Filters\Filters->run('getLtc', 'before')
 3 SYSTEMPATH\CodeIgniter.php(361): CodeIgniter\CodeIgniter->handleRequest(null, Object(Config\Cache), false)
 4 FCPATH\index.php(79): CodeIgniter\CodeIgniter->run()
INFO - 2026-02-28 13:39:44 --> Session: Class initialized using 'CodeIgniter\Session\Handlers\FileHandler' driver.
WARNING - 2026-02-28 13:39:44 --> [DEPRECATED] Creation of dynamic property CodeIgniter\HTTP\IncomingRequest::$user is deprecated in APPPATH\Filters\JwtAuthWeb.php on line 32.
 1 SYSTEMPATH\Filters\Filters.php(182): App\Filters\JwtAuthWeb->before(Object(CodeIgniter\HTTP\IncomingRequest), null)
 2 SYSTEMPATH\CodeIgniter.php(475): CodeIgniter\Filters\Filters->run('ltc-all', 'before')
 3 SYSTEMPATH\CodeIgniter.php(361): CodeIgniter\CodeIgniter->handleRequest(null, Object(Config\Cache), false)
 4 FCPATH\index.php(79): CodeIgniter\CodeIgniter->run()
WARNING - 2026-02-28 13:39:45 --> [DEPRECATED] Creation of dynamic property CodeIgniter\HTTP\IncomingRequest::$user is deprecated in APPPATH\Filters\JwtAuth.php on line 47.
 1 SYSTEMPATH\Filters\Filters.php(182): App\Filters\JwtAuth->before(Object(CodeIgniter\HTTP\IncomingRequest), null)
 2 SYSTEMPATH\CodeIgniter.php(475): CodeIgniter\Filters\Filters->run('api/profile', 'before')
 3 SYSTEMPATH\CodeIgniter.php(361): CodeIgniter\CodeIgniter->handleRequest(null, Object(Config\Cache), false)
 4 FCPATH\index.php(79): CodeIgniter\CodeIgniter->run()
INFO - 2026-02-28 13:39:45 --> Session: Class initialized using 'CodeIgniter\Session\Handlers\FileHandler' driver.
WARNING - 2026-02-28 13:39:45 --> [DEPRECATED] Creation of dynamic property CodeIgniter\HTTP\IncomingRequest::$user is deprecated in APPPATH\Filters\JwtAuthWeb.php on line 32.
 1 SYSTEMPATH\Filters\Filters.php(182): App\Filters\JwtAuthWeb->before(Object(CodeIgniter\HTTP\IncomingRequest), null)
 2 SYSTEMPATH\CodeIgniter.php(475): CodeIgniter\Filters\Filters->run('getLtcData', 'before')
 3 SYSTEMPATH\CodeIgniter.php(361): CodeIgniter\CodeIgniter->handleRequest(null, Object(Config\Cache), false)
 4 FCPATH\index.php(79): CodeIgniter\CodeIgniter->run()
INFO - 2026-02-28 13:39:46 --> Session: Class initialized using 'CodeIgniter\Session\Handlers\FileHandler' driver.
WARNING - 2026-02-28 13:39:46 --> [DEPRECATED] Creation of dynamic property CodeIgniter\HTTP\IncomingRequest::$user is deprecated in APPPATH\Filters\JwtAuthWeb.php on line 32.
 1 SYSTEMPATH\Filters\Filters.php(182): App\Filters\JwtAuthWeb->before(Object(CodeIgniter\HTTP\IncomingRequest), null)
 2 SYSTEMPATH\CodeIgniter.php(475): CodeIgniter\Filters\Filters->run('getLtc', 'before')
 3 SYSTEMPATH\CodeIgniter.php(361): CodeIgniter\CodeIgniter->handleRequest(null, Object(Config\Cache), false)
 4 FCPATH\index.php(79): CodeIgniter\CodeIgniter->run()
INFO - 2026-02-28 13:40:06 --> Session: Class initialized using 'CodeIgniter\Session\Handlers\FileHandler' driver.
WARNING - 2026-02-28 13:40:06 --> [DEPRECATED] Creation of dynamic property CodeIgniter\HTTP\IncomingRequest::$user is deprecated in APPPATH\Filters\JwtAuthWeb.php on line 32.
 1 SYSTEMPATH\Filters\Filters.php(182): App\Filters\JwtAuthWeb->before(Object(CodeIgniter\HTTP\IncomingRequest), null)
 2 SYSTEMPATH\CodeIgniter.php(475): CodeIgniter\Filters\Filters->run('ltc-all', 'before')
 3 SYSTEMPATH\CodeIgniter.php(361): CodeIgniter\CodeIgniter->handleRequest(null, Object(Config\Cache), false)
 4 FCPATH\index.php(79): CodeIgniter\CodeIgniter->run()
WARNING - 2026-02-28 13:40:06 --> [DEPRECATED] Creation of dynamic property CodeIgniter\HTTP\IncomingRequest::$user is deprecated in APPPATH\Filters\JwtAuth.php on line 47.
 1 SYSTEMPATH\Filters\Filters.php(182): App\Filters\JwtAuth->before(Object(CodeIgniter\HTTP\IncomingRequest), null)
 2 SYSTEMPATH\CodeIgniter.php(475): CodeIgniter\Filters\Filters->run('api/profile', 'before')
 3 SYSTEMPATH\CodeIgniter.php(361): CodeIgniter\CodeIgniter->handleRequest(null, Object(Config\Cache), false)
 4 FCPATH\index.php(79): CodeIgniter\CodeIgniter->run()
INFO - 2026-02-28 13:40:06 --> Session: Class initialized using 'CodeIgniter\Session\Handlers\FileHandler' driver.
WARNING - 2026-02-28 13:40:06 --> [DEPRECATED] Creation of dynamic property CodeIgniter\HTTP\IncomingRequest::$user is deprecated in APPPATH\Filters\JwtAuthWeb.php on line 32.
 1 SYSTEMPATH\Filters\Filters.php(182): App\Filters\JwtAuthWeb->before(Object(CodeIgniter\HTTP\IncomingRequest), null)
 2 SYSTEMPATH\CodeIgniter.php(475): CodeIgniter\Filters\Filters->run('getLtcData', 'before')
 3 SYSTEMPATH\CodeIgniter.php(361): CodeIgniter\CodeIgniter->handleRequest(null, Object(Config\Cache), false)
 4 FCPATH\index.php(79): CodeIgniter\CodeIgniter->run()
INFO - 2026-02-28 13:40:07 --> Session: Class initialized using 'CodeIgniter\Session\Handlers\FileHandler' driver.
WARNING - 2026-02-28 13:40:07 --> [DEPRECATED] Creation of dynamic property CodeIgniter\HTTP\IncomingRequest::$user is deprecated in APPPATH\Filters\JwtAuthWeb.php on line 32.
 1 SYSTEMPATH\Filters\Filters.php(182): App\Filters\JwtAuthWeb->before(Object(CodeIgniter\HTTP\IncomingRequest), null)
 2 SYSTEMPATH\CodeIgniter.php(475): CodeIgniter\Filters\Filters->run('getLtc', 'before')
 3 SYSTEMPATH\CodeIgniter.php(361): CodeIgniter\CodeIgniter->handleRequest(null, Object(Config\Cache), false)
 4 FCPATH\index.php(79): CodeIgniter\CodeIgniter->run()
INFO - 2026-02-28 13:41:15 --> Session: Class initialized using 'CodeIgniter\Session\Handlers\FileHandler' driver.
WARNING - 2026-02-28 13:41:15 --> [DEPRECATED] Creation of dynamic property CodeIgniter\HTTP\IncomingRequest::$user is deprecated in APPPATH\Filters\JwtAuthWeb.php on line 32.
 1 SYSTEMPATH\Filters\Filters.php(182): App\Filters\JwtAuthWeb->before(Object(CodeIgniter\HTTP\IncomingRequest), null)
 2 SYSTEMPATH\CodeIgniter.php(475): CodeIgniter\Filters\Filters->run('ltc-all', 'before')
 3 SYSTEMPATH\CodeIgniter.php(361): CodeIgniter\CodeIgniter->handleRequest(null, Object(Config\Cache), false)
 4 FCPATH\index.php(79): CodeIgniter\CodeIgniter->run()
WARNING - 2026-02-28 13:41:15 --> [DEPRECATED] Creation of dynamic property CodeIgniter\HTTP\IncomingRequest::$user is deprecated in APPPATH\Filters\JwtAuth.php on line 47.
 1 SYSTEMPATH\Filters\Filters.php(182): App\Filters\JwtAuth->before(Object(CodeIgniter\HTTP\IncomingRequest), null)
 2 SYSTEMPATH\CodeIgniter.php(475): CodeIgniter\Filters\Filters->run('api/profile', 'before')
 3 SYSTEMPATH\CodeIgniter.php(361): CodeIgniter\CodeIgniter->handleRequest(null, Object(Config\Cache), false)
 4 FCPATH\index.php(79): CodeIgniter\CodeIgniter->run()
INFO - 2026-02-28 13:41:15 --> Session: Class initialized using 'CodeIgniter\Session\Handlers\FileHandler' driver.
WARNING - 2026-02-28 13:41:15 --> [DEPRECATED] Creation of dynamic property CodeIgniter\HTTP\IncomingRequest::$user is deprecated in APPPATH\Filters\JwtAuthWeb.php on line 32.
 1 SYSTEMPATH\Filters\Filters.php(182): App\Filters\JwtAuthWeb->before(Object(CodeIgniter\HTTP\IncomingRequest), null)
 2 SYSTEMPATH\CodeIgniter.php(475): CodeIgniter\Filters\Filters->run('getLtcData', 'before')
 3 SYSTEMPATH\CodeIgniter.php(361): CodeIgniter\CodeIgniter->handleRequest(null, Object(Config\Cache), false)
 4 FCPATH\index.php(79): CodeIgniter\CodeIgniter->run()
INFO - 2026-02-28 13:41:16 --> Session: Class initialized using 'CodeIgniter\Session\Handlers\FileHandler' driver.
WARNING - 2026-02-28 13:41:16 --> [DEPRECATED] Creation of dynamic property CodeIgniter\HTTP\IncomingRequest::$user is deprecated in APPPATH\Filters\JwtAuthWeb.php on line 32.
 1 SYSTEMPATH\Filters\Filters.php(182): App\Filters\JwtAuthWeb->before(Object(CodeIgniter\HTTP\IncomingRequest), null)
 2 SYSTEMPATH\CodeIgniter.php(475): CodeIgniter\Filters\Filters->run('getLtc', 'before')
 3 SYSTEMPATH\CodeIgniter.php(361): CodeIgniter\CodeIgniter->handleRequest(null, Object(Config\Cache), false)
 4 FCPATH\index.php(79): CodeIgniter\CodeIgniter->run()
INFO - 2026-02-28 13:44:17 --> Session: Class initialized using 'CodeIgniter\Session\Handlers\FileHandler' driver.
WARNING - 2026-02-28 13:44:17 --> [DEPRECATED] Creation of dynamic property CodeIgniter\HTTP\IncomingRequest::$user is deprecated in APPPATH\Filters\JwtAuthWeb.php on line 32.
 1 SYSTEMPATH\Filters\Filters.php(182): App\Filters\JwtAuthWeb->before(Object(CodeIgniter\HTTP\IncomingRequest), null)
 2 SYSTEMPATH\CodeIgniter.php(475): CodeIgniter\Filters\Filters->run('ltc-all', 'before')
 3 SYSTEMPATH\CodeIgniter.php(361): CodeIgniter\CodeIgniter->handleRequest(null, Object(Config\Cache), false)
 4 FCPATH\index.php(79): CodeIgniter\CodeIgniter->run()
WARNING - 2026-02-28 13:44:17 --> [DEPRECATED] Creation of dynamic property CodeIgniter\HTTP\IncomingRequest::$user is deprecated in APPPATH\Filters\JwtAuth.php on line 47.
 1 SYSTEMPATH\Filters\Filters.php(182): App\Filters\JwtAuth->before(Object(CodeIgniter\HTTP\IncomingRequest), null)
 2 SYSTEMPATH\CodeIgniter.php(475): CodeIgniter\Filters\Filters->run('api/profile', 'before')
 3 SYSTEMPATH\CodeIgniter.php(361): CodeIgniter\CodeIgniter->handleRequest(null, Object(Config\Cache), false)
 4 FCPATH\index.php(79): CodeIgniter\CodeIgniter->run()
INFO - 2026-02-28 13:44:17 --> Session: Class initialized using 'CodeIgniter\Session\Handlers\FileHandler' driver.
WARNING - 2026-02-28 13:44:17 --> [DEPRECATED] Creation of dynamic property CodeIgniter\HTTP\IncomingRequest::$user is deprecated in APPPATH\Filters\JwtAuthWeb.php on line 32.
 1 SYSTEMPATH\Filters\Filters.php(182): App\Filters\JwtAuthWeb->before(Object(CodeIgniter\HTTP\IncomingRequest), null)
 2 SYSTEMPATH\CodeIgniter.php(475): CodeIgniter\Filters\Filters->run('getLtcData', 'before')
 3 SYSTEMPATH\CodeIgniter.php(361): CodeIgniter\CodeIgniter->handleRequest(null, Object(Config\Cache), false)
 4 FCPATH\index.php(79): CodeIgniter\CodeIgniter->run()
INFO - 2026-02-28 13:44:18 --> Session: Class initialized using 'CodeIgniter\Session\Handlers\FileHandler' driver.
WARNING - 2026-02-28 13:44:18 --> [DEPRECATED] Creation of dynamic property CodeIgniter\HTTP\IncomingRequest::$user is deprecated in APPPATH\Filters\JwtAuthWeb.php on line 32.
 1 SYSTEMPATH\Filters\Filters.php(182): App\Filters\JwtAuthWeb->before(Object(CodeIgniter\HTTP\IncomingRequest), null)
 2 SYSTEMPATH\CodeIgniter.php(475): CodeIgniter\Filters\Filters->run('getLtc', 'before')
 3 SYSTEMPATH\CodeIgniter.php(361): CodeIgniter\CodeIgniter->handleRequest(null, Object(Config\Cache), false)
 4 FCPATH\index.php(79): CodeIgniter\CodeIgniter->run()
INFO - 2026-02-28 13:44:33 --> Session: Class initialized using 'CodeIgniter\Session\Handlers\FileHandler' driver.
WARNING - 2026-02-28 13:44:33 --> [DEPRECATED] Creation of dynamic property CodeIgniter\HTTP\IncomingRequest::$user is deprecated in APPPATH\Filters\JwtAuthWeb.php on line 32.
 1 SYSTEMPATH\Filters\Filters.php(182): App\Filters\JwtAuthWeb->before(Object(CodeIgniter\HTTP\IncomingRequest), null)
 2 SYSTEMPATH\CodeIgniter.php(475): CodeIgniter\Filters\Filters->run('updateLtcCaregiver', 'before')
 3 SYSTEMPATH\CodeIgniter.php(361): CodeIgniter\CodeIgniter->handleRequest(null, Object(Config\Cache), false)
 4 FCPATH\index.php(79): CodeIgniter\CodeIgniter->run()
INFO - 2026-02-28 13:44:34 --> Session: Class initialized using 'CodeIgniter\Session\Handlers\FileHandler' driver.
WARNING - 2026-02-28 13:44:34 --> [DEPRECATED] Creation of dynamic property CodeIgniter\HTTP\IncomingRequest::$user is deprecated in APPPATH\Filters\JwtAuthWeb.php on line 32.
 1 SYSTEMPATH\Filters\Filters.php(182): App\Filters\JwtAuthWeb->before(Object(CodeIgniter\HTTP\IncomingRequest), null)
 2 SYSTEMPATH\CodeIgniter.php(475): CodeIgniter\Filters\Filters->run('getLtcData', 'before')
 3 SYSTEMPATH\CodeIgniter.php(361): CodeIgniter\CodeIgniter->handleRequest(null, Object(Config\Cache), false)
 4 FCPATH\index.php(79): CodeIgniter\CodeIgniter->run()
INFO - 2026-02-28 13:44:36 --> Session: Class initialized using 'CodeIgniter\Session\Handlers\FileHandler' driver.
WARNING - 2026-02-28 13:44:36 --> [DEPRECATED] Creation of dynamic property CodeIgniter\HTTP\IncomingRequest::$user is deprecated in APPPATH\Filters\JwtAuthWeb.php on line 32.
 1 SYSTEMPATH\Filters\Filters.php(182): App\Filters\JwtAuthWeb->before(Object(CodeIgniter\HTTP\IncomingRequest), null)
 2 SYSTEMPATH\CodeIgniter.php(475): CodeIgniter\Filters\Filters->run('getLtc', 'before')
 3 SYSTEMPATH\CodeIgniter.php(361): CodeIgniter\CodeIgniter->handleRequest(null, Object(Config\Cache), false)
 4 FCPATH\index.php(79): CodeIgniter\CodeIgniter->run()
INFO - 2026-02-28 13:48:33 --> Session: Class initialized using 'CodeIgniter\Session\Handlers\FileHandler' driver.
WARNING - 2026-02-28 13:48:33 --> [DEPRECATED] Creation of dynamic property CodeIgniter\HTTP\IncomingRequest::$user is deprecated in APPPATH\Filters\JwtAuthWeb.php on line 32.
 1 SYSTEMPATH\Filters\Filters.php(182): App\Filters\JwtAuthWeb->before(Object(CodeIgniter\HTTP\IncomingRequest), null)
 2 SYSTEMPATH\CodeIgniter.php(475): CodeIgniter\Filters\Filters->run('ltc-all', 'before')
 3 SYSTEMPATH\CodeIgniter.php(361): CodeIgniter\CodeIgniter->handleRequest(null, Object(Config\Cache), false)
 4 FCPATH\index.php(79): CodeIgniter\CodeIgniter->run()
WARNING - 2026-02-28 13:48:34 --> [DEPRECATED] Creation of dynamic property CodeIgniter\HTTP\IncomingRequest::$user is deprecated in APPPATH\Filters\JwtAuth.php on line 47.
 1 SYSTEMPATH\Filters\Filters.php(182): App\Filters\JwtAuth->before(Object(CodeIgniter\HTTP\IncomingRequest), null)
 2 SYSTEMPATH\CodeIgniter.php(475): CodeIgniter\Filters\Filters->run('api/profile', 'before')
 3 SYSTEMPATH\CodeIgniter.php(361): CodeIgniter\CodeIgniter->handleRequest(null, Object(Config\Cache), false)
 4 FCPATH\index.php(79): CodeIgniter\CodeIgniter->run()
INFO - 2026-02-28 13:48:34 --> Session: Class initialized using 'CodeIgniter\Session\Handlers\FileHandler' driver.
WARNING - 2026-02-28 13:48:34 --> [DEPRECATED] Creation of dynamic property CodeIgniter\HTTP\IncomingRequest::$user is deprecated in APPPATH\Filters\JwtAuthWeb.php on line 32.
 1 SYSTEMPATH\Filters\Filters.php(182): App\Filters\JwtAuthWeb->before(Object(CodeIgniter\HTTP\IncomingRequest), null)
 2 SYSTEMPATH\CodeIgniter.php(475): CodeIgniter\Filters\Filters->run('getLtcData', 'before')
 3 SYSTEMPATH\CodeIgniter.php(361): CodeIgniter\CodeIgniter->handleRequest(null, Object(Config\Cache), false)
 4 FCPATH\index.php(79): CodeIgniter\CodeIgniter->run()
INFO - 2026-02-28 13:49:05 --> Session: Class initialized using 'CodeIgniter\Session\Handlers\FileHandler' driver.
WARNING - 2026-02-28 13:49:05 --> [DEPRECATED] Creation of dynamic property CodeIgniter\HTTP\IncomingRequest::$user is deprecated in APPPATH\Filters\JwtAuthWeb.php on line 32.
 1 SYSTEMPATH\Filters\Filters.php(182): App\Filters\JwtAuthWeb->before(Object(CodeIgniter\HTTP\IncomingRequest), null)
 2 SYSTEMPATH\CodeIgniter.php(475): CodeIgniter\Filters\Filters->run('ltc-all', 'before')
 3 SYSTEMPATH\CodeIgniter.php(361): CodeIgniter\CodeIgniter->handleRequest(null, Object(Config\Cache), false)
 4 FCPATH\index.php(79): CodeIgniter\CodeIgniter->run()
WARNING - 2026-02-28 13:49:06 --> [DEPRECATED] Creation of dynamic property CodeIgniter\HTTP\IncomingRequest::$user is deprecated in APPPATH\Filters\JwtAuth.php on line 47.
 1 SYSTEMPATH\Filters\Filters.php(182): App\Filters\JwtAuth->before(Object(CodeIgniter\HTTP\IncomingRequest), null)
 2 SYSTEMPATH\CodeIgniter.php(475): CodeIgniter\Filters\Filters->run('api/profile', 'before')
 3 SYSTEMPATH\CodeIgniter.php(361): CodeIgniter\CodeIgniter->handleRequest(null, Object(Config\Cache), false)
 4 FCPATH\index.php(79): CodeIgniter\CodeIgniter->run()
INFO - 2026-02-28 13:49:06 --> Session: Class initialized using 'CodeIgniter\Session\Handlers\FileHandler' driver.
WARNING - 2026-02-28 13:49:06 --> [DEPRECATED] Creation of dynamic property CodeIgniter\HTTP\IncomingRequest::$user is deprecated in APPPATH\Filters\JwtAuthWeb.php on line 32.
 1 SYSTEMPATH\Filters\Filters.php(182): App\Filters\JwtAuthWeb->before(Object(CodeIgniter\HTTP\IncomingRequest), null)
 2 SYSTEMPATH\CodeIgniter.php(475): CodeIgniter\Filters\Filters->run('getLtcData', 'before')
 3 SYSTEMPATH\CodeIgniter.php(361): CodeIgniter\CodeIgniter->handleRequest(null, Object(Config\Cache), false)
 4 FCPATH\index.php(79): CodeIgniter\CodeIgniter->run()
INFO - 2026-02-28 13:50:53 --> Session: Class initialized using 'CodeIgniter\Session\Handlers\FileHandler' driver.
WARNING - 2026-02-28 13:50:53 --> [DEPRECATED] Creation of dynamic property CodeIgniter\HTTP\IncomingRequest::$user is deprecated in APPPATH\Filters\JwtAuthWeb.php on line 32.
 1 SYSTEMPATH\Filters\Filters.php(182): App\Filters\JwtAuthWeb->before(Object(CodeIgniter\HTTP\IncomingRequest), null)
 2 SYSTEMPATH\CodeIgniter.php(475): CodeIgniter\Filters\Filters->run('ltc-all', 'before')
 3 SYSTEMPATH\CodeIgniter.php(361): CodeIgniter\CodeIgniter->handleRequest(null, Object(Config\Cache), false)
 4 FCPATH\index.php(79): CodeIgniter\CodeIgniter->run()
WARNING - 2026-02-28 13:50:54 --> [DEPRECATED] Creation of dynamic property CodeIgniter\HTTP\IncomingRequest::$user is deprecated in APPPATH\Filters\JwtAuth.php on line 47.
 1 SYSTEMPATH\Filters\Filters.php(182): App\Filters\JwtAuth->before(Object(CodeIgniter\HTTP\IncomingRequest), null)
 2 SYSTEMPATH\CodeIgniter.php(475): CodeIgniter\Filters\Filters->run('api/profile', 'before')
 3 SYSTEMPATH\CodeIgniter.php(361): CodeIgniter\CodeIgniter->handleRequest(null, Object(Config\Cache), false)
 4 FCPATH\index.php(79): CodeIgniter\CodeIgniter->run()
INFO - 2026-02-28 13:50:54 --> Session: Class initialized using 'CodeIgniter\Session\Handlers\FileHandler' driver.
WARNING - 2026-02-28 13:50:54 --> [DEPRECATED] Creation of dynamic property CodeIgniter\HTTP\IncomingRequest::$user is deprecated in APPPATH\Filters\JwtAuthWeb.php on line 32.
 1 SYSTEMPATH\Filters\Filters.php(182): App\Filters\JwtAuthWeb->before(Object(CodeIgniter\HTTP\IncomingRequest), null)
 2 SYSTEMPATH\CodeIgniter.php(475): CodeIgniter\Filters\Filters->run('getLtcData', 'before')
 3 SYSTEMPATH\CodeIgniter.php(361): CodeIgniter\CodeIgniter->handleRequest(null, Object(Config\Cache), false)
 4 FCPATH\index.php(79): CodeIgniter\CodeIgniter->run()
INFO - 2026-02-28 13:51:03 --> Session: Class initialized using 'CodeIgniter\Session\Handlers\FileHandler' driver.
WARNING - 2026-02-28 13:51:03 --> [DEPRECATED] Creation of dynamic property CodeIgniter\HTTP\IncomingRequest::$user is deprecated in APPPATH\Filters\JwtAuthWeb.php on line 32.
 1 SYSTEMPATH\Filters\Filters.php(182): App\Filters\JwtAuthWeb->before(Object(CodeIgniter\HTTP\IncomingRequest), null)
 2 SYSTEMPATH\CodeIgniter.php(475): CodeIgniter\Filters\Filters->run('getLtc', 'before')
 3 SYSTEMPATH\CodeIgniter.php(361): CodeIgniter\CodeIgniter->handleRequest(null, Object(Config\Cache), false)
 4 FCPATH\index.php(79): CodeIgniter\CodeIgniter->run()
INFO - 2026-02-28 13:51:14 --> Session: Class initialized using 'CodeIgniter\Session\Handlers\FileHandler' driver.
WARNING - 2026-02-28 13:51:14 --> [DEPRECATED] Creation of dynamic property CodeIgniter\HTTP\IncomingRequest::$user is deprecated in APPPATH\Filters\JwtAuthWeb.php on line 32.
 1 SYSTEMPATH\Filters\Filters.php(182): App\Filters\JwtAuthWeb->before(Object(CodeIgniter\HTTP\IncomingRequest), null)
 2 SYSTEMPATH\CodeIgniter.php(475): CodeIgniter\Filters\Filters->run('updateLtcCaregiver', 'before')
 3 SYSTEMPATH\CodeIgniter.php(361): CodeIgniter\CodeIgniter->handleRequest(null, Object(Config\Cache), false)
 4 FCPATH\index.php(79): CodeIgniter\CodeIgniter->run()
INFO - 2026-02-28 13:51:14 --> Session: Class initialized using 'CodeIgniter\Session\Handlers\FileHandler' driver.
WARNING - 2026-02-28 13:51:14 --> [DEPRECATED] Creation of dynamic property CodeIgniter\HTTP\IncomingRequest::$user is deprecated in APPPATH\Filters\JwtAuthWeb.php on line 32.
 1 SYSTEMPATH\Filters\Filters.php(182): App\Filters\JwtAuthWeb->before(Object(CodeIgniter\HTTP\IncomingRequest), null)
 2 SYSTEMPATH\CodeIgniter.php(475): CodeIgniter\Filters\Filters->run('getLtcData', 'before')
 3 SYSTEMPATH\CodeIgniter.php(361): CodeIgniter\CodeIgniter->handleRequest(null, Object(Config\Cache), false)
 4 FCPATH\index.php(79): CodeIgniter\CodeIgniter->run()
INFO - 2026-02-28 13:51:47 --> Session: Class initialized using 'CodeIgniter\Session\Handlers\FileHandler' driver.
WARNING - 2026-02-28 13:51:47 --> [DEPRECATED] Creation of dynamic property CodeIgniter\HTTP\IncomingRequest::$user is deprecated in APPPATH\Filters\JwtAuthWeb.php on line 32.
 1 SYSTEMPATH\Filters\Filters.php(182): App\Filters\JwtAuthWeb->before(Object(CodeIgniter\HTTP\IncomingRequest), null)
 2 SYSTEMPATH\CodeIgniter.php(475): CodeIgniter\Filters\Filters->run('ltc-all', 'before')
 3 SYSTEMPATH\CodeIgniter.php(361): CodeIgniter\CodeIgniter->handleRequest(null, Object(Config\Cache), false)
 4 FCPATH\index.php(79): CodeIgniter\CodeIgniter->run()
WARNING - 2026-02-28 13:51:47 --> [DEPRECATED] Creation of dynamic property CodeIgniter\HTTP\IncomingRequest::$user is deprecated in APPPATH\Filters\JwtAuth.php on line 47.
 1 SYSTEMPATH\Filters\Filters.php(182): App\Filters\JwtAuth->before(Object(CodeIgniter\HTTP\IncomingRequest), null)
 2 SYSTEMPATH\CodeIgniter.php(475): CodeIgniter\Filters\Filters->run('api/profile', 'before')
 3 SYSTEMPATH\CodeIgniter.php(361): CodeIgniter\CodeIgniter->handleRequest(null, Object(Config\Cache), false)
 4 FCPATH\index.php(79): CodeIgniter\CodeIgniter->run()
INFO - 2026-02-28 13:51:47 --> Session: Class initialized using 'CodeIgniter\Session\Handlers\FileHandler' driver.
WARNING - 2026-02-28 13:51:47 --> [DEPRECATED] Creation of dynamic property CodeIgniter\HTTP\IncomingRequest::$user is deprecated in APPPATH\Filters\JwtAuthWeb.php on line 32.
 1 SYSTEMPATH\Filters\Filters.php(182): App\Filters\JwtAuthWeb->before(Object(CodeIgniter\HTTP\IncomingRequest), null)
 2 SYSTEMPATH\CodeIgniter.php(475): CodeIgniter\Filters\Filters->run('getLtcData', 'before')
 3 SYSTEMPATH\CodeIgniter.php(361): CodeIgniter\CodeIgniter->handleRequest(null, Object(Config\Cache), false)
 4 FCPATH\index.php(79): CodeIgniter\CodeIgniter->run()
INFO - 2026-02-28 13:51:49 --> Session: Class initialized using 'CodeIgniter\Session\Handlers\FileHandler' driver.
WARNING - 2026-02-28 13:51:49 --> [DEPRECATED] Creation of dynamic property CodeIgniter\HTTP\IncomingRequest::$user is deprecated in APPPATH\Filters\JwtAuthWeb.php on line 32.
 1 SYSTEMPATH\Filters\Filters.php(182): App\Filters\JwtAuthWeb->before(Object(CodeIgniter\HTTP\IncomingRequest), null)
 2 SYSTEMPATH\CodeIgniter.php(475): CodeIgniter\Filters\Filters->run('getLtc', 'before')
 3 SYSTEMPATH\CodeIgniter.php(361): CodeIgniter\CodeIgniter->handleRequest(null, Object(Config\Cache), false)
 4 FCPATH\index.php(79): CodeIgniter\CodeIgniter->run()
INFO - 2026-02-28 13:51:59 --> Session: Class initialized using 'CodeIgniter\Session\Handlers\FileHandler' driver.
WARNING - 2026-02-28 13:51:59 --> [DEPRECATED] Creation of dynamic property CodeIgniter\HTTP\IncomingRequest::$user is deprecated in APPPATH\Filters\JwtAuthWeb.php on line 32.
 1 SYSTEMPATH\Filters\Filters.php(182): App\Filters\JwtAuthWeb->before(Object(CodeIgniter\HTTP\IncomingRequest), null)
 2 SYSTEMPATH\CodeIgniter.php(475): CodeIgniter\Filters\Filters->run('updateLtcCaregiver', 'before')
 3 SYSTEMPATH\CodeIgniter.php(361): CodeIgniter\CodeIgniter->handleRequest(null, Object(Config\Cache), false)
 4 FCPATH\index.php(79): CodeIgniter\CodeIgniter->run()
INFO - 2026-02-28 13:51:59 --> Session: Class initialized using 'CodeIgniter\Session\Handlers\FileHandler' driver.
WARNING - 2026-02-28 13:51:59 --> [DEPRECATED] Creation of dynamic property CodeIgniter\HTTP\IncomingRequest::$user is deprecated in APPPATH\Filters\JwtAuthWeb.php on line 32.
 1 SYSTEMPATH\Filters\Filters.php(182): App\Filters\JwtAuthWeb->before(Object(CodeIgniter\HTTP\IncomingRequest), null)
 2 SYSTEMPATH\CodeIgniter.php(475): CodeIgniter\Filters\Filters->run('getLtcData', 'before')
 3 SYSTEMPATH\CodeIgniter.php(361): CodeIgniter\CodeIgniter->handleRequest(null, Object(Config\Cache), false)
 4 FCPATH\index.php(79): CodeIgniter\CodeIgniter->run()
INFO - 2026-02-28 13:52:03 --> Session: Class initialized using 'CodeIgniter\Session\Handlers\FileHandler' driver.
WARNING - 2026-02-28 13:52:03 --> [DEPRECATED] Creation of dynamic property CodeIgniter\HTTP\IncomingRequest::$user is deprecated in APPPATH\Filters\JwtAuthWeb.php on line 32.
 1 SYSTEMPATH\Filters\Filters.php(182): App\Filters\JwtAuthWeb->before(Object(CodeIgniter\HTTP\IncomingRequest), null)
 2 SYSTEMPATH\CodeIgniter.php(475): CodeIgniter\Filters\Filters->run('getLtc', 'before')
 3 SYSTEMPATH\CodeIgniter.php(361): CodeIgniter\CodeIgniter->handleRequest(null, Object(Config\Cache), false)
 4 FCPATH\index.php(79): CodeIgniter\CodeIgniter->run()
INFO - 2026-02-28 13:53:50 --> Session: Class initialized using 'CodeIgniter\Session\Handlers\FileHandler' driver.
WARNING - 2026-02-28 13:53:50 --> [DEPRECATED] Creation of dynamic property CodeIgniter\HTTP\IncomingRequest::$user is deprecated in APPPATH\Filters\JwtAuthWeb.php on line 32.
 1 SYSTEMPATH\Filters\Filters.php(182): App\Filters\JwtAuthWeb->before(Object(CodeIgniter\HTTP\IncomingRequest), null)
 2 SYSTEMPATH\CodeIgniter.php(475): CodeIgniter\Filters\Filters->run('ltc-all', 'before')
 3 SYSTEMPATH\CodeIgniter.php(361): CodeIgniter\CodeIgniter->handleRequest(null, Object(Config\Cache), false)
 4 FCPATH\index.php(79): CodeIgniter\CodeIgniter->run()
WARNING - 2026-02-28 13:53:51 --> [DEPRECATED] Creation of dynamic property CodeIgniter\HTTP\IncomingRequest::$user is deprecated in APPPATH\Filters\JwtAuth.php on line 47.
 1 SYSTEMPATH\Filters\Filters.php(182): App\Filters\JwtAuth->before(Object(CodeIgniter\HTTP\IncomingRequest), null)
 2 SYSTEMPATH\CodeIgniter.php(475): CodeIgniter\Filters\Filters->run('api/profile', 'before')
 3 SYSTEMPATH\CodeIgniter.php(361): CodeIgniter\CodeIgniter->handleRequest(null, Object(Config\Cache), false)
 4 FCPATH\index.php(79): CodeIgniter\CodeIgniter->run()
INFO - 2026-02-28 13:53:51 --> Session: Class initialized using 'CodeIgniter\Session\Handlers\FileHandler' driver.
WARNING - 2026-02-28 13:53:51 --> [DEPRECATED] Creation of dynamic property CodeIgniter\HTTP\IncomingRequest::$user is deprecated in APPPATH\Filters\JwtAuthWeb.php on line 32.
 1 SYSTEMPATH\Filters\Filters.php(182): App\Filters\JwtAuthWeb->before(Object(CodeIgniter\HTTP\IncomingRequest), null)
 2 SYSTEMPATH\CodeIgniter.php(475): CodeIgniter\Filters\Filters->run('getLtcData', 'before')
 3 SYSTEMPATH\CodeIgniter.php(361): CodeIgniter\CodeIgniter->handleRequest(null, Object(Config\Cache), false)
 4 FCPATH\index.php(79): CodeIgniter\CodeIgniter->run()
INFO - 2026-02-28 13:53:52 --> Session: Class initialized using 'CodeIgniter\Session\Handlers\FileHandler' driver.
WARNING - 2026-02-28 13:53:52 --> [DEPRECATED] Creation of dynamic property CodeIgniter\HTTP\IncomingRequest::$user is deprecated in APPPATH\Filters\JwtAuthWeb.php on line 32.
 1 SYSTEMPATH\Filters\Filters.php(182): App\Filters\JwtAuthWeb->before(Object(CodeIgniter\HTTP\IncomingRequest), null)
 2 SYSTEMPATH\CodeIgniter.php(475): CodeIgniter\Filters\Filters->run('getLtc', 'before')
 3 SYSTEMPATH\CodeIgniter.php(361): CodeIgniter\CodeIgniter->handleRequest(null, Object(Config\Cache), false)
 4 FCPATH\index.php(79): CodeIgniter\CodeIgniter->run()
INFO - 2026-02-28 13:54:19 --> Session: Class initialized using 'CodeIgniter\Session\Handlers\FileHandler' driver.
WARNING - 2026-02-28 13:54:19 --> [DEPRECATED] Creation of dynamic property CodeIgniter\HTTP\IncomingRequest::$user is deprecated in APPPATH\Filters\JwtAuthWeb.php on line 32.
 1 SYSTEMPATH\Filters\Filters.php(182): App\Filters\JwtAuthWeb->before(Object(CodeIgniter\HTTP\IncomingRequest), null)
 2 SYSTEMPATH\CodeIgniter.php(475): CodeIgniter\Filters\Filters->run('updateLtcCaregiver', 'before')
 3 SYSTEMPATH\CodeIgniter.php(361): CodeIgniter\CodeIgniter->handleRequest(null, Object(Config\Cache), false)
 4 FCPATH\index.php(79): CodeIgniter\CodeIgniter->run()
INFO - 2026-02-28 13:54:19 --> Session: Class initialized using 'CodeIgniter\Session\Handlers\FileHandler' driver.
WARNING - 2026-02-28 13:54:19 --> [DEPRECATED] Creation of dynamic property CodeIgniter\HTTP\IncomingRequest::$user is deprecated in APPPATH\Filters\JwtAuthWeb.php on line 32.
 1 SYSTEMPATH\Filters\Filters.php(182): App\Filters\JwtAuthWeb->before(Object(CodeIgniter\HTTP\IncomingRequest), null)
 2 SYSTEMPATH\CodeIgniter.php(475): CodeIgniter\Filters\Filters->run('getLtcData', 'before')
 3 SYSTEMPATH\CodeIgniter.php(361): CodeIgniter\CodeIgniter->handleRequest(null, Object(Config\Cache), false)
 4 FCPATH\index.php(79): CodeIgniter\CodeIgniter->run()
INFO - 2026-02-28 13:59:28 --> Session: Class initialized using 'CodeIgniter\Session\Handlers\FileHandler' driver.
WARNING - 2026-02-28 13:59:28 --> [DEPRECATED] Creation of dynamic property CodeIgniter\HTTP\IncomingRequest::$user is deprecated in APPPATH\Filters\JwtAuthWeb.php on line 32.
 1 SYSTEMPATH\Filters\Filters.php(182): App\Filters\JwtAuthWeb->before(Object(CodeIgniter\HTTP\IncomingRequest), null)
 2 SYSTEMPATH\CodeIgniter.php(475): CodeIgniter\Filters\Filters->run('ltc-all', 'before')
 3 SYSTEMPATH\CodeIgniter.php(361): CodeIgniter\CodeIgniter->handleRequest(null, Object(Config\Cache), false)
 4 FCPATH\index.php(79): CodeIgniter\CodeIgniter->run()
WARNING - 2026-02-28 13:59:28 --> [DEPRECATED] Creation of dynamic property CodeIgniter\HTTP\IncomingRequest::$user is deprecated in APPPATH\Filters\JwtAuth.php on line 47.
 1 SYSTEMPATH\Filters\Filters.php(182): App\Filters\JwtAuth->before(Object(CodeIgniter\HTTP\IncomingRequest), null)
 2 SYSTEMPATH\CodeIgniter.php(475): CodeIgniter\Filters\Filters->run('api/profile', 'before')
 3 SYSTEMPATH\CodeIgniter.php(361): CodeIgniter\CodeIgniter->handleRequest(null, Object(Config\Cache), false)
 4 FCPATH\index.php(79): CodeIgniter\CodeIgniter->run()
INFO - 2026-02-28 13:59:28 --> Session: Class initialized using 'CodeIgniter\Session\Handlers\FileHandler' driver.
WARNING - 2026-02-28 13:59:28 --> [DEPRECATED] Creation of dynamic property CodeIgniter\HTTP\IncomingRequest::$user is deprecated in APPPATH\Filters\JwtAuthWeb.php on line 32.
 1 SYSTEMPATH\Filters\Filters.php(182): App\Filters\JwtAuthWeb->before(Object(CodeIgniter\HTTP\IncomingRequest), null)
 2 SYSTEMPATH\CodeIgniter.php(475): CodeIgniter\Filters\Filters->run('getLtcData', 'before')
 3 SYSTEMPATH\CodeIgniter.php(361): CodeIgniter\CodeIgniter->handleRequest(null, Object(Config\Cache), false)
 4 FCPATH\index.php(79): CodeIgniter\CodeIgniter->run()
INFO - 2026-02-28 14:00:03 --> Session: Class initialized using 'CodeIgniter\Session\Handlers\FileHandler' driver.
INFO - 2026-02-28 14:00:05 --> Session: Class initialized using 'CodeIgniter\Session\Handlers\FileHandler' driver.
WARNING - 2026-02-28 14:00:05 --> [DEPRECATED] Creation of dynamic property CodeIgniter\HTTP\IncomingRequest::$user is deprecated in APPPATH\Filters\JwtAuthWeb.php on line 32.
 1 SYSTEMPATH\Filters\Filters.php(182): App\Filters\JwtAuthWeb->before(Object(CodeIgniter\HTTP\IncomingRequest), null)
 2 SYSTEMPATH\CodeIgniter.php(475): CodeIgniter\Filters\Filters->run('setting/dashboard-page', 'before')
 3 SYSTEMPATH\CodeIgniter.php(361): CodeIgniter\CodeIgniter->handleRequest(null, Object(Config\Cache), false)
 4 FCPATH\index.php(79): CodeIgniter\CodeIgniter->run()
WARNING - 2026-02-28 14:00:05 --> [DEPRECATED] Creation of dynamic property CodeIgniter\HTTP\IncomingRequest::$user is deprecated in APPPATH\Filters\JwtAuth.php on line 47.
 1 SYSTEMPATH\Filters\Filters.php(182): App\Filters\JwtAuth->before(Object(CodeIgniter\HTTP\IncomingRequest), null)
 2 SYSTEMPATH\CodeIgniter.php(475): CodeIgniter\Filters\Filters->run('api/profile', 'before')
 3 SYSTEMPATH\CodeIgniter.php(361): CodeIgniter\CodeIgniter->handleRequest(null, Object(Config\Cache), false)
 4 FCPATH\index.php(79): CodeIgniter\CodeIgniter->run()
INFO - 2026-02-28 14:00:08 --> Session: Class initialized using 'CodeIgniter\Session\Handlers\FileHandler' driver.
WARNING - 2026-02-28 14:00:08 --> [DEPRECATED] Creation of dynamic property CodeIgniter\HTTP\IncomingRequest::$user is deprecated in APPPATH\Filters\JwtAuthWeb.php on line 32.
 1 SYSTEMPATH\Filters\Filters.php(182): App\Filters\JwtAuthWeb->before(Object(CodeIgniter\HTTP\IncomingRequest), null)
 2 SYSTEMPATH\CodeIgniter.php(475): CodeIgniter\Filters\Filters->run('ltc-all', 'before')
 3 SYSTEMPATH\CodeIgniter.php(361): CodeIgniter\CodeIgniter->handleRequest(null, Object(Config\Cache), false)
 4 FCPATH\index.php(79): CodeIgniter\CodeIgniter->run()
WARNING - 2026-02-28 14:00:08 --> [DEPRECATED] Creation of dynamic property CodeIgniter\HTTP\IncomingRequest::$user is deprecated in APPPATH\Filters\JwtAuth.php on line 47.
 1 SYSTEMPATH\Filters\Filters.php(182): App\Filters\JwtAuth->before(Object(CodeIgniter\HTTP\IncomingRequest), null)
 2 SYSTEMPATH\CodeIgniter.php(475): CodeIgniter\Filters\Filters->run('api/profile', 'before')
 3 SYSTEMPATH\CodeIgniter.php(361): CodeIgniter\CodeIgniter->handleRequest(null, Object(Config\Cache), false)
 4 FCPATH\index.php(79): CodeIgniter\CodeIgniter->run()
INFO - 2026-02-28 14:00:08 --> Session: Class initialized using 'CodeIgniter\Session\Handlers\FileHandler' driver.
WARNING - 2026-02-28 14:00:08 --> [DEPRECATED] Creation of dynamic property CodeIgniter\HTTP\IncomingRequest::$user is deprecated in APPPATH\Filters\JwtAuthWeb.php on line 32.
 1 SYSTEMPATH\Filters\Filters.php(182): App\Filters\JwtAuthWeb->before(Object(CodeIgniter\HTTP\IncomingRequest), null)
 2 SYSTEMPATH\CodeIgniter.php(475): CodeIgniter\Filters\Filters->run('getLtcData', 'before')
 3 SYSTEMPATH\CodeIgniter.php(361): CodeIgniter\CodeIgniter->handleRequest(null, Object(Config\Cache), false)
 4 FCPATH\index.php(79): CodeIgniter\CodeIgniter->run()
INFO - 2026-02-28 14:00:55 --> Session: Class initialized using 'CodeIgniter\Session\Handlers\FileHandler' driver.
WARNING - 2026-02-28 14:00:55 --> [DEPRECATED] Creation of dynamic property CodeIgniter\HTTP\IncomingRequest::$user is deprecated in APPPATH\Filters\JwtAuthWeb.php on line 32.
 1 SYSTEMPATH\Filters\Filters.php(182): App\Filters\JwtAuthWeb->before(Object(CodeIgniter\HTTP\IncomingRequest), null)
 2 SYSTEMPATH\CodeIgniter.php(475): CodeIgniter\Filters\Filters->run('getLtc', 'before')
 3 SYSTEMPATH\CodeIgniter.php(361): CodeIgniter\CodeIgniter->handleRequest(null, Object(Config\Cache), false)
 4 FCPATH\index.php(79): CodeIgniter\CodeIgniter->run()
INFO - 2026-02-28 14:01:23 --> Session: Class initialized using 'CodeIgniter\Session\Handlers\FileHandler' driver.
WARNING - 2026-02-28 14:01:23 --> [DEPRECATED] Creation of dynamic property CodeIgniter\HTTP\IncomingRequest::$user is deprecated in APPPATH\Filters\JwtAuthWeb.php on line 32.
 1 SYSTEMPATH\Filters\Filters.php(182): App\Filters\JwtAuthWeb->before(Object(CodeIgniter\HTTP\IncomingRequest), null)
 2 SYSTEMPATH\CodeIgniter.php(475): CodeIgniter\Filters\Filters->run('updateLtcCaregiver', 'before')
 3 SYSTEMPATH\CodeIgniter.php(361): CodeIgniter\CodeIgniter->handleRequest(null, Object(Config\Cache), false)
 4 FCPATH\index.php(79): CodeIgniter\CodeIgniter->run()
INFO - 2026-02-28 14:01:23 --> Session: Class initialized using 'CodeIgniter\Session\Handlers\FileHandler' driver.
WARNING - 2026-02-28 14:01:23 --> [DEPRECATED] Creation of dynamic property CodeIgniter\HTTP\IncomingRequest::$user is deprecated in APPPATH\Filters\JwtAuthWeb.php on line 32.
 1 SYSTEMPATH\Filters\Filters.php(182): App\Filters\JwtAuthWeb->before(Object(CodeIgniter\HTTP\IncomingRequest), null)
 2 SYSTEMPATH\CodeIgniter.php(475): CodeIgniter\Filters\Filters->run('getLtcData', 'before')
 3 SYSTEMPATH\CodeIgniter.php(361): CodeIgniter\CodeIgniter->handleRequest(null, Object(Config\Cache), false)
 4 FCPATH\index.php(79): CodeIgniter\CodeIgniter->run()
INFO - 2026-02-28 14:02:00 --> Session: Class initialized using 'CodeIgniter\Session\Handlers\FileHandler' driver.
WARNING - 2026-02-28 14:02:00 --> [DEPRECATED] Creation of dynamic property CodeIgniter\HTTP\IncomingRequest::$user is deprecated in APPPATH\Filters\JwtAuthWeb.php on line 32.
 1 SYSTEMPATH\Filters\Filters.php(182): App\Filters\JwtAuthWeb->before(Object(CodeIgniter\HTTP\IncomingRequest), null)
 2 SYSTEMPATH\CodeIgniter.php(475): CodeIgniter\Filters\Filters->run('ltc-all', 'before')
 3 SYSTEMPATH\CodeIgniter.php(361): CodeIgniter\CodeIgniter->handleRequest(null, Object(Config\Cache), false)
 4 FCPATH\index.php(79): CodeIgniter\CodeIgniter->run()
WARNING - 2026-02-28 14:02:01 --> [DEPRECATED] Creation of dynamic property CodeIgniter\HTTP\IncomingRequest::$user is deprecated in APPPATH\Filters\JwtAuth.php on line 47.
 1 SYSTEMPATH\Filters\Filters.php(182): App\Filters\JwtAuth->before(Object(CodeIgniter\HTTP\IncomingRequest), null)
 2 SYSTEMPATH\CodeIgniter.php(475): CodeIgniter\Filters\Filters->run('api/profile', 'before')
 3 SYSTEMPATH\CodeIgniter.php(361): CodeIgniter\CodeIgniter->handleRequest(null, Object(Config\Cache), false)
 4 FCPATH\index.php(79): CodeIgniter\CodeIgniter->run()
INFO - 2026-02-28 14:02:01 --> Session: Class initialized using 'CodeIgniter\Session\Handlers\FileHandler' driver.
WARNING - 2026-02-28 14:02:01 --> [DEPRECATED] Creation of dynamic property CodeIgniter\HTTP\IncomingRequest::$user is deprecated in APPPATH\Filters\JwtAuthWeb.php on line 32.
 1 SYSTEMPATH\Filters\Filters.php(182): App\Filters\JwtAuthWeb->before(Object(CodeIgniter\HTTP\IncomingRequest), null)
 2 SYSTEMPATH\CodeIgniter.php(475): CodeIgniter\Filters\Filters->run('getLtcData', 'before')
 3 SYSTEMPATH\CodeIgniter.php(361): CodeIgniter\CodeIgniter->handleRequest(null, Object(Config\Cache), false)
 4 FCPATH\index.php(79): CodeIgniter\CodeIgniter->run()
INFO - 2026-02-28 14:02:17 --> Session: Class initialized using 'CodeIgniter\Session\Handlers\FileHandler' driver.
WARNING - 2026-02-28 14:02:17 --> [DEPRECATED] Creation of dynamic property CodeIgniter\HTTP\IncomingRequest::$user is deprecated in APPPATH\Filters\JwtAuthWeb.php on line 32.
 1 SYSTEMPATH\Filters\Filters.php(182): App\Filters\JwtAuthWeb->before(Object(CodeIgniter\HTTP\IncomingRequest), null)
 2 SYSTEMPATH\CodeIgniter.php(475): CodeIgniter\Filters\Filters->run('ltc-all', 'before')
 3 SYSTEMPATH\CodeIgniter.php(361): CodeIgniter\CodeIgniter->handleRequest(null, Object(Config\Cache), false)
 4 FCPATH\index.php(79): CodeIgniter\CodeIgniter->run()
WARNING - 2026-02-28 14:02:18 --> [DEPRECATED] Creation of dynamic property CodeIgniter\HTTP\IncomingRequest::$user is deprecated in APPPATH\Filters\JwtAuth.php on line 47.
 1 SYSTEMPATH\Filters\Filters.php(182): App\Filters\JwtAuth->before(Object(CodeIgniter\HTTP\IncomingRequest), null)
 2 SYSTEMPATH\CodeIgniter.php(475): CodeIgniter\Filters\Filters->run('api/profile', 'before')
 3 SYSTEMPATH\CodeIgniter.php(361): CodeIgniter\CodeIgniter->handleRequest(null, Object(Config\Cache), false)
 4 FCPATH\index.php(79): CodeIgniter\CodeIgniter->run()
INFO - 2026-02-28 14:02:18 --> Session: Class initialized using 'CodeIgniter\Session\Handlers\FileHandler' driver.
WARNING - 2026-02-28 14:02:18 --> [DEPRECATED] Creation of dynamic property CodeIgniter\HTTP\IncomingRequest::$user is deprecated in APPPATH\Filters\JwtAuthWeb.php on line 32.
 1 SYSTEMPATH\Filters\Filters.php(182): App\Filters\JwtAuthWeb->before(Object(CodeIgniter\HTTP\IncomingRequest), null)
 2 SYSTEMPATH\CodeIgniter.php(475): CodeIgniter\Filters\Filters->run('getLtcData', 'before')
 3 SYSTEMPATH\CodeIgniter.php(361): CodeIgniter\CodeIgniter->handleRequest(null, Object(Config\Cache), false)
 4 FCPATH\index.php(79): CodeIgniter\CodeIgniter->run()
INFO - 2026-02-28 14:02:23 --> Session: Class initialized using 'CodeIgniter\Session\Handlers\FileHandler' driver.
WARNING - 2026-02-28 14:02:23 --> [DEPRECATED] Creation of dynamic property CodeIgniter\HTTP\IncomingRequest::$user is deprecated in APPPATH\Filters\JwtAuthWeb.php on line 32.
 1 SYSTEMPATH\Filters\Filters.php(182): App\Filters\JwtAuthWeb->before(Object(CodeIgniter\HTTP\IncomingRequest), null)
 2 SYSTEMPATH\CodeIgniter.php(475): CodeIgniter\Filters\Filters->run('getLtc', 'before')
 3 SYSTEMPATH\CodeIgniter.php(361): CodeIgniter\CodeIgniter->handleRequest(null, Object(Config\Cache), false)
 4 FCPATH\index.php(79): CodeIgniter\CodeIgniter->run()
INFO - 2026-02-28 14:03:13 --> Session: Class initialized using 'CodeIgniter\Session\Handlers\FileHandler' driver.
WARNING - 2026-02-28 14:03:13 --> [DEPRECATED] Creation of dynamic property CodeIgniter\HTTP\IncomingRequest::$user is deprecated in APPPATH\Filters\JwtAuthWeb.php on line 32.
 1 SYSTEMPATH\Filters\Filters.php(182): App\Filters\JwtAuthWeb->before(Object(CodeIgniter\HTTP\IncomingRequest), null)
 2 SYSTEMPATH\CodeIgniter.php(475): CodeIgniter\Filters\Filters->run('getLtc', 'before')
 3 SYSTEMPATH\CodeIgniter.php(361): CodeIgniter\CodeIgniter->handleRequest(null, Object(Config\Cache), false)
 4 FCPATH\index.php(79): CodeIgniter\CodeIgniter->run()
INFO - 2026-02-28 14:03:28 --> Session: Class initialized using 'CodeIgniter\Session\Handlers\FileHandler' driver.
WARNING - 2026-02-28 14:03:28 --> [DEPRECATED] Creation of dynamic property CodeIgniter\HTTP\IncomingRequest::$user is deprecated in APPPATH\Filters\JwtAuthWeb.php on line 32.
 1 SYSTEMPATH\Filters\Filters.php(182): App\Filters\JwtAuthWeb->before(Object(CodeIgniter\HTTP\IncomingRequest), null)
 2 SYSTEMPATH\CodeIgniter.php(475): CodeIgniter\Filters\Filters->run('updateLtcCaregiver', 'before')
 3 SYSTEMPATH\CodeIgniter.php(361): CodeIgniter\CodeIgniter->handleRequest(null, Object(Config\Cache), false)
 4 FCPATH\index.php(79): CodeIgniter\CodeIgniter->run()
INFO - 2026-02-28 14:03:28 --> Session: Class initialized using 'CodeIgniter\Session\Handlers\FileHandler' driver.
WARNING - 2026-02-28 14:03:28 --> [DEPRECATED] Creation of dynamic property CodeIgniter\HTTP\IncomingRequest::$user is deprecated in APPPATH\Filters\JwtAuthWeb.php on line 32.
 1 SYSTEMPATH\Filters\Filters.php(182): App\Filters\JwtAuthWeb->before(Object(CodeIgniter\HTTP\IncomingRequest), null)
 2 SYSTEMPATH\CodeIgniter.php(475): CodeIgniter\Filters\Filters->run('getLtcData', 'before')
 3 SYSTEMPATH\CodeIgniter.php(361): CodeIgniter\CodeIgniter->handleRequest(null, Object(Config\Cache), false)
 4 FCPATH\index.php(79): CodeIgniter\CodeIgniter->run()
INFO - 2026-02-28 14:03:34 --> Session: Class initialized using 'CodeIgniter\Session\Handlers\FileHandler' driver.
WARNING - 2026-02-28 14:03:34 --> [DEPRECATED] Creation of dynamic property CodeIgniter\HTTP\IncomingRequest::$user is deprecated in APPPATH\Filters\JwtAuthWeb.php on line 32.
 1 SYSTEMPATH\Filters\Filters.php(182): App\Filters\JwtAuthWeb->before(Object(CodeIgniter\HTTP\IncomingRequest), null)
 2 SYSTEMPATH\CodeIgniter.php(475): CodeIgniter\Filters\Filters->run('ltc-all', 'before')
 3 SYSTEMPATH\CodeIgniter.php(361): CodeIgniter\CodeIgniter->handleRequest(null, Object(Config\Cache), false)
 4 FCPATH\index.php(79): CodeIgniter\CodeIgniter->run()
WARNING - 2026-02-28 14:03:34 --> [DEPRECATED] Creation of dynamic property CodeIgniter\HTTP\IncomingRequest::$user is deprecated in APPPATH\Filters\JwtAuth.php on line 47.
 1 SYSTEMPATH\Filters\Filters.php(182): App\Filters\JwtAuth->before(Object(CodeIgniter\HTTP\IncomingRequest), null)
 2 SYSTEMPATH\CodeIgniter.php(475): CodeIgniter\Filters\Filters->run('api/profile', 'before')
 3 SYSTEMPATH\CodeIgniter.php(361): CodeIgniter\CodeIgniter->handleRequest(null, Object(Config\Cache), false)
 4 FCPATH\index.php(79): CodeIgniter\CodeIgniter->run()
INFO - 2026-02-28 14:03:34 --> Session: Class initialized using 'CodeIgniter\Session\Handlers\FileHandler' driver.
WARNING - 2026-02-28 14:03:34 --> [DEPRECATED] Creation of dynamic property CodeIgniter\HTTP\IncomingRequest::$user is deprecated in APPPATH\Filters\JwtAuthWeb.php on line 32.
 1 SYSTEMPATH\Filters\Filters.php(182): App\Filters\JwtAuthWeb->before(Object(CodeIgniter\HTTP\IncomingRequest), null)
 2 SYSTEMPATH\CodeIgniter.php(475): CodeIgniter\Filters\Filters->run('getLtcData', 'before')
 3 SYSTEMPATH\CodeIgniter.php(361): CodeIgniter\CodeIgniter->handleRequest(null, Object(Config\Cache), false)
 4 FCPATH\index.php(79): CodeIgniter\CodeIgniter->run()
INFO - 2026-02-28 14:05:02 --> Session: Class initialized using 'CodeIgniter\Session\Handlers\FileHandler' driver.
WARNING - 2026-02-28 14:05:02 --> [DEPRECATED] Creation of dynamic property CodeIgniter\HTTP\IncomingRequest::$user is deprecated in APPPATH\Filters\JwtAuthWeb.php on line 32.
 1 SYSTEMPATH\Filters\Filters.php(182): App\Filters\JwtAuthWeb->before(Object(CodeIgniter\HTTP\IncomingRequest), null)
 2 SYSTEMPATH\CodeIgniter.php(475): CodeIgniter\Filters\Filters->run('ltc-all', 'before')
 3 SYSTEMPATH\CodeIgniter.php(361): CodeIgniter\CodeIgniter->handleRequest(null, Object(Config\Cache), false)
 4 FCPATH\index.php(79): CodeIgniter\CodeIgniter->run()
WARNING - 2026-02-28 14:05:02 --> [DEPRECATED] Creation of dynamic property CodeIgniter\HTTP\IncomingRequest::$user is deprecated in APPPATH\Filters\JwtAuth.php on line 47.
 1 SYSTEMPATH\Filters\Filters.php(182): App\Filters\JwtAuth->before(Object(CodeIgniter\HTTP\IncomingRequest), null)
 2 SYSTEMPATH\CodeIgniter.php(475): CodeIgniter\Filters\Filters->run('api/profile', 'before')
 3 SYSTEMPATH\CodeIgniter.php(361): CodeIgniter\CodeIgniter->handleRequest(null, Object(Config\Cache), false)
 4 FCPATH\index.php(79): CodeIgniter\CodeIgniter->run()
INFO - 2026-02-28 14:05:02 --> Session: Class initialized using 'CodeIgniter\Session\Handlers\FileHandler' driver.
WARNING - 2026-02-28 14:05:02 --> [DEPRECATED] Creation of dynamic property CodeIgniter\HTTP\IncomingRequest::$user is deprecated in APPPATH\Filters\JwtAuthWeb.php on line 32.
 1 SYSTEMPATH\Filters\Filters.php(182): App\Filters\JwtAuthWeb->before(Object(CodeIgniter\HTTP\IncomingRequest), null)
 2 SYSTEMPATH\CodeIgniter.php(475): CodeIgniter\Filters\Filters->run('getLtcData', 'before')
 3 SYSTEMPATH\CodeIgniter.php(361): CodeIgniter\CodeIgniter->handleRequest(null, Object(Config\Cache), false)
 4 FCPATH\index.php(79): CodeIgniter\CodeIgniter->run()
INFO - 2026-02-28 14:08:31 --> Session: Class initialized using 'CodeIgniter\Session\Handlers\FileHandler' driver.
WARNING - 2026-02-28 14:08:31 --> [DEPRECATED] Creation of dynamic property CodeIgniter\HTTP\IncomingRequest::$user is deprecated in APPPATH\Filters\JwtAuthWeb.php on line 32.
 1 SYSTEMPATH\Filters\Filters.php(182): App\Filters\JwtAuthWeb->before(Object(CodeIgniter\HTTP\IncomingRequest), null)
 2 SYSTEMPATH\CodeIgniter.php(475): CodeIgniter\Filters\Filters->run('ltc-all', 'before')
 3 SYSTEMPATH\CodeIgniter.php(361): CodeIgniter\CodeIgniter->handleRequest(null, Object(Config\Cache), false)
 4 FCPATH\index.php(79): CodeIgniter\CodeIgniter->run()
WARNING - 2026-02-28 14:08:31 --> [DEPRECATED] Creation of dynamic property CodeIgniter\HTTP\IncomingRequest::$user is deprecated in APPPATH\Filters\JwtAuth.php on line 47.
 1 SYSTEMPATH\Filters\Filters.php(182): App\Filters\JwtAuth->before(Object(CodeIgniter\HTTP\IncomingRequest), null)
 2 SYSTEMPATH\CodeIgniter.php(475): CodeIgniter\Filters\Filters->run('api/profile', 'before')
 3 SYSTEMPATH\CodeIgniter.php(361): CodeIgniter\CodeIgniter->handleRequest(null, Object(Config\Cache), false)
 4 FCPATH\index.php(79): CodeIgniter\CodeIgniter->run()
INFO - 2026-02-28 14:08:31 --> Session: Class initialized using 'CodeIgniter\Session\Handlers\FileHandler' driver.
WARNING - 2026-02-28 14:08:31 --> [DEPRECATED] Creation of dynamic property CodeIgniter\HTTP\IncomingRequest::$user is deprecated in APPPATH\Filters\JwtAuthWeb.php on line 32.
 1 SYSTEMPATH\Filters\Filters.php(182): App\Filters\JwtAuthWeb->before(Object(CodeIgniter\HTTP\IncomingRequest), null)
 2 SYSTEMPATH\CodeIgniter.php(475): CodeIgniter\Filters\Filters->run('getLtcData', 'before')
 3 SYSTEMPATH\CodeIgniter.php(361): CodeIgniter\CodeIgniter->handleRequest(null, Object(Config\Cache), false)
 4 FCPATH\index.php(79): CodeIgniter\CodeIgniter->run()
INFO - 2026-02-28 14:08:33 --> Session: Class initialized using 'CodeIgniter\Session\Handlers\FileHandler' driver.
WARNING - 2026-02-28 14:08:33 --> [DEPRECATED] Creation of dynamic property CodeIgniter\HTTP\IncomingRequest::$user is deprecated in APPPATH\Filters\JwtAuthWeb.php on line 32.
 1 SYSTEMPATH\Filters\Filters.php(182): App\Filters\JwtAuthWeb->before(Object(CodeIgniter\HTTP\IncomingRequest), null)
 2 SYSTEMPATH\CodeIgniter.php(475): CodeIgniter\Filters\Filters->run('getLtc', 'before')
 3 SYSTEMPATH\CodeIgniter.php(361): CodeIgniter\CodeIgniter->handleRequest(null, Object(Config\Cache), false)
 4 FCPATH\index.php(79): CodeIgniter\CodeIgniter->run()
INFO - 2026-02-28 14:08:39 --> Session: Class initialized using 'CodeIgniter\Session\Handlers\FileHandler' driver.
WARNING - 2026-02-28 14:08:39 --> [DEPRECATED] Creation of dynamic property CodeIgniter\HTTP\IncomingRequest::$user is deprecated in APPPATH\Filters\JwtAuthWeb.php on line 32.
 1 SYSTEMPATH\Filters\Filters.php(182): App\Filters\JwtAuthWeb->before(Object(CodeIgniter\HTTP\IncomingRequest), null)
 2 SYSTEMPATH\CodeIgniter.php(475): CodeIgniter\Filters\Filters->run('updateLtcCaregiver', 'before')
 3 SYSTEMPATH\CodeIgniter.php(361): CodeIgniter\CodeIgniter->handleRequest(null, Object(Config\Cache), false)
 4 FCPATH\index.php(79): CodeIgniter\CodeIgniter->run()
INFO - 2026-02-28 14:08:39 --> Session: Class initialized using 'CodeIgniter\Session\Handlers\FileHandler' driver.
WARNING - 2026-02-28 14:08:39 --> [DEPRECATED] Creation of dynamic property CodeIgniter\HTTP\IncomingRequest::$user is deprecated in APPPATH\Filters\JwtAuthWeb.php on line 32.
 1 SYSTEMPATH\Filters\Filters.php(182): App\Filters\JwtAuthWeb->before(Object(CodeIgniter\HTTP\IncomingRequest), null)
 2 SYSTEMPATH\CodeIgniter.php(475): CodeIgniter\Filters\Filters->run('getLtcData', 'before')
 3 SYSTEMPATH\CodeIgniter.php(361): CodeIgniter\CodeIgniter->handleRequest(null, Object(Config\Cache), false)
 4 FCPATH\index.php(79): CodeIgniter\CodeIgniter->run()
INFO - 2026-02-28 14:09:04 --> Session: Class initialized using 'CodeIgniter\Session\Handlers\FileHandler' driver.
WARNING - 2026-02-28 14:09:04 --> [DEPRECATED] Creation of dynamic property CodeIgniter\HTTP\IncomingRequest::$user is deprecated in APPPATH\Filters\JwtAuthWeb.php on line 32.
 1 SYSTEMPATH\Filters\Filters.php(182): App\Filters\JwtAuthWeb->before(Object(CodeIgniter\HTTP\IncomingRequest), null)
 2 SYSTEMPATH\CodeIgniter.php(475): CodeIgniter\Filters\Filters->run('ltc-all', 'before')
 3 SYSTEMPATH\CodeIgniter.php(361): CodeIgniter\CodeIgniter->handleRequest(null, Object(Config\Cache), false)
 4 FCPATH\index.php(79): CodeIgniter\CodeIgniter->run()
WARNING - 2026-02-28 14:09:04 --> [DEPRECATED] Creation of dynamic property CodeIgniter\HTTP\IncomingRequest::$user is deprecated in APPPATH\Filters\JwtAuth.php on line 47.
 1 SYSTEMPATH\Filters\Filters.php(182): App\Filters\JwtAuth->before(Object(CodeIgniter\HTTP\IncomingRequest), null)
 2 SYSTEMPATH\CodeIgniter.php(475): CodeIgniter\Filters\Filters->run('api/profile', 'before')
 3 SYSTEMPATH\CodeIgniter.php(361): CodeIgniter\CodeIgniter->handleRequest(null, Object(Config\Cache), false)
 4 FCPATH\index.php(79): CodeIgniter\CodeIgniter->run()
INFO - 2026-02-28 14:09:04 --> Session: Class initialized using 'CodeIgniter\Session\Handlers\FileHandler' driver.
WARNING - 2026-02-28 14:09:04 --> [DEPRECATED] Creation of dynamic property CodeIgniter\HTTP\IncomingRequest::$user is deprecated in APPPATH\Filters\JwtAuthWeb.php on line 32.
 1 SYSTEMPATH\Filters\Filters.php(182): App\Filters\JwtAuthWeb->before(Object(CodeIgniter\HTTP\IncomingRequest), null)
 2 SYSTEMPATH\CodeIgniter.php(475): CodeIgniter\Filters\Filters->run('getLtcData', 'before')
 3 SYSTEMPATH\CodeIgniter.php(361): CodeIgniter\CodeIgniter->handleRequest(null, Object(Config\Cache), false)
 4 FCPATH\index.php(79): CodeIgniter\CodeIgniter->run()
INFO - 2026-02-28 14:11:03 --> Session: Class initialized using 'CodeIgniter\Session\Handlers\FileHandler' driver.
WARNING - 2026-02-28 14:11:03 --> [DEPRECATED] Creation of dynamic property CodeIgniter\HTTP\IncomingRequest::$user is deprecated in APPPATH\Filters\JwtAuthWeb.php on line 32.
 1 SYSTEMPATH\Filters\Filters.php(182): App\Filters\JwtAuthWeb->before(Object(CodeIgniter\HTTP\IncomingRequest), null)
 2 SYSTEMPATH\CodeIgniter.php(475): CodeIgniter\Filters\Filters->run('ltc-all', 'before')
 3 SYSTEMPATH\CodeIgniter.php(361): CodeIgniter\CodeIgniter->handleRequest(null, Object(Config\Cache), false)
 4 FCPATH\index.php(79): CodeIgniter\CodeIgniter->run()
WARNING - 2026-02-28 14:11:04 --> [DEPRECATED] Creation of dynamic property CodeIgniter\HTTP\IncomingRequest::$user is deprecated in APPPATH\Filters\JwtAuth.php on line 47.
 1 SYSTEMPATH\Filters\Filters.php(182): App\Filters\JwtAuth->before(Object(CodeIgniter\HTTP\IncomingRequest), null)
 2 SYSTEMPATH\CodeIgniter.php(475): CodeIgniter\Filters\Filters->run('api/profile', 'before')
 3 SYSTEMPATH\CodeIgniter.php(361): CodeIgniter\CodeIgniter->handleRequest(null, Object(Config\Cache), false)
 4 FCPATH\index.php(79): CodeIgniter\CodeIgniter->run()
INFO - 2026-02-28 14:11:04 --> Session: Class initialized using 'CodeIgniter\Session\Handlers\FileHandler' driver.
WARNING - 2026-02-28 14:11:04 --> [DEPRECATED] Creation of dynamic property CodeIgniter\HTTP\IncomingRequest::$user is deprecated in APPPATH\Filters\JwtAuthWeb.php on line 32.
 1 SYSTEMPATH\Filters\Filters.php(182): App\Filters\JwtAuthWeb->before(Object(CodeIgniter\HTTP\IncomingRequest), null)
 2 SYSTEMPATH\CodeIgniter.php(475): CodeIgniter\Filters\Filters->run('getLtcData', 'before')
 3 SYSTEMPATH\CodeIgniter.php(361): CodeIgniter\CodeIgniter->handleRequest(null, Object(Config\Cache), false)
 4 FCPATH\index.php(79): CodeIgniter\CodeIgniter->run()
INFO - 2026-02-28 14:11:21 --> Session: Class initialized using 'CodeIgniter\Session\Handlers\FileHandler' driver.
WARNING - 2026-02-28 14:11:21 --> [DEPRECATED] Creation of dynamic property CodeIgniter\HTTP\IncomingRequest::$user is deprecated in APPPATH\Filters\JwtAuthWeb.php on line 32.
 1 SYSTEMPATH\Filters\Filters.php(182): App\Filters\JwtAuthWeb->before(Object(CodeIgniter\HTTP\IncomingRequest), null)
 2 SYSTEMPATH\CodeIgniter.php(475): CodeIgniter\Filters\Filters->run('ltc-all', 'before')
 3 SYSTEMPATH\CodeIgniter.php(361): CodeIgniter\CodeIgniter->handleRequest(null, Object(Config\Cache), false)
 4 FCPATH\index.php(79): CodeIgniter\CodeIgniter->run()
WARNING - 2026-02-28 14:11:21 --> [DEPRECATED] Creation of dynamic property CodeIgniter\HTTP\IncomingRequest::$user is deprecated in APPPATH\Filters\JwtAuth.php on line 47.
 1 SYSTEMPATH\Filters\Filters.php(182): App\Filters\JwtAuth->before(Object(CodeIgniter\HTTP\IncomingRequest), null)
 2 SYSTEMPATH\CodeIgniter.php(475): CodeIgniter\Filters\Filters->run('api/profile', 'before')
 3 SYSTEMPATH\CodeIgniter.php(361): CodeIgniter\CodeIgniter->handleRequest(null, Object(Config\Cache), false)
 4 FCPATH\index.php(79): CodeIgniter\CodeIgniter->run()
INFO - 2026-02-28 14:11:21 --> Session: Class initialized using 'CodeIgniter\Session\Handlers\FileHandler' driver.
WARNING - 2026-02-28 14:11:21 --> [DEPRECATED] Creation of dynamic property CodeIgniter\HTTP\IncomingRequest::$user is deprecated in APPPATH\Filters\JwtAuthWeb.php on line 32.
 1 SYSTEMPATH\Filters\Filters.php(182): App\Filters\JwtAuthWeb->before(Object(CodeIgniter\HTTP\IncomingRequest), null)
 2 SYSTEMPATH\CodeIgniter.php(475): CodeIgniter\Filters\Filters->run('getLtcData', 'before')
 3 SYSTEMPATH\CodeIgniter.php(361): CodeIgniter\CodeIgniter->handleRequest(null, Object(Config\Cache), false)
 4 FCPATH\index.php(79): CodeIgniter\CodeIgniter->run()
INFO - 2026-02-28 14:11:57 --> Session: Class initialized using 'CodeIgniter\Session\Handlers\FileHandler' driver.
WARNING - 2026-02-28 14:11:57 --> [DEPRECATED] Creation of dynamic property CodeIgniter\HTTP\IncomingRequest::$user is deprecated in APPPATH\Filters\JwtAuthWeb.php on line 32.
 1 SYSTEMPATH\Filters\Filters.php(182): App\Filters\JwtAuthWeb->before(Object(CodeIgniter\HTTP\IncomingRequest), null)
 2 SYSTEMPATH\CodeIgniter.php(475): CodeIgniter\Filters\Filters->run('ltc-all', 'before')
 3 SYSTEMPATH\CodeIgniter.php(361): CodeIgniter\CodeIgniter->handleRequest(null, Object(Config\Cache), false)
 4 FCPATH\index.php(79): CodeIgniter\CodeIgniter->run()
WARNING - 2026-02-28 14:11:57 --> [DEPRECATED] Creation of dynamic property CodeIgniter\HTTP\IncomingRequest::$user is deprecated in APPPATH\Filters\JwtAuth.php on line 47.
 1 SYSTEMPATH\Filters\Filters.php(182): App\Filters\JwtAuth->before(Object(CodeIgniter\HTTP\IncomingRequest), null)
 2 SYSTEMPATH\CodeIgniter.php(475): CodeIgniter\Filters\Filters->run('api/profile', 'before')
 3 SYSTEMPATH\CodeIgniter.php(361): CodeIgniter\CodeIgniter->handleRequest(null, Object(Config\Cache), false)
 4 FCPATH\index.php(79): CodeIgniter\CodeIgniter->run()
INFO - 2026-02-28 14:11:57 --> Session: Class initialized using 'CodeIgniter\Session\Handlers\FileHandler' driver.
WARNING - 2026-02-28 14:11:57 --> [DEPRECATED] Creation of dynamic property CodeIgniter\HTTP\IncomingRequest::$user is deprecated in APPPATH\Filters\JwtAuthWeb.php on line 32.
 1 SYSTEMPATH\Filters\Filters.php(182): App\Filters\JwtAuthWeb->before(Object(CodeIgniter\HTTP\IncomingRequest), null)
 2 SYSTEMPATH\CodeIgniter.php(475): CodeIgniter\Filters\Filters->run('getLtcData', 'before')
 3 SYSTEMPATH\CodeIgniter.php(361): CodeIgniter\CodeIgniter->handleRequest(null, Object(Config\Cache), false)
 4 FCPATH\index.php(79): CodeIgniter\CodeIgniter->run()
INFO - 2026-02-28 14:12:00 --> Session: Class initialized using 'CodeIgniter\Session\Handlers\FileHandler' driver.
WARNING - 2026-02-28 14:12:00 --> [DEPRECATED] Creation of dynamic property CodeIgniter\HTTP\IncomingRequest::$user is deprecated in APPPATH\Filters\JwtAuthWeb.php on line 32.
 1 SYSTEMPATH\Filters\Filters.php(182): App\Filters\JwtAuthWeb->before(Object(CodeIgniter\HTTP\IncomingRequest), null)
 2 SYSTEMPATH\CodeIgniter.php(475): CodeIgniter\Filters\Filters->run('ltc-all', 'before')
 3 SYSTEMPATH\CodeIgniter.php(361): CodeIgniter\CodeIgniter->handleRequest(null, Object(Config\Cache), false)
 4 FCPATH\index.php(79): CodeIgniter\CodeIgniter->run()
WARNING - 2026-02-28 14:12:00 --> [DEPRECATED] Creation of dynamic property CodeIgniter\HTTP\IncomingRequest::$user is deprecated in APPPATH\Filters\JwtAuth.php on line 47.
 1 SYSTEMPATH\Filters\Filters.php(182): App\Filters\JwtAuth->before(Object(CodeIgniter\HTTP\IncomingRequest), null)
 2 SYSTEMPATH\CodeIgniter.php(475): CodeIgniter\Filters\Filters->run('api/profile', 'before')
 3 SYSTEMPATH\CodeIgniter.php(361): CodeIgniter\CodeIgniter->handleRequest(null, Object(Config\Cache), false)
 4 FCPATH\index.php(79): CodeIgniter\CodeIgniter->run()
INFO - 2026-02-28 14:12:00 --> Session: Class initialized using 'CodeIgniter\Session\Handlers\FileHandler' driver.
WARNING - 2026-02-28 14:12:00 --> [DEPRECATED] Creation of dynamic property CodeIgniter\HTTP\IncomingRequest::$user is deprecated in APPPATH\Filters\JwtAuthWeb.php on line 32.
 1 SYSTEMPATH\Filters\Filters.php(182): App\Filters\JwtAuthWeb->before(Object(CodeIgniter\HTTP\IncomingRequest), null)
 2 SYSTEMPATH\CodeIgniter.php(475): CodeIgniter\Filters\Filters->run('getLtcData', 'before')
 3 SYSTEMPATH\CodeIgniter.php(361): CodeIgniter\CodeIgniter->handleRequest(null, Object(Config\Cache), false)
 4 FCPATH\index.php(79): CodeIgniter\CodeIgniter->run()
INFO - 2026-02-28 14:12:22 --> Session: Class initialized using 'CodeIgniter\Session\Handlers\FileHandler' driver.
WARNING - 2026-02-28 14:12:22 --> [DEPRECATED] Creation of dynamic property CodeIgniter\HTTP\IncomingRequest::$user is deprecated in APPPATH\Filters\JwtAuthWeb.php on line 32.
 1 SYSTEMPATH\Filters\Filters.php(182): App\Filters\JwtAuthWeb->before(Object(CodeIgniter\HTTP\IncomingRequest), null)
 2 SYSTEMPATH\CodeIgniter.php(475): CodeIgniter\Filters\Filters->run('ltc-all', 'before')
 3 SYSTEMPATH\CodeIgniter.php(361): CodeIgniter\CodeIgniter->handleRequest(null, Object(Config\Cache), false)
 4 FCPATH\index.php(79): CodeIgniter\CodeIgniter->run()
WARNING - 2026-02-28 14:12:23 --> [DEPRECATED] Creation of dynamic property CodeIgniter\HTTP\IncomingRequest::$user is deprecated in APPPATH\Filters\JwtAuth.php on line 47.
 1 SYSTEMPATH\Filters\Filters.php(182): App\Filters\JwtAuth->before(Object(CodeIgniter\HTTP\IncomingRequest), null)
 2 SYSTEMPATH\CodeIgniter.php(475): CodeIgniter\Filters\Filters->run('api/profile', 'before')
 3 SYSTEMPATH\CodeIgniter.php(361): CodeIgniter\CodeIgniter->handleRequest(null, Object(Config\Cache), false)
 4 FCPATH\index.php(79): CodeIgniter\CodeIgniter->run()
INFO - 2026-02-28 14:12:23 --> Session: Class initialized using 'CodeIgniter\Session\Handlers\FileHandler' driver.
WARNING - 2026-02-28 14:12:23 --> [DEPRECATED] Creation of dynamic property CodeIgniter\HTTP\IncomingRequest::$user is deprecated in APPPATH\Filters\JwtAuthWeb.php on line 32.
 1 SYSTEMPATH\Filters\Filters.php(182): App\Filters\JwtAuthWeb->before(Object(CodeIgniter\HTTP\IncomingRequest), null)
 2 SYSTEMPATH\CodeIgniter.php(475): CodeIgniter\Filters\Filters->run('getLtcData', 'before')
 3 SYSTEMPATH\CodeIgniter.php(361): CodeIgniter\CodeIgniter->handleRequest(null, Object(Config\Cache), false)
 4 FCPATH\index.php(79): CodeIgniter\CodeIgniter->run()
INFO - 2026-02-28 14:12:49 --> Session: Class initialized using 'CodeIgniter\Session\Handlers\FileHandler' driver.
WARNING - 2026-02-28 14:12:49 --> [DEPRECATED] Creation of dynamic property CodeIgniter\HTTP\IncomingRequest::$user is deprecated in APPPATH\Filters\JwtAuthWeb.php on line 32.
 1 SYSTEMPATH\Filters\Filters.php(182): App\Filters\JwtAuthWeb->before(Object(CodeIgniter\HTTP\IncomingRequest), null)
 2 SYSTEMPATH\CodeIgniter.php(475): CodeIgniter\Filters\Filters->run('ltc-all', 'before')
 3 SYSTEMPATH\CodeIgniter.php(361): CodeIgniter\CodeIgniter->handleRequest(null, Object(Config\Cache), false)
 4 FCPATH\index.php(79): CodeIgniter\CodeIgniter->run()
WARNING - 2026-02-28 14:12:49 --> [DEPRECATED] Creation of dynamic property CodeIgniter\HTTP\IncomingRequest::$user is deprecated in APPPATH\Filters\JwtAuth.php on line 47.
 1 SYSTEMPATH\Filters\Filters.php(182): App\Filters\JwtAuth->before(Object(CodeIgniter\HTTP\IncomingRequest), null)
 2 SYSTEMPATH\CodeIgniter.php(475): CodeIgniter\Filters\Filters->run('api/profile', 'before')
 3 SYSTEMPATH\CodeIgniter.php(361): CodeIgniter\CodeIgniter->handleRequest(null, Object(Config\Cache), false)
 4 FCPATH\index.php(79): CodeIgniter\CodeIgniter->run()
INFO - 2026-02-28 14:12:49 --> Session: Class initialized using 'CodeIgniter\Session\Handlers\FileHandler' driver.
WARNING - 2026-02-28 14:12:49 --> [DEPRECATED] Creation of dynamic property CodeIgniter\HTTP\IncomingRequest::$user is deprecated in APPPATH\Filters\JwtAuthWeb.php on line 32.
 1 SYSTEMPATH\Filters\Filters.php(182): App\Filters\JwtAuthWeb->before(Object(CodeIgniter\HTTP\IncomingRequest), null)
 2 SYSTEMPATH\CodeIgniter.php(475): CodeIgniter\Filters\Filters->run('getLtcData', 'before')
 3 SYSTEMPATH\CodeIgniter.php(361): CodeIgniter\CodeIgniter->handleRequest(null, Object(Config\Cache), false)
 4 FCPATH\index.php(79): CodeIgniter\CodeIgniter->run()
INFO - 2026-02-28 14:13:07 --> Session: Class initialized using 'CodeIgniter\Session\Handlers\FileHandler' driver.
WARNING - 2026-02-28 14:13:07 --> [DEPRECATED] Creation of dynamic property CodeIgniter\HTTP\IncomingRequest::$user is deprecated in APPPATH\Filters\JwtAuthWeb.php on line 32.
 1 SYSTEMPATH\Filters\Filters.php(182): App\Filters\JwtAuthWeb->before(Object(CodeIgniter\HTTP\IncomingRequest), null)
 2 SYSTEMPATH\CodeIgniter.php(475): CodeIgniter\Filters\Filters->run('ltc-all', 'before')
 3 SYSTEMPATH\CodeIgniter.php(361): CodeIgniter\CodeIgniter->handleRequest(null, Object(Config\Cache), false)
 4 FCPATH\index.php(79): CodeIgniter\CodeIgniter->run()
WARNING - 2026-02-28 14:13:07 --> [DEPRECATED] Creation of dynamic property CodeIgniter\HTTP\IncomingRequest::$user is deprecated in APPPATH\Filters\JwtAuth.php on line 47.
 1 SYSTEMPATH\Filters\Filters.php(182): App\Filters\JwtAuth->before(Object(CodeIgniter\HTTP\IncomingRequest), null)
 2 SYSTEMPATH\CodeIgniter.php(475): CodeIgniter\Filters\Filters->run('api/profile', 'before')
 3 SYSTEMPATH\CodeIgniter.php(361): CodeIgniter\CodeIgniter->handleRequest(null, Object(Config\Cache), false)
 4 FCPATH\index.php(79): CodeIgniter\CodeIgniter->run()
INFO - 2026-02-28 14:13:07 --> Session: Class initialized using 'CodeIgniter\Session\Handlers\FileHandler' driver.
WARNING - 2026-02-28 14:13:07 --> [DEPRECATED] Creation of dynamic property CodeIgniter\HTTP\IncomingRequest::$user is deprecated in APPPATH\Filters\JwtAuthWeb.php on line 32.
 1 SYSTEMPATH\Filters\Filters.php(182): App\Filters\JwtAuthWeb->before(Object(CodeIgniter\HTTP\IncomingRequest), null)
 2 SYSTEMPATH\CodeIgniter.php(475): CodeIgniter\Filters\Filters->run('getLtcData', 'before')
 3 SYSTEMPATH\CodeIgniter.php(361): CodeIgniter\CodeIgniter->handleRequest(null, Object(Config\Cache), false)
 4 FCPATH\index.php(79): CodeIgniter\CodeIgniter->run()
INFO - 2026-02-28 14:13:26 --> Session: Class initialized using 'CodeIgniter\Session\Handlers\FileHandler' driver.
WARNING - 2026-02-28 14:13:26 --> [DEPRECATED] Creation of dynamic property CodeIgniter\HTTP\IncomingRequest::$user is deprecated in APPPATH\Filters\JwtAuthWeb.php on line 32.
 1 SYSTEMPATH\Filters\Filters.php(182): App\Filters\JwtAuthWeb->before(Object(CodeIgniter\HTTP\IncomingRequest), null)
 2 SYSTEMPATH\CodeIgniter.php(475): CodeIgniter\Filters\Filters->run('ltc-all', 'before')
 3 SYSTEMPATH\CodeIgniter.php(361): CodeIgniter\CodeIgniter->handleRequest(null, Object(Config\Cache), false)
 4 FCPATH\index.php(79): CodeIgniter\CodeIgniter->run()
WARNING - 2026-02-28 14:13:27 --> [DEPRECATED] Creation of dynamic property CodeIgniter\HTTP\IncomingRequest::$user is deprecated in APPPATH\Filters\JwtAuth.php on line 47.
 1 SYSTEMPATH\Filters\Filters.php(182): App\Filters\JwtAuth->before(Object(CodeIgniter\HTTP\IncomingRequest), null)
 2 SYSTEMPATH\CodeIgniter.php(475): CodeIgniter\Filters\Filters->run('api/profile', 'before')
 3 SYSTEMPATH\CodeIgniter.php(361): CodeIgniter\CodeIgniter->handleRequest(null, Object(Config\Cache), false)
 4 FCPATH\index.php(79): CodeIgniter\CodeIgniter->run()
INFO - 2026-02-28 14:13:27 --> Session: Class initialized using 'CodeIgniter\Session\Handlers\FileHandler' driver.
WARNING - 2026-02-28 14:13:27 --> [DEPRECATED] Creation of dynamic property CodeIgniter\HTTP\IncomingRequest::$user is deprecated in APPPATH\Filters\JwtAuthWeb.php on line 32.
 1 SYSTEMPATH\Filters\Filters.php(182): App\Filters\JwtAuthWeb->before(Object(CodeIgniter\HTTP\IncomingRequest), null)
 2 SYSTEMPATH\CodeIgniter.php(475): CodeIgniter\Filters\Filters->run('getLtcData', 'before')
 3 SYSTEMPATH\CodeIgniter.php(361): CodeIgniter\CodeIgniter->handleRequest(null, Object(Config\Cache), false)
 4 FCPATH\index.php(79): CodeIgniter\CodeIgniter->run()
INFO - 2026-02-28 14:13:54 --> Session: Class initialized using 'CodeIgniter\Session\Handlers\FileHandler' driver.
WARNING - 2026-02-28 14:13:54 --> [DEPRECATED] Creation of dynamic property CodeIgniter\HTTP\IncomingRequest::$user is deprecated in APPPATH\Filters\JwtAuthWeb.php on line 32.
 1 SYSTEMPATH\Filters\Filters.php(182): App\Filters\JwtAuthWeb->before(Object(CodeIgniter\HTTP\IncomingRequest), null)
 2 SYSTEMPATH\CodeIgniter.php(475): CodeIgniter\Filters\Filters->run('getLtc', 'before')
 3 SYSTEMPATH\CodeIgniter.php(361): CodeIgniter\CodeIgniter->handleRequest(null, Object(Config\Cache), false)
 4 FCPATH\index.php(79): CodeIgniter\CodeIgniter->run()
INFO - 2026-02-28 14:16:24 --> Session: Class initialized using 'CodeIgniter\Session\Handlers\FileHandler' driver.
WARNING - 2026-02-28 14:16:24 --> [DEPRECATED] Creation of dynamic property CodeIgniter\HTTP\IncomingRequest::$user is deprecated in APPPATH\Filters\JwtAuthWeb.php on line 32.
 1 SYSTEMPATH\Filters\Filters.php(182): App\Filters\JwtAuthWeb->before(Object(CodeIgniter\HTTP\IncomingRequest), null)
 2 SYSTEMPATH\CodeIgniter.php(475): CodeIgniter\Filters\Filters->run('ltc-all', 'before')
 3 SYSTEMPATH\CodeIgniter.php(361): CodeIgniter\CodeIgniter->handleRequest(null, Object(Config\Cache), false)
 4 FCPATH\index.php(79): CodeIgniter\CodeIgniter->run()
WARNING - 2026-02-28 14:16:24 --> [DEPRECATED] Creation of dynamic property CodeIgniter\HTTP\IncomingRequest::$user is deprecated in APPPATH\Filters\JwtAuth.php on line 47.
 1 SYSTEMPATH\Filters\Filters.php(182): App\Filters\JwtAuth->before(Object(CodeIgniter\HTTP\IncomingRequest), null)
 2 SYSTEMPATH\CodeIgniter.php(475): CodeIgniter\Filters\Filters->run('api/profile', 'before')
 3 SYSTEMPATH\CodeIgniter.php(361): CodeIgniter\CodeIgniter->handleRequest(null, Object(Config\Cache), false)
 4 FCPATH\index.php(79): CodeIgniter\CodeIgniter->run()
INFO - 2026-02-28 14:16:24 --> Session: Class initialized using 'CodeIgniter\Session\Handlers\FileHandler' driver.
WARNING - 2026-02-28 14:16:24 --> [DEPRECATED] Creation of dynamic property CodeIgniter\HTTP\IncomingRequest::$user is deprecated in APPPATH\Filters\JwtAuthWeb.php on line 32.
 1 SYSTEMPATH\Filters\Filters.php(182): App\Filters\JwtAuthWeb->before(Object(CodeIgniter\HTTP\IncomingRequest), null)
 2 SYSTEMPATH\CodeIgniter.php(475): CodeIgniter\Filters\Filters->run('getLtcData', 'before')
 3 SYSTEMPATH\CodeIgniter.php(361): CodeIgniter\CodeIgniter->handleRequest(null, Object(Config\Cache), false)
 4 FCPATH\index.php(79): CodeIgniter\CodeIgniter->run()
INFO - 2026-02-28 14:16:26 --> Session: Class initialized using 'CodeIgniter\Session\Handlers\FileHandler' driver.
WARNING - 2026-02-28 14:16:26 --> [DEPRECATED] Creation of dynamic property CodeIgniter\HTTP\IncomingRequest::$user is deprecated in APPPATH\Filters\JwtAuthWeb.php on line 32.
 1 SYSTEMPATH\Filters\Filters.php(182): App\Filters\JwtAuthWeb->before(Object(CodeIgniter\HTTP\IncomingRequest), null)
 2 SYSTEMPATH\CodeIgniter.php(475): CodeIgniter\Filters\Filters->run('ltc-all', 'before')
 3 SYSTEMPATH\CodeIgniter.php(361): CodeIgniter\CodeIgniter->handleRequest(null, Object(Config\Cache), false)
 4 FCPATH\index.php(79): CodeIgniter\CodeIgniter->run()
WARNING - 2026-02-28 14:16:27 --> [DEPRECATED] Creation of dynamic property CodeIgniter\HTTP\IncomingRequest::$user is deprecated in APPPATH\Filters\JwtAuth.php on line 47.
 1 SYSTEMPATH\Filters\Filters.php(182): App\Filters\JwtAuth->before(Object(CodeIgniter\HTTP\IncomingRequest), null)
 2 SYSTEMPATH\CodeIgniter.php(475): CodeIgniter\Filters\Filters->run('api/profile', 'before')
 3 SYSTEMPATH\CodeIgniter.php(361): CodeIgniter\CodeIgniter->handleRequest(null, Object(Config\Cache), false)
 4 FCPATH\index.php(79): CodeIgniter\CodeIgniter->run()
INFO - 2026-02-28 14:16:27 --> Session: Class initialized using 'CodeIgniter\Session\Handlers\FileHandler' driver.
WARNING - 2026-02-28 14:16:27 --> [DEPRECATED] Creation of dynamic property CodeIgniter\HTTP\IncomingRequest::$user is deprecated in APPPATH\Filters\JwtAuthWeb.php on line 32.
 1 SYSTEMPATH\Filters\Filters.php(182): App\Filters\JwtAuthWeb->before(Object(CodeIgniter\HTTP\IncomingRequest), null)
 2 SYSTEMPATH\CodeIgniter.php(475): CodeIgniter\Filters\Filters->run('getLtcData', 'before')
 3 SYSTEMPATH\CodeIgniter.php(361): CodeIgniter\CodeIgniter->handleRequest(null, Object(Config\Cache), false)
 4 FCPATH\index.php(79): CodeIgniter\CodeIgniter->run()
INFO - 2026-02-28 14:16:30 --> Session: Class initialized using 'CodeIgniter\Session\Handlers\FileHandler' driver.
WARNING - 2026-02-28 14:16:30 --> [DEPRECATED] Creation of dynamic property CodeIgniter\HTTP\IncomingRequest::$user is deprecated in APPPATH\Filters\JwtAuthWeb.php on line 32.
 1 SYSTEMPATH\Filters\Filters.php(182): App\Filters\JwtAuthWeb->before(Object(CodeIgniter\HTTP\IncomingRequest), null)
 2 SYSTEMPATH\CodeIgniter.php(475): CodeIgniter\Filters\Filters->run('getLtc', 'before')
 3 SYSTEMPATH\CodeIgniter.php(361): CodeIgniter\CodeIgniter->handleRequest(null, Object(Config\Cache), false)
 4 FCPATH\index.php(79): CodeIgniter\CodeIgniter->run()
INFO - 2026-02-28 14:16:39 --> Session: Class initialized using 'CodeIgniter\Session\Handlers\FileHandler' driver.
WARNING - 2026-02-28 14:16:39 --> [DEPRECATED] Creation of dynamic property CodeIgniter\HTTP\IncomingRequest::$user is deprecated in APPPATH\Filters\JwtAuthWeb.php on line 32.
 1 SYSTEMPATH\Filters\Filters.php(182): App\Filters\JwtAuthWeb->before(Object(CodeIgniter\HTTP\IncomingRequest), null)
 2 SYSTEMPATH\CodeIgniter.php(475): CodeIgniter\Filters\Filters->run('getLtc', 'before')
 3 SYSTEMPATH\CodeIgniter.php(361): CodeIgniter\CodeIgniter->handleRequest(null, Object(Config\Cache), false)
 4 FCPATH\index.php(79): CodeIgniter\CodeIgniter->run()
INFO - 2026-02-28 14:17:09 --> Session: Class initialized using 'CodeIgniter\Session\Handlers\FileHandler' driver.
WARNING - 2026-02-28 14:17:09 --> [DEPRECATED] Creation of dynamic property CodeIgniter\HTTP\IncomingRequest::$user is deprecated in APPPATH\Filters\JwtAuthWeb.php on line 32.
 1 SYSTEMPATH\Filters\Filters.php(182): App\Filters\JwtAuthWeb->before(Object(CodeIgniter\HTTP\IncomingRequest), null)
 2 SYSTEMPATH\CodeIgniter.php(475): CodeIgniter\Filters\Filters->run('updateLtcCaregiver', 'before')
 3 SYSTEMPATH\CodeIgniter.php(361): CodeIgniter\CodeIgniter->handleRequest(null, Object(Config\Cache), false)
 4 FCPATH\index.php(79): CodeIgniter\CodeIgniter->run()
INFO - 2026-02-28 14:17:09 --> Session: Class initialized using 'CodeIgniter\Session\Handlers\FileHandler' driver.
WARNING - 2026-02-28 14:17:09 --> [DEPRECATED] Creation of dynamic property CodeIgniter\HTTP\IncomingRequest::$user is deprecated in APPPATH\Filters\JwtAuthWeb.php on line 32.
 1 SYSTEMPATH\Filters\Filters.php(182): App\Filters\JwtAuthWeb->before(Object(CodeIgniter\HTTP\IncomingRequest), null)
 2 SYSTEMPATH\CodeIgniter.php(475): CodeIgniter\Filters\Filters->run('getLtcData', 'before')
 3 SYSTEMPATH\CodeIgniter.php(361): CodeIgniter\CodeIgniter->handleRequest(null, Object(Config\Cache), false)
 4 FCPATH\index.php(79): CodeIgniter\CodeIgniter->run()
INFO - 2026-02-28 14:17:27 --> Session: Class initialized using 'CodeIgniter\Session\Handlers\FileHandler' driver.
WARNING - 2026-02-28 14:17:27 --> [DEPRECATED] Creation of dynamic property CodeIgniter\HTTP\IncomingRequest::$user is deprecated in APPPATH\Filters\JwtAuthWeb.php on line 32.
 1 SYSTEMPATH\Filters\Filters.php(182): App\Filters\JwtAuthWeb->before(Object(CodeIgniter\HTTP\IncomingRequest), null)
 2 SYSTEMPATH\CodeIgniter.php(475): CodeIgniter\Filters\Filters->run('ltc-all', 'before')
 3 SYSTEMPATH\CodeIgniter.php(361): CodeIgniter\CodeIgniter->handleRequest(null, Object(Config\Cache), false)
 4 FCPATH\index.php(79): CodeIgniter\CodeIgniter->run()
WARNING - 2026-02-28 14:17:27 --> [DEPRECATED] Creation of dynamic property CodeIgniter\HTTP\IncomingRequest::$user is deprecated in APPPATH\Filters\JwtAuth.php on line 47.
 1 SYSTEMPATH\Filters\Filters.php(182): App\Filters\JwtAuth->before(Object(CodeIgniter\HTTP\IncomingRequest), null)
 2 SYSTEMPATH\CodeIgniter.php(475): CodeIgniter\Filters\Filters->run('api/profile', 'before')
 3 SYSTEMPATH\CodeIgniter.php(361): CodeIgniter\CodeIgniter->handleRequest(null, Object(Config\Cache), false)
 4 FCPATH\index.php(79): CodeIgniter\CodeIgniter->run()
INFO - 2026-02-28 14:17:27 --> Session: Class initialized using 'CodeIgniter\Session\Handlers\FileHandler' driver.
WARNING - 2026-02-28 14:17:27 --> [DEPRECATED] Creation of dynamic property CodeIgniter\HTTP\IncomingRequest::$user is deprecated in APPPATH\Filters\JwtAuthWeb.php on line 32.
 1 SYSTEMPATH\Filters\Filters.php(182): App\Filters\JwtAuthWeb->before(Object(CodeIgniter\HTTP\IncomingRequest), null)
 2 SYSTEMPATH\CodeIgniter.php(475): CodeIgniter\Filters\Filters->run('getLtcData', 'before')
 3 SYSTEMPATH\CodeIgniter.php(361): CodeIgniter\CodeIgniter->handleRequest(null, Object(Config\Cache), false)
 4 FCPATH\index.php(79): CodeIgniter\CodeIgniter->run()
INFO - 2026-02-28 14:18:10 --> Session: Class initialized using 'CodeIgniter\Session\Handlers\FileHandler' driver.
WARNING - 2026-02-28 14:18:10 --> [DEPRECATED] Creation of dynamic property CodeIgniter\HTTP\IncomingRequest::$user is deprecated in APPPATH\Filters\JwtAuthWeb.php on line 32.
 1 SYSTEMPATH\Filters\Filters.php(182): App\Filters\JwtAuthWeb->before(Object(CodeIgniter\HTTP\IncomingRequest), null)
 2 SYSTEMPATH\CodeIgniter.php(475): CodeIgniter\Filters\Filters->run('ltc-all', 'before')
 3 SYSTEMPATH\CodeIgniter.php(361): CodeIgniter\CodeIgniter->handleRequest(null, Object(Config\Cache), false)
 4 FCPATH\index.php(79): CodeIgniter\CodeIgniter->run()
WARNING - 2026-02-28 14:18:11 --> [DEPRECATED] Creation of dynamic property CodeIgniter\HTTP\IncomingRequest::$user is deprecated in APPPATH\Filters\JwtAuth.php on line 47.
 1 SYSTEMPATH\Filters\Filters.php(182): App\Filters\JwtAuth->before(Object(CodeIgniter\HTTP\IncomingRequest), null)
 2 SYSTEMPATH\CodeIgniter.php(475): CodeIgniter\Filters\Filters->run('api/profile', 'before')
 3 SYSTEMPATH\CodeIgniter.php(361): CodeIgniter\CodeIgniter->handleRequest(null, Object(Config\Cache), false)
 4 FCPATH\index.php(79): CodeIgniter\CodeIgniter->run()
INFO - 2026-02-28 14:18:11 --> Session: Class initialized using 'CodeIgniter\Session\Handlers\FileHandler' driver.
WARNING - 2026-02-28 14:18:11 --> [DEPRECATED] Creation of dynamic property CodeIgniter\HTTP\IncomingRequest::$user is deprecated in APPPATH\Filters\JwtAuthWeb.php on line 32.
 1 SYSTEMPATH\Filters\Filters.php(182): App\Filters\JwtAuthWeb->before(Object(CodeIgniter\HTTP\IncomingRequest), null)
 2 SYSTEMPATH\CodeIgniter.php(475): CodeIgniter\Filters\Filters->run('getLtcData', 'before')
 3 SYSTEMPATH\CodeIgniter.php(361): CodeIgniter\CodeIgniter->handleRequest(null, Object(Config\Cache), false)
 4 FCPATH\index.php(79): CodeIgniter\CodeIgniter->run()
INFO - 2026-02-28 14:18:39 --> Session: Class initialized using 'CodeIgniter\Session\Handlers\FileHandler' driver.
WARNING - 2026-02-28 14:18:39 --> [DEPRECATED] Creation of dynamic property CodeIgniter\HTTP\IncomingRequest::$user is deprecated in APPPATH\Filters\JwtAuthWeb.php on line 32.
 1 SYSTEMPATH\Filters\Filters.php(182): App\Filters\JwtAuthWeb->before(Object(CodeIgniter\HTTP\IncomingRequest), null)
 2 SYSTEMPATH\CodeIgniter.php(475): CodeIgniter\Filters\Filters->run('ltc-all', 'before')
 3 SYSTEMPATH\CodeIgniter.php(361): CodeIgniter\CodeIgniter->handleRequest(null, Object(Config\Cache), false)
 4 FCPATH\index.php(79): CodeIgniter\CodeIgniter->run()
WARNING - 2026-02-28 14:18:40 --> [DEPRECATED] Creation of dynamic property CodeIgniter\HTTP\IncomingRequest::$user is deprecated in APPPATH\Filters\JwtAuth.php on line 47.
 1 SYSTEMPATH\Filters\Filters.php(182): App\Filters\JwtAuth->before(Object(CodeIgniter\HTTP\IncomingRequest), null)
 2 SYSTEMPATH\CodeIgniter.php(475): CodeIgniter\Filters\Filters->run('api/profile', 'before')
 3 SYSTEMPATH\CodeIgniter.php(361): CodeIgniter\CodeIgniter->handleRequest(null, Object(Config\Cache), false)
 4 FCPATH\index.php(79): CodeIgniter\CodeIgniter->run()
INFO - 2026-02-28 14:18:40 --> Session: Class initialized using 'CodeIgniter\Session\Handlers\FileHandler' driver.
WARNING - 2026-02-28 14:18:40 --> [DEPRECATED] Creation of dynamic property CodeIgniter\HTTP\IncomingRequest::$user is deprecated in APPPATH\Filters\JwtAuthWeb.php on line 32.
 1 SYSTEMPATH\Filters\Filters.php(182): App\Filters\JwtAuthWeb->before(Object(CodeIgniter\HTTP\IncomingRequest), null)
 2 SYSTEMPATH\CodeIgniter.php(475): CodeIgniter\Filters\Filters->run('getLtcData', 'before')
 3 SYSTEMPATH\CodeIgniter.php(361): CodeIgniter\CodeIgniter->handleRequest(null, Object(Config\Cache), false)
 4 FCPATH\index.php(79): CodeIgniter\CodeIgniter->run()
INFO - 2026-02-28 14:18:57 --> Session: Class initialized using 'CodeIgniter\Session\Handlers\FileHandler' driver.
WARNING - 2026-02-28 14:18:57 --> [DEPRECATED] Creation of dynamic property CodeIgniter\HTTP\IncomingRequest::$user is deprecated in APPPATH\Filters\JwtAuthWeb.php on line 32.
 1 SYSTEMPATH\Filters\Filters.php(182): App\Filters\JwtAuthWeb->before(Object(CodeIgniter\HTTP\IncomingRequest), null)
 2 SYSTEMPATH\CodeIgniter.php(475): CodeIgniter\Filters\Filters->run('ltc-all', 'before')
 3 SYSTEMPATH\CodeIgniter.php(361): CodeIgniter\CodeIgniter->handleRequest(null, Object(Config\Cache), false)
 4 FCPATH\index.php(79): CodeIgniter\CodeIgniter->run()
WARNING - 2026-02-28 14:18:57 --> [DEPRECATED] Creation of dynamic property CodeIgniter\HTTP\IncomingRequest::$user is deprecated in APPPATH\Filters\JwtAuth.php on line 47.
 1 SYSTEMPATH\Filters\Filters.php(182): App\Filters\JwtAuth->before(Object(CodeIgniter\HTTP\IncomingRequest), null)
 2 SYSTEMPATH\CodeIgniter.php(475): CodeIgniter\Filters\Filters->run('api/profile', 'before')
 3 SYSTEMPATH\CodeIgniter.php(361): CodeIgniter\CodeIgniter->handleRequest(null, Object(Config\Cache), false)
 4 FCPATH\index.php(79): CodeIgniter\CodeIgniter->run()
INFO - 2026-02-28 14:18:57 --> Session: Class initialized using 'CodeIgniter\Session\Handlers\FileHandler' driver.
WARNING - 2026-02-28 14:18:57 --> [DEPRECATED] Creation of dynamic property CodeIgniter\HTTP\IncomingRequest::$user is deprecated in APPPATH\Filters\JwtAuthWeb.php on line 32.
 1 SYSTEMPATH\Filters\Filters.php(182): App\Filters\JwtAuthWeb->before(Object(CodeIgniter\HTTP\IncomingRequest), null)
 2 SYSTEMPATH\CodeIgniter.php(475): CodeIgniter\Filters\Filters->run('getLtcData', 'before')
 3 SYSTEMPATH\CodeIgniter.php(361): CodeIgniter\CodeIgniter->handleRequest(null, Object(Config\Cache), false)
 4 FCPATH\index.php(79): CodeIgniter\CodeIgniter->run()
INFO - 2026-02-28 14:19:19 --> Session: Class initialized using 'CodeIgniter\Session\Handlers\FileHandler' driver.
WARNING - 2026-02-28 14:19:19 --> [DEPRECATED] Creation of dynamic property CodeIgniter\HTTP\IncomingRequest::$user is deprecated in APPPATH\Filters\JwtAuthWeb.php on line 32.
 1 SYSTEMPATH\Filters\Filters.php(182): App\Filters\JwtAuthWeb->before(Object(CodeIgniter\HTTP\IncomingRequest), null)
 2 SYSTEMPATH\CodeIgniter.php(475): CodeIgniter\Filters\Filters->run('ltc-all', 'before')
 3 SYSTEMPATH\CodeIgniter.php(361): CodeIgniter\CodeIgniter->handleRequest(null, Object(Config\Cache), false)
 4 FCPATH\index.php(79): CodeIgniter\CodeIgniter->run()
WARNING - 2026-02-28 14:19:19 --> [DEPRECATED] Creation of dynamic property CodeIgniter\HTTP\IncomingRequest::$user is deprecated in APPPATH\Filters\JwtAuth.php on line 47.
 1 SYSTEMPATH\Filters\Filters.php(182): App\Filters\JwtAuth->before(Object(CodeIgniter\HTTP\IncomingRequest), null)
 2 SYSTEMPATH\CodeIgniter.php(475): CodeIgniter\Filters\Filters->run('api/profile', 'before')
 3 SYSTEMPATH\CodeIgniter.php(361): CodeIgniter\CodeIgniter->handleRequest(null, Object(Config\Cache), false)
 4 FCPATH\index.php(79): CodeIgniter\CodeIgniter->run()
INFO - 2026-02-28 14:19:19 --> Session: Class initialized using 'CodeIgniter\Session\Handlers\FileHandler' driver.
WARNING - 2026-02-28 14:19:19 --> [DEPRECATED] Creation of dynamic property CodeIgniter\HTTP\IncomingRequest::$user is deprecated in APPPATH\Filters\JwtAuthWeb.php on line 32.
 1 SYSTEMPATH\Filters\Filters.php(182): App\Filters\JwtAuthWeb->before(Object(CodeIgniter\HTTP\IncomingRequest), null)
 2 SYSTEMPATH\CodeIgniter.php(475): CodeIgniter\Filters\Filters->run('getLtcData', 'before')
 3 SYSTEMPATH\CodeIgniter.php(361): CodeIgniter\CodeIgniter->handleRequest(null, Object(Config\Cache), false)
 4 FCPATH\index.php(79): CodeIgniter\CodeIgniter->run()
INFO - 2026-02-28 14:19:35 --> Session: Class initialized using 'CodeIgniter\Session\Handlers\FileHandler' driver.
WARNING - 2026-02-28 14:19:35 --> [DEPRECATED] Creation of dynamic property CodeIgniter\HTTP\IncomingRequest::$user is deprecated in APPPATH\Filters\JwtAuthWeb.php on line 32.
 1 SYSTEMPATH\Filters\Filters.php(182): App\Filters\JwtAuthWeb->before(Object(CodeIgniter\HTTP\IncomingRequest), null)
 2 SYSTEMPATH\CodeIgniter.php(475): CodeIgniter\Filters\Filters->run('ltc-all', 'before')
 3 SYSTEMPATH\CodeIgniter.php(361): CodeIgniter\CodeIgniter->handleRequest(null, Object(Config\Cache), false)
 4 FCPATH\index.php(79): CodeIgniter\CodeIgniter->run()
INFO - 2026-02-28 14:19:35 --> Session: Class initialized using 'CodeIgniter\Session\Handlers\FileHandler' driver.
WARNING - 2026-02-28 14:19:35 --> [DEPRECATED] Creation of dynamic property CodeIgniter\HTTP\IncomingRequest::$user is deprecated in APPPATH\Filters\JwtAuthWeb.php on line 32.
 1 SYSTEMPATH\Filters\Filters.php(182): App\Filters\JwtAuthWeb->before(Object(CodeIgniter\HTTP\IncomingRequest), null)
 2 SYSTEMPATH\CodeIgniter.php(475): CodeIgniter\Filters\Filters->run('getLtcData', 'before')
 3 SYSTEMPATH\CodeIgniter.php(361): CodeIgniter\CodeIgniter->handleRequest(null, Object(Config\Cache), false)
 4 FCPATH\index.php(79): CodeIgniter\CodeIgniter->run()
WARNING - 2026-02-28 14:19:35 --> [DEPRECATED] Creation of dynamic property CodeIgniter\HTTP\IncomingRequest::$user is deprecated in APPPATH\Filters\JwtAuth.php on line 47.
 1 SYSTEMPATH\Filters\Filters.php(182): App\Filters\JwtAuth->before(Object(CodeIgniter\HTTP\IncomingRequest), null)
 2 SYSTEMPATH\CodeIgniter.php(475): CodeIgniter\Filters\Filters->run('api/profile', 'before')
 3 SYSTEMPATH\CodeIgniter.php(361): CodeIgniter\CodeIgniter->handleRequest(null, Object(Config\Cache), false)
 4 FCPATH\index.php(79): CodeIgniter\CodeIgniter->run()
INFO - 2026-02-28 14:19:37 --> Session: Class initialized using 'CodeIgniter\Session\Handlers\FileHandler' driver.
WARNING - 2026-02-28 14:19:37 --> [DEPRECATED] Creation of dynamic property CodeIgniter\HTTP\IncomingRequest::$user is deprecated in APPPATH\Filters\JwtAuthWeb.php on line 32.
 1 SYSTEMPATH\Filters\Filters.php(182): App\Filters\JwtAuthWeb->before(Object(CodeIgniter\HTTP\IncomingRequest), null)
 2 SYSTEMPATH\CodeIgniter.php(475): CodeIgniter\Filters\Filters->run('ltc-all', 'before')
 3 SYSTEMPATH\CodeIgniter.php(361): CodeIgniter\CodeIgniter->handleRequest(null, Object(Config\Cache), false)
 4 FCPATH\index.php(79): CodeIgniter\CodeIgniter->run()
WARNING - 2026-02-28 14:19:37 --> [DEPRECATED] Creation of dynamic property CodeIgniter\HTTP\IncomingRequest::$user is deprecated in APPPATH\Filters\JwtAuth.php on line 47.
 1 SYSTEMPATH\Filters\Filters.php(182): App\Filters\JwtAuth->before(Object(CodeIgniter\HTTP\IncomingRequest), null)
 2 SYSTEMPATH\CodeIgniter.php(475): CodeIgniter\Filters\Filters->run('api/profile', 'before')
 3 SYSTEMPATH\CodeIgniter.php(361): CodeIgniter\CodeIgniter->handleRequest(null, Object(Config\Cache), false)
 4 FCPATH\index.php(79): CodeIgniter\CodeIgniter->run()
INFO - 2026-02-28 14:19:37 --> Session: Class initialized using 'CodeIgniter\Session\Handlers\FileHandler' driver.
WARNING - 2026-02-28 14:19:37 --> [DEPRECATED] Creation of dynamic property CodeIgniter\HTTP\IncomingRequest::$user is deprecated in APPPATH\Filters\JwtAuthWeb.php on line 32.
 1 SYSTEMPATH\Filters\Filters.php(182): App\Filters\JwtAuthWeb->before(Object(CodeIgniter\HTTP\IncomingRequest), null)
 2 SYSTEMPATH\CodeIgniter.php(475): CodeIgniter\Filters\Filters->run('getLtcData', 'before')
 3 SYSTEMPATH\CodeIgniter.php(361): CodeIgniter\CodeIgniter->handleRequest(null, Object(Config\Cache), false)
 4 FCPATH\index.php(79): CodeIgniter\CodeIgniter->run()
INFO - 2026-02-28 14:19:49 --> Session: Class initialized using 'CodeIgniter\Session\Handlers\FileHandler' driver.
WARNING - 2026-02-28 14:19:49 --> [DEPRECATED] Creation of dynamic property CodeIgniter\HTTP\IncomingRequest::$user is deprecated in APPPATH\Filters\JwtAuthWeb.php on line 32.
 1 SYSTEMPATH\Filters\Filters.php(182): App\Filters\JwtAuthWeb->before(Object(CodeIgniter\HTTP\IncomingRequest), null)
 2 SYSTEMPATH\CodeIgniter.php(475): CodeIgniter\Filters\Filters->run('ltc-all', 'before')
 3 SYSTEMPATH\CodeIgniter.php(361): CodeIgniter\CodeIgniter->handleRequest(null, Object(Config\Cache), false)
 4 FCPATH\index.php(79): CodeIgniter\CodeIgniter->run()
WARNING - 2026-02-28 14:19:49 --> [DEPRECATED] Creation of dynamic property CodeIgniter\HTTP\IncomingRequest::$user is deprecated in APPPATH\Filters\JwtAuth.php on line 47.
 1 SYSTEMPATH\Filters\Filters.php(182): App\Filters\JwtAuth->before(Object(CodeIgniter\HTTP\IncomingRequest), null)
 2 SYSTEMPATH\CodeIgniter.php(475): CodeIgniter\Filters\Filters->run('api/profile', 'before')
 3 SYSTEMPATH\CodeIgniter.php(361): CodeIgniter\CodeIgniter->handleRequest(null, Object(Config\Cache), false)
 4 FCPATH\index.php(79): CodeIgniter\CodeIgniter->run()
INFO - 2026-02-28 14:19:49 --> Session: Class initialized using 'CodeIgniter\Session\Handlers\FileHandler' driver.
WARNING - 2026-02-28 14:19:49 --> [DEPRECATED] Creation of dynamic property CodeIgniter\HTTP\IncomingRequest::$user is deprecated in APPPATH\Filters\JwtAuthWeb.php on line 32.
 1 SYSTEMPATH\Filters\Filters.php(182): App\Filters\JwtAuthWeb->before(Object(CodeIgniter\HTTP\IncomingRequest), null)
 2 SYSTEMPATH\CodeIgniter.php(475): CodeIgniter\Filters\Filters->run('getLtcData', 'before')
 3 SYSTEMPATH\CodeIgniter.php(361): CodeIgniter\CodeIgniter->handleRequest(null, Object(Config\Cache), false)
 4 FCPATH\index.php(79): CodeIgniter\CodeIgniter->run()
INFO - 2026-02-28 14:20:36 --> Session: Class initialized using 'CodeIgniter\Session\Handlers\FileHandler' driver.
WARNING - 2026-02-28 14:20:36 --> [DEPRECATED] Creation of dynamic property CodeIgniter\HTTP\IncomingRequest::$user is deprecated in APPPATH\Filters\JwtAuthWeb.php on line 32.
 1 SYSTEMPATH\Filters\Filters.php(182): App\Filters\JwtAuthWeb->before(Object(CodeIgniter\HTTP\IncomingRequest), null)
 2 SYSTEMPATH\CodeIgniter.php(475): CodeIgniter\Filters\Filters->run('ltc-all', 'before')
 3 SYSTEMPATH\CodeIgniter.php(361): CodeIgniter\CodeIgniter->handleRequest(null, Object(Config\Cache), false)
 4 FCPATH\index.php(79): CodeIgniter\CodeIgniter->run()
WARNING - 2026-02-28 14:20:36 --> [DEPRECATED] Creation of dynamic property CodeIgniter\HTTP\IncomingRequest::$user is deprecated in APPPATH\Filters\JwtAuth.php on line 47.
 1 SYSTEMPATH\Filters\Filters.php(182): App\Filters\JwtAuth->before(Object(CodeIgniter\HTTP\IncomingRequest), null)
 2 SYSTEMPATH\CodeIgniter.php(475): CodeIgniter\Filters\Filters->run('api/profile', 'before')
 3 SYSTEMPATH\CodeIgniter.php(361): CodeIgniter\CodeIgniter->handleRequest(null, Object(Config\Cache), false)
 4 FCPATH\index.php(79): CodeIgniter\CodeIgniter->run()
INFO - 2026-02-28 14:20:36 --> Session: Class initialized using 'CodeIgniter\Session\Handlers\FileHandler' driver.
WARNING - 2026-02-28 14:20:36 --> [DEPRECATED] Creation of dynamic property CodeIgniter\HTTP\IncomingRequest::$user is deprecated in APPPATH\Filters\JwtAuthWeb.php on line 32.
 1 SYSTEMPATH\Filters\Filters.php(182): App\Filters\JwtAuthWeb->before(Object(CodeIgniter\HTTP\IncomingRequest), null)
 2 SYSTEMPATH\CodeIgniter.php(475): CodeIgniter\Filters\Filters->run('getLtcData', 'before')
 3 SYSTEMPATH\CodeIgniter.php(361): CodeIgniter\CodeIgniter->handleRequest(null, Object(Config\Cache), false)
 4 FCPATH\index.php(79): CodeIgniter\CodeIgniter->run()
INFO - 2026-02-28 14:21:04 --> Session: Class initialized using 'CodeIgniter\Session\Handlers\FileHandler' driver.
WARNING - 2026-02-28 14:21:04 --> [DEPRECATED] Creation of dynamic property CodeIgniter\HTTP\IncomingRequest::$user is deprecated in APPPATH\Filters\JwtAuthWeb.php on line 32.
 1 SYSTEMPATH\Filters\Filters.php(182): App\Filters\JwtAuthWeb->before(Object(CodeIgniter\HTTP\IncomingRequest), null)
 2 SYSTEMPATH\CodeIgniter.php(475): CodeIgniter\Filters\Filters->run('ltc-all', 'before')
 3 SYSTEMPATH\CodeIgniter.php(361): CodeIgniter\CodeIgniter->handleRequest(null, Object(Config\Cache), false)
 4 FCPATH\index.php(79): CodeIgniter\CodeIgniter->run()
WARNING - 2026-02-28 14:21:05 --> [DEPRECATED] Creation of dynamic property CodeIgniter\HTTP\IncomingRequest::$user is deprecated in APPPATH\Filters\JwtAuth.php on line 47.
 1 SYSTEMPATH\Filters\Filters.php(182): App\Filters\JwtAuth->before(Object(CodeIgniter\HTTP\IncomingRequest), null)
 2 SYSTEMPATH\CodeIgniter.php(475): CodeIgniter\Filters\Filters->run('api/profile', 'before')
 3 SYSTEMPATH\CodeIgniter.php(361): CodeIgniter\CodeIgniter->handleRequest(null, Object(Config\Cache), false)
 4 FCPATH\index.php(79): CodeIgniter\CodeIgniter->run()
INFO - 2026-02-28 14:21:05 --> Session: Class initialized using 'CodeIgniter\Session\Handlers\FileHandler' driver.
WARNING - 2026-02-28 14:21:05 --> [DEPRECATED] Creation of dynamic property CodeIgniter\HTTP\IncomingRequest::$user is deprecated in APPPATH\Filters\JwtAuthWeb.php on line 32.
 1 SYSTEMPATH\Filters\Filters.php(182): App\Filters\JwtAuthWeb->before(Object(CodeIgniter\HTTP\IncomingRequest), null)
 2 SYSTEMPATH\CodeIgniter.php(475): CodeIgniter\Filters\Filters->run('getLtcData', 'before')
 3 SYSTEMPATH\CodeIgniter.php(361): CodeIgniter\CodeIgniter->handleRequest(null, Object(Config\Cache), false)
 4 FCPATH\index.php(79): CodeIgniter\CodeIgniter->run()
INFO - 2026-02-28 14:21:29 --> Session: Class initialized using 'CodeIgniter\Session\Handlers\FileHandler' driver.
WARNING - 2026-02-28 14:21:29 --> [DEPRECATED] Creation of dynamic property CodeIgniter\HTTP\IncomingRequest::$user is deprecated in APPPATH\Filters\JwtAuthWeb.php on line 32.
 1 SYSTEMPATH\Filters\Filters.php(182): App\Filters\JwtAuthWeb->before(Object(CodeIgniter\HTTP\IncomingRequest), null)
 2 SYSTEMPATH\CodeIgniter.php(475): CodeIgniter\Filters\Filters->run('ltc-all', 'before')
 3 SYSTEMPATH\CodeIgniter.php(361): CodeIgniter\CodeIgniter->handleRequest(null, Object(Config\Cache), false)
 4 FCPATH\index.php(79): CodeIgniter\CodeIgniter->run()
WARNING - 2026-02-28 14:21:29 --> [DEPRECATED] Creation of dynamic property CodeIgniter\HTTP\IncomingRequest::$user is deprecated in APPPATH\Filters\JwtAuth.php on line 47.
 1 SYSTEMPATH\Filters\Filters.php(182): App\Filters\JwtAuth->before(Object(CodeIgniter\HTTP\IncomingRequest), null)
 2 SYSTEMPATH\CodeIgniter.php(475): CodeIgniter\Filters\Filters->run('api/profile', 'before')
 3 SYSTEMPATH\CodeIgniter.php(361): CodeIgniter\CodeIgniter->handleRequest(null, Object(Config\Cache), false)
 4 FCPATH\index.php(79): CodeIgniter\CodeIgniter->run()
INFO - 2026-02-28 14:21:29 --> Session: Class initialized using 'CodeIgniter\Session\Handlers\FileHandler' driver.
WARNING - 2026-02-28 14:21:29 --> [DEPRECATED] Creation of dynamic property CodeIgniter\HTTP\IncomingRequest::$user is deprecated in APPPATH\Filters\JwtAuthWeb.php on line 32.
 1 SYSTEMPATH\Filters\Filters.php(182): App\Filters\JwtAuthWeb->before(Object(CodeIgniter\HTTP\IncomingRequest), null)
 2 SYSTEMPATH\CodeIgniter.php(475): CodeIgniter\Filters\Filters->run('getLtcData', 'before')
 3 SYSTEMPATH\CodeIgniter.php(361): CodeIgniter\CodeIgniter->handleRequest(null, Object(Config\Cache), false)
 4 FCPATH\index.php(79): CodeIgniter\CodeIgniter->run()
INFO - 2026-02-28 14:21:31 --> Session: Class initialized using 'CodeIgniter\Session\Handlers\FileHandler' driver.
WARNING - 2026-02-28 14:21:31 --> [DEPRECATED] Creation of dynamic property CodeIgniter\HTTP\IncomingRequest::$user is deprecated in APPPATH\Filters\JwtAuthWeb.php on line 32.
 1 SYSTEMPATH\Filters\Filters.php(182): App\Filters\JwtAuthWeb->before(Object(CodeIgniter\HTTP\IncomingRequest), null)
 2 SYSTEMPATH\CodeIgniter.php(475): CodeIgniter\Filters\Filters->run('ltc-all', 'before')
 3 SYSTEMPATH\CodeIgniter.php(361): CodeIgniter\CodeIgniter->handleRequest(null, Object(Config\Cache), false)
 4 FCPATH\index.php(79): CodeIgniter\CodeIgniter->run()
INFO - 2026-02-28 14:21:31 --> Session: Class initialized using 'CodeIgniter\Session\Handlers\FileHandler' driver.
WARNING - 2026-02-28 14:21:31 --> [DEPRECATED] Creation of dynamic property CodeIgniter\HTTP\IncomingRequest::$user is deprecated in APPPATH\Filters\JwtAuthWeb.php on line 32.
 1 SYSTEMPATH\Filters\Filters.php(182): App\Filters\JwtAuthWeb->before(Object(CodeIgniter\HTTP\IncomingRequest), null)
 2 SYSTEMPATH\CodeIgniter.php(475): CodeIgniter\Filters\Filters->run('getLtcData', 'before')
 3 SYSTEMPATH\CodeIgniter.php(361): CodeIgniter\CodeIgniter->handleRequest(null, Object(Config\Cache), false)
 4 FCPATH\index.php(79): CodeIgniter\CodeIgniter->run()
WARNING - 2026-02-28 14:21:31 --> [DEPRECATED] Creation of dynamic property CodeIgniter\HTTP\IncomingRequest::$user is deprecated in APPPATH\Filters\JwtAuth.php on line 47.
 1 SYSTEMPATH\Filters\Filters.php(182): App\Filters\JwtAuth->before(Object(CodeIgniter\HTTP\IncomingRequest), null)
 2 SYSTEMPATH\CodeIgniter.php(475): CodeIgniter\Filters\Filters->run('api/profile', 'before')
 3 SYSTEMPATH\CodeIgniter.php(361): CodeIgniter\CodeIgniter->handleRequest(null, Object(Config\Cache), false)
 4 FCPATH\index.php(79): CodeIgniter\CodeIgniter->run()
INFO - 2026-02-28 14:21:55 --> Session: Class initialized using 'CodeIgniter\Session\Handlers\FileHandler' driver.
WARNING - 2026-02-28 14:21:55 --> [DEPRECATED] Creation of dynamic property CodeIgniter\HTTP\IncomingRequest::$user is deprecated in APPPATH\Filters\JwtAuthWeb.php on line 32.
 1 SYSTEMPATH\Filters\Filters.php(182): App\Filters\JwtAuthWeb->before(Object(CodeIgniter\HTTP\IncomingRequest), null)
 2 SYSTEMPATH\CodeIgniter.php(475): CodeIgniter\Filters\Filters->run('ltc-all', 'before')
 3 SYSTEMPATH\CodeIgniter.php(361): CodeIgniter\CodeIgniter->handleRequest(null, Object(Config\Cache), false)
 4 FCPATH\index.php(79): CodeIgniter\CodeIgniter->run()
WARNING - 2026-02-28 14:21:55 --> [DEPRECATED] Creation of dynamic property CodeIgniter\HTTP\IncomingRequest::$user is deprecated in APPPATH\Filters\JwtAuth.php on line 47.
 1 SYSTEMPATH\Filters\Filters.php(182): App\Filters\JwtAuth->before(Object(CodeIgniter\HTTP\IncomingRequest), null)
 2 SYSTEMPATH\CodeIgniter.php(475): CodeIgniter\Filters\Filters->run('api/profile', 'before')
 3 SYSTEMPATH\CodeIgniter.php(361): CodeIgniter\CodeIgniter->handleRequest(null, Object(Config\Cache), false)
 4 FCPATH\index.php(79): CodeIgniter\CodeIgniter->run()
INFO - 2026-02-28 14:21:55 --> Session: Class initialized using 'CodeIgniter\Session\Handlers\FileHandler' driver.
WARNING - 2026-02-28 14:21:55 --> [DEPRECATED] Creation of dynamic property CodeIgniter\HTTP\IncomingRequest::$user is deprecated in APPPATH\Filters\JwtAuthWeb.php on line 32.
 1 SYSTEMPATH\Filters\Filters.php(182): App\Filters\JwtAuthWeb->before(Object(CodeIgniter\HTTP\IncomingRequest), null)
 2 SYSTEMPATH\CodeIgniter.php(475): CodeIgniter\Filters\Filters->run('getLtcData', 'before')
 3 SYSTEMPATH\CodeIgniter.php(361): CodeIgniter\CodeIgniter->handleRequest(null, Object(Config\Cache), false)
 4 FCPATH\index.php(79): CodeIgniter\CodeIgniter->run()
INFO - 2026-02-28 14:22:04 --> Session: Class initialized using 'CodeIgniter\Session\Handlers\FileHandler' driver.
WARNING - 2026-02-28 14:22:04 --> [DEPRECATED] Creation of dynamic property CodeIgniter\HTTP\IncomingRequest::$user is deprecated in APPPATH\Filters\JwtAuthWeb.php on line 32.
 1 SYSTEMPATH\Filters\Filters.php(182): App\Filters\JwtAuthWeb->before(Object(CodeIgniter\HTTP\IncomingRequest), null)
 2 SYSTEMPATH\CodeIgniter.php(475): CodeIgniter\Filters\Filters->run('ltc-all', 'before')
 3 SYSTEMPATH\CodeIgniter.php(361): CodeIgniter\CodeIgniter->handleRequest(null, Object(Config\Cache), false)
 4 FCPATH\index.php(79): CodeIgniter\CodeIgniter->run()
WARNING - 2026-02-28 14:22:04 --> [DEPRECATED] Creation of dynamic property CodeIgniter\HTTP\IncomingRequest::$user is deprecated in APPPATH\Filters\JwtAuth.php on line 47.
 1 SYSTEMPATH\Filters\Filters.php(182): App\Filters\JwtAuth->before(Object(CodeIgniter\HTTP\IncomingRequest), null)
 2 SYSTEMPATH\CodeIgniter.php(475): CodeIgniter\Filters\Filters->run('api/profile', 'before')
 3 SYSTEMPATH\CodeIgniter.php(361): CodeIgniter\CodeIgniter->handleRequest(null, Object(Config\Cache), false)
 4 FCPATH\index.php(79): CodeIgniter\CodeIgniter->run()
INFO - 2026-02-28 14:22:04 --> Session: Class initialized using 'CodeIgniter\Session\Handlers\FileHandler' driver.
WARNING - 2026-02-28 14:22:04 --> [DEPRECATED] Creation of dynamic property CodeIgniter\HTTP\IncomingRequest::$user is deprecated in APPPATH\Filters\JwtAuthWeb.php on line 32.
 1 SYSTEMPATH\Filters\Filters.php(182): App\Filters\JwtAuthWeb->before(Object(CodeIgniter\HTTP\IncomingRequest), null)
 2 SYSTEMPATH\CodeIgniter.php(475): CodeIgniter\Filters\Filters->run('getLtcData', 'before')
 3 SYSTEMPATH\CodeIgniter.php(361): CodeIgniter\CodeIgniter->handleRequest(null, Object(Config\Cache), false)
 4 FCPATH\index.php(79): CodeIgniter\CodeIgniter->run()
INFO - 2026-02-28 14:22:14 --> Session: Class initialized using 'CodeIgniter\Session\Handlers\FileHandler' driver.
WARNING - 2026-02-28 14:22:14 --> [DEPRECATED] Creation of dynamic property CodeIgniter\HTTP\IncomingRequest::$user is deprecated in APPPATH\Filters\JwtAuthWeb.php on line 32.
 1 SYSTEMPATH\Filters\Filters.php(182): App\Filters\JwtAuthWeb->before(Object(CodeIgniter\HTTP\IncomingRequest), null)
 2 SYSTEMPATH\CodeIgniter.php(475): CodeIgniter\Filters\Filters->run('ltc-all', 'before')
 3 SYSTEMPATH\CodeIgniter.php(361): CodeIgniter\CodeIgniter->handleRequest(null, Object(Config\Cache), false)
 4 FCPATH\index.php(79): CodeIgniter\CodeIgniter->run()
WARNING - 2026-02-28 14:22:15 --> [DEPRECATED] Creation of dynamic property CodeIgniter\HTTP\IncomingRequest::$user is deprecated in APPPATH\Filters\JwtAuth.php on line 47.
 1 SYSTEMPATH\Filters\Filters.php(182): App\Filters\JwtAuth->before(Object(CodeIgniter\HTTP\IncomingRequest), null)
 2 SYSTEMPATH\CodeIgniter.php(475): CodeIgniter\Filters\Filters->run('api/profile', 'before')
 3 SYSTEMPATH\CodeIgniter.php(361): CodeIgniter\CodeIgniter->handleRequest(null, Object(Config\Cache), false)
 4 FCPATH\index.php(79): CodeIgniter\CodeIgniter->run()
INFO - 2026-02-28 14:22:15 --> Session: Class initialized using 'CodeIgniter\Session\Handlers\FileHandler' driver.
WARNING - 2026-02-28 14:22:15 --> [DEPRECATED] Creation of dynamic property CodeIgniter\HTTP\IncomingRequest::$user is deprecated in APPPATH\Filters\JwtAuthWeb.php on line 32.
 1 SYSTEMPATH\Filters\Filters.php(182): App\Filters\JwtAuthWeb->before(Object(CodeIgniter\HTTP\IncomingRequest), null)
 2 SYSTEMPATH\CodeIgniter.php(475): CodeIgniter\Filters\Filters->run('getLtcData', 'before')
 3 SYSTEMPATH\CodeIgniter.php(361): CodeIgniter\CodeIgniter->handleRequest(null, Object(Config\Cache), false)
 4 FCPATH\index.php(79): CodeIgniter\CodeIgniter->run()
INFO - 2026-02-28 14:22:27 --> Session: Class initialized using 'CodeIgniter\Session\Handlers\FileHandler' driver.
WARNING - 2026-02-28 14:22:27 --> [DEPRECATED] Creation of dynamic property CodeIgniter\HTTP\IncomingRequest::$user is deprecated in APPPATH\Filters\JwtAuthWeb.php on line 32.
 1 SYSTEMPATH\Filters\Filters.php(182): App\Filters\JwtAuthWeb->before(Object(CodeIgniter\HTTP\IncomingRequest), null)
 2 SYSTEMPATH\CodeIgniter.php(475): CodeIgniter\Filters\Filters->run('ltc-all', 'before')
 3 SYSTEMPATH\CodeIgniter.php(361): CodeIgniter\CodeIgniter->handleRequest(null, Object(Config\Cache), false)
 4 FCPATH\index.php(79): CodeIgniter\CodeIgniter->run()
WARNING - 2026-02-28 14:22:28 --> [DEPRECATED] Creation of dynamic property CodeIgniter\HTTP\IncomingRequest::$user is deprecated in APPPATH\Filters\JwtAuth.php on line 47.
 1 SYSTEMPATH\Filters\Filters.php(182): App\Filters\JwtAuth->before(Object(CodeIgniter\HTTP\IncomingRequest), null)
 2 SYSTEMPATH\CodeIgniter.php(475): CodeIgniter\Filters\Filters->run('api/profile', 'before')
 3 SYSTEMPATH\CodeIgniter.php(361): CodeIgniter\CodeIgniter->handleRequest(null, Object(Config\Cache), false)
 4 FCPATH\index.php(79): CodeIgniter\CodeIgniter->run()
INFO - 2026-02-28 14:22:28 --> Session: Class initialized using 'CodeIgniter\Session\Handlers\FileHandler' driver.
WARNING - 2026-02-28 14:22:28 --> [DEPRECATED] Creation of dynamic property CodeIgniter\HTTP\IncomingRequest::$user is deprecated in APPPATH\Filters\JwtAuthWeb.php on line 32.
 1 SYSTEMPATH\Filters\Filters.php(182): App\Filters\JwtAuthWeb->before(Object(CodeIgniter\HTTP\IncomingRequest), null)
 2 SYSTEMPATH\CodeIgniter.php(475): CodeIgniter\Filters\Filters->run('getLtcData', 'before')
 3 SYSTEMPATH\CodeIgniter.php(361): CodeIgniter\CodeIgniter->handleRequest(null, Object(Config\Cache), false)
 4 FCPATH\index.php(79): CodeIgniter\CodeIgniter->run()
INFO - 2026-02-28 14:22:34 --> Session: Class initialized using 'CodeIgniter\Session\Handlers\FileHandler' driver.
WARNING - 2026-02-28 14:22:34 --> [DEPRECATED] Creation of dynamic property CodeIgniter\HTTP\IncomingRequest::$user is deprecated in APPPATH\Filters\JwtAuthWeb.php on line 32.
 1 SYSTEMPATH\Filters\Filters.php(182): App\Filters\JwtAuthWeb->before(Object(CodeIgniter\HTTP\IncomingRequest), null)
 2 SYSTEMPATH\CodeIgniter.php(475): CodeIgniter\Filters\Filters->run('getLtc', 'before')
 3 SYSTEMPATH\CodeIgniter.php(361): CodeIgniter\CodeIgniter->handleRequest(null, Object(Config\Cache), false)
 4 FCPATH\index.php(79): CodeIgniter\CodeIgniter->run()
INFO - 2026-02-28 14:22:46 --> Session: Class initialized using 'CodeIgniter\Session\Handlers\FileHandler' driver.
WARNING - 2026-02-28 14:22:46 --> [DEPRECATED] Creation of dynamic property CodeIgniter\HTTP\IncomingRequest::$user is deprecated in APPPATH\Filters\JwtAuthWeb.php on line 32.
 1 SYSTEMPATH\Filters\Filters.php(182): App\Filters\JwtAuthWeb->before(Object(CodeIgniter\HTTP\IncomingRequest), null)
 2 SYSTEMPATH\CodeIgniter.php(475): CodeIgniter\Filters\Filters->run('updateLtcCaregiver', 'before')
 3 SYSTEMPATH\CodeIgniter.php(361): CodeIgniter\CodeIgniter->handleRequest(null, Object(Config\Cache), false)
 4 FCPATH\index.php(79): CodeIgniter\CodeIgniter->run()
INFO - 2026-02-28 14:22:47 --> Session: Class initialized using 'CodeIgniter\Session\Handlers\FileHandler' driver.
WARNING - 2026-02-28 14:22:47 --> [DEPRECATED] Creation of dynamic property CodeIgniter\HTTP\IncomingRequest::$user is deprecated in APPPATH\Filters\JwtAuthWeb.php on line 32.
 1 SYSTEMPATH\Filters\Filters.php(182): App\Filters\JwtAuthWeb->before(Object(CodeIgniter\HTTP\IncomingRequest), null)
 2 SYSTEMPATH\CodeIgniter.php(475): CodeIgniter\Filters\Filters->run('getLtcData', 'before')
 3 SYSTEMPATH\CodeIgniter.php(361): CodeIgniter\CodeIgniter->handleRequest(null, Object(Config\Cache), false)
 4 FCPATH\index.php(79): CodeIgniter\CodeIgniter->run()
INFO - 2026-02-28 14:22:49 --> Session: Class initialized using 'CodeIgniter\Session\Handlers\FileHandler' driver.
WARNING - 2026-02-28 14:22:49 --> [DEPRECATED] Creation of dynamic property CodeIgniter\HTTP\IncomingRequest::$user is deprecated in APPPATH\Filters\JwtAuthWeb.php on line 32.
 1 SYSTEMPATH\Filters\Filters.php(182): App\Filters\JwtAuthWeb->before(Object(CodeIgniter\HTTP\IncomingRequest), null)
 2 SYSTEMPATH\CodeIgniter.php(475): CodeIgniter\Filters\Filters->run('ltc-all', 'before')
 3 SYSTEMPATH\CodeIgniter.php(361): CodeIgniter\CodeIgniter->handleRequest(null, Object(Config\Cache), false)
 4 FCPATH\index.php(79): CodeIgniter\CodeIgniter->run()
WARNING - 2026-02-28 14:22:49 --> [DEPRECATED] Creation of dynamic property CodeIgniter\HTTP\IncomingRequest::$user is deprecated in APPPATH\Filters\JwtAuth.php on line 47.
 1 SYSTEMPATH\Filters\Filters.php(182): App\Filters\JwtAuth->before(Object(CodeIgniter\HTTP\IncomingRequest), null)
 2 SYSTEMPATH\CodeIgniter.php(475): CodeIgniter\Filters\Filters->run('api/profile', 'before')
 3 SYSTEMPATH\CodeIgniter.php(361): CodeIgniter\CodeIgniter->handleRequest(null, Object(Config\Cache), false)
 4 FCPATH\index.php(79): CodeIgniter\CodeIgniter->run()
INFO - 2026-02-28 14:22:49 --> Session: Class initialized using 'CodeIgniter\Session\Handlers\FileHandler' driver.
WARNING - 2026-02-28 14:22:49 --> [DEPRECATED] Creation of dynamic property CodeIgniter\HTTP\IncomingRequest::$user is deprecated in APPPATH\Filters\JwtAuthWeb.php on line 32.
 1 SYSTEMPATH\Filters\Filters.php(182): App\Filters\JwtAuthWeb->before(Object(CodeIgniter\HTTP\IncomingRequest), null)
 2 SYSTEMPATH\CodeIgniter.php(475): CodeIgniter\Filters\Filters->run('getLtcData', 'before')
 3 SYSTEMPATH\CodeIgniter.php(361): CodeIgniter\CodeIgniter->handleRequest(null, Object(Config\Cache), false)
 4 FCPATH\index.php(79): CodeIgniter\CodeIgniter->run()
INFO - 2026-02-28 14:23:18 --> Session: Class initialized using 'CodeIgniter\Session\Handlers\FileHandler' driver.
WARNING - 2026-02-28 14:23:18 --> [DEPRECATED] Creation of dynamic property CodeIgniter\HTTP\IncomingRequest::$user is deprecated in APPPATH\Filters\JwtAuthWeb.php on line 32.
 1 SYSTEMPATH\Filters\Filters.php(182): App\Filters\JwtAuthWeb->before(Object(CodeIgniter\HTTP\IncomingRequest), null)
 2 SYSTEMPATH\CodeIgniter.php(475): CodeIgniter\Filters\Filters->run('ltc-all', 'before')
 3 SYSTEMPATH\CodeIgniter.php(361): CodeIgniter\CodeIgniter->handleRequest(null, Object(Config\Cache), false)
 4 FCPATH\index.php(79): CodeIgniter\CodeIgniter->run()
WARNING - 2026-02-28 14:23:19 --> [DEPRECATED] Creation of dynamic property CodeIgniter\HTTP\IncomingRequest::$user is deprecated in APPPATH\Filters\JwtAuth.php on line 47.
 1 SYSTEMPATH\Filters\Filters.php(182): App\Filters\JwtAuth->before(Object(CodeIgniter\HTTP\IncomingRequest), null)
 2 SYSTEMPATH\CodeIgniter.php(475): CodeIgniter\Filters\Filters->run('api/profile', 'before')
 3 SYSTEMPATH\CodeIgniter.php(361): CodeIgniter\CodeIgniter->handleRequest(null, Object(Config\Cache), false)
 4 FCPATH\index.php(79): CodeIgniter\CodeIgniter->run()
INFO - 2026-02-28 14:23:19 --> Session: Class initialized using 'CodeIgniter\Session\Handlers\FileHandler' driver.
WARNING - 2026-02-28 14:23:19 --> [DEPRECATED] Creation of dynamic property CodeIgniter\HTTP\IncomingRequest::$user is deprecated in APPPATH\Filters\JwtAuthWeb.php on line 32.
 1 SYSTEMPATH\Filters\Filters.php(182): App\Filters\JwtAuthWeb->before(Object(CodeIgniter\HTTP\IncomingRequest), null)
 2 SYSTEMPATH\CodeIgniter.php(475): CodeIgniter\Filters\Filters->run('getLtcData', 'before')
 3 SYSTEMPATH\CodeIgniter.php(361): CodeIgniter\CodeIgniter->handleRequest(null, Object(Config\Cache), false)
 4 FCPATH\index.php(79): CodeIgniter\CodeIgniter->run()
INFO - 2026-02-28 14:27:42 --> Session: Class initialized using 'CodeIgniter\Session\Handlers\FileHandler' driver.
WARNING - 2026-02-28 14:27:42 --> [DEPRECATED] Creation of dynamic property CodeIgniter\HTTP\IncomingRequest::$user is deprecated in APPPATH\Filters\JwtAuthWeb.php on line 32.
 1 SYSTEMPATH\Filters\Filters.php(182): App\Filters\JwtAuthWeb->before(Object(CodeIgniter\HTTP\IncomingRequest), null)
 2 SYSTEMPATH\CodeIgniter.php(475): CodeIgniter\Filters\Filters->run('mobile-page', 'before')
 3 SYSTEMPATH\CodeIgniter.php(361): CodeIgniter\CodeIgniter->handleRequest(null, Object(Config\Cache), false)
 4 FCPATH\index.php(79): CodeIgniter\CodeIgniter->run()
WARNING - 2026-02-28 14:27:42 --> [DEPRECATED] Optional parameter $cg declared before required parameter $hcode is implicitly treated as a required parameter in APPPATH\Models\cgserviceModel.php on line 93.
 1 SYSTEMPATH\Autoloader\Autoloader.php(311): include_once('D:\\xampp6\\htdocs\\project-jwt\\vendor\\codeigniter4\\framework\\system\\Debug\\Exceptions.php')
 2 SYSTEMPATH\Autoloader\Autoloader.php(290): CodeIgniter\Autoloader\Autoloader->includeFile('D:\\xampp6\\htdocs\\project-jwt\\app\\Models\\cgserviceModel.php')
 3 SYSTEMPATH\Autoloader\Autoloader.php(266): CodeIgniter\Autoloader\Autoloader->loadInNamespace('App\\Models\\cgserviceModel')
 4 APPPATH\Controllers\mobileController.php(36): CodeIgniter\Autoloader\Autoloader->loadClass('App\\Models\\cgserviceModel')
 5 SYSTEMPATH\CodeIgniter.php(915): App\Controllers\MobileController->__construct()
 6 SYSTEMPATH\CodeIgniter.php(494): CodeIgniter\CodeIgniter->createController()
 7 SYSTEMPATH\CodeIgniter.php(361): CodeIgniter\CodeIgniter->handleRequest(null, Object(Config\Cache), false)
 8 FCPATH\index.php(79): CodeIgniter\CodeIgniter->run()
INFO - 2026-02-28 14:27:44 --> Session: Class initialized using 'CodeIgniter\Session\Handlers\FileHandler' driver.
WARNING - 2026-02-28 14:27:44 --> [DEPRECATED] Creation of dynamic property CodeIgniter\HTTP\IncomingRequest::$user is deprecated in APPPATH\Filters\JwtAuthWeb.php on line 32.
 1 SYSTEMPATH\Filters\Filters.php(182): App\Filters\JwtAuthWeb->before(Object(CodeIgniter\HTTP\IncomingRequest), null)
 2 SYSTEMPATH\CodeIgniter.php(475): CodeIgniter\Filters\Filters->run('visit_ptbed', 'before')
 3 SYSTEMPATH\CodeIgniter.php(361): CodeIgniter\CodeIgniter->handleRequest(null, Object(Config\Cache), false)
 4 FCPATH\index.php(79): CodeIgniter\CodeIgniter->run()
WARNING - 2026-02-28 14:27:44 --> [DEPRECATED] Optional parameter $cg declared before required parameter $hcode is implicitly treated as a required parameter in APPPATH\Models\cgserviceModel.php on line 93.
 1 SYSTEMPATH\Autoloader\Autoloader.php(311): include_once('D:\\xampp6\\htdocs\\project-jwt\\vendor\\codeigniter4\\framework\\system\\Debug\\Exceptions.php')
 2 SYSTEMPATH\Autoloader\Autoloader.php(290): CodeIgniter\Autoloader\Autoloader->includeFile('D:\\xampp6\\htdocs\\project-jwt\\app\\Models\\cgserviceModel.php')
 3 SYSTEMPATH\Autoloader\Autoloader.php(266): CodeIgniter\Autoloader\Autoloader->loadInNamespace('App\\Models\\cgserviceModel')
 4 APPPATH\Controllers\mobileController.php(36): CodeIgniter\Autoloader\Autoloader->loadClass('App\\Models\\cgserviceModel')
 5 SYSTEMPATH\CodeIgniter.php(915): App\Controllers\MobileController->__construct()
 6 SYSTEMPATH\CodeIgniter.php(494): CodeIgniter\CodeIgniter->createController()
 7 SYSTEMPATH\CodeIgniter.php(361): CodeIgniter\CodeIgniter->handleRequest(null, Object(Config\Cache), false)
 8 FCPATH\index.php(79): CodeIgniter\CodeIgniter->run()
INFO - 2026-02-28 14:27:46 --> Session: Class initialized using 'CodeIgniter\Session\Handlers\FileHandler' driver.
WARNING - 2026-02-28 14:27:46 --> [DEPRECATED] Creation of dynamic property CodeIgniter\HTTP\IncomingRequest::$user is deprecated in APPPATH\Filters\JwtAuthWeb.php on line 32.
 1 SYSTEMPATH\Filters\Filters.php(182): App\Filters\JwtAuthWeb->before(Object(CodeIgniter\HTTP\IncomingRequest), null)
 2 SYSTEMPATH\CodeIgniter.php(475): CodeIgniter\Filters\Filters->run('cg_service/257', 'before')
 3 SYSTEMPATH\CodeIgniter.php(361): CodeIgniter\CodeIgniter->handleRequest(null, Object(Config\Cache), false)
 4 FCPATH\index.php(79): CodeIgniter\CodeIgniter->run()
WARNING - 2026-02-28 14:27:46 --> [DEPRECATED] Optional parameter $cg declared before required parameter $hcode is implicitly treated as a required parameter in APPPATH\Models\cgserviceModel.php on line 93.
 1 SYSTEMPATH\Autoloader\Autoloader.php(311): include_once('D:\\xampp6\\htdocs\\project-jwt\\vendor\\codeigniter4\\framework\\system\\Debug\\Exceptions.php')
 2 SYSTEMPATH\Autoloader\Autoloader.php(290): CodeIgniter\Autoloader\Autoloader->includeFile('D:\\xampp6\\htdocs\\project-jwt\\app\\Models\\cgserviceModel.php')
 3 SYSTEMPATH\Autoloader\Autoloader.php(266): CodeIgniter\Autoloader\Autoloader->loadInNamespace('App\\Models\\cgserviceModel')
 4 APPPATH\Controllers\mobileController.php(36): CodeIgniter\Autoloader\Autoloader->loadClass('App\\Models\\cgserviceModel')
 5 SYSTEMPATH\CodeIgniter.php(915): App\Controllers\MobileController->__construct()
 6 SYSTEMPATH\CodeIgniter.php(494): CodeIgniter\CodeIgniter->createController()
 7 SYSTEMPATH\CodeIgniter.php(361): CodeIgniter\CodeIgniter->handleRequest(null, Object(Config\Cache), false)
 8 FCPATH\index.php(79): CodeIgniter\CodeIgniter->run()
INFO - 2026-02-28 14:27:49 --> Session: Class initialized using 'CodeIgniter\Session\Handlers\FileHandler' driver.
WARNING - 2026-02-28 14:27:49 --> [DEPRECATED] Creation of dynamic property CodeIgniter\HTTP\IncomingRequest::$user is deprecated in APPPATH\Filters\JwtAuthWeb.php on line 32.
 1 SYSTEMPATH\Filters\Filters.php(182): App\Filters\JwtAuthWeb->before(Object(CodeIgniter\HTTP\IncomingRequest), null)
 2 SYSTEMPATH\CodeIgniter.php(475): CodeIgniter\Filters\Filters->run('visit_ptbed', 'before')
 3 SYSTEMPATH\CodeIgniter.php(361): CodeIgniter\CodeIgniter->handleRequest(null, Object(Config\Cache), false)
 4 FCPATH\index.php(79): CodeIgniter\CodeIgniter->run()
WARNING - 2026-02-28 14:27:49 --> [DEPRECATED] Optional parameter $cg declared before required parameter $hcode is implicitly treated as a required parameter in APPPATH\Models\cgserviceModel.php on line 93.
 1 SYSTEMPATH\Autoloader\Autoloader.php(311): include_once('D:\\xampp6\\htdocs\\project-jwt\\vendor\\codeigniter4\\framework\\system\\Debug\\Exceptions.php')
 2 SYSTEMPATH\Autoloader\Autoloader.php(290): CodeIgniter\Autoloader\Autoloader->includeFile('D:\\xampp6\\htdocs\\project-jwt\\app\\Models\\cgserviceModel.php')
 3 SYSTEMPATH\Autoloader\Autoloader.php(266): CodeIgniter\Autoloader\Autoloader->loadInNamespace('App\\Models\\cgserviceModel')
 4 APPPATH\Controllers\mobileController.php(36): CodeIgniter\Autoloader\Autoloader->loadClass('App\\Models\\cgserviceModel')
 5 SYSTEMPATH\CodeIgniter.php(915): App\Controllers\MobileController->__construct()
 6 SYSTEMPATH\CodeIgniter.php(494): CodeIgniter\CodeIgniter->createController()
 7 SYSTEMPATH\CodeIgniter.php(361): CodeIgniter\CodeIgniter->handleRequest(null, Object(Config\Cache), false)
 8 FCPATH\index.php(79): CodeIgniter\CodeIgniter->run()
INFO - 2026-02-28 14:28:00 --> Session: Class initialized using 'CodeIgniter\Session\Handlers\FileHandler' driver.
WARNING - 2026-02-28 14:28:00 --> [DEPRECATED] Creation of dynamic property CodeIgniter\HTTP\IncomingRequest::$user is deprecated in APPPATH\Filters\JwtAuthWeb.php on line 32.
 1 SYSTEMPATH\Filters\Filters.php(182): App\Filters\JwtAuthWeb->before(Object(CodeIgniter\HTTP\IncomingRequest), null)
 2 SYSTEMPATH\CodeIgniter.php(475): CodeIgniter\Filters\Filters->run('cg_service/288', 'before')
 3 SYSTEMPATH\CodeIgniter.php(361): CodeIgniter\CodeIgniter->handleRequest(null, Object(Config\Cache), false)
 4 FCPATH\index.php(79): CodeIgniter\CodeIgniter->run()
WARNING - 2026-02-28 14:28:00 --> [DEPRECATED] Optional parameter $cg declared before required parameter $hcode is implicitly treated as a required parameter in APPPATH\Models\cgserviceModel.php on line 93.
 1 SYSTEMPATH\Autoloader\Autoloader.php(311): include_once('D:\\xampp6\\htdocs\\project-jwt\\vendor\\codeigniter4\\framework\\system\\Debug\\Exceptions.php')
 2 SYSTEMPATH\Autoloader\Autoloader.php(290): CodeIgniter\Autoloader\Autoloader->includeFile('D:\\xampp6\\htdocs\\project-jwt\\app\\Models\\cgserviceModel.php')
 3 SYSTEMPATH\Autoloader\Autoloader.php(266): CodeIgniter\Autoloader\Autoloader->loadInNamespace('App\\Models\\cgserviceModel')
 4 APPPATH\Controllers\mobileController.php(36): CodeIgniter\Autoloader\Autoloader->loadClass('App\\Models\\cgserviceModel')
 5 SYSTEMPATH\CodeIgniter.php(915): App\Controllers\MobileController->__construct()
 6 SYSTEMPATH\CodeIgniter.php(494): CodeIgniter\CodeIgniter->createController()
 7 SYSTEMPATH\CodeIgniter.php(361): CodeIgniter\CodeIgniter->handleRequest(null, Object(Config\Cache), false)
 8 FCPATH\index.php(79): CodeIgniter\CodeIgniter->run()
INFO - 2026-02-28 14:28:24 --> Session: Class initialized using 'CodeIgniter\Session\Handlers\FileHandler' driver.
WARNING - 2026-02-28 14:28:24 --> [DEPRECATED] Creation of dynamic property CodeIgniter\HTTP\IncomingRequest::$user is deprecated in APPPATH\Filters\JwtAuthWeb.php on line 32.
 1 SYSTEMPATH\Filters\Filters.php(182): App\Filters\JwtAuthWeb->before(Object(CodeIgniter\HTTP\IncomingRequest), null)
 2 SYSTEMPATH\CodeIgniter.php(475): CodeIgniter\Filters\Filters->run('visit_ptbed', 'before')
 3 SYSTEMPATH\CodeIgniter.php(361): CodeIgniter\CodeIgniter->handleRequest(null, Object(Config\Cache), false)
 4 FCPATH\index.php(79): CodeIgniter\CodeIgniter->run()
WARNING - 2026-02-28 14:28:24 --> [DEPRECATED] Optional parameter $cg declared before required parameter $hcode is implicitly treated as a required parameter in APPPATH\Models\cgserviceModel.php on line 93.
 1 SYSTEMPATH\Autoloader\Autoloader.php(311): include_once('D:\\xampp6\\htdocs\\project-jwt\\vendor\\codeigniter4\\framework\\system\\Debug\\Exceptions.php')
 2 SYSTEMPATH\Autoloader\Autoloader.php(290): CodeIgniter\Autoloader\Autoloader->includeFile('D:\\xampp6\\htdocs\\project-jwt\\app\\Models\\cgserviceModel.php')
 3 SYSTEMPATH\Autoloader\Autoloader.php(266): CodeIgniter\Autoloader\Autoloader->loadInNamespace('App\\Models\\cgserviceModel')
 4 APPPATH\Controllers\mobileController.php(36): CodeIgniter\Autoloader\Autoloader->loadClass('App\\Models\\cgserviceModel')
 5 SYSTEMPATH\CodeIgniter.php(915): App\Controllers\MobileController->__construct()
 6 SYSTEMPATH\CodeIgniter.php(494): CodeIgniter\CodeIgniter->createController()
 7 SYSTEMPATH\CodeIgniter.php(361): CodeIgniter\CodeIgniter->handleRequest(null, Object(Config\Cache), false)
 8 FCPATH\index.php(79): CodeIgniter\CodeIgniter->run()
INFO - 2026-02-28 14:28:30 --> Session: Class initialized using 'CodeIgniter\Session\Handlers\FileHandler' driver.
WARNING - 2026-02-28 14:28:30 --> [DEPRECATED] Creation of dynamic property CodeIgniter\HTTP\IncomingRequest::$user is deprecated in APPPATH\Filters\JwtAuthWeb.php on line 32.
 1 SYSTEMPATH\Filters\Filters.php(182): App\Filters\JwtAuthWeb->before(Object(CodeIgniter\HTTP\IncomingRequest), null)
 2 SYSTEMPATH\CodeIgniter.php(475): CodeIgniter\Filters\Filters->run('cg_service/257', 'before')
 3 SYSTEMPATH\CodeIgniter.php(361): CodeIgniter\CodeIgniter->handleRequest(null, Object(Config\Cache), false)
 4 FCPATH\index.php(79): CodeIgniter\CodeIgniter->run()
WARNING - 2026-02-28 14:28:30 --> [DEPRECATED] Optional parameter $cg declared before required parameter $hcode is implicitly treated as a required parameter in APPPATH\Models\cgserviceModel.php on line 93.
 1 SYSTEMPATH\Autoloader\Autoloader.php(311): include_once('D:\\xampp6\\htdocs\\project-jwt\\vendor\\codeigniter4\\framework\\system\\Debug\\Exceptions.php')
 2 SYSTEMPATH\Autoloader\Autoloader.php(290): CodeIgniter\Autoloader\Autoloader->includeFile('D:\\xampp6\\htdocs\\project-jwt\\app\\Models\\cgserviceModel.php')
 3 SYSTEMPATH\Autoloader\Autoloader.php(266): CodeIgniter\Autoloader\Autoloader->loadInNamespace('App\\Models\\cgserviceModel')
 4 APPPATH\Controllers\mobileController.php(36): CodeIgniter\Autoloader\Autoloader->loadClass('App\\Models\\cgserviceModel')
 5 SYSTEMPATH\CodeIgniter.php(915): App\Controllers\MobileController->__construct()
 6 SYSTEMPATH\CodeIgniter.php(494): CodeIgniter\CodeIgniter->createController()
 7 SYSTEMPATH\CodeIgniter.php(361): CodeIgniter\CodeIgniter->handleRequest(null, Object(Config\Cache), false)
 8 FCPATH\index.php(79): CodeIgniter\CodeIgniter->run()
INFO - 2026-02-28 14:28:40 --> Session: Class initialized using 'CodeIgniter\Session\Handlers\FileHandler' driver.
WARNING - 2026-02-28 14:28:40 --> [DEPRECATED] Creation of dynamic property CodeIgniter\HTTP\IncomingRequest::$user is deprecated in APPPATH\Filters\JwtAuthWeb.php on line 32.
 1 SYSTEMPATH\Filters\Filters.php(182): App\Filters\JwtAuthWeb->before(Object(CodeIgniter\HTTP\IncomingRequest), null)
 2 SYSTEMPATH\CodeIgniter.php(475): CodeIgniter\Filters\Filters->run('cg_service/270', 'before')
 3 SYSTEMPATH\CodeIgniter.php(361): CodeIgniter\CodeIgniter->handleRequest(null, Object(Config\Cache), false)
 4 FCPATH\index.php(79): CodeIgniter\CodeIgniter->run()
WARNING - 2026-02-28 14:28:40 --> [DEPRECATED] Optional parameter $cg declared before required parameter $hcode is implicitly treated as a required parameter in APPPATH\Models\cgserviceModel.php on line 93.
 1 SYSTEMPATH\Autoloader\Autoloader.php(311): include_once('D:\\xampp6\\htdocs\\project-jwt\\vendor\\codeigniter4\\framework\\system\\Debug\\Exceptions.php')
 2 SYSTEMPATH\Autoloader\Autoloader.php(290): CodeIgniter\Autoloader\Autoloader->includeFile('D:\\xampp6\\htdocs\\project-jwt\\app\\Models\\cgserviceModel.php')
 3 SYSTEMPATH\Autoloader\Autoloader.php(266): CodeIgniter\Autoloader\Autoloader->loadInNamespace('App\\Models\\cgserviceModel')
 4 APPPATH\Controllers\mobileController.php(36): CodeIgniter\Autoloader\Autoloader->loadClass('App\\Models\\cgserviceModel')
 5 SYSTEMPATH\CodeIgniter.php(915): App\Controllers\MobileController->__construct()
 6 SYSTEMPATH\CodeIgniter.php(494): CodeIgniter\CodeIgniter->createController()
 7 SYSTEMPATH\CodeIgniter.php(361): CodeIgniter\CodeIgniter->handleRequest(null, Object(Config\Cache), false)
 8 FCPATH\index.php(79): CodeIgniter\CodeIgniter->run()
WARNING - 2026-02-28 14:28:40 --> [DEPRECATED] explode(): Passing null to parameter #2 ($string) of type string is deprecated in APPPATH\Views\ltc\mb_cgservice.php on line 534.
 1 APPPATH\Views\ltc\mb_cgservice.php(534): explode(',', null)
 2 SYSTEMPATH\View\View.php(228): include('D:\\xampp6\\htdocs\\project-jwt\\app\\Views\\ltc\\mb_cgservice.php')
 3 SYSTEMPATH\View\View.php(231): CodeIgniter\View\View->CodeIgniter\View\{closure}()
 4 SYSTEMPATH\Common.php(1178): CodeIgniter\View\View->render('ltc/mb_cgservice', [], true)
 5 APPPATH\Controllers\mobileController.php(92): view('ltc/mb_cgservice', [...])
 6 SYSTEMPATH\CodeIgniter.php(943): App\Controllers\MobileController->cg_service('270')
 7 SYSTEMPATH\CodeIgniter.php(503): CodeIgniter\CodeIgniter->runController(Object(App\Controllers\MobileController))
 8 SYSTEMPATH\CodeIgniter.php(361): CodeIgniter\CodeIgniter->handleRequest(null, Object(Config\Cache), false)
 9 FCPATH\index.php(79): CodeIgniter\CodeIgniter->run()
INFO - 2026-02-28 14:28:46 --> Session: Class initialized using 'CodeIgniter\Session\Handlers\FileHandler' driver.
WARNING - 2026-02-28 14:28:46 --> [DEPRECATED] Creation of dynamic property CodeIgniter\HTTP\IncomingRequest::$user is deprecated in APPPATH\Filters\JwtAuthWeb.php on line 32.
 1 SYSTEMPATH\Filters\Filters.php(182): App\Filters\JwtAuthWeb->before(Object(CodeIgniter\HTTP\IncomingRequest), null)
 2 SYSTEMPATH\CodeIgniter.php(475): CodeIgniter\Filters\Filters->run('cg_service/271', 'before')
 3 SYSTEMPATH\CodeIgniter.php(361): CodeIgniter\CodeIgniter->handleRequest(null, Object(Config\Cache), false)
 4 FCPATH\index.php(79): CodeIgniter\CodeIgniter->run()
WARNING - 2026-02-28 14:28:46 --> [DEPRECATED] Optional parameter $cg declared before required parameter $hcode is implicitly treated as a required parameter in APPPATH\Models\cgserviceModel.php on line 93.
 1 SYSTEMPATH\Autoloader\Autoloader.php(311): include_once('D:\\xampp6\\htdocs\\project-jwt\\vendor\\codeigniter4\\framework\\system\\Debug\\Exceptions.php')
 2 SYSTEMPATH\Autoloader\Autoloader.php(290): CodeIgniter\Autoloader\Autoloader->includeFile('D:\\xampp6\\htdocs\\project-jwt\\app\\Models\\cgserviceModel.php')
 3 SYSTEMPATH\Autoloader\Autoloader.php(266): CodeIgniter\Autoloader\Autoloader->loadInNamespace('App\\Models\\cgserviceModel')
 4 APPPATH\Controllers\mobileController.php(36): CodeIgniter\Autoloader\Autoloader->loadClass('App\\Models\\cgserviceModel')
 5 SYSTEMPATH\CodeIgniter.php(915): App\Controllers\MobileController->__construct()
 6 SYSTEMPATH\CodeIgniter.php(494): CodeIgniter\CodeIgniter->createController()
 7 SYSTEMPATH\CodeIgniter.php(361): CodeIgniter\CodeIgniter->handleRequest(null, Object(Config\Cache), false)
 8 FCPATH\index.php(79): CodeIgniter\CodeIgniter->run()
INFO - 2026-02-28 14:28:58 --> Session: Class initialized using 'CodeIgniter\Session\Handlers\FileHandler' driver.
WARNING - 2026-02-28 14:28:58 --> [DEPRECATED] Creation of dynamic property CodeIgniter\HTTP\IncomingRequest::$user is deprecated in APPPATH\Filters\JwtAuthWeb.php on line 32.
 1 SYSTEMPATH\Filters\Filters.php(182): App\Filters\JwtAuthWeb->before(Object(CodeIgniter\HTTP\IncomingRequest), null)
 2 SYSTEMPATH\CodeIgniter.php(475): CodeIgniter\Filters\Filters->run('visit_ptbed', 'before')
 3 SYSTEMPATH\CodeIgniter.php(361): CodeIgniter\CodeIgniter->handleRequest(null, Object(Config\Cache), false)
 4 FCPATH\index.php(79): CodeIgniter\CodeIgniter->run()
WARNING - 2026-02-28 14:28:58 --> [DEPRECATED] Optional parameter $cg declared before required parameter $hcode is implicitly treated as a required parameter in APPPATH\Models\cgserviceModel.php on line 93.
 1 SYSTEMPATH\Autoloader\Autoloader.php(311): include_once('D:\\xampp6\\htdocs\\project-jwt\\vendor\\codeigniter4\\framework\\system\\Debug\\Exceptions.php')
 2 SYSTEMPATH\Autoloader\Autoloader.php(290): CodeIgniter\Autoloader\Autoloader->includeFile('D:\\xampp6\\htdocs\\project-jwt\\app\\Models\\cgserviceModel.php')
 3 SYSTEMPATH\Autoloader\Autoloader.php(266): CodeIgniter\Autoloader\Autoloader->loadInNamespace('App\\Models\\cgserviceModel')
 4 APPPATH\Controllers\mobileController.php(36): CodeIgniter\Autoloader\Autoloader->loadClass('App\\Models\\cgserviceModel')
 5 SYSTEMPATH\CodeIgniter.php(915): App\Controllers\MobileController->__construct()
 6 SYSTEMPATH\CodeIgniter.php(494): CodeIgniter\CodeIgniter->createController()
 7 SYSTEMPATH\CodeIgniter.php(361): CodeIgniter\CodeIgniter->handleRequest(null, Object(Config\Cache), false)
 8 FCPATH\index.php(79): CodeIgniter\CodeIgniter->run()
INFO - 2026-02-28 14:29:25 --> Session: Class initialized using 'CodeIgniter\Session\Handlers\FileHandler' driver.
WARNING - 2026-02-28 14:29:25 --> [DEPRECATED] Creation of dynamic property CodeIgniter\HTTP\IncomingRequest::$user is deprecated in APPPATH\Filters\JwtAuthWeb.php on line 32.
 1 SYSTEMPATH\Filters\Filters.php(182): App\Filters\JwtAuthWeb->before(Object(CodeIgniter\HTTP\IncomingRequest), null)
 2 SYSTEMPATH\CodeIgniter.php(475): CodeIgniter\Filters\Filters->run('cg_service/257', 'before')
 3 SYSTEMPATH\CodeIgniter.php(361): CodeIgniter\CodeIgniter->handleRequest(null, Object(Config\Cache), false)
 4 FCPATH\index.php(79): CodeIgniter\CodeIgniter->run()
WARNING - 2026-02-28 14:29:25 --> [DEPRECATED] Optional parameter $cg declared before required parameter $hcode is implicitly treated as a required parameter in APPPATH\Models\cgserviceModel.php on line 93.
 1 SYSTEMPATH\Autoloader\Autoloader.php(311): include_once('D:\\xampp6\\htdocs\\project-jwt\\vendor\\codeigniter4\\framework\\system\\Debug\\Exceptions.php')
 2 SYSTEMPATH\Autoloader\Autoloader.php(290): CodeIgniter\Autoloader\Autoloader->includeFile('D:\\xampp6\\htdocs\\project-jwt\\app\\Models\\cgserviceModel.php')
 3 SYSTEMPATH\Autoloader\Autoloader.php(266): CodeIgniter\Autoloader\Autoloader->loadInNamespace('App\\Models\\cgserviceModel')
 4 APPPATH\Controllers\mobileController.php(36): CodeIgniter\Autoloader\Autoloader->loadClass('App\\Models\\cgserviceModel')
 5 SYSTEMPATH\CodeIgniter.php(915): App\Controllers\MobileController->__construct()
 6 SYSTEMPATH\CodeIgniter.php(494): CodeIgniter\CodeIgniter->createController()
 7 SYSTEMPATH\CodeIgniter.php(361): CodeIgniter\CodeIgniter->handleRequest(null, Object(Config\Cache), false)
 8 FCPATH\index.php(79): CodeIgniter\CodeIgniter->run()
INFO - 2026-02-28 14:29:31 --> Session: Class initialized using 'CodeIgniter\Session\Handlers\FileHandler' driver.
WARNING - 2026-02-28 14:29:31 --> [DEPRECATED] Creation of dynamic property CodeIgniter\HTTP\IncomingRequest::$user is deprecated in APPPATH\Filters\JwtAuthWeb.php on line 32.
 1 SYSTEMPATH\Filters\Filters.php(182): App\Filters\JwtAuthWeb->before(Object(CodeIgniter\HTTP\IncomingRequest), null)
 2 SYSTEMPATH\CodeIgniter.php(475): CodeIgniter\Filters\Filters->run('cg_service/258', 'before')
 3 SYSTEMPATH\CodeIgniter.php(361): CodeIgniter\CodeIgniter->handleRequest(null, Object(Config\Cache), false)
 4 FCPATH\index.php(79): CodeIgniter\CodeIgniter->run()
WARNING - 2026-02-28 14:29:31 --> [DEPRECATED] Optional parameter $cg declared before required parameter $hcode is implicitly treated as a required parameter in APPPATH\Models\cgserviceModel.php on line 93.
 1 SYSTEMPATH\Autoloader\Autoloader.php(311): include_once('D:\\xampp6\\htdocs\\project-jwt\\vendor\\codeigniter4\\framework\\system\\Debug\\Exceptions.php')
 2 SYSTEMPATH\Autoloader\Autoloader.php(290): CodeIgniter\Autoloader\Autoloader->includeFile('D:\\xampp6\\htdocs\\project-jwt\\app\\Models\\cgserviceModel.php')
 3 SYSTEMPATH\Autoloader\Autoloader.php(266): CodeIgniter\Autoloader\Autoloader->loadInNamespace('App\\Models\\cgserviceModel')
 4 APPPATH\Controllers\mobileController.php(36): CodeIgniter\Autoloader\Autoloader->loadClass('App\\Models\\cgserviceModel')
 5 SYSTEMPATH\CodeIgniter.php(915): App\Controllers\MobileController->__construct()
 6 SYSTEMPATH\CodeIgniter.php(494): CodeIgniter\CodeIgniter->createController()
 7 SYSTEMPATH\CodeIgniter.php(361): CodeIgniter\CodeIgniter->handleRequest(null, Object(Config\Cache), false)
 8 FCPATH\index.php(79): CodeIgniter\CodeIgniter->run()
INFO - 2026-02-28 14:29:42 --> Session: Class initialized using 'CodeIgniter\Session\Handlers\FileHandler' driver.
WARNING - 2026-02-28 14:29:42 --> [DEPRECATED] Creation of dynamic property CodeIgniter\HTTP\IncomingRequest::$user is deprecated in APPPATH\Filters\JwtAuthWeb.php on line 32.
 1 SYSTEMPATH\Filters\Filters.php(182): App\Filters\JwtAuthWeb->before(Object(CodeIgniter\HTTP\IncomingRequest), null)
 2 SYSTEMPATH\CodeIgniter.php(475): CodeIgniter\Filters\Filters->run('cg_service/262', 'before')
 3 SYSTEMPATH\CodeIgniter.php(361): CodeIgniter\CodeIgniter->handleRequest(null, Object(Config\Cache), false)
 4 FCPATH\index.php(79): CodeIgniter\CodeIgniter->run()
WARNING - 2026-02-28 14:29:42 --> [DEPRECATED] Optional parameter $cg declared before required parameter $hcode is implicitly treated as a required parameter in APPPATH\Models\cgserviceModel.php on line 93.
 1 SYSTEMPATH\Autoloader\Autoloader.php(311): include_once('D:\\xampp6\\htdocs\\project-jwt\\vendor\\codeigniter4\\framework\\system\\Debug\\Exceptions.php')
 2 SYSTEMPATH\Autoloader\Autoloader.php(290): CodeIgniter\Autoloader\Autoloader->includeFile('D:\\xampp6\\htdocs\\project-jwt\\app\\Models\\cgserviceModel.php')
 3 SYSTEMPATH\Autoloader\Autoloader.php(266): CodeIgniter\Autoloader\Autoloader->loadInNamespace('App\\Models\\cgserviceModel')
 4 APPPATH\Controllers\mobileController.php(36): CodeIgniter\Autoloader\Autoloader->loadClass('App\\Models\\cgserviceModel')
 5 SYSTEMPATH\CodeIgniter.php(915): App\Controllers\MobileController->__construct()
 6 SYSTEMPATH\CodeIgniter.php(494): CodeIgniter\CodeIgniter->createController()
 7 SYSTEMPATH\CodeIgniter.php(361): CodeIgniter\CodeIgniter->handleRequest(null, Object(Config\Cache), false)
 8 FCPATH\index.php(79): CodeIgniter\CodeIgniter->run()
INFO - 2026-02-28 14:29:54 --> Session: Class initialized using 'CodeIgniter\Session\Handlers\FileHandler' driver.
WARNING - 2026-02-28 14:29:54 --> [DEPRECATED] Creation of dynamic property CodeIgniter\HTTP\IncomingRequest::$user is deprecated in APPPATH\Filters\JwtAuthWeb.php on line 32.
 1 SYSTEMPATH\Filters\Filters.php(182): App\Filters\JwtAuthWeb->before(Object(CodeIgniter\HTTP\IncomingRequest), null)
 2 SYSTEMPATH\CodeIgniter.php(475): CodeIgniter\Filters\Filters->run('mobile-page', 'before')
 3 SYSTEMPATH\CodeIgniter.php(361): CodeIgniter\CodeIgniter->handleRequest(null, Object(Config\Cache), false)
 4 FCPATH\index.php(79): CodeIgniter\CodeIgniter->run()
WARNING - 2026-02-28 14:29:54 --> [DEPRECATED] Optional parameter $cg declared before required parameter $hcode is implicitly treated as a required parameter in APPPATH\Models\cgserviceModel.php on line 93.
 1 SYSTEMPATH\Autoloader\Autoloader.php(311): include_once('D:\\xampp6\\htdocs\\project-jwt\\vendor\\codeigniter4\\framework\\system\\Debug\\Exceptions.php')
 2 SYSTEMPATH\Autoloader\Autoloader.php(290): CodeIgniter\Autoloader\Autoloader->includeFile('D:\\xampp6\\htdocs\\project-jwt\\app\\Models\\cgserviceModel.php')
 3 SYSTEMPATH\Autoloader\Autoloader.php(266): CodeIgniter\Autoloader\Autoloader->loadInNamespace('App\\Models\\cgserviceModel')
 4 APPPATH\Controllers\mobileController.php(36): CodeIgniter\Autoloader\Autoloader->loadClass('App\\Models\\cgserviceModel')
 5 SYSTEMPATH\CodeIgniter.php(915): App\Controllers\MobileController->__construct()
 6 SYSTEMPATH\CodeIgniter.php(494): CodeIgniter\CodeIgniter->createController()
 7 SYSTEMPATH\CodeIgniter.php(361): CodeIgniter\CodeIgniter->handleRequest(null, Object(Config\Cache), false)
 8 FCPATH\index.php(79): CodeIgniter\CodeIgniter->run()
INFO - 2026-02-28 14:34:33 --> Session: Class initialized using 'CodeIgniter\Session\Handlers\FileHandler' driver.
WARNING - 2026-02-28 14:34:33 --> [DEPRECATED] Creation of dynamic property CodeIgniter\HTTP\IncomingRequest::$user is deprecated in APPPATH\Filters\JwtAuthWeb.php on line 32.
 1 SYSTEMPATH\Filters\Filters.php(182): App\Filters\JwtAuthWeb->before(Object(CodeIgniter\HTTP\IncomingRequest), null)
 2 SYSTEMPATH\CodeIgniter.php(475): CodeIgniter\Filters\Filters->run('visit_ptbed', 'before')
 3 SYSTEMPATH\CodeIgniter.php(361): CodeIgniter\CodeIgniter->handleRequest(null, Object(Config\Cache), false)
 4 FCPATH\index.php(79): CodeIgniter\CodeIgniter->run()
WARNING - 2026-02-28 14:34:33 --> [DEPRECATED] Optional parameter $cg declared before required parameter $hcode is implicitly treated as a required parameter in APPPATH\Models\cgserviceModel.php on line 93.
 1 SYSTEMPATH\Autoloader\Autoloader.php(311): include_once('D:\\xampp6\\htdocs\\project-jwt\\vendor\\codeigniter4\\framework\\system\\Debug\\Exceptions.php')
 2 SYSTEMPATH\Autoloader\Autoloader.php(290): CodeIgniter\Autoloader\Autoloader->includeFile('D:\\xampp6\\htdocs\\project-jwt\\app\\Models\\cgserviceModel.php')
 3 SYSTEMPATH\Autoloader\Autoloader.php(266): CodeIgniter\Autoloader\Autoloader->loadInNamespace('App\\Models\\cgserviceModel')
 4 APPPATH\Controllers\mobileController.php(36): CodeIgniter\Autoloader\Autoloader->loadClass('App\\Models\\cgserviceModel')
 5 SYSTEMPATH\CodeIgniter.php(915): App\Controllers\MobileController->__construct()
 6 SYSTEMPATH\CodeIgniter.php(494): CodeIgniter\CodeIgniter->createController()
 7 SYSTEMPATH\CodeIgniter.php(361): CodeIgniter\CodeIgniter->handleRequest(null, Object(Config\Cache), false)
 8 FCPATH\index.php(79): CodeIgniter\CodeIgniter->run()
INFO - 2026-02-28 14:34:34 --> Session: Class initialized using 'CodeIgniter\Session\Handlers\FileHandler' driver.
WARNING - 2026-02-28 14:34:34 --> [DEPRECATED] Creation of dynamic property CodeIgniter\HTTP\IncomingRequest::$user is deprecated in APPPATH\Filters\JwtAuthWeb.php on line 32.
 1 SYSTEMPATH\Filters\Filters.php(182): App\Filters\JwtAuthWeb->before(Object(CodeIgniter\HTTP\IncomingRequest), null)
 2 SYSTEMPATH\CodeIgniter.php(475): CodeIgniter\Filters\Filters->run('mobile-page', 'before')
 3 SYSTEMPATH\CodeIgniter.php(361): CodeIgniter\CodeIgniter->handleRequest(null, Object(Config\Cache), false)
 4 FCPATH\index.php(79): CodeIgniter\CodeIgniter->run()
WARNING - 2026-02-28 14:34:35 --> [DEPRECATED] Optional parameter $cg declared before required parameter $hcode is implicitly treated as a required parameter in APPPATH\Models\cgserviceModel.php on line 93.
 1 SYSTEMPATH\Autoloader\Autoloader.php(311): include_once('D:\\xampp6\\htdocs\\project-jwt\\vendor\\codeigniter4\\framework\\system\\Debug\\Exceptions.php')
 2 SYSTEMPATH\Autoloader\Autoloader.php(290): CodeIgniter\Autoloader\Autoloader->includeFile('D:\\xampp6\\htdocs\\project-jwt\\app\\Models\\cgserviceModel.php')
 3 SYSTEMPATH\Autoloader\Autoloader.php(266): CodeIgniter\Autoloader\Autoloader->loadInNamespace('App\\Models\\cgserviceModel')
 4 APPPATH\Controllers\mobileController.php(36): CodeIgniter\Autoloader\Autoloader->loadClass('App\\Models\\cgserviceModel')
 5 SYSTEMPATH\CodeIgniter.php(915): App\Controllers\MobileController->__construct()
 6 SYSTEMPATH\CodeIgniter.php(494): CodeIgniter\CodeIgniter->createController()
 7 SYSTEMPATH\CodeIgniter.php(361): CodeIgniter\CodeIgniter->handleRequest(null, Object(Config\Cache), false)
 8 FCPATH\index.php(79): CodeIgniter\CodeIgniter->run()
INFO - 2026-02-28 14:34:36 --> Session: Class initialized using 'CodeIgniter\Session\Handlers\FileHandler' driver.
WARNING - 2026-02-28 14:34:36 --> [DEPRECATED] Creation of dynamic property CodeIgniter\HTTP\IncomingRequest::$user is deprecated in APPPATH\Filters\JwtAuthWeb.php on line 32.
 1 SYSTEMPATH\Filters\Filters.php(182): App\Filters\JwtAuthWeb->before(Object(CodeIgniter\HTTP\IncomingRequest), null)
 2 SYSTEMPATH\CodeIgniter.php(475): CodeIgniter\Filters\Filters->run('mb_Report', 'before')
 3 SYSTEMPATH\CodeIgniter.php(361): CodeIgniter\CodeIgniter->handleRequest(null, Object(Config\Cache), false)
 4 FCPATH\index.php(79): CodeIgniter\CodeIgniter->run()
WARNING - 2026-02-28 14:34:36 --> [DEPRECATED] Optional parameter $cg declared before required parameter $hcode is implicitly treated as a required parameter in APPPATH\Models\cgserviceModel.php on line 93.
 1 SYSTEMPATH\Autoloader\Autoloader.php(311): include_once('D:\\xampp6\\htdocs\\project-jwt\\vendor\\codeigniter4\\framework\\system\\Debug\\Exceptions.php')
 2 SYSTEMPATH\Autoloader\Autoloader.php(290): CodeIgniter\Autoloader\Autoloader->includeFile('D:\\xampp6\\htdocs\\project-jwt\\app\\Models\\cgserviceModel.php')
 3 SYSTEMPATH\Autoloader\Autoloader.php(266): CodeIgniter\Autoloader\Autoloader->loadInNamespace('App\\Models\\cgserviceModel')
 4 APPPATH\Controllers\mobileController.php(36): CodeIgniter\Autoloader\Autoloader->loadClass('App\\Models\\cgserviceModel')
 5 SYSTEMPATH\CodeIgniter.php(915): App\Controllers\MobileController->__construct()
 6 SYSTEMPATH\CodeIgniter.php(494): CodeIgniter\CodeIgniter->createController()
 7 SYSTEMPATH\CodeIgniter.php(361): CodeIgniter\CodeIgniter->handleRequest(null, Object(Config\Cache), false)
 8 FCPATH\index.php(79): CodeIgniter\CodeIgniter->run()
INFO - 2026-02-28 14:37:23 --> Session: Class initialized using 'CodeIgniter\Session\Handlers\FileHandler' driver.
WARNING - 2026-02-28 14:37:23 --> [DEPRECATED] Creation of dynamic property CodeIgniter\HTTP\IncomingRequest::$user is deprecated in APPPATH\Filters\JwtAuthWeb.php on line 32.
 1 SYSTEMPATH\Filters\Filters.php(182): App\Filters\JwtAuthWeb->before(Object(CodeIgniter\HTTP\IncomingRequest), null)
 2 SYSTEMPATH\CodeIgniter.php(475): CodeIgniter\Filters\Filters->run('cg_report_data', 'before')
 3 SYSTEMPATH\CodeIgniter.php(361): CodeIgniter\CodeIgniter->handleRequest(null, Object(Config\Cache), false)
 4 FCPATH\index.php(79): CodeIgniter\CodeIgniter->run()
WARNING - 2026-02-28 14:37:23 --> [DEPRECATED] Optional parameter $cg declared before required parameter $hcode is implicitly treated as a required parameter in APPPATH\Models\cgserviceModel.php on line 93.
 1 SYSTEMPATH\Autoloader\Autoloader.php(311): include_once('D:\\xampp6\\htdocs\\project-jwt\\vendor\\codeigniter4\\framework\\system\\Debug\\Exceptions.php')
 2 SYSTEMPATH\Autoloader\Autoloader.php(290): CodeIgniter\Autoloader\Autoloader->includeFile('D:\\xampp6\\htdocs\\project-jwt\\app\\Models\\cgserviceModel.php')
 3 SYSTEMPATH\Autoloader\Autoloader.php(266): CodeIgniter\Autoloader\Autoloader->loadInNamespace('App\\Models\\cgserviceModel')
 4 APPPATH\Controllers\mobileController.php(36): CodeIgniter\Autoloader\Autoloader->loadClass('App\\Models\\cgserviceModel')
 5 SYSTEMPATH\CodeIgniter.php(915): App\Controllers\MobileController->__construct()
 6 SYSTEMPATH\CodeIgniter.php(494): CodeIgniter\CodeIgniter->createController()
 7 SYSTEMPATH\CodeIgniter.php(361): CodeIgniter\CodeIgniter->handleRequest(null, Object(Config\Cache), false)
 8 FCPATH\index.php(79): CodeIgniter\CodeIgniter->run()
ERROR - 2026-02-28 14:37:23 --> mysqli_sql_exception: Expression #5 of SELECT list is not in GROUP BY clause and contains nonaggregated column 'ltcbase.ltc_cgservice.body' which is not functionally dependent on columns in GROUP BY clause; this is incompatible with sql_mode=only_full_group_by in D:\xampp6\htdocs\project-jwt\vendor\codeigniter4\framework\system\Database\MySQLi\Connection.php:306
Stack trace:
#0 D:\xampp6\htdocs\project-jwt\vendor\codeigniter4\framework\system\Database\MySQLi\Connection.php(306): mysqli->query('SELECT l.id,l.i...', 0)
#1 D:\xampp6\htdocs\project-jwt\vendor\codeigniter4\framework\system\Database\BaseConnection.php(693): CodeIgniter\Database\MySQLi\Connection->execute('SELECT l.id,l.i...')
#2 D:\xampp6\htdocs\project-jwt\vendor\codeigniter4\framework\system\Database\BaseConnection.php(607): CodeIgniter\Database\BaseConnection->simpleQuery('SELECT l.id,l.i...')
#3 D:\xampp6\htdocs\project-jwt\app\Models\cgserviceModel.php(104): CodeIgniter\Database\BaseConnection->query('SELECT l.id,l.i...')
#4 D:\xampp6\htdocs\project-jwt\app\Controllers\mobileController.php(253): App\Models\cgserviceModel->getSeviceInmonth(2026, 2, '', '03545')
#5 D:\xampp6\htdocs\project-jwt\vendor\codeigniter4\framework\system\CodeIgniter.php(943): App\Controllers\MobileController->cg_report_data()
#6 D:\xampp6\htdocs\project-jwt\vendor\codeigniter4\framework\system\CodeIgniter.php(503): CodeIgniter\CodeIgniter->runController(Object(App\Controllers\MobileController))
#7 D:\xampp6\htdocs\project-jwt\vendor\codeigniter4\framework\system\CodeIgniter.php(361): CodeIgniter\CodeIgniter->handleRequest(NULL, Object(Config\Cache), false)
#8 D:\xampp6\htdocs\project-jwt\public\index.php(79): CodeIgniter\CodeIgniter->run()
#9 {main}
CRITICAL - 2026-02-28 14:37:23 --> CodeIgniter\Database\Exceptions\DatabaseException: Expression #5 of SELECT list is not in GROUP BY clause and contains nonaggregated column 'ltcbase.ltc_cgservice.body' which is not functionally dependent on columns in GROUP BY clause; this is incompatible with sql_mode=only_full_group_by
in SYSTEMPATH\Database\BaseConnection.php on line 647.
 1 APPPATH\Models\cgserviceModel.php(104): CodeIgniter\Database\BaseConnection->query('SELECT l.id,l.idcard,l.name,l.age,l.grp,cs.count_cs,cs.stimes,cs.lbody,cs.mdate FROM ltc_ltc l  INNER JOIN (select ltc_id,count(ltc_id) as count_cs,MAX(s_date) AS mdate,
                    SUM(times) AS stimes,body AS lbody FROM ltc_cgservice WHERE year(s_date)= \'2026\' AND month(s_date) = \'2\'    
                    GROUP BY ltc_id ORDER BY mdate DESC) cs ON l.id = cs.ltc_id WHERE l.hospcode = \'03545\'')
 2 APPPATH\Controllers\mobileController.php(253): App\Models\cgserviceModel->getSeviceInmonth(2026, 2, '', '03545')
 3 SYSTEMPATH\CodeIgniter.php(943): App\Controllers\MobileController->cg_report_data()
 4 SYSTEMPATH\CodeIgniter.php(503): CodeIgniter\CodeIgniter->runController(Object(App\Controllers\MobileController))
 5 SYSTEMPATH\CodeIgniter.php(361): CodeIgniter\CodeIgniter->handleRequest(null, Object(Config\Cache), false)
 6 FCPATH\index.php(79): CodeIgniter\CodeIgniter->run()
CRITICAL - 2026-02-28 14:37:23 --> [Caused by] CodeIgniter\Database\Exceptions\DatabaseException: Expression #5 of SELECT list is not in GROUP BY clause and contains nonaggregated column 'ltcbase.ltc_cgservice.body' which is not functionally dependent on columns in GROUP BY clause; this is incompatible with sql_mode=only_full_group_by
in SYSTEMPATH\Database\MySQLi\Connection.php on line 311.
 1 SYSTEMPATH\Database\BaseConnection.php(693): CodeIgniter\Database\MySQLi\Connection->execute('SELECT l.id,l.idcard,l.name,l.age,l.grp,cs.count_cs,cs.stimes,cs.lbody,cs.mdate FROM ltc_ltc l  INNER JOIN (select ltc_id,count(ltc_id) as count_cs,MAX(s_date) AS mdate,
                    SUM(times) AS stimes,body AS lbody FROM ltc_cgservice WHERE year(s_date)= \'2026\' AND month(s_date) = \'2\'    
                    GROUP BY ltc_id ORDER BY mdate DESC) cs ON l.id = cs.ltc_id WHERE l.hospcode = \'03545\'')
 2 SYSTEMPATH\Database\BaseConnection.php(607): CodeIgniter\Database\BaseConnection->simpleQuery('SELECT l.id,l.idcard,l.name,l.age,l.grp,cs.count_cs,cs.stimes,cs.lbody,cs.mdate FROM ltc_ltc l  INNER JOIN (select ltc_id,count(ltc_id) as count_cs,MAX(s_date) AS mdate,
                    SUM(times) AS stimes,body AS lbody FROM ltc_cgservice WHERE year(s_date)= \'2026\' AND month(s_date) = \'2\'    
                    GROUP BY ltc_id ORDER BY mdate DESC) cs ON l.id = cs.ltc_id WHERE l.hospcode = \'03545\'')
 3 APPPATH\Models\cgserviceModel.php(104): CodeIgniter\Database\BaseConnection->query('SELECT l.id,l.idcard,l.name,l.age,l.grp,cs.count_cs,cs.stimes,cs.lbody,cs.mdate FROM ltc_ltc l  INNER JOIN (select ltc_id,count(ltc_id) as count_cs,MAX(s_date) AS mdate,
                    SUM(times) AS stimes,body AS lbody FROM ltc_cgservice WHERE year(s_date)= \'2026\' AND month(s_date) = \'2\'    
                    GROUP BY ltc_id ORDER BY mdate DESC) cs ON l.id = cs.ltc_id WHERE l.hospcode = \'03545\'')
 4 APPPATH\Controllers\mobileController.php(253): App\Models\cgserviceModel->getSeviceInmonth(2026, 2, '', '03545')
 5 SYSTEMPATH\CodeIgniter.php(943): App\Controllers\MobileController->cg_report_data()
 6 SYSTEMPATH\CodeIgniter.php(503): CodeIgniter\CodeIgniter->runController(Object(App\Controllers\MobileController))
 7 SYSTEMPATH\CodeIgniter.php(361): CodeIgniter\CodeIgniter->handleRequest(null, Object(Config\Cache), false)
 8 FCPATH\index.php(79): CodeIgniter\CodeIgniter->run()
CRITICAL - 2026-02-28 14:37:23 --> [Caused by] mysqli_sql_exception: Expression #5 of SELECT list is not in GROUP BY clause and contains nonaggregated column 'ltcbase.ltc_cgservice.body' which is not functionally dependent on columns in GROUP BY clause; this is incompatible with sql_mode=only_full_group_by
in SYSTEMPATH\Database\MySQLi\Connection.php on line 306.
 1 SYSTEMPATH\Database\MySQLi\Connection.php(306): mysqli->query('SELECT l.id,l.idcard,l.name,l.age,l.grp,cs.count_cs,cs.stimes,cs.lbody,cs.mdate FROM ltc_ltc l  INNER JOIN (select ltc_id,count(ltc_id) as count_cs,MAX(s_date) AS mdate,
                    SUM(times) AS stimes,body AS lbody FROM ltc_cgservice WHERE year(s_date)= \'2026\' AND month(s_date) = \'2\'    
                    GROUP BY ltc_id ORDER BY mdate DESC) cs ON l.id = cs.ltc_id WHERE l.hospcode = \'03545\'', 0)
 2 SYSTEMPATH\Database\BaseConnection.php(693): CodeIgniter\Database\MySQLi\Connection->execute('SELECT l.id,l.idcard,l.name,l.age,l.grp,cs.count_cs,cs.stimes,cs.lbody,cs.mdate FROM ltc_ltc l  INNER JOIN (select ltc_id,count(ltc_id) as count_cs,MAX(s_date) AS mdate,
                    SUM(times) AS stimes,body AS lbody FROM ltc_cgservice WHERE year(s_date)= \'2026\' AND month(s_date) = \'2\'    
                    GROUP BY ltc_id ORDER BY mdate DESC) cs ON l.id = cs.ltc_id WHERE l.hospcode = \'03545\'')
 3 SYSTEMPATH\Database\BaseConnection.php(607): CodeIgniter\Database\BaseConnection->simpleQuery('SELECT l.id,l.idcard,l.name,l.age,l.grp,cs.count_cs,cs.stimes,cs.lbody,cs.mdate FROM ltc_ltc l  INNER JOIN (select ltc_id,count(ltc_id) as count_cs,MAX(s_date) AS mdate,
                    SUM(times) AS stimes,body AS lbody FROM ltc_cgservice WHERE year(s_date)= \'2026\' AND month(s_date) = \'2\'    
                    GROUP BY ltc_id ORDER BY mdate DESC) cs ON l.id = cs.ltc_id WHERE l.hospcode = \'03545\'')
 4 APPPATH\Models\cgserviceModel.php(104): CodeIgniter\Database\BaseConnection->query('SELECT l.id,l.idcard,l.name,l.age,l.grp,cs.count_cs,cs.stimes,cs.lbody,cs.mdate FROM ltc_ltc l  INNER JOIN (select ltc_id,count(ltc_id) as count_cs,MAX(s_date) AS mdate,
                    SUM(times) AS stimes,body AS lbody FROM ltc_cgservice WHERE year(s_date)= \'2026\' AND month(s_date) = \'2\'    
                    GROUP BY ltc_id ORDER BY mdate DESC) cs ON l.id = cs.ltc_id WHERE l.hospcode = \'03545\'')
 5 APPPATH\Controllers\mobileController.php(253): App\Models\cgserviceModel->getSeviceInmonth(2026, 2, '', '03545')
 6 SYSTEMPATH\CodeIgniter.php(943): App\Controllers\MobileController->cg_report_data()
 7 SYSTEMPATH\CodeIgniter.php(503): CodeIgniter\CodeIgniter->runController(Object(App\Controllers\MobileController))
 8 SYSTEMPATH\CodeIgniter.php(361): CodeIgniter\CodeIgniter->handleRequest(null, Object(Config\Cache), false)
 9 FCPATH\index.php(79): CodeIgniter\CodeIgniter->run()
INFO - 2026-02-28 14:37:25 --> Session: Class initialized using 'CodeIgniter\Session\Handlers\FileHandler' driver.
WARNING - 2026-02-28 14:37:25 --> [DEPRECATED] Creation of dynamic property CodeIgniter\HTTP\IncomingRequest::$user is deprecated in APPPATH\Filters\JwtAuthWeb.php on line 32.
 1 SYSTEMPATH\Filters\Filters.php(182): App\Filters\JwtAuthWeb->before(Object(CodeIgniter\HTTP\IncomingRequest), null)
 2 SYSTEMPATH\CodeIgniter.php(475): CodeIgniter\Filters\Filters->run('mb_Report', 'before')
 3 SYSTEMPATH\CodeIgniter.php(361): CodeIgniter\CodeIgniter->handleRequest(null, Object(Config\Cache), false)
 4 FCPATH\index.php(79): CodeIgniter\CodeIgniter->run()
WARNING - 2026-02-28 14:37:25 --> [DEPRECATED] Optional parameter $cg declared before required parameter $hcode is implicitly treated as a required parameter in APPPATH\Models\cgserviceModel.php on line 93.
 1 SYSTEMPATH\Autoloader\Autoloader.php(311): include_once('D:\\xampp6\\htdocs\\project-jwt\\vendor\\codeigniter4\\framework\\system\\Debug\\Exceptions.php')
 2 SYSTEMPATH\Autoloader\Autoloader.php(290): CodeIgniter\Autoloader\Autoloader->includeFile('D:\\xampp6\\htdocs\\project-jwt\\app\\Models\\cgserviceModel.php')
 3 SYSTEMPATH\Autoloader\Autoloader.php(266): CodeIgniter\Autoloader\Autoloader->loadInNamespace('App\\Models\\cgserviceModel')
 4 APPPATH\Controllers\mobileController.php(36): CodeIgniter\Autoloader\Autoloader->loadClass('App\\Models\\cgserviceModel')
 5 SYSTEMPATH\CodeIgniter.php(915): App\Controllers\MobileController->__construct()
 6 SYSTEMPATH\CodeIgniter.php(494): CodeIgniter\CodeIgniter->createController()
 7 SYSTEMPATH\CodeIgniter.php(361): CodeIgniter\CodeIgniter->handleRequest(null, Object(Config\Cache), false)
 8 FCPATH\index.php(79): CodeIgniter\CodeIgniter->run()
INFO - 2026-02-28 14:37:27 --> Session: Class initialized using 'CodeIgniter\Session\Handlers\FileHandler' driver.
WARNING - 2026-02-28 14:37:27 --> [DEPRECATED] Creation of dynamic property CodeIgniter\HTTP\IncomingRequest::$user is deprecated in APPPATH\Filters\JwtAuthWeb.php on line 32.
 1 SYSTEMPATH\Filters\Filters.php(182): App\Filters\JwtAuthWeb->before(Object(CodeIgniter\HTTP\IncomingRequest), null)
 2 SYSTEMPATH\CodeIgniter.php(475): CodeIgniter\Filters\Filters->run('cg_report_data', 'before')
 3 SYSTEMPATH\CodeIgniter.php(361): CodeIgniter\CodeIgniter->handleRequest(null, Object(Config\Cache), false)
 4 FCPATH\index.php(79): CodeIgniter\CodeIgniter->run()
WARNING - 2026-02-28 14:37:27 --> [DEPRECATED] Optional parameter $cg declared before required parameter $hcode is implicitly treated as a required parameter in APPPATH\Models\cgserviceModel.php on line 93.
 1 SYSTEMPATH\Autoloader\Autoloader.php(311): include_once('D:\\xampp6\\htdocs\\project-jwt\\vendor\\codeigniter4\\framework\\system\\Debug\\Exceptions.php')
 2 SYSTEMPATH\Autoloader\Autoloader.php(290): CodeIgniter\Autoloader\Autoloader->includeFile('D:\\xampp6\\htdocs\\project-jwt\\app\\Models\\cgserviceModel.php')
 3 SYSTEMPATH\Autoloader\Autoloader.php(266): CodeIgniter\Autoloader\Autoloader->loadInNamespace('App\\Models\\cgserviceModel')
 4 APPPATH\Controllers\mobileController.php(36): CodeIgniter\Autoloader\Autoloader->loadClass('App\\Models\\cgserviceModel')
 5 SYSTEMPATH\CodeIgniter.php(915): App\Controllers\MobileController->__construct()
 6 SYSTEMPATH\CodeIgniter.php(494): CodeIgniter\CodeIgniter->createController()
 7 SYSTEMPATH\CodeIgniter.php(361): CodeIgniter\CodeIgniter->handleRequest(null, Object(Config\Cache), false)
 8 FCPATH\index.php(79): CodeIgniter\CodeIgniter->run()
ERROR - 2026-02-28 14:37:27 --> mysqli_sql_exception: Expression #5 of SELECT list is not in GROUP BY clause and contains nonaggregated column 'ltcbase.ltc_cgservice.body' which is not functionally dependent on columns in GROUP BY clause; this is incompatible with sql_mode=only_full_group_by in D:\xampp6\htdocs\project-jwt\vendor\codeigniter4\framework\system\Database\MySQLi\Connection.php:306
Stack trace:
#0 D:\xampp6\htdocs\project-jwt\vendor\codeigniter4\framework\system\Database\MySQLi\Connection.php(306): mysqli->query('SELECT l.id,l.i...', 0)
#1 D:\xampp6\htdocs\project-jwt\vendor\codeigniter4\framework\system\Database\BaseConnection.php(693): CodeIgniter\Database\MySQLi\Connection->execute('SELECT l.id,l.i...')
#2 D:\xampp6\htdocs\project-jwt\vendor\codeigniter4\framework\system\Database\BaseConnection.php(607): CodeIgniter\Database\BaseConnection->simpleQuery('SELECT l.id,l.i...')
#3 D:\xampp6\htdocs\project-jwt\app\Models\cgserviceModel.php(104): CodeIgniter\Database\BaseConnection->query('SELECT l.id,l.i...')
#4 D:\xampp6\htdocs\project-jwt\app\Controllers\mobileController.php(253): App\Models\cgserviceModel->getSeviceInmonth(2026, 2, '', '03545')
#5 D:\xampp6\htdocs\project-jwt\vendor\codeigniter4\framework\system\CodeIgniter.php(943): App\Controllers\MobileController->cg_report_data()
#6 D:\xampp6\htdocs\project-jwt\vendor\codeigniter4\framework\system\CodeIgniter.php(503): CodeIgniter\CodeIgniter->runController(Object(App\Controllers\MobileController))
#7 D:\xampp6\htdocs\project-jwt\vendor\codeigniter4\framework\system\CodeIgniter.php(361): CodeIgniter\CodeIgniter->handleRequest(NULL, Object(Config\Cache), false)
#8 D:\xampp6\htdocs\project-jwt\public\index.php(79): CodeIgniter\CodeIgniter->run()
#9 {main}
CRITICAL - 2026-02-28 14:37:27 --> CodeIgniter\Database\Exceptions\DatabaseException: Expression #5 of SELECT list is not in GROUP BY clause and contains nonaggregated column 'ltcbase.ltc_cgservice.body' which is not functionally dependent on columns in GROUP BY clause; this is incompatible with sql_mode=only_full_group_by
in SYSTEMPATH\Database\BaseConnection.php on line 647.
 1 APPPATH\Models\cgserviceModel.php(104): CodeIgniter\Database\BaseConnection->query('SELECT l.id,l.idcard,l.name,l.age,l.grp,cs.count_cs,cs.stimes,cs.lbody,cs.mdate FROM ltc_ltc l  INNER JOIN (select ltc_id,count(ltc_id) as count_cs,MAX(s_date) AS mdate,
                    SUM(times) AS stimes,body AS lbody FROM ltc_cgservice WHERE year(s_date)= \'2026\' AND month(s_date) = \'2\'    
                    GROUP BY ltc_id ORDER BY mdate DESC) cs ON l.id = cs.ltc_id WHERE l.hospcode = \'03545\'')
 2 APPPATH\Controllers\mobileController.php(253): App\Models\cgserviceModel->getSeviceInmonth(2026, 2, '', '03545')
 3 SYSTEMPATH\CodeIgniter.php(943): App\Controllers\MobileController->cg_report_data()
 4 SYSTEMPATH\CodeIgniter.php(503): CodeIgniter\CodeIgniter->runController(Object(App\Controllers\MobileController))
 5 SYSTEMPATH\CodeIgniter.php(361): CodeIgniter\CodeIgniter->handleRequest(null, Object(Config\Cache), false)
 6 FCPATH\index.php(79): CodeIgniter\CodeIgniter->run()
CRITICAL - 2026-02-28 14:37:27 --> [Caused by] CodeIgniter\Database\Exceptions\DatabaseException: Expression #5 of SELECT list is not in GROUP BY clause and contains nonaggregated column 'ltcbase.ltc_cgservice.body' which is not functionally dependent on columns in GROUP BY clause; this is incompatible with sql_mode=only_full_group_by
in SYSTEMPATH\Database\MySQLi\Connection.php on line 311.
 1 SYSTEMPATH\Database\BaseConnection.php(693): CodeIgniter\Database\MySQLi\Connection->execute('SELECT l.id,l.idcard,l.name,l.age,l.grp,cs.count_cs,cs.stimes,cs.lbody,cs.mdate FROM ltc_ltc l  INNER JOIN (select ltc_id,count(ltc_id) as count_cs,MAX(s_date) AS mdate,
                    SUM(times) AS stimes,body AS lbody FROM ltc_cgservice WHERE year(s_date)= \'2026\' AND month(s_date) = \'2\'    
                    GROUP BY ltc_id ORDER BY mdate DESC) cs ON l.id = cs.ltc_id WHERE l.hospcode = \'03545\'')
 2 SYSTEMPATH\Database\BaseConnection.php(607): CodeIgniter\Database\BaseConnection->simpleQuery('SELECT l.id,l.idcard,l.name,l.age,l.grp,cs.count_cs,cs.stimes,cs.lbody,cs.mdate FROM ltc_ltc l  INNER JOIN (select ltc_id,count(ltc_id) as count_cs,MAX(s_date) AS mdate,
                    SUM(times) AS stimes,body AS lbody FROM ltc_cgservice WHERE year(s_date)= \'2026\' AND month(s_date) = \'2\'    
                    GROUP BY ltc_id ORDER BY mdate DESC) cs ON l.id = cs.ltc_id WHERE l.hospcode = \'03545\'')
 3 APPPATH\Models\cgserviceModel.php(104): CodeIgniter\Database\BaseConnection->query('SELECT l.id,l.idcard,l.name,l.age,l.grp,cs.count_cs,cs.stimes,cs.lbody,cs.mdate FROM ltc_ltc l  INNER JOIN (select ltc_id,count(ltc_id) as count_cs,MAX(s_date) AS mdate,
                    SUM(times) AS stimes,body AS lbody FROM ltc_cgservice WHERE year(s_date)= \'2026\' AND month(s_date) = \'2\'    
                    GROUP BY ltc_id ORDER BY mdate DESC) cs ON l.id = cs.ltc_id WHERE l.hospcode = \'03545\'')
 4 APPPATH\Controllers\mobileController.php(253): App\Models\cgserviceModel->getSeviceInmonth(2026, 2, '', '03545')
 5 SYSTEMPATH\CodeIgniter.php(943): App\Controllers\MobileController->cg_report_data()
 6 SYSTEMPATH\CodeIgniter.php(503): CodeIgniter\CodeIgniter->runController(Object(App\Controllers\MobileController))
 7 SYSTEMPATH\CodeIgniter.php(361): CodeIgniter\CodeIgniter->handleRequest(null, Object(Config\Cache), false)
 8 FCPATH\index.php(79): CodeIgniter\CodeIgniter->run()
CRITICAL - 2026-02-28 14:37:27 --> [Caused by] mysqli_sql_exception: Expression #5 of SELECT list is not in GROUP BY clause and contains nonaggregated column 'ltcbase.ltc_cgservice.body' which is not functionally dependent on columns in GROUP BY clause; this is incompatible with sql_mode=only_full_group_by
in SYSTEMPATH\Database\MySQLi\Connection.php on line 306.
 1 SYSTEMPATH\Database\MySQLi\Connection.php(306): mysqli->query('SELECT l.id,l.idcard,l.name,l.age,l.grp,cs.count_cs,cs.stimes,cs.lbody,cs.mdate FROM ltc_ltc l  INNER JOIN (select ltc_id,count(ltc_id) as count_cs,MAX(s_date) AS mdate,
                    SUM(times) AS stimes,body AS lbody FROM ltc_cgservice WHERE year(s_date)= \'2026\' AND month(s_date) = \'2\'    
                    GROUP BY ltc_id ORDER BY mdate DESC) cs ON l.id = cs.ltc_id WHERE l.hospcode = \'03545\'', 0)
 2 SYSTEMPATH\Database\BaseConnection.php(693): CodeIgniter\Database\MySQLi\Connection->execute('SELECT l.id,l.idcard,l.name,l.age,l.grp,cs.count_cs,cs.stimes,cs.lbody,cs.mdate FROM ltc_ltc l  INNER JOIN (select ltc_id,count(ltc_id) as count_cs,MAX(s_date) AS mdate,
                    SUM(times) AS stimes,body AS lbody FROM ltc_cgservice WHERE year(s_date)= \'2026\' AND month(s_date) = \'2\'    
                    GROUP BY ltc_id ORDER BY mdate DESC) cs ON l.id = cs.ltc_id WHERE l.hospcode = \'03545\'')
 3 SYSTEMPATH\Database\BaseConnection.php(607): CodeIgniter\Database\BaseConnection->simpleQuery('SELECT l.id,l.idcard,l.name,l.age,l.grp,cs.count_cs,cs.stimes,cs.lbody,cs.mdate FROM ltc_ltc l  INNER JOIN (select ltc_id,count(ltc_id) as count_cs,MAX(s_date) AS mdate,
                    SUM(times) AS stimes,body AS lbody FROM ltc_cgservice WHERE year(s_date)= \'2026\' AND month(s_date) = \'2\'    
                    GROUP BY ltc_id ORDER BY mdate DESC) cs ON l.id = cs.ltc_id WHERE l.hospcode = \'03545\'')
 4 APPPATH\Models\cgserviceModel.php(104): CodeIgniter\Database\BaseConnection->query('SELECT l.id,l.idcard,l.name,l.age,l.grp,cs.count_cs,cs.stimes,cs.lbody,cs.mdate FROM ltc_ltc l  INNER JOIN (select ltc_id,count(ltc_id) as count_cs,MAX(s_date) AS mdate,
                    SUM(times) AS stimes,body AS lbody FROM ltc_cgservice WHERE year(s_date)= \'2026\' AND month(s_date) = \'2\'    
                    GROUP BY ltc_id ORDER BY mdate DESC) cs ON l.id = cs.ltc_id WHERE l.hospcode = \'03545\'')
 5 APPPATH\Controllers\mobileController.php(253): App\Models\cgserviceModel->getSeviceInmonth(2026, 2, '', '03545')
 6 SYSTEMPATH\CodeIgniter.php(943): App\Controllers\MobileController->cg_report_data()
 7 SYSTEMPATH\CodeIgniter.php(503): CodeIgniter\CodeIgniter->runController(Object(App\Controllers\MobileController))
 8 SYSTEMPATH\CodeIgniter.php(361): CodeIgniter\CodeIgniter->handleRequest(null, Object(Config\Cache), false)
 9 FCPATH\index.php(79): CodeIgniter\CodeIgniter->run()
INFO - 2026-02-28 14:39:29 --> Session: Class initialized using 'CodeIgniter\Session\Handlers\FileHandler' driver.
INFO - 2026-02-28 14:39:31 --> Session: Class initialized using 'CodeIgniter\Session\Handlers\FileHandler' driver.
WARNING - 2026-02-28 14:39:31 --> [DEPRECATED] Creation of dynamic property CodeIgniter\HTTP\IncomingRequest::$user is deprecated in APPPATH\Filters\JwtAuthWeb.php on line 32.
 1 SYSTEMPATH\Filters\Filters.php(182): App\Filters\JwtAuthWeb->before(Object(CodeIgniter\HTTP\IncomingRequest), null)
 2 SYSTEMPATH\CodeIgniter.php(475): CodeIgniter\Filters\Filters->run('setting/dashboard-page', 'before')
 3 SYSTEMPATH\CodeIgniter.php(361): CodeIgniter\CodeIgniter->handleRequest(null, Object(Config\Cache), false)
 4 FCPATH\index.php(79): CodeIgniter\CodeIgniter->run()
WARNING - 2026-02-28 14:39:31 --> [DEPRECATED] Creation of dynamic property CodeIgniter\HTTP\IncomingRequest::$user is deprecated in APPPATH\Filters\JwtAuth.php on line 47.
 1 SYSTEMPATH\Filters\Filters.php(182): App\Filters\JwtAuth->before(Object(CodeIgniter\HTTP\IncomingRequest), null)
 2 SYSTEMPATH\CodeIgniter.php(475): CodeIgniter\Filters\Filters->run('api/profile', 'before')
 3 SYSTEMPATH\CodeIgniter.php(361): CodeIgniter\CodeIgniter->handleRequest(null, Object(Config\Cache), false)
 4 FCPATH\index.php(79): CodeIgniter\CodeIgniter->run()
INFO - 2026-02-28 14:39:34 --> Session: Class initialized using 'CodeIgniter\Session\Handlers\FileHandler' driver.
WARNING - 2026-02-28 14:39:34 --> [DEPRECATED] Creation of dynamic property CodeIgniter\HTTP\IncomingRequest::$user is deprecated in APPPATH\Filters\JwtAuthWeb.php on line 32.
 1 SYSTEMPATH\Filters\Filters.php(182): App\Filters\JwtAuthWeb->before(Object(CodeIgniter\HTTP\IncomingRequest), null)
 2 SYSTEMPATH\CodeIgniter.php(475): CodeIgniter\Filters\Filters->run('service-page', 'before')
 3 SYSTEMPATH\CodeIgniter.php(361): CodeIgniter\CodeIgniter->handleRequest(null, Object(Config\Cache), false)
 4 FCPATH\index.php(79): CodeIgniter\CodeIgniter->run()
WARNING - 2026-02-28 14:39:34 --> [DEPRECATED] Optional parameter $cg declared before required parameter $hcode is implicitly treated as a required parameter in APPPATH\Models\cgserviceModel.php on line 93.
 1 SYSTEMPATH\Autoloader\Autoloader.php(311): include_once('D:\\xampp6\\htdocs\\project-jwt\\vendor\\codeigniter4\\framework\\system\\Debug\\Exceptions.php')
 2 SYSTEMPATH\Autoloader\Autoloader.php(290): CodeIgniter\Autoloader\Autoloader->includeFile('D:\\xampp6\\htdocs\\project-jwt\\app\\Models\\cgserviceModel.php')
 3 SYSTEMPATH\Autoloader\Autoloader.php(266): CodeIgniter\Autoloader\Autoloader->loadInNamespace('App\\Models\\cgserviceModel')
 4 APPPATH\Controllers\ServiceController.php(21): CodeIgniter\Autoloader\Autoloader->loadClass('App\\Models\\cgserviceModel')
 5 SYSTEMPATH\CodeIgniter.php(915): App\Controllers\ServiceController->__construct()
 6 SYSTEMPATH\CodeIgniter.php(494): CodeIgniter\CodeIgniter->createController()
 7 SYSTEMPATH\CodeIgniter.php(361): CodeIgniter\CodeIgniter->handleRequest(null, Object(Config\Cache), false)
 8 FCPATH\index.php(79): CodeIgniter\CodeIgniter->run()
ERROR - 2026-02-28 14:39:34 --> mysqli_sql_exception: Expression #5 of SELECT list is not in GROUP BY clause and contains nonaggregated column 'ltcbase.ltc_cgservice.body' which is not functionally dependent on columns in GROUP BY clause; this is incompatible with sql_mode=only_full_group_by in D:\xampp6\htdocs\project-jwt\vendor\codeigniter4\framework\system\Database\MySQLi\Connection.php:306
Stack trace:
#0 D:\xampp6\htdocs\project-jwt\vendor\codeigniter4\framework\system\Database\MySQLi\Connection.php(306): mysqli->query('SELECT l.id,l.i...', 0)
#1 D:\xampp6\htdocs\project-jwt\vendor\codeigniter4\framework\system\Database\BaseConnection.php(693): CodeIgniter\Database\MySQLi\Connection->execute('SELECT l.id,l.i...')
#2 D:\xampp6\htdocs\project-jwt\vendor\codeigniter4\framework\system\Database\BaseConnection.php(607): CodeIgniter\Database\BaseConnection->simpleQuery('SELECT l.id,l.i...')
#3 D:\xampp6\htdocs\project-jwt\app\Models\cgserviceModel.php(104): CodeIgniter\Database\BaseConnection->query('SELECT l.id,l.i...')
#4 D:\xampp6\htdocs\project-jwt\app\Controllers\ServiceController.php(53): App\Models\cgserviceModel->getSeviceInmonth(0, 0, NULL, '03545')
#5 D:\xampp6\htdocs\project-jwt\vendor\codeigniter4\framework\system\CodeIgniter.php(943): App\Controllers\ServiceController->index()
#6 D:\xampp6\htdocs\project-jwt\vendor\codeigniter4\framework\system\CodeIgniter.php(503): CodeIgniter\CodeIgniter->runController(Object(App\Controllers\ServiceController))
#7 D:\xampp6\htdocs\project-jwt\vendor\codeigniter4\framework\system\CodeIgniter.php(361): CodeIgniter\CodeIgniter->handleRequest(NULL, Object(Config\Cache), false)
#8 D:\xampp6\htdocs\project-jwt\public\index.php(79): CodeIgniter\CodeIgniter->run()
#9 {main}
CRITICAL - 2026-02-28 14:39:34 --> CodeIgniter\Database\Exceptions\DatabaseException: Expression #5 of SELECT list is not in GROUP BY clause and contains nonaggregated column 'ltcbase.ltc_cgservice.body' which is not functionally dependent on columns in GROUP BY clause; this is incompatible with sql_mode=only_full_group_by
in SYSTEMPATH\Database\BaseConnection.php on line 647.
 1 APPPATH\Models\cgserviceModel.php(104): CodeIgniter\Database\BaseConnection->query('SELECT l.id,l.idcard,l.name,l.age,l.grp,cs.count_cs,cs.stimes,cs.lbody,cs.mdate FROM ltc_ltc l  INNER JOIN (select ltc_id,count(ltc_id) as count_cs,MAX(s_date) AS mdate,
                    SUM(times) AS stimes,body AS lbody FROM ltc_cgservice WHERE year(s_date)= \'0\' AND month(s_date) = \'0\'    
                    GROUP BY ltc_id ORDER BY mdate DESC) cs ON l.id = cs.ltc_id WHERE l.hospcode = \'03545\'')
 2 APPPATH\Controllers\ServiceController.php(53): App\Models\cgserviceModel->getSeviceInmonth(0, 0, null, '03545')
 3 SYSTEMPATH\CodeIgniter.php(943): App\Controllers\ServiceController->index()
 4 SYSTEMPATH\CodeIgniter.php(503): CodeIgniter\CodeIgniter->runController(Object(App\Controllers\ServiceController))
 5 SYSTEMPATH\CodeIgniter.php(361): CodeIgniter\CodeIgniter->handleRequest(null, Object(Config\Cache), false)
 6 FCPATH\index.php(79): CodeIgniter\CodeIgniter->run()
CRITICAL - 2026-02-28 14:39:34 --> [Caused by] CodeIgniter\Database\Exceptions\DatabaseException: Expression #5 of SELECT list is not in GROUP BY clause and contains nonaggregated column 'ltcbase.ltc_cgservice.body' which is not functionally dependent on columns in GROUP BY clause; this is incompatible with sql_mode=only_full_group_by
in SYSTEMPATH\Database\MySQLi\Connection.php on line 311.
 1 SYSTEMPATH\Database\BaseConnection.php(693): CodeIgniter\Database\MySQLi\Connection->execute('SELECT l.id,l.idcard,l.name,l.age,l.grp,cs.count_cs,cs.stimes,cs.lbody,cs.mdate FROM ltc_ltc l  INNER JOIN (select ltc_id,count(ltc_id) as count_cs,MAX(s_date) AS mdate,
                    SUM(times) AS stimes,body AS lbody FROM ltc_cgservice WHERE year(s_date)= \'0\' AND month(s_date) = \'0\'    
                    GROUP BY ltc_id ORDER BY mdate DESC) cs ON l.id = cs.ltc_id WHERE l.hospcode = \'03545\'')
 2 SYSTEMPATH\Database\BaseConnection.php(607): CodeIgniter\Database\BaseConnection->simpleQuery('SELECT l.id,l.idcard,l.name,l.age,l.grp,cs.count_cs,cs.stimes,cs.lbody,cs.mdate FROM ltc_ltc l  INNER JOIN (select ltc_id,count(ltc_id) as count_cs,MAX(s_date) AS mdate,
                    SUM(times) AS stimes,body AS lbody FROM ltc_cgservice WHERE year(s_date)= \'0\' AND month(s_date) = \'0\'    
                    GROUP BY ltc_id ORDER BY mdate DESC) cs ON l.id = cs.ltc_id WHERE l.hospcode = \'03545\'')
 3 APPPATH\Models\cgserviceModel.php(104): CodeIgniter\Database\BaseConnection->query('SELECT l.id,l.idcard,l.name,l.age,l.grp,cs.count_cs,cs.stimes,cs.lbody,cs.mdate FROM ltc_ltc l  INNER JOIN (select ltc_id,count(ltc_id) as count_cs,MAX(s_date) AS mdate,
                    SUM(times) AS stimes,body AS lbody FROM ltc_cgservice WHERE year(s_date)= \'0\' AND month(s_date) = \'0\'    
                    GROUP BY ltc_id ORDER BY mdate DESC) cs ON l.id = cs.ltc_id WHERE l.hospcode = \'03545\'')
 4 APPPATH\Controllers\ServiceController.php(53): App\Models\cgserviceModel->getSeviceInmonth(0, 0, null, '03545')
 5 SYSTEMPATH\CodeIgniter.php(943): App\Controllers\ServiceController->index()
 6 SYSTEMPATH\CodeIgniter.php(503): CodeIgniter\CodeIgniter->runController(Object(App\Controllers\ServiceController))
 7 SYSTEMPATH\CodeIgniter.php(361): CodeIgniter\CodeIgniter->handleRequest(null, Object(Config\Cache), false)
 8 FCPATH\index.php(79): CodeIgniter\CodeIgniter->run()
CRITICAL - 2026-02-28 14:39:34 --> [Caused by] mysqli_sql_exception: Expression #5 of SELECT list is not in GROUP BY clause and contains nonaggregated column 'ltcbase.ltc_cgservice.body' which is not functionally dependent on columns in GROUP BY clause; this is incompatible with sql_mode=only_full_group_by
in SYSTEMPATH\Database\MySQLi\Connection.php on line 306.
 1 SYSTEMPATH\Database\MySQLi\Connection.php(306): mysqli->query('SELECT l.id,l.idcard,l.name,l.age,l.grp,cs.count_cs,cs.stimes,cs.lbody,cs.mdate FROM ltc_ltc l  INNER JOIN (select ltc_id,count(ltc_id) as count_cs,MAX(s_date) AS mdate,
                    SUM(times) AS stimes,body AS lbody FROM ltc_cgservice WHERE year(s_date)= \'0\' AND month(s_date) = \'0\'    
                    GROUP BY ltc_id ORDER BY mdate DESC) cs ON l.id = cs.ltc_id WHERE l.hospcode = \'03545\'', 0)
 2 SYSTEMPATH\Database\BaseConnection.php(693): CodeIgniter\Database\MySQLi\Connection->execute('SELECT l.id,l.idcard,l.name,l.age,l.grp,cs.count_cs,cs.stimes,cs.lbody,cs.mdate FROM ltc_ltc l  INNER JOIN (select ltc_id,count(ltc_id) as count_cs,MAX(s_date) AS mdate,
                    SUM(times) AS stimes,body AS lbody FROM ltc_cgservice WHERE year(s_date)= \'0\' AND month(s_date) = \'0\'    
                    GROUP BY ltc_id ORDER BY mdate DESC) cs ON l.id = cs.ltc_id WHERE l.hospcode = \'03545\'')
 3 SYSTEMPATH\Database\BaseConnection.php(607): CodeIgniter\Database\BaseConnection->simpleQuery('SELECT l.id,l.idcard,l.name,l.age,l.grp,cs.count_cs,cs.stimes,cs.lbody,cs.mdate FROM ltc_ltc l  INNER JOIN (select ltc_id,count(ltc_id) as count_cs,MAX(s_date) AS mdate,
                    SUM(times) AS stimes,body AS lbody FROM ltc_cgservice WHERE year(s_date)= \'0\' AND month(s_date) = \'0\'    
                    GROUP BY ltc_id ORDER BY mdate DESC) cs ON l.id = cs.ltc_id WHERE l.hospcode = \'03545\'')
 4 APPPATH\Models\cgserviceModel.php(104): CodeIgniter\Database\BaseConnection->query('SELECT l.id,l.idcard,l.name,l.age,l.grp,cs.count_cs,cs.stimes,cs.lbody,cs.mdate FROM ltc_ltc l  INNER JOIN (select ltc_id,count(ltc_id) as count_cs,MAX(s_date) AS mdate,
                    SUM(times) AS stimes,body AS lbody FROM ltc_cgservice WHERE year(s_date)= \'0\' AND month(s_date) = \'0\'    
                    GROUP BY ltc_id ORDER BY mdate DESC) cs ON l.id = cs.ltc_id WHERE l.hospcode = \'03545\'')
 5 APPPATH\Controllers\ServiceController.php(53): App\Models\cgserviceModel->getSeviceInmonth(0, 0, null, '03545')
 6 SYSTEMPATH\CodeIgniter.php(943): App\Controllers\ServiceController->index()
 7 SYSTEMPATH\CodeIgniter.php(503): CodeIgniter\CodeIgniter->runController(Object(App\Controllers\ServiceController))
 8 SYSTEMPATH\CodeIgniter.php(361): CodeIgniter\CodeIgniter->handleRequest(null, Object(Config\Cache), false)
 9 FCPATH\index.php(79): CodeIgniter\CodeIgniter->run()
INFO - 2026-02-28 14:40:13 --> Session: Class initialized using 'CodeIgniter\Session\Handlers\FileHandler' driver.
WARNING - 2026-02-28 14:40:13 --> [DEPRECATED] Creation of dynamic property CodeIgniter\HTTP\IncomingRequest::$user is deprecated in APPPATH\Filters\JwtAuthWeb.php on line 32.
 1 SYSTEMPATH\Filters\Filters.php(182): App\Filters\JwtAuthWeb->before(Object(CodeIgniter\HTTP\IncomingRequest), null)
 2 SYSTEMPATH\CodeIgniter.php(475): CodeIgniter\Filters\Filters->run('service-page', 'before')
 3 SYSTEMPATH\CodeIgniter.php(361): CodeIgniter\CodeIgniter->handleRequest(null, Object(Config\Cache), false)
 4 FCPATH\index.php(79): CodeIgniter\CodeIgniter->run()
WARNING - 2026-02-28 14:40:13 --> [DEPRECATED] Optional parameter $cg declared before required parameter $hcode is implicitly treated as a required parameter in APPPATH\Models\cgserviceModel.php on line 93.
 1 SYSTEMPATH\Autoloader\Autoloader.php(311): include_once('D:\\xampp6\\htdocs\\project-jwt\\vendor\\codeigniter4\\framework\\system\\Debug\\Exceptions.php')
 2 SYSTEMPATH\Autoloader\Autoloader.php(290): CodeIgniter\Autoloader\Autoloader->includeFile('D:\\xampp6\\htdocs\\project-jwt\\app\\Models\\cgserviceModel.php')
 3 SYSTEMPATH\Autoloader\Autoloader.php(266): CodeIgniter\Autoloader\Autoloader->loadInNamespace('App\\Models\\cgserviceModel')
 4 APPPATH\Controllers\ServiceController.php(21): CodeIgniter\Autoloader\Autoloader->loadClass('App\\Models\\cgserviceModel')
 5 SYSTEMPATH\CodeIgniter.php(915): App\Controllers\ServiceController->__construct()
 6 SYSTEMPATH\CodeIgniter.php(494): CodeIgniter\CodeIgniter->createController()
 7 SYSTEMPATH\CodeIgniter.php(361): CodeIgniter\CodeIgniter->handleRequest(null, Object(Config\Cache), false)
 8 FCPATH\index.php(79): CodeIgniter\CodeIgniter->run()
WARNING - 2026-02-28 14:40:13 --> [DEPRECATED] Creation of dynamic property CodeIgniter\HTTP\IncomingRequest::$user is deprecated in APPPATH\Filters\JwtAuth.php on line 47.
 1 SYSTEMPATH\Filters\Filters.php(182): App\Filters\JwtAuth->before(Object(CodeIgniter\HTTP\IncomingRequest), null)
 2 SYSTEMPATH\CodeIgniter.php(475): CodeIgniter\Filters\Filters->run('api/profile', 'before')
 3 SYSTEMPATH\CodeIgniter.php(361): CodeIgniter\CodeIgniter->handleRequest(null, Object(Config\Cache), false)
 4 FCPATH\index.php(79): CodeIgniter\CodeIgniter->run()
INFO - 2026-02-28 14:40:16 --> Session: Class initialized using 'CodeIgniter\Session\Handlers\FileHandler' driver.
WARNING - 2026-02-28 14:40:16 --> [DEPRECATED] Creation of dynamic property CodeIgniter\HTTP\IncomingRequest::$user is deprecated in APPPATH\Filters\JwtAuthWeb.php on line 32.
 1 SYSTEMPATH\Filters\Filters.php(182): App\Filters\JwtAuthWeb->before(Object(CodeIgniter\HTTP\IncomingRequest), null)
 2 SYSTEMPATH\CodeIgniter.php(475): CodeIgniter\Filters\Filters->run('cgServicerep', 'before')
 3 SYSTEMPATH\CodeIgniter.php(361): CodeIgniter\CodeIgniter->handleRequest(null, Object(Config\Cache), false)
 4 FCPATH\index.php(79): CodeIgniter\CodeIgniter->run()
WARNING - 2026-02-28 14:40:16 --> [DEPRECATED] Optional parameter $cg declared before required parameter $hcode is implicitly treated as a required parameter in APPPATH\Models\cgserviceModel.php on line 93.
 1 SYSTEMPATH\Autoloader\Autoloader.php(311): include_once('D:\\xampp6\\htdocs\\project-jwt\\vendor\\codeigniter4\\framework\\system\\Debug\\Exceptions.php')
 2 SYSTEMPATH\Autoloader\Autoloader.php(290): CodeIgniter\Autoloader\Autoloader->includeFile('D:\\xampp6\\htdocs\\project-jwt\\app\\Models\\cgserviceModel.php')
 3 SYSTEMPATH\Autoloader\Autoloader.php(266): CodeIgniter\Autoloader\Autoloader->loadInNamespace('App\\Models\\cgserviceModel')
 4 APPPATH\Controllers\ServiceController.php(21): CodeIgniter\Autoloader\Autoloader->loadClass('App\\Models\\cgserviceModel')
 5 SYSTEMPATH\CodeIgniter.php(915): App\Controllers\ServiceController->__construct()
 6 SYSTEMPATH\CodeIgniter.php(494): CodeIgniter\CodeIgniter->createController()
 7 SYSTEMPATH\CodeIgniter.php(361): CodeIgniter\CodeIgniter->handleRequest(null, Object(Config\Cache), false)
 8 FCPATH\index.php(79): CodeIgniter\CodeIgniter->run()
INFO - 2026-02-28 14:40:18 --> Session: Class initialized using 'CodeIgniter\Session\Handlers\FileHandler' driver.
WARNING - 2026-02-28 14:40:18 --> [DEPRECATED] Creation of dynamic property CodeIgniter\HTTP\IncomingRequest::$user is deprecated in APPPATH\Filters\JwtAuthWeb.php on line 32.
 1 SYSTEMPATH\Filters\Filters.php(182): App\Filters\JwtAuthWeb->before(Object(CodeIgniter\HTTP\IncomingRequest), null)
 2 SYSTEMPATH\CodeIgniter.php(475): CodeIgniter\Filters\Filters->run('cgServicerep', 'before')
 3 SYSTEMPATH\CodeIgniter.php(361): CodeIgniter\CodeIgniter->handleRequest(null, Object(Config\Cache), false)
 4 FCPATH\index.php(79): CodeIgniter\CodeIgniter->run()
WARNING - 2026-02-28 14:40:18 --> [DEPRECATED] Optional parameter $cg declared before required parameter $hcode is implicitly treated as a required parameter in APPPATH\Models\cgserviceModel.php on line 93.
 1 SYSTEMPATH\Autoloader\Autoloader.php(311): include_once('D:\\xampp6\\htdocs\\project-jwt\\vendor\\codeigniter4\\framework\\system\\Debug\\Exceptions.php')
 2 SYSTEMPATH\Autoloader\Autoloader.php(290): CodeIgniter\Autoloader\Autoloader->includeFile('D:\\xampp6\\htdocs\\project-jwt\\app\\Models\\cgserviceModel.php')
 3 SYSTEMPATH\Autoloader\Autoloader.php(266): CodeIgniter\Autoloader\Autoloader->loadInNamespace('App\\Models\\cgserviceModel')
 4 APPPATH\Controllers\ServiceController.php(21): CodeIgniter\Autoloader\Autoloader->loadClass('App\\Models\\cgserviceModel')
 5 SYSTEMPATH\CodeIgniter.php(915): App\Controllers\ServiceController->__construct()
 6 SYSTEMPATH\CodeIgniter.php(494): CodeIgniter\CodeIgniter->createController()
 7 SYSTEMPATH\CodeIgniter.php(361): CodeIgniter\CodeIgniter->handleRequest(null, Object(Config\Cache), false)
 8 FCPATH\index.php(79): CodeIgniter\CodeIgniter->run()
INFO - 2026-02-28 14:40:23 --> Session: Class initialized using 'CodeIgniter\Session\Handlers\FileHandler' driver.
WARNING - 2026-02-28 14:40:23 --> [DEPRECATED] Creation of dynamic property CodeIgniter\HTTP\IncomingRequest::$user is deprecated in APPPATH\Filters\JwtAuthWeb.php on line 32.
 1 SYSTEMPATH\Filters\Filters.php(182): App\Filters\JwtAuthWeb->before(Object(CodeIgniter\HTTP\IncomingRequest), null)
 2 SYSTEMPATH\CodeIgniter.php(475): CodeIgniter\Filters\Filters->run('ltc-view-details/288/2026/2', 'before')
 3 SYSTEMPATH\CodeIgniter.php(361): CodeIgniter\CodeIgniter->handleRequest(null, Object(Config\Cache), false)
 4 FCPATH\index.php(79): CodeIgniter\CodeIgniter->run()
WARNING - 2026-02-28 14:40:23 --> [DEPRECATED] Optional parameter $cg declared before required parameter $hcode is implicitly treated as a required parameter in APPPATH\Models\cgserviceModel.php on line 93.
 1 SYSTEMPATH\Autoloader\Autoloader.php(311): include_once('D:\\xampp6\\htdocs\\project-jwt\\vendor\\codeigniter4\\framework\\system\\Debug\\Exceptions.php')
 2 SYSTEMPATH\Autoloader\Autoloader.php(290): CodeIgniter\Autoloader\Autoloader->includeFile('D:\\xampp6\\htdocs\\project-jwt\\app\\Models\\cgserviceModel.php')
 3 SYSTEMPATH\Autoloader\Autoloader.php(266): CodeIgniter\Autoloader\Autoloader->loadInNamespace('App\\Models\\cgserviceModel')
 4 APPPATH\Controllers\ServiceController.php(21): CodeIgniter\Autoloader\Autoloader->loadClass('App\\Models\\cgserviceModel')
 5 SYSTEMPATH\CodeIgniter.php(915): App\Controllers\ServiceController->__construct()
 6 SYSTEMPATH\CodeIgniter.php(494): CodeIgniter\CodeIgniter->createController()
 7 SYSTEMPATH\CodeIgniter.php(361): CodeIgniter\CodeIgniter->handleRequest(null, Object(Config\Cache), false)
 8 FCPATH\index.php(79): CodeIgniter\CodeIgniter->run()
WARNING - 2026-02-28 14:40:24 --> [DEPRECATED] Creation of dynamic property CodeIgniter\HTTP\IncomingRequest::$user is deprecated in APPPATH\Filters\JwtAuth.php on line 47.
 1 SYSTEMPATH\Filters\Filters.php(182): App\Filters\JwtAuth->before(Object(CodeIgniter\HTTP\IncomingRequest), null)
 2 SYSTEMPATH\CodeIgniter.php(475): CodeIgniter\Filters\Filters->run('api/profile', 'before')
 3 SYSTEMPATH\CodeIgniter.php(361): CodeIgniter\CodeIgniter->handleRequest(null, Object(Config\Cache), false)
 4 FCPATH\index.php(79): CodeIgniter\CodeIgniter->run()
INFO - 2026-02-28 14:40:28 --> Session: Class initialized using 'CodeIgniter\Session\Handlers\FileHandler' driver.
WARNING - 2026-02-28 14:40:28 --> [DEPRECATED] Creation of dynamic property CodeIgniter\HTTP\IncomingRequest::$user is deprecated in APPPATH\Filters\JwtAuthWeb.php on line 32.
 1 SYSTEMPATH\Filters\Filters.php(182): App\Filters\JwtAuthWeb->before(Object(CodeIgniter\HTTP\IncomingRequest), null)
 2 SYSTEMPATH\CodeIgniter.php(475): CodeIgniter\Filters\Filters->run('service-page', 'before')
 3 SYSTEMPATH\CodeIgniter.php(361): CodeIgniter\CodeIgniter->handleRequest(null, Object(Config\Cache), false)
 4 FCPATH\index.php(79): CodeIgniter\CodeIgniter->run()
WARNING - 2026-02-28 14:40:28 --> [DEPRECATED] Optional parameter $cg declared before required parameter $hcode is implicitly treated as a required parameter in APPPATH\Models\cgserviceModel.php on line 93.
 1 SYSTEMPATH\Autoloader\Autoloader.php(311): include_once('D:\\xampp6\\htdocs\\project-jwt\\vendor\\codeigniter4\\framework\\system\\Debug\\Exceptions.php')
 2 SYSTEMPATH\Autoloader\Autoloader.php(290): CodeIgniter\Autoloader\Autoloader->includeFile('D:\\xampp6\\htdocs\\project-jwt\\app\\Models\\cgserviceModel.php')
 3 SYSTEMPATH\Autoloader\Autoloader.php(266): CodeIgniter\Autoloader\Autoloader->loadInNamespace('App\\Models\\cgserviceModel')
 4 APPPATH\Controllers\ServiceController.php(21): CodeIgniter\Autoloader\Autoloader->loadClass('App\\Models\\cgserviceModel')
 5 SYSTEMPATH\CodeIgniter.php(915): App\Controllers\ServiceController->__construct()
 6 SYSTEMPATH\CodeIgniter.php(494): CodeIgniter\CodeIgniter->createController()
 7 SYSTEMPATH\CodeIgniter.php(361): CodeIgniter\CodeIgniter->handleRequest(null, Object(Config\Cache), false)
 8 FCPATH\index.php(79): CodeIgniter\CodeIgniter->run()
WARNING - 2026-02-28 14:40:29 --> [DEPRECATED] Creation of dynamic property CodeIgniter\HTTP\IncomingRequest::$user is deprecated in APPPATH\Filters\JwtAuth.php on line 47.
 1 SYSTEMPATH\Filters\Filters.php(182): App\Filters\JwtAuth->before(Object(CodeIgniter\HTTP\IncomingRequest), null)
 2 SYSTEMPATH\CodeIgniter.php(475): CodeIgniter\Filters\Filters->run('api/profile', 'before')
 3 SYSTEMPATH\CodeIgniter.php(361): CodeIgniter\CodeIgniter->handleRequest(null, Object(Config\Cache), false)
 4 FCPATH\index.php(79): CodeIgniter\CodeIgniter->run()
INFO - 2026-02-28 14:40:32 --> Session: Class initialized using 'CodeIgniter\Session\Handlers\FileHandler' driver.
WARNING - 2026-02-28 14:40:32 --> [DEPRECATED] Creation of dynamic property CodeIgniter\HTTP\IncomingRequest::$user is deprecated in APPPATH\Filters\JwtAuthWeb.php on line 32.
 1 SYSTEMPATH\Filters\Filters.php(182): App\Filters\JwtAuthWeb->before(Object(CodeIgniter\HTTP\IncomingRequest), null)
 2 SYSTEMPATH\CodeIgniter.php(475): CodeIgniter\Filters\Filters->run('cgServicerep', 'before')
 3 SYSTEMPATH\CodeIgniter.php(361): CodeIgniter\CodeIgniter->handleRequest(null, Object(Config\Cache), false)
 4 FCPATH\index.php(79): CodeIgniter\CodeIgniter->run()
WARNING - 2026-02-28 14:40:32 --> [DEPRECATED] Optional parameter $cg declared before required parameter $hcode is implicitly treated as a required parameter in APPPATH\Models\cgserviceModel.php on line 93.
 1 SYSTEMPATH\Autoloader\Autoloader.php(311): include_once('D:\\xampp6\\htdocs\\project-jwt\\vendor\\codeigniter4\\framework\\system\\Debug\\Exceptions.php')
 2 SYSTEMPATH\Autoloader\Autoloader.php(290): CodeIgniter\Autoloader\Autoloader->includeFile('D:\\xampp6\\htdocs\\project-jwt\\app\\Models\\cgserviceModel.php')
 3 SYSTEMPATH\Autoloader\Autoloader.php(266): CodeIgniter\Autoloader\Autoloader->loadInNamespace('App\\Models\\cgserviceModel')
 4 APPPATH\Controllers\ServiceController.php(21): CodeIgniter\Autoloader\Autoloader->loadClass('App\\Models\\cgserviceModel')
 5 SYSTEMPATH\CodeIgniter.php(915): App\Controllers\ServiceController->__construct()
 6 SYSTEMPATH\CodeIgniter.php(494): CodeIgniter\CodeIgniter->createController()
 7 SYSTEMPATH\CodeIgniter.php(361): CodeIgniter\CodeIgniter->handleRequest(null, Object(Config\Cache), false)
 8 FCPATH\index.php(79): CodeIgniter\CodeIgniter->run()
INFO - 2026-02-28 14:44:24 --> Session: Class initialized using 'CodeIgniter\Session\Handlers\FileHandler' driver.
WARNING - 2026-02-28 14:44:24 --> [DEPRECATED] Creation of dynamic property CodeIgniter\HTTP\IncomingRequest::$user is deprecated in APPPATH\Filters\JwtAuthWeb.php on line 32.
 1 SYSTEMPATH\Filters\Filters.php(182): App\Filters\JwtAuthWeb->before(Object(CodeIgniter\HTTP\IncomingRequest), null)
 2 SYSTEMPATH\CodeIgniter.php(475): CodeIgniter\Filters\Filters->run('service-page', 'before')
 3 SYSTEMPATH\CodeIgniter.php(361): CodeIgniter\CodeIgniter->handleRequest(null, Object(Config\Cache), false)
 4 FCPATH\index.php(79): CodeIgniter\CodeIgniter->run()
WARNING - 2026-02-28 14:44:24 --> [DEPRECATED] Optional parameter $cg declared before required parameter $hcode is implicitly treated as a required parameter in APPPATH\Models\cgserviceModel.php on line 93.
 1 SYSTEMPATH\Autoloader\Autoloader.php(311): include_once('D:\\xampp6\\htdocs\\project-jwt\\vendor\\codeigniter4\\framework\\system\\Debug\\Exceptions.php')
 2 SYSTEMPATH\Autoloader\Autoloader.php(290): CodeIgniter\Autoloader\Autoloader->includeFile('D:\\xampp6\\htdocs\\project-jwt\\app\\Models\\cgserviceModel.php')
 3 SYSTEMPATH\Autoloader\Autoloader.php(266): CodeIgniter\Autoloader\Autoloader->loadInNamespace('App\\Models\\cgserviceModel')
 4 APPPATH\Controllers\ServiceController.php(21): CodeIgniter\Autoloader\Autoloader->loadClass('App\\Models\\cgserviceModel')
 5 SYSTEMPATH\CodeIgniter.php(915): App\Controllers\ServiceController->__construct()
 6 SYSTEMPATH\CodeIgniter.php(494): CodeIgniter\CodeIgniter->createController()
 7 SYSTEMPATH\CodeIgniter.php(361): CodeIgniter\CodeIgniter->handleRequest(null, Object(Config\Cache), false)
 8 FCPATH\index.php(79): CodeIgniter\CodeIgniter->run()
ERROR - 2026-02-28 14:44:24 --> mysqli_sql_exception: You have an error in your SQL syntax; check the manual that corresponds to your MySQL server version for the right syntax to use near '(body) AS lbody FROM ltc_cgservice WHERE year(s_date)= '0' AND month(s_date) = '' at line 2 in D:\xampp6\htdocs\project-jwt\vendor\codeigniter4\framework\system\Database\MySQLi\Connection.php:306
Stack trace:
#0 D:\xampp6\htdocs\project-jwt\vendor\codeigniter4\framework\system\Database\MySQLi\Connection.php(306): mysqli->query('SELECT l.id,l.i...', 0)
#1 D:\xampp6\htdocs\project-jwt\vendor\codeigniter4\framework\system\Database\BaseConnection.php(693): CodeIgniter\Database\MySQLi\Connection->execute('SELECT l.id,l.i...')
#2 D:\xampp6\htdocs\project-jwt\vendor\codeigniter4\framework\system\Database\BaseConnection.php(607): CodeIgniter\Database\BaseConnection->simpleQuery('SELECT l.id,l.i...')
#3 D:\xampp6\htdocs\project-jwt\app\Models\cgserviceModel.php(104): CodeIgniter\Database\BaseConnection->query('SELECT l.id,l.i...')
#4 D:\xampp6\htdocs\project-jwt\app\Controllers\ServiceController.php(53): App\Models\cgserviceModel->getSeviceInmonth(0, 0, NULL, '03545')
#5 D:\xampp6\htdocs\project-jwt\vendor\codeigniter4\framework\system\CodeIgniter.php(943): App\Controllers\ServiceController->index()
#6 D:\xampp6\htdocs\project-jwt\vendor\codeigniter4\framework\system\CodeIgniter.php(503): CodeIgniter\CodeIgniter->runController(Object(App\Controllers\ServiceController))
#7 D:\xampp6\htdocs\project-jwt\vendor\codeigniter4\framework\system\CodeIgniter.php(361): CodeIgniter\CodeIgniter->handleRequest(NULL, Object(Config\Cache), false)
#8 D:\xampp6\htdocs\project-jwt\public\index.php(79): CodeIgniter\CodeIgniter->run()
#9 {main}
CRITICAL - 2026-02-28 14:44:24 --> CodeIgniter\Database\Exceptions\DatabaseException: You have an error in your SQL syntax; check the manual that corresponds to your MySQL server version for the right syntax to use near '(body) AS lbody FROM ltc_cgservice WHERE year(s_date)= '0' AND month(s_date) = '' at line 2
in SYSTEMPATH\Database\BaseConnection.php on line 647.
 1 APPPATH\Models\cgserviceModel.php(104): CodeIgniter\Database\BaseConnection->query('SELECT l.id,l.idcard,l.name,l.age,l.grp,cs.count_cs,cs.stimes,cs.lbody,cs.mdate FROM ltc_ltc l  INNER JOIN (select ltc_id,count(ltc_id) as count_cs,MAX(s_date) AS mdate,
                    SUM(times) AS stimes,LAST(body) AS lbody FROM ltc_cgservice WHERE year(s_date)= \'0\' AND month(s_date) = \'0\'    
                    GROUP BY ltc_id ORDER BY mdate DESC) cs ON l.id = cs.ltc_id WHERE l.hospcode = \'03545\'')
 2 APPPATH\Controllers\ServiceController.php(53): App\Models\cgserviceModel->getSeviceInmonth(0, 0, null, '03545')
 3 SYSTEMPATH\CodeIgniter.php(943): App\Controllers\ServiceController->index()
 4 SYSTEMPATH\CodeIgniter.php(503): CodeIgniter\CodeIgniter->runController(Object(App\Controllers\ServiceController))
 5 SYSTEMPATH\CodeIgniter.php(361): CodeIgniter\CodeIgniter->handleRequest(null, Object(Config\Cache), false)
 6 FCPATH\index.php(79): CodeIgniter\CodeIgniter->run()
CRITICAL - 2026-02-28 14:44:24 --> [Caused by] CodeIgniter\Database\Exceptions\DatabaseException: You have an error in your SQL syntax; check the manual that corresponds to your MySQL server version for the right syntax to use near '(body) AS lbody FROM ltc_cgservice WHERE year(s_date)= '0' AND month(s_date) = '' at line 2
in SYSTEMPATH\Database\MySQLi\Connection.php on line 311.
 1 SYSTEMPATH\Database\BaseConnection.php(693): CodeIgniter\Database\MySQLi\Connection->execute('SELECT l.id,l.idcard,l.name,l.age,l.grp,cs.count_cs,cs.stimes,cs.lbody,cs.mdate FROM ltc_ltc l  INNER JOIN (select ltc_id,count(ltc_id) as count_cs,MAX(s_date) AS mdate,
                    SUM(times) AS stimes,LAST(body) AS lbody FROM ltc_cgservice WHERE year(s_date)= \'0\' AND month(s_date) = \'0\'    
                    GROUP BY ltc_id ORDER BY mdate DESC) cs ON l.id = cs.ltc_id WHERE l.hospcode = \'03545\'')
 2 SYSTEMPATH\Database\BaseConnection.php(607): CodeIgniter\Database\BaseConnection->simpleQuery('SELECT l.id,l.idcard,l.name,l.age,l.grp,cs.count_cs,cs.stimes,cs.lbody,cs.mdate FROM ltc_ltc l  INNER JOIN (select ltc_id,count(ltc_id) as count_cs,MAX(s_date) AS mdate,
                    SUM(times) AS stimes,LAST(body) AS lbody FROM ltc_cgservice WHERE year(s_date)= \'0\' AND month(s_date) = \'0\'    
                    GROUP BY ltc_id ORDER BY mdate DESC) cs ON l.id = cs.ltc_id WHERE l.hospcode = \'03545\'')
 3 APPPATH\Models\cgserviceModel.php(104): CodeIgniter\Database\BaseConnection->query('SELECT l.id,l.idcard,l.name,l.age,l.grp,cs.count_cs,cs.stimes,cs.lbody,cs.mdate FROM ltc_ltc l  INNER JOIN (select ltc_id,count(ltc_id) as count_cs,MAX(s_date) AS mdate,
                    SUM(times) AS stimes,LAST(body) AS lbody FROM ltc_cgservice WHERE year(s_date)= \'0\' AND month(s_date) = \'0\'    
                    GROUP BY ltc_id ORDER BY mdate DESC) cs ON l.id = cs.ltc_id WHERE l.hospcode = \'03545\'')
 4 APPPATH\Controllers\ServiceController.php(53): App\Models\cgserviceModel->getSeviceInmonth(0, 0, null, '03545')
 5 SYSTEMPATH\CodeIgniter.php(943): App\Controllers\ServiceController->index()
 6 SYSTEMPATH\CodeIgniter.php(503): CodeIgniter\CodeIgniter->runController(Object(App\Controllers\ServiceController))
 7 SYSTEMPATH\CodeIgniter.php(361): CodeIgniter\CodeIgniter->handleRequest(null, Object(Config\Cache), false)
 8 FCPATH\index.php(79): CodeIgniter\CodeIgniter->run()
CRITICAL - 2026-02-28 14:44:24 --> [Caused by] mysqli_sql_exception: You have an error in your SQL syntax; check the manual that corresponds to your MySQL server version for the right syntax to use near '(body) AS lbody FROM ltc_cgservice WHERE year(s_date)= '0' AND month(s_date) = '' at line 2
in SYSTEMPATH\Database\MySQLi\Connection.php on line 306.
 1 SYSTEMPATH\Database\MySQLi\Connection.php(306): mysqli->query('SELECT l.id,l.idcard,l.name,l.age,l.grp,cs.count_cs,cs.stimes,cs.lbody,cs.mdate FROM ltc_ltc l  INNER JOIN (select ltc_id,count(ltc_id) as count_cs,MAX(s_date) AS mdate,
                    SUM(times) AS stimes,LAST(body) AS lbody FROM ltc_cgservice WHERE year(s_date)= \'0\' AND month(s_date) = \'0\'    
                    GROUP BY ltc_id ORDER BY mdate DESC) cs ON l.id = cs.ltc_id WHERE l.hospcode = \'03545\'', 0)
 2 SYSTEMPATH\Database\BaseConnection.php(693): CodeIgniter\Database\MySQLi\Connection->execute('SELECT l.id,l.idcard,l.name,l.age,l.grp,cs.count_cs,cs.stimes,cs.lbody,cs.mdate FROM ltc_ltc l  INNER JOIN (select ltc_id,count(ltc_id) as count_cs,MAX(s_date) AS mdate,
                    SUM(times) AS stimes,LAST(body) AS lbody FROM ltc_cgservice WHERE year(s_date)= \'0\' AND month(s_date) = \'0\'    
                    GROUP BY ltc_id ORDER BY mdate DESC) cs ON l.id = cs.ltc_id WHERE l.hospcode = \'03545\'')
 3 SYSTEMPATH\Database\BaseConnection.php(607): CodeIgniter\Database\BaseConnection->simpleQuery('SELECT l.id,l.idcard,l.name,l.age,l.grp,cs.count_cs,cs.stimes,cs.lbody,cs.mdate FROM ltc_ltc l  INNER JOIN (select ltc_id,count(ltc_id) as count_cs,MAX(s_date) AS mdate,
                    SUM(times) AS stimes,LAST(body) AS lbody FROM ltc_cgservice WHERE year(s_date)= \'0\' AND month(s_date) = \'0\'    
                    GROUP BY ltc_id ORDER BY mdate DESC) cs ON l.id = cs.ltc_id WHERE l.hospcode = \'03545\'')
 4 APPPATH\Models\cgserviceModel.php(104): CodeIgniter\Database\BaseConnection->query('SELECT l.id,l.idcard,l.name,l.age,l.grp,cs.count_cs,cs.stimes,cs.lbody,cs.mdate FROM ltc_ltc l  INNER JOIN (select ltc_id,count(ltc_id) as count_cs,MAX(s_date) AS mdate,
                    SUM(times) AS stimes,LAST(body) AS lbody FROM ltc_cgservice WHERE year(s_date)= \'0\' AND month(s_date) = \'0\'    
                    GROUP BY ltc_id ORDER BY mdate DESC) cs ON l.id = cs.ltc_id WHERE l.hospcode = \'03545\'')
 5 APPPATH\Controllers\ServiceController.php(53): App\Models\cgserviceModel->getSeviceInmonth(0, 0, null, '03545')
 6 SYSTEMPATH\CodeIgniter.php(943): App\Controllers\ServiceController->index()
 7 SYSTEMPATH\CodeIgniter.php(503): CodeIgniter\CodeIgniter->runController(Object(App\Controllers\ServiceController))
 8 SYSTEMPATH\CodeIgniter.php(361): CodeIgniter\CodeIgniter->handleRequest(null, Object(Config\Cache), false)
 9 FCPATH\index.php(79): CodeIgniter\CodeIgniter->run()
INFO - 2026-02-28 14:47:09 --> Session: Class initialized using 'CodeIgniter\Session\Handlers\FileHandler' driver.
WARNING - 2026-02-28 14:47:09 --> [DEPRECATED] Creation of dynamic property CodeIgniter\HTTP\IncomingRequest::$user is deprecated in APPPATH\Filters\JwtAuthWeb.php on line 32.
 1 SYSTEMPATH\Filters\Filters.php(182): App\Filters\JwtAuthWeb->before(Object(CodeIgniter\HTTP\IncomingRequest), null)
 2 SYSTEMPATH\CodeIgniter.php(475): CodeIgniter\Filters\Filters->run('service-page', 'before')
 3 SYSTEMPATH\CodeIgniter.php(361): CodeIgniter\CodeIgniter->handleRequest(null, Object(Config\Cache), false)
 4 FCPATH\index.php(79): CodeIgniter\CodeIgniter->run()
WARNING - 2026-02-28 14:47:09 --> [DEPRECATED] Optional parameter $cg declared before required parameter $hcode is implicitly treated as a required parameter in APPPATH\Models\cgserviceModel.php on line 93.
 1 SYSTEMPATH\Autoloader\Autoloader.php(311): include_once('D:\\xampp6\\htdocs\\project-jwt\\vendor\\codeigniter4\\framework\\system\\Debug\\Exceptions.php')
 2 SYSTEMPATH\Autoloader\Autoloader.php(290): CodeIgniter\Autoloader\Autoloader->includeFile('D:\\xampp6\\htdocs\\project-jwt\\app\\Models\\cgserviceModel.php')
 3 SYSTEMPATH\Autoloader\Autoloader.php(266): CodeIgniter\Autoloader\Autoloader->loadInNamespace('App\\Models\\cgserviceModel')
 4 APPPATH\Controllers\ServiceController.php(21): CodeIgniter\Autoloader\Autoloader->loadClass('App\\Models\\cgserviceModel')
 5 SYSTEMPATH\CodeIgniter.php(915): App\Controllers\ServiceController->__construct()
 6 SYSTEMPATH\CodeIgniter.php(494): CodeIgniter\CodeIgniter->createController()
 7 SYSTEMPATH\CodeIgniter.php(361): CodeIgniter\CodeIgniter->handleRequest(null, Object(Config\Cache), false)
 8 FCPATH\index.php(79): CodeIgniter\CodeIgniter->run()
ERROR - 2026-02-28 14:47:09 --> mysqli_sql_exception: Expression #5 of SELECT list is not in GROUP BY clause and contains nonaggregated column 'ltcbase.ltc_cgservice.body' which is not functionally dependent on columns in GROUP BY clause; this is incompatible with sql_mode=only_full_group_by in D:\xampp6\htdocs\project-jwt\vendor\codeigniter4\framework\system\Database\MySQLi\Connection.php:306
Stack trace:
#0 D:\xampp6\htdocs\project-jwt\vendor\codeigniter4\framework\system\Database\MySQLi\Connection.php(306): mysqli->query('SELECT l.id,l.i...', 0)
#1 D:\xampp6\htdocs\project-jwt\vendor\codeigniter4\framework\system\Database\BaseConnection.php(693): CodeIgniter\Database\MySQLi\Connection->execute('SELECT l.id,l.i...')
#2 D:\xampp6\htdocs\project-jwt\vendor\codeigniter4\framework\system\Database\BaseConnection.php(607): CodeIgniter\Database\BaseConnection->simpleQuery('SELECT l.id,l.i...')
#3 D:\xampp6\htdocs\project-jwt\app\Models\cgserviceModel.php(104): CodeIgniter\Database\BaseConnection->query('SELECT l.id,l.i...')
#4 D:\xampp6\htdocs\project-jwt\app\Controllers\ServiceController.php(53): App\Models\cgserviceModel->getSeviceInmonth(0, 0, NULL, '03545')
#5 D:\xampp6\htdocs\project-jwt\vendor\codeigniter4\framework\system\CodeIgniter.php(943): App\Controllers\ServiceController->index()
#6 D:\xampp6\htdocs\project-jwt\vendor\codeigniter4\framework\system\CodeIgniter.php(503): CodeIgniter\CodeIgniter->runController(Object(App\Controllers\ServiceController))
#7 D:\xampp6\htdocs\project-jwt\vendor\codeigniter4\framework\system\CodeIgniter.php(361): CodeIgniter\CodeIgniter->handleRequest(NULL, Object(Config\Cache), false)
#8 D:\xampp6\htdocs\project-jwt\public\index.php(79): CodeIgniter\CodeIgniter->run()
#9 {main}
CRITICAL - 2026-02-28 14:47:09 --> CodeIgniter\Database\Exceptions\DatabaseException: Expression #5 of SELECT list is not in GROUP BY clause and contains nonaggregated column 'ltcbase.ltc_cgservice.body' which is not functionally dependent on columns in GROUP BY clause; this is incompatible with sql_mode=only_full_group_by
in SYSTEMPATH\Database\BaseConnection.php on line 647.
 1 APPPATH\Models\cgserviceModel.php(104): CodeIgniter\Database\BaseConnection->query('SELECT l.id,l.idcard,l.name,l.age,l.grp,cs.count_cs,cs.stimes,cs.lbody,cs.mdate FROM ltc_ltc l  INNER JOIN (select ltc_id,count(ltc_id) as count_cs,MAX(s_date) AS mdate,
                    SUM(times) AS stimes,body AS lbody FROM ltc_cgservice WHERE year(s_date)= \'0\' AND month(s_date) = \'0\'    
                    GROUP BY ltc_id ORDER BY mdate DESC LIMIT 1) cs ON l.id = cs.ltc_id WHERE l.hospcode = \'03545\'')
 2 APPPATH\Controllers\ServiceController.php(53): App\Models\cgserviceModel->getSeviceInmonth(0, 0, null, '03545')
 3 SYSTEMPATH\CodeIgniter.php(943): App\Controllers\ServiceController->index()
 4 SYSTEMPATH\CodeIgniter.php(503): CodeIgniter\CodeIgniter->runController(Object(App\Controllers\ServiceController))
 5 SYSTEMPATH\CodeIgniter.php(361): CodeIgniter\CodeIgniter->handleRequest(null, Object(Config\Cache), false)
 6 FCPATH\index.php(79): CodeIgniter\CodeIgniter->run()
CRITICAL - 2026-02-28 14:47:09 --> [Caused by] CodeIgniter\Database\Exceptions\DatabaseException: Expression #5 of SELECT list is not in GROUP BY clause and contains nonaggregated column 'ltcbase.ltc_cgservice.body' which is not functionally dependent on columns in GROUP BY clause; this is incompatible with sql_mode=only_full_group_by
in SYSTEMPATH\Database\MySQLi\Connection.php on line 311.
 1 SYSTEMPATH\Database\BaseConnection.php(693): CodeIgniter\Database\MySQLi\Connection->execute('SELECT l.id,l.idcard,l.name,l.age,l.grp,cs.count_cs,cs.stimes,cs.lbody,cs.mdate FROM ltc_ltc l  INNER JOIN (select ltc_id,count(ltc_id) as count_cs,MAX(s_date) AS mdate,
                    SUM(times) AS stimes,body AS lbody FROM ltc_cgservice WHERE year(s_date)= \'0\' AND month(s_date) = \'0\'    
                    GROUP BY ltc_id ORDER BY mdate DESC LIMIT 1) cs ON l.id = cs.ltc_id WHERE l.hospcode = \'03545\'')
 2 SYSTEMPATH\Database\BaseConnection.php(607): CodeIgniter\Database\BaseConnection->simpleQuery('SELECT l.id,l.idcard,l.name,l.age,l.grp,cs.count_cs,cs.stimes,cs.lbody,cs.mdate FROM ltc_ltc l  INNER JOIN (select ltc_id,count(ltc_id) as count_cs,MAX(s_date) AS mdate,
                    SUM(times) AS stimes,body AS lbody FROM ltc_cgservice WHERE year(s_date)= \'0\' AND month(s_date) = \'0\'    
                    GROUP BY ltc_id ORDER BY mdate DESC LIMIT 1) cs ON l.id = cs.ltc_id WHERE l.hospcode = \'03545\'')
 3 APPPATH\Models\cgserviceModel.php(104): CodeIgniter\Database\BaseConnection->query('SELECT l.id,l.idcard,l.name,l.age,l.grp,cs.count_cs,cs.stimes,cs.lbody,cs.mdate FROM ltc_ltc l  INNER JOIN (select ltc_id,count(ltc_id) as count_cs,MAX(s_date) AS mdate,
                    SUM(times) AS stimes,body AS lbody FROM ltc_cgservice WHERE year(s_date)= \'0\' AND month(s_date) = \'0\'    
                    GROUP BY ltc_id ORDER BY mdate DESC LIMIT 1) cs ON l.id = cs.ltc_id WHERE l.hospcode = \'03545\'')
 4 APPPATH\Controllers\ServiceController.php(53): App\Models\cgserviceModel->getSeviceInmonth(0, 0, null, '03545')
 5 SYSTEMPATH\CodeIgniter.php(943): App\Controllers\ServiceController->index()
 6 SYSTEMPATH\CodeIgniter.php(503): CodeIgniter\CodeIgniter->runController(Object(App\Controllers\ServiceController))
 7 SYSTEMPATH\CodeIgniter.php(361): CodeIgniter\CodeIgniter->handleRequest(null, Object(Config\Cache), false)
 8 FCPATH\index.php(79): CodeIgniter\CodeIgniter->run()
CRITICAL - 2026-02-28 14:47:09 --> [Caused by] mysqli_sql_exception: Expression #5 of SELECT list is not in GROUP BY clause and contains nonaggregated column 'ltcbase.ltc_cgservice.body' which is not functionally dependent on columns in GROUP BY clause; this is incompatible with sql_mode=only_full_group_by
in SYSTEMPATH\Database\MySQLi\Connection.php on line 306.
 1 SYSTEMPATH\Database\MySQLi\Connection.php(306): mysqli->query('SELECT l.id,l.idcard,l.name,l.age,l.grp,cs.count_cs,cs.stimes,cs.lbody,cs.mdate FROM ltc_ltc l  INNER JOIN (select ltc_id,count(ltc_id) as count_cs,MAX(s_date) AS mdate,
                    SUM(times) AS stimes,body AS lbody FROM ltc_cgservice WHERE year(s_date)= \'0\' AND month(s_date) = \'0\'    
                    GROUP BY ltc_id ORDER BY mdate DESC LIMIT 1) cs ON l.id = cs.ltc_id WHERE l.hospcode = \'03545\'', 0)
 2 SYSTEMPATH\Database\BaseConnection.php(693): CodeIgniter\Database\MySQLi\Connection->execute('SELECT l.id,l.idcard,l.name,l.age,l.grp,cs.count_cs,cs.stimes,cs.lbody,cs.mdate FROM ltc_ltc l  INNER JOIN (select ltc_id,count(ltc_id) as count_cs,MAX(s_date) AS mdate,
                    SUM(times) AS stimes,body AS lbody FROM ltc_cgservice WHERE year(s_date)= \'0\' AND month(s_date) = \'0\'    
                    GROUP BY ltc_id ORDER BY mdate DESC LIMIT 1) cs ON l.id = cs.ltc_id WHERE l.hospcode = \'03545\'')
 3 SYSTEMPATH\Database\BaseConnection.php(607): CodeIgniter\Database\BaseConnection->simpleQuery('SELECT l.id,l.idcard,l.name,l.age,l.grp,cs.count_cs,cs.stimes,cs.lbody,cs.mdate FROM ltc_ltc l  INNER JOIN (select ltc_id,count(ltc_id) as count_cs,MAX(s_date) AS mdate,
                    SUM(times) AS stimes,body AS lbody FROM ltc_cgservice WHERE year(s_date)= \'0\' AND month(s_date) = \'0\'    
                    GROUP BY ltc_id ORDER BY mdate DESC LIMIT 1) cs ON l.id = cs.ltc_id WHERE l.hospcode = \'03545\'')
 4 APPPATH\Models\cgserviceModel.php(104): CodeIgniter\Database\BaseConnection->query('SELECT l.id,l.idcard,l.name,l.age,l.grp,cs.count_cs,cs.stimes,cs.lbody,cs.mdate FROM ltc_ltc l  INNER JOIN (select ltc_id,count(ltc_id) as count_cs,MAX(s_date) AS mdate,
                    SUM(times) AS stimes,body AS lbody FROM ltc_cgservice WHERE year(s_date)= \'0\' AND month(s_date) = \'0\'    
                    GROUP BY ltc_id ORDER BY mdate DESC LIMIT 1) cs ON l.id = cs.ltc_id WHERE l.hospcode = \'03545\'')
 5 APPPATH\Controllers\ServiceController.php(53): App\Models\cgserviceModel->getSeviceInmonth(0, 0, null, '03545')
 6 SYSTEMPATH\CodeIgniter.php(943): App\Controllers\ServiceController->index()
 7 SYSTEMPATH\CodeIgniter.php(503): CodeIgniter\CodeIgniter->runController(Object(App\Controllers\ServiceController))
 8 SYSTEMPATH\CodeIgniter.php(361): CodeIgniter\CodeIgniter->handleRequest(null, Object(Config\Cache), false)
 9 FCPATH\index.php(79): CodeIgniter\CodeIgniter->run()
INFO - 2026-02-28 14:47:32 --> Session: Class initialized using 'CodeIgniter\Session\Handlers\FileHandler' driver.
WARNING - 2026-02-28 14:47:32 --> [DEPRECATED] Creation of dynamic property CodeIgniter\HTTP\IncomingRequest::$user is deprecated in APPPATH\Filters\JwtAuthWeb.php on line 32.
 1 SYSTEMPATH\Filters\Filters.php(182): App\Filters\JwtAuthWeb->before(Object(CodeIgniter\HTTP\IncomingRequest), null)
 2 SYSTEMPATH\CodeIgniter.php(475): CodeIgniter\Filters\Filters->run('service-page', 'before')
 3 SYSTEMPATH\CodeIgniter.php(361): CodeIgniter\CodeIgniter->handleRequest(null, Object(Config\Cache), false)
 4 FCPATH\index.php(79): CodeIgniter\CodeIgniter->run()
WARNING - 2026-02-28 14:47:32 --> [DEPRECATED] Optional parameter $cg declared before required parameter $hcode is implicitly treated as a required parameter in APPPATH\Models\cgserviceModel.php on line 93.
 1 SYSTEMPATH\Autoloader\Autoloader.php(311): include_once('D:\\xampp6\\htdocs\\project-jwt\\vendor\\codeigniter4\\framework\\system\\Debug\\Exceptions.php')
 2 SYSTEMPATH\Autoloader\Autoloader.php(290): CodeIgniter\Autoloader\Autoloader->includeFile('D:\\xampp6\\htdocs\\project-jwt\\app\\Models\\cgserviceModel.php')
 3 SYSTEMPATH\Autoloader\Autoloader.php(266): CodeIgniter\Autoloader\Autoloader->loadInNamespace('App\\Models\\cgserviceModel')
 4 APPPATH\Controllers\ServiceController.php(21): CodeIgniter\Autoloader\Autoloader->loadClass('App\\Models\\cgserviceModel')
 5 SYSTEMPATH\CodeIgniter.php(915): App\Controllers\ServiceController->__construct()
 6 SYSTEMPATH\CodeIgniter.php(494): CodeIgniter\CodeIgniter->createController()
 7 SYSTEMPATH\CodeIgniter.php(361): CodeIgniter\CodeIgniter->handleRequest(null, Object(Config\Cache), false)
 8 FCPATH\index.php(79): CodeIgniter\CodeIgniter->run()
WARNING - 2026-02-28 14:47:32 --> [DEPRECATED] Creation of dynamic property CodeIgniter\HTTP\IncomingRequest::$user is deprecated in APPPATH\Filters\JwtAuth.php on line 47.
 1 SYSTEMPATH\Filters\Filters.php(182): App\Filters\JwtAuth->before(Object(CodeIgniter\HTTP\IncomingRequest), null)
 2 SYSTEMPATH\CodeIgniter.php(475): CodeIgniter\Filters\Filters->run('api/profile', 'before')
 3 SYSTEMPATH\CodeIgniter.php(361): CodeIgniter\CodeIgniter->handleRequest(null, Object(Config\Cache), false)
 4 FCPATH\index.php(79): CodeIgniter\CodeIgniter->run()
INFO - 2026-02-28 14:47:35 --> Session: Class initialized using 'CodeIgniter\Session\Handlers\FileHandler' driver.
WARNING - 2026-02-28 14:47:35 --> [DEPRECATED] Creation of dynamic property CodeIgniter\HTTP\IncomingRequest::$user is deprecated in APPPATH\Filters\JwtAuthWeb.php on line 32.
 1 SYSTEMPATH\Filters\Filters.php(182): App\Filters\JwtAuthWeb->before(Object(CodeIgniter\HTTP\IncomingRequest), null)
 2 SYSTEMPATH\CodeIgniter.php(475): CodeIgniter\Filters\Filters->run('cgServicerep', 'before')
 3 SYSTEMPATH\CodeIgniter.php(361): CodeIgniter\CodeIgniter->handleRequest(null, Object(Config\Cache), false)
 4 FCPATH\index.php(79): CodeIgniter\CodeIgniter->run()
WARNING - 2026-02-28 14:47:35 --> [DEPRECATED] Optional parameter $cg declared before required parameter $hcode is implicitly treated as a required parameter in APPPATH\Models\cgserviceModel.php on line 93.
 1 SYSTEMPATH\Autoloader\Autoloader.php(311): include_once('D:\\xampp6\\htdocs\\project-jwt\\vendor\\codeigniter4\\framework\\system\\Debug\\Exceptions.php')
 2 SYSTEMPATH\Autoloader\Autoloader.php(290): CodeIgniter\Autoloader\Autoloader->includeFile('D:\\xampp6\\htdocs\\project-jwt\\app\\Models\\cgserviceModel.php')
 3 SYSTEMPATH\Autoloader\Autoloader.php(266): CodeIgniter\Autoloader\Autoloader->loadInNamespace('App\\Models\\cgserviceModel')
 4 APPPATH\Controllers\ServiceController.php(21): CodeIgniter\Autoloader\Autoloader->loadClass('App\\Models\\cgserviceModel')
 5 SYSTEMPATH\CodeIgniter.php(915): App\Controllers\ServiceController->__construct()
 6 SYSTEMPATH\CodeIgniter.php(494): CodeIgniter\CodeIgniter->createController()
 7 SYSTEMPATH\CodeIgniter.php(361): CodeIgniter\CodeIgniter->handleRequest(null, Object(Config\Cache), false)
 8 FCPATH\index.php(79): CodeIgniter\CodeIgniter->run()
INFO - 2026-02-28 14:47:39 --> Session: Class initialized using 'CodeIgniter\Session\Handlers\FileHandler' driver.
WARNING - 2026-02-28 14:47:39 --> [DEPRECATED] Creation of dynamic property CodeIgniter\HTTP\IncomingRequest::$user is deprecated in APPPATH\Filters\JwtAuthWeb.php on line 32.
 1 SYSTEMPATH\Filters\Filters.php(182): App\Filters\JwtAuthWeb->before(Object(CodeIgniter\HTTP\IncomingRequest), null)
 2 SYSTEMPATH\CodeIgniter.php(475): CodeIgniter\Filters\Filters->run('cgServicerep', 'before')
 3 SYSTEMPATH\CodeIgniter.php(361): CodeIgniter\CodeIgniter->handleRequest(null, Object(Config\Cache), false)
 4 FCPATH\index.php(79): CodeIgniter\CodeIgniter->run()
WARNING - 2026-02-28 14:47:39 --> [DEPRECATED] Optional parameter $cg declared before required parameter $hcode is implicitly treated as a required parameter in APPPATH\Models\cgserviceModel.php on line 93.
 1 SYSTEMPATH\Autoloader\Autoloader.php(311): include_once('D:\\xampp6\\htdocs\\project-jwt\\vendor\\codeigniter4\\framework\\system\\Debug\\Exceptions.php')
 2 SYSTEMPATH\Autoloader\Autoloader.php(290): CodeIgniter\Autoloader\Autoloader->includeFile('D:\\xampp6\\htdocs\\project-jwt\\app\\Models\\cgserviceModel.php')
 3 SYSTEMPATH\Autoloader\Autoloader.php(266): CodeIgniter\Autoloader\Autoloader->loadInNamespace('App\\Models\\cgserviceModel')
 4 APPPATH\Controllers\ServiceController.php(21): CodeIgniter\Autoloader\Autoloader->loadClass('App\\Models\\cgserviceModel')
 5 SYSTEMPATH\CodeIgniter.php(915): App\Controllers\ServiceController->__construct()
 6 SYSTEMPATH\CodeIgniter.php(494): CodeIgniter\CodeIgniter->createController()
 7 SYSTEMPATH\CodeIgniter.php(361): CodeIgniter\CodeIgniter->handleRequest(null, Object(Config\Cache), false)
 8 FCPATH\index.php(79): CodeIgniter\CodeIgniter->run()
INFO - 2026-02-28 14:47:42 --> Session: Class initialized using 'CodeIgniter\Session\Handlers\FileHandler' driver.
WARNING - 2026-02-28 14:47:42 --> [DEPRECATED] Creation of dynamic property CodeIgniter\HTTP\IncomingRequest::$user is deprecated in APPPATH\Filters\JwtAuthWeb.php on line 32.
 1 SYSTEMPATH\Filters\Filters.php(182): App\Filters\JwtAuthWeb->before(Object(CodeIgniter\HTTP\IncomingRequest), null)
 2 SYSTEMPATH\CodeIgniter.php(475): CodeIgniter\Filters\Filters->run('cgServicerep', 'before')
 3 SYSTEMPATH\CodeIgniter.php(361): CodeIgniter\CodeIgniter->handleRequest(null, Object(Config\Cache), false)
 4 FCPATH\index.php(79): CodeIgniter\CodeIgniter->run()
WARNING - 2026-02-28 14:47:42 --> [DEPRECATED] Optional parameter $cg declared before required parameter $hcode is implicitly treated as a required parameter in APPPATH\Models\cgserviceModel.php on line 93.
 1 SYSTEMPATH\Autoloader\Autoloader.php(311): include_once('D:\\xampp6\\htdocs\\project-jwt\\vendor\\codeigniter4\\framework\\system\\Debug\\Exceptions.php')
 2 SYSTEMPATH\Autoloader\Autoloader.php(290): CodeIgniter\Autoloader\Autoloader->includeFile('D:\\xampp6\\htdocs\\project-jwt\\app\\Models\\cgserviceModel.php')
 3 SYSTEMPATH\Autoloader\Autoloader.php(266): CodeIgniter\Autoloader\Autoloader->loadInNamespace('App\\Models\\cgserviceModel')
 4 APPPATH\Controllers\ServiceController.php(21): CodeIgniter\Autoloader\Autoloader->loadClass('App\\Models\\cgserviceModel')
 5 SYSTEMPATH\CodeIgniter.php(915): App\Controllers\ServiceController->__construct()
 6 SYSTEMPATH\CodeIgniter.php(494): CodeIgniter\CodeIgniter->createController()
 7 SYSTEMPATH\CodeIgniter.php(361): CodeIgniter\CodeIgniter->handleRequest(null, Object(Config\Cache), false)
 8 FCPATH\index.php(79): CodeIgniter\CodeIgniter->run()
INFO - 2026-02-28 14:47:43 --> Session: Class initialized using 'CodeIgniter\Session\Handlers\FileHandler' driver.
WARNING - 2026-02-28 14:47:43 --> [DEPRECATED] Creation of dynamic property CodeIgniter\HTTP\IncomingRequest::$user is deprecated in APPPATH\Filters\JwtAuthWeb.php on line 32.
 1 SYSTEMPATH\Filters\Filters.php(182): App\Filters\JwtAuthWeb->before(Object(CodeIgniter\HTTP\IncomingRequest), null)
 2 SYSTEMPATH\CodeIgniter.php(475): CodeIgniter\Filters\Filters->run('cgServicerep', 'before')
 3 SYSTEMPATH\CodeIgniter.php(361): CodeIgniter\CodeIgniter->handleRequest(null, Object(Config\Cache), false)
 4 FCPATH\index.php(79): CodeIgniter\CodeIgniter->run()
WARNING - 2026-02-28 14:47:43 --> [DEPRECATED] Optional parameter $cg declared before required parameter $hcode is implicitly treated as a required parameter in APPPATH\Models\cgserviceModel.php on line 93.
 1 SYSTEMPATH\Autoloader\Autoloader.php(311): include_once('D:\\xampp6\\htdocs\\project-jwt\\vendor\\codeigniter4\\framework\\system\\Debug\\Exceptions.php')
 2 SYSTEMPATH\Autoloader\Autoloader.php(290): CodeIgniter\Autoloader\Autoloader->includeFile('D:\\xampp6\\htdocs\\project-jwt\\app\\Models\\cgserviceModel.php')
 3 SYSTEMPATH\Autoloader\Autoloader.php(266): CodeIgniter\Autoloader\Autoloader->loadInNamespace('App\\Models\\cgserviceModel')
 4 APPPATH\Controllers\ServiceController.php(21): CodeIgniter\Autoloader\Autoloader->loadClass('App\\Models\\cgserviceModel')
 5 SYSTEMPATH\CodeIgniter.php(915): App\Controllers\ServiceController->__construct()
 6 SYSTEMPATH\CodeIgniter.php(494): CodeIgniter\CodeIgniter->createController()
 7 SYSTEMPATH\CodeIgniter.php(361): CodeIgniter\CodeIgniter->handleRequest(null, Object(Config\Cache), false)
 8 FCPATH\index.php(79): CodeIgniter\CodeIgniter->run()
INFO - 2026-02-28 14:47:56 --> Session: Class initialized using 'CodeIgniter\Session\Handlers\FileHandler' driver.
INFO - 2026-02-28 14:47:58 --> Session: Class initialized using 'CodeIgniter\Session\Handlers\FileHandler' driver.
WARNING - 2026-02-28 14:47:58 --> [DEPRECATED] Creation of dynamic property CodeIgniter\HTTP\IncomingRequest::$user is deprecated in APPPATH\Filters\JwtAuthWeb.php on line 32.
 1 SYSTEMPATH\Filters\Filters.php(182): App\Filters\JwtAuthWeb->before(Object(CodeIgniter\HTTP\IncomingRequest), null)
 2 SYSTEMPATH\CodeIgniter.php(475): CodeIgniter\Filters\Filters->run('setting/dashboard-page', 'before')
 3 SYSTEMPATH\CodeIgniter.php(361): CodeIgniter\CodeIgniter->handleRequest(null, Object(Config\Cache), false)
 4 FCPATH\index.php(79): CodeIgniter\CodeIgniter->run()
WARNING - 2026-02-28 14:47:59 --> [DEPRECATED] Creation of dynamic property CodeIgniter\HTTP\IncomingRequest::$user is deprecated in APPPATH\Filters\JwtAuth.php on line 47.
 1 SYSTEMPATH\Filters\Filters.php(182): App\Filters\JwtAuth->before(Object(CodeIgniter\HTTP\IncomingRequest), null)
 2 SYSTEMPATH\CodeIgniter.php(475): CodeIgniter\Filters\Filters->run('api/profile', 'before')
 3 SYSTEMPATH\CodeIgniter.php(361): CodeIgniter\CodeIgniter->handleRequest(null, Object(Config\Cache), false)
 4 FCPATH\index.php(79): CodeIgniter\CodeIgniter->run()
INFO - 2026-02-28 14:48:01 --> Session: Class initialized using 'CodeIgniter\Session\Handlers\FileHandler' driver.
WARNING - 2026-02-28 14:48:01 --> [DEPRECATED] Creation of dynamic property CodeIgniter\HTTP\IncomingRequest::$user is deprecated in APPPATH\Filters\JwtAuthWeb.php on line 32.
 1 SYSTEMPATH\Filters\Filters.php(182): App\Filters\JwtAuthWeb->before(Object(CodeIgniter\HTTP\IncomingRequest), null)
 2 SYSTEMPATH\CodeIgniter.php(475): CodeIgniter\Filters\Filters->run('service-page', 'before')
 3 SYSTEMPATH\CodeIgniter.php(361): CodeIgniter\CodeIgniter->handleRequest(null, Object(Config\Cache), false)
 4 FCPATH\index.php(79): CodeIgniter\CodeIgniter->run()
WARNING - 2026-02-28 14:48:01 --> [DEPRECATED] Optional parameter $cg declared before required parameter $hcode is implicitly treated as a required parameter in APPPATH\Models\cgserviceModel.php on line 93.
 1 SYSTEMPATH\Autoloader\Autoloader.php(311): include_once('D:\\xampp6\\htdocs\\project-jwt\\vendor\\codeigniter4\\framework\\system\\Debug\\Exceptions.php')
 2 SYSTEMPATH\Autoloader\Autoloader.php(290): CodeIgniter\Autoloader\Autoloader->includeFile('D:\\xampp6\\htdocs\\project-jwt\\app\\Models\\cgserviceModel.php')
 3 SYSTEMPATH\Autoloader\Autoloader.php(266): CodeIgniter\Autoloader\Autoloader->loadInNamespace('App\\Models\\cgserviceModel')
 4 APPPATH\Controllers\ServiceController.php(21): CodeIgniter\Autoloader\Autoloader->loadClass('App\\Models\\cgserviceModel')
 5 SYSTEMPATH\CodeIgniter.php(915): App\Controllers\ServiceController->__construct()
 6 SYSTEMPATH\CodeIgniter.php(494): CodeIgniter\CodeIgniter->createController()
 7 SYSTEMPATH\CodeIgniter.php(361): CodeIgniter\CodeIgniter->handleRequest(null, Object(Config\Cache), false)
 8 FCPATH\index.php(79): CodeIgniter\CodeIgniter->run()
WARNING - 2026-02-28 14:48:01 --> [DEPRECATED] Creation of dynamic property CodeIgniter\HTTP\IncomingRequest::$user is deprecated in APPPATH\Filters\JwtAuth.php on line 47.
 1 SYSTEMPATH\Filters\Filters.php(182): App\Filters\JwtAuth->before(Object(CodeIgniter\HTTP\IncomingRequest), null)
 2 SYSTEMPATH\CodeIgniter.php(475): CodeIgniter\Filters\Filters->run('api/profile', 'before')
 3 SYSTEMPATH\CodeIgniter.php(361): CodeIgniter\CodeIgniter->handleRequest(null, Object(Config\Cache), false)
 4 FCPATH\index.php(79): CodeIgniter\CodeIgniter->run()
INFO - 2026-02-28 14:48:03 --> Session: Class initialized using 'CodeIgniter\Session\Handlers\FileHandler' driver.
WARNING - 2026-02-28 14:48:03 --> [DEPRECATED] Creation of dynamic property CodeIgniter\HTTP\IncomingRequest::$user is deprecated in APPPATH\Filters\JwtAuthWeb.php on line 32.
 1 SYSTEMPATH\Filters\Filters.php(182): App\Filters\JwtAuthWeb->before(Object(CodeIgniter\HTTP\IncomingRequest), null)
 2 SYSTEMPATH\CodeIgniter.php(475): CodeIgniter\Filters\Filters->run('cgServicerep', 'before')
 3 SYSTEMPATH\CodeIgniter.php(361): CodeIgniter\CodeIgniter->handleRequest(null, Object(Config\Cache), false)
 4 FCPATH\index.php(79): CodeIgniter\CodeIgniter->run()
WARNING - 2026-02-28 14:48:03 --> [DEPRECATED] Optional parameter $cg declared before required parameter $hcode is implicitly treated as a required parameter in APPPATH\Models\cgserviceModel.php on line 93.
 1 SYSTEMPATH\Autoloader\Autoloader.php(311): include_once('D:\\xampp6\\htdocs\\project-jwt\\vendor\\codeigniter4\\framework\\system\\Debug\\Exceptions.php')
 2 SYSTEMPATH\Autoloader\Autoloader.php(290): CodeIgniter\Autoloader\Autoloader->includeFile('D:\\xampp6\\htdocs\\project-jwt\\app\\Models\\cgserviceModel.php')
 3 SYSTEMPATH\Autoloader\Autoloader.php(266): CodeIgniter\Autoloader\Autoloader->loadInNamespace('App\\Models\\cgserviceModel')
 4 APPPATH\Controllers\ServiceController.php(21): CodeIgniter\Autoloader\Autoloader->loadClass('App\\Models\\cgserviceModel')
 5 SYSTEMPATH\CodeIgniter.php(915): App\Controllers\ServiceController->__construct()
 6 SYSTEMPATH\CodeIgniter.php(494): CodeIgniter\CodeIgniter->createController()
 7 SYSTEMPATH\CodeIgniter.php(361): CodeIgniter\CodeIgniter->handleRequest(null, Object(Config\Cache), false)
 8 FCPATH\index.php(79): CodeIgniter\CodeIgniter->run()
INFO - 2026-02-28 14:48:05 --> Session: Class initialized using 'CodeIgniter\Session\Handlers\FileHandler' driver.
WARNING - 2026-02-28 14:48:05 --> [DEPRECATED] Creation of dynamic property CodeIgniter\HTTP\IncomingRequest::$user is deprecated in APPPATH\Filters\JwtAuthWeb.php on line 32.
 1 SYSTEMPATH\Filters\Filters.php(182): App\Filters\JwtAuthWeb->before(Object(CodeIgniter\HTTP\IncomingRequest), null)
 2 SYSTEMPATH\CodeIgniter.php(475): CodeIgniter\Filters\Filters->run('ltc-view-details/189/2026/2', 'before')
 3 SYSTEMPATH\CodeIgniter.php(361): CodeIgniter\CodeIgniter->handleRequest(null, Object(Config\Cache), false)
 4 FCPATH\index.php(79): CodeIgniter\CodeIgniter->run()
WARNING - 2026-02-28 14:48:05 --> [DEPRECATED] Optional parameter $cg declared before required parameter $hcode is implicitly treated as a required parameter in APPPATH\Models\cgserviceModel.php on line 93.
 1 SYSTEMPATH\Autoloader\Autoloader.php(311): include_once('D:\\xampp6\\htdocs\\project-jwt\\vendor\\codeigniter4\\framework\\system\\Debug\\Exceptions.php')
 2 SYSTEMPATH\Autoloader\Autoloader.php(290): CodeIgniter\Autoloader\Autoloader->includeFile('D:\\xampp6\\htdocs\\project-jwt\\app\\Models\\cgserviceModel.php')
 3 SYSTEMPATH\Autoloader\Autoloader.php(266): CodeIgniter\Autoloader\Autoloader->loadInNamespace('App\\Models\\cgserviceModel')
 4 APPPATH\Controllers\ServiceController.php(21): CodeIgniter\Autoloader\Autoloader->loadClass('App\\Models\\cgserviceModel')
 5 SYSTEMPATH\CodeIgniter.php(915): App\Controllers\ServiceController->__construct()
 6 SYSTEMPATH\CodeIgniter.php(494): CodeIgniter\CodeIgniter->createController()
 7 SYSTEMPATH\CodeIgniter.php(361): CodeIgniter\CodeIgniter->handleRequest(null, Object(Config\Cache), false)
 8 FCPATH\index.php(79): CodeIgniter\CodeIgniter->run()
WARNING - 2026-02-28 14:48:05 --> [DEPRECATED] Creation of dynamic property CodeIgniter\HTTP\IncomingRequest::$user is deprecated in APPPATH\Filters\JwtAuth.php on line 47.
 1 SYSTEMPATH\Filters\Filters.php(182): App\Filters\JwtAuth->before(Object(CodeIgniter\HTTP\IncomingRequest), null)
 2 SYSTEMPATH\CodeIgniter.php(475): CodeIgniter\Filters\Filters->run('api/profile', 'before')
 3 SYSTEMPATH\CodeIgniter.php(361): CodeIgniter\CodeIgniter->handleRequest(null, Object(Config\Cache), false)
 4 FCPATH\index.php(79): CodeIgniter\CodeIgniter->run()
INFO - 2026-02-28 14:48:10 --> Session: Class initialized using 'CodeIgniter\Session\Handlers\FileHandler' driver.
WARNING - 2026-02-28 14:48:10 --> [DEPRECATED] Creation of dynamic property CodeIgniter\HTTP\IncomingRequest::$user is deprecated in APPPATH\Filters\JwtAuthWeb.php on line 32.
 1 SYSTEMPATH\Filters\Filters.php(182): App\Filters\JwtAuthWeb->before(Object(CodeIgniter\HTTP\IncomingRequest), null)
 2 SYSTEMPATH\CodeIgniter.php(475): CodeIgniter\Filters\Filters->run('getCGservice', 'before')
 3 SYSTEMPATH\CodeIgniter.php(361): CodeIgniter\CodeIgniter->handleRequest(null, Object(Config\Cache), false)
 4 FCPATH\index.php(79): CodeIgniter\CodeIgniter->run()
WARNING - 2026-02-28 14:48:10 --> [DEPRECATED] Optional parameter $cg declared before required parameter $hcode is implicitly treated as a required parameter in APPPATH\Models\cgserviceModel.php on line 93.
 1 SYSTEMPATH\Autoloader\Autoloader.php(311): include_once('D:\\xampp6\\htdocs\\project-jwt\\vendor\\codeigniter4\\framework\\system\\Debug\\Exceptions.php')
 2 SYSTEMPATH\Autoloader\Autoloader.php(290): CodeIgniter\Autoloader\Autoloader->includeFile('D:\\xampp6\\htdocs\\project-jwt\\app\\Models\\cgserviceModel.php')
 3 SYSTEMPATH\Autoloader\Autoloader.php(266): CodeIgniter\Autoloader\Autoloader->loadInNamespace('App\\Models\\cgserviceModel')
 4 APPPATH\Controllers\ServiceController.php(21): CodeIgniter\Autoloader\Autoloader->loadClass('App\\Models\\cgserviceModel')
 5 SYSTEMPATH\CodeIgniter.php(915): App\Controllers\ServiceController->__construct()
 6 SYSTEMPATH\CodeIgniter.php(494): CodeIgniter\CodeIgniter->createController()
 7 SYSTEMPATH\CodeIgniter.php(361): CodeIgniter\CodeIgniter->handleRequest(null, Object(Config\Cache), false)
 8 FCPATH\index.php(79): CodeIgniter\CodeIgniter->run()
INFO - 2026-02-28 14:48:16 --> Session: Class initialized using 'CodeIgniter\Session\Handlers\FileHandler' driver.
WARNING - 2026-02-28 14:48:16 --> [DEPRECATED] Creation of dynamic property CodeIgniter\HTTP\IncomingRequest::$user is deprecated in APPPATH\Filters\JwtAuthWeb.php on line 32.
 1 SYSTEMPATH\Filters\Filters.php(182): App\Filters\JwtAuthWeb->before(Object(CodeIgniter\HTTP\IncomingRequest), null)
 2 SYSTEMPATH\CodeIgniter.php(475): CodeIgniter\Filters\Filters->run('service-page', 'before')
 3 SYSTEMPATH\CodeIgniter.php(361): CodeIgniter\CodeIgniter->handleRequest(null, Object(Config\Cache), false)
 4 FCPATH\index.php(79): CodeIgniter\CodeIgniter->run()
WARNING - 2026-02-28 14:48:16 --> [DEPRECATED] Optional parameter $cg declared before required parameter $hcode is implicitly treated as a required parameter in APPPATH\Models\cgserviceModel.php on line 93.
 1 SYSTEMPATH\Autoloader\Autoloader.php(311): include_once('D:\\xampp6\\htdocs\\project-jwt\\vendor\\codeigniter4\\framework\\system\\Debug\\Exceptions.php')
 2 SYSTEMPATH\Autoloader\Autoloader.php(290): CodeIgniter\Autoloader\Autoloader->includeFile('D:\\xampp6\\htdocs\\project-jwt\\app\\Models\\cgserviceModel.php')
 3 SYSTEMPATH\Autoloader\Autoloader.php(266): CodeIgniter\Autoloader\Autoloader->loadInNamespace('App\\Models\\cgserviceModel')
 4 APPPATH\Controllers\ServiceController.php(21): CodeIgniter\Autoloader\Autoloader->loadClass('App\\Models\\cgserviceModel')
 5 SYSTEMPATH\CodeIgniter.php(915): App\Controllers\ServiceController->__construct()
 6 SYSTEMPATH\CodeIgniter.php(494): CodeIgniter\CodeIgniter->createController()
 7 SYSTEMPATH\CodeIgniter.php(361): CodeIgniter\CodeIgniter->handleRequest(null, Object(Config\Cache), false)
 8 FCPATH\index.php(79): CodeIgniter\CodeIgniter->run()
WARNING - 2026-02-28 14:48:17 --> [DEPRECATED] Creation of dynamic property CodeIgniter\HTTP\IncomingRequest::$user is deprecated in APPPATH\Filters\JwtAuth.php on line 47.
 1 SYSTEMPATH\Filters\Filters.php(182): App\Filters\JwtAuth->before(Object(CodeIgniter\HTTP\IncomingRequest), null)
 2 SYSTEMPATH\CodeIgniter.php(475): CodeIgniter\Filters\Filters->run('api/profile', 'before')
 3 SYSTEMPATH\CodeIgniter.php(361): CodeIgniter\CodeIgniter->handleRequest(null, Object(Config\Cache), false)
 4 FCPATH\index.php(79): CodeIgniter\CodeIgniter->run()
INFO - 2026-02-28 14:48:20 --> Session: Class initialized using 'CodeIgniter\Session\Handlers\FileHandler' driver.
WARNING - 2026-02-28 14:48:20 --> [DEPRECATED] Creation of dynamic property CodeIgniter\HTTP\IncomingRequest::$user is deprecated in APPPATH\Filters\JwtAuthWeb.php on line 32.
 1 SYSTEMPATH\Filters\Filters.php(182): App\Filters\JwtAuthWeb->before(Object(CodeIgniter\HTTP\IncomingRequest), null)
 2 SYSTEMPATH\CodeIgniter.php(475): CodeIgniter\Filters\Filters->run('cgServicerep', 'before')
 3 SYSTEMPATH\CodeIgniter.php(361): CodeIgniter\CodeIgniter->handleRequest(null, Object(Config\Cache), false)
 4 FCPATH\index.php(79): CodeIgniter\CodeIgniter->run()
WARNING - 2026-02-28 14:48:20 --> [DEPRECATED] Optional parameter $cg declared before required parameter $hcode is implicitly treated as a required parameter in APPPATH\Models\cgserviceModel.php on line 93.
 1 SYSTEMPATH\Autoloader\Autoloader.php(311): include_once('D:\\xampp6\\htdocs\\project-jwt\\vendor\\codeigniter4\\framework\\system\\Debug\\Exceptions.php')
 2 SYSTEMPATH\Autoloader\Autoloader.php(290): CodeIgniter\Autoloader\Autoloader->includeFile('D:\\xampp6\\htdocs\\project-jwt\\app\\Models\\cgserviceModel.php')
 3 SYSTEMPATH\Autoloader\Autoloader.php(266): CodeIgniter\Autoloader\Autoloader->loadInNamespace('App\\Models\\cgserviceModel')
 4 APPPATH\Controllers\ServiceController.php(21): CodeIgniter\Autoloader\Autoloader->loadClass('App\\Models\\cgserviceModel')
 5 SYSTEMPATH\CodeIgniter.php(915): App\Controllers\ServiceController->__construct()
 6 SYSTEMPATH\CodeIgniter.php(494): CodeIgniter\CodeIgniter->createController()
 7 SYSTEMPATH\CodeIgniter.php(361): CodeIgniter\CodeIgniter->handleRequest(null, Object(Config\Cache), false)
 8 FCPATH\index.php(79): CodeIgniter\CodeIgniter->run()
INFO - 2026-02-28 14:48:23 --> Session: Class initialized using 'CodeIgniter\Session\Handlers\FileHandler' driver.
WARNING - 2026-02-28 14:48:23 --> [DEPRECATED] Creation of dynamic property CodeIgniter\HTTP\IncomingRequest::$user is deprecated in APPPATH\Filters\JwtAuthWeb.php on line 32.
 1 SYSTEMPATH\Filters\Filters.php(182): App\Filters\JwtAuthWeb->before(Object(CodeIgniter\HTTP\IncomingRequest), null)
 2 SYSTEMPATH\CodeIgniter.php(475): CodeIgniter\Filters\Filters->run('cgServicerep', 'before')
 3 SYSTEMPATH\CodeIgniter.php(361): CodeIgniter\CodeIgniter->handleRequest(null, Object(Config\Cache), false)
 4 FCPATH\index.php(79): CodeIgniter\CodeIgniter->run()
WARNING - 2026-02-28 14:48:23 --> [DEPRECATED] Optional parameter $cg declared before required parameter $hcode is implicitly treated as a required parameter in APPPATH\Models\cgserviceModel.php on line 93.
 1 SYSTEMPATH\Autoloader\Autoloader.php(311): include_once('D:\\xampp6\\htdocs\\project-jwt\\vendor\\codeigniter4\\framework\\system\\Debug\\Exceptions.php')
 2 SYSTEMPATH\Autoloader\Autoloader.php(290): CodeIgniter\Autoloader\Autoloader->includeFile('D:\\xampp6\\htdocs\\project-jwt\\app\\Models\\cgserviceModel.php')
 3 SYSTEMPATH\Autoloader\Autoloader.php(266): CodeIgniter\Autoloader\Autoloader->loadInNamespace('App\\Models\\cgserviceModel')
 4 APPPATH\Controllers\ServiceController.php(21): CodeIgniter\Autoloader\Autoloader->loadClass('App\\Models\\cgserviceModel')
 5 SYSTEMPATH\CodeIgniter.php(915): App\Controllers\ServiceController->__construct()
 6 SYSTEMPATH\CodeIgniter.php(494): CodeIgniter\CodeIgniter->createController()
 7 SYSTEMPATH\CodeIgniter.php(361): CodeIgniter\CodeIgniter->handleRequest(null, Object(Config\Cache), false)
 8 FCPATH\index.php(79): CodeIgniter\CodeIgniter->run()
INFO - 2026-02-28 14:48:30 --> Session: Class initialized using 'CodeIgniter\Session\Handlers\FileHandler' driver.
WARNING - 2026-02-28 14:48:30 --> [DEPRECATED] Creation of dynamic property CodeIgniter\HTTP\IncomingRequest::$user is deprecated in APPPATH\Filters\JwtAuthWeb.php on line 32.
 1 SYSTEMPATH\Filters\Filters.php(182): App\Filters\JwtAuthWeb->before(Object(CodeIgniter\HTTP\IncomingRequest), null)
 2 SYSTEMPATH\CodeIgniter.php(475): CodeIgniter\Filters\Filters->run('ltc-view-details/189/2026/2', 'before')
 3 SYSTEMPATH\CodeIgniter.php(361): CodeIgniter\CodeIgniter->handleRequest(null, Object(Config\Cache), false)
 4 FCPATH\index.php(79): CodeIgniter\CodeIgniter->run()
WARNING - 2026-02-28 14:48:30 --> [DEPRECATED] Optional parameter $cg declared before required parameter $hcode is implicitly treated as a required parameter in APPPATH\Models\cgserviceModel.php on line 93.
 1 SYSTEMPATH\Autoloader\Autoloader.php(311): include_once('D:\\xampp6\\htdocs\\project-jwt\\vendor\\codeigniter4\\framework\\system\\Debug\\Exceptions.php')
 2 SYSTEMPATH\Autoloader\Autoloader.php(290): CodeIgniter\Autoloader\Autoloader->includeFile('D:\\xampp6\\htdocs\\project-jwt\\app\\Models\\cgserviceModel.php')
 3 SYSTEMPATH\Autoloader\Autoloader.php(266): CodeIgniter\Autoloader\Autoloader->loadInNamespace('App\\Models\\cgserviceModel')
 4 APPPATH\Controllers\ServiceController.php(21): CodeIgniter\Autoloader\Autoloader->loadClass('App\\Models\\cgserviceModel')
 5 SYSTEMPATH\CodeIgniter.php(915): App\Controllers\ServiceController->__construct()
 6 SYSTEMPATH\CodeIgniter.php(494): CodeIgniter\CodeIgniter->createController()
 7 SYSTEMPATH\CodeIgniter.php(361): CodeIgniter\CodeIgniter->handleRequest(null, Object(Config\Cache), false)
 8 FCPATH\index.php(79): CodeIgniter\CodeIgniter->run()
WARNING - 2026-02-28 14:48:30 --> [DEPRECATED] Creation of dynamic property CodeIgniter\HTTP\IncomingRequest::$user is deprecated in APPPATH\Filters\JwtAuth.php on line 47.
 1 SYSTEMPATH\Filters\Filters.php(182): App\Filters\JwtAuth->before(Object(CodeIgniter\HTTP\IncomingRequest), null)
 2 SYSTEMPATH\CodeIgniter.php(475): CodeIgniter\Filters\Filters->run('api/profile', 'before')
 3 SYSTEMPATH\CodeIgniter.php(361): CodeIgniter\CodeIgniter->handleRequest(null, Object(Config\Cache), false)
 4 FCPATH\index.php(79): CodeIgniter\CodeIgniter->run()
INFO - 2026-02-28 14:48:43 --> Session: Class initialized using 'CodeIgniter\Session\Handlers\FileHandler' driver.
WARNING - 2026-02-28 14:48:43 --> [DEPRECATED] Creation of dynamic property CodeIgniter\HTTP\IncomingRequest::$user is deprecated in APPPATH\Filters\JwtAuthWeb.php on line 32.
 1 SYSTEMPATH\Filters\Filters.php(182): App\Filters\JwtAuthWeb->before(Object(CodeIgniter\HTTP\IncomingRequest), null)
 2 SYSTEMPATH\CodeIgniter.php(475): CodeIgniter\Filters\Filters->run('mobile-page', 'before')
 3 SYSTEMPATH\CodeIgniter.php(361): CodeIgniter\CodeIgniter->handleRequest(null, Object(Config\Cache), false)
 4 FCPATH\index.php(79): CodeIgniter\CodeIgniter->run()
WARNING - 2026-02-28 14:48:43 --> [DEPRECATED] Optional parameter $cg declared before required parameter $hcode is implicitly treated as a required parameter in APPPATH\Models\cgserviceModel.php on line 93.
 1 SYSTEMPATH\Autoloader\Autoloader.php(311): include_once('D:\\xampp6\\htdocs\\project-jwt\\vendor\\codeigniter4\\framework\\system\\Debug\\Exceptions.php')
 2 SYSTEMPATH\Autoloader\Autoloader.php(290): CodeIgniter\Autoloader\Autoloader->includeFile('D:\\xampp6\\htdocs\\project-jwt\\app\\Models\\cgserviceModel.php')
 3 SYSTEMPATH\Autoloader\Autoloader.php(266): CodeIgniter\Autoloader\Autoloader->loadInNamespace('App\\Models\\cgserviceModel')
 4 APPPATH\Controllers\mobileController.php(36): CodeIgniter\Autoloader\Autoloader->loadClass('App\\Models\\cgserviceModel')
 5 SYSTEMPATH\CodeIgniter.php(915): App\Controllers\MobileController->__construct()
 6 SYSTEMPATH\CodeIgniter.php(494): CodeIgniter\CodeIgniter->createController()
 7 SYSTEMPATH\CodeIgniter.php(361): CodeIgniter\CodeIgniter->handleRequest(null, Object(Config\Cache), false)
 8 FCPATH\index.php(79): CodeIgniter\CodeIgniter->run()
INFO - 2026-02-28 14:48:44 --> Session: Class initialized using 'CodeIgniter\Session\Handlers\FileHandler' driver.
WARNING - 2026-02-28 14:48:44 --> [DEPRECATED] Creation of dynamic property CodeIgniter\HTTP\IncomingRequest::$user is deprecated in APPPATH\Filters\JwtAuthWeb.php on line 32.
 1 SYSTEMPATH\Filters\Filters.php(182): App\Filters\JwtAuthWeb->before(Object(CodeIgniter\HTTP\IncomingRequest), null)
 2 SYSTEMPATH\CodeIgniter.php(475): CodeIgniter\Filters\Filters->run('visit_ptbed', 'before')
 3 SYSTEMPATH\CodeIgniter.php(361): CodeIgniter\CodeIgniter->handleRequest(null, Object(Config\Cache), false)
 4 FCPATH\index.php(79): CodeIgniter\CodeIgniter->run()
WARNING - 2026-02-28 14:48:44 --> [DEPRECATED] Optional parameter $cg declared before required parameter $hcode is implicitly treated as a required parameter in APPPATH\Models\cgserviceModel.php on line 93.
 1 SYSTEMPATH\Autoloader\Autoloader.php(311): include_once('D:\\xampp6\\htdocs\\project-jwt\\vendor\\codeigniter4\\framework\\system\\Debug\\Exceptions.php')
 2 SYSTEMPATH\Autoloader\Autoloader.php(290): CodeIgniter\Autoloader\Autoloader->includeFile('D:\\xampp6\\htdocs\\project-jwt\\app\\Models\\cgserviceModel.php')
 3 SYSTEMPATH\Autoloader\Autoloader.php(266): CodeIgniter\Autoloader\Autoloader->loadInNamespace('App\\Models\\cgserviceModel')
 4 APPPATH\Controllers\mobileController.php(36): CodeIgniter\Autoloader\Autoloader->loadClass('App\\Models\\cgserviceModel')
 5 SYSTEMPATH\CodeIgniter.php(915): App\Controllers\MobileController->__construct()
 6 SYSTEMPATH\CodeIgniter.php(494): CodeIgniter\CodeIgniter->createController()
 7 SYSTEMPATH\CodeIgniter.php(361): CodeIgniter\CodeIgniter->handleRequest(null, Object(Config\Cache), false)
 8 FCPATH\index.php(79): CodeIgniter\CodeIgniter->run()
INFO - 2026-02-28 14:48:50 --> Session: Class initialized using 'CodeIgniter\Session\Handlers\FileHandler' driver.
WARNING - 2026-02-28 14:48:50 --> [DEPRECATED] Creation of dynamic property CodeIgniter\HTTP\IncomingRequest::$user is deprecated in APPPATH\Filters\JwtAuthWeb.php on line 32.
 1 SYSTEMPATH\Filters\Filters.php(182): App\Filters\JwtAuthWeb->before(Object(CodeIgniter\HTTP\IncomingRequest), null)
 2 SYSTEMPATH\CodeIgniter.php(475): CodeIgniter\Filters\Filters->run('cg_service/189', 'before')
 3 SYSTEMPATH\CodeIgniter.php(361): CodeIgniter\CodeIgniter->handleRequest(null, Object(Config\Cache), false)
 4 FCPATH\index.php(79): CodeIgniter\CodeIgniter->run()
WARNING - 2026-02-28 14:48:50 --> [DEPRECATED] Optional parameter $cg declared before required parameter $hcode is implicitly treated as a required parameter in APPPATH\Models\cgserviceModel.php on line 93.
 1 SYSTEMPATH\Autoloader\Autoloader.php(311): include_once('D:\\xampp6\\htdocs\\project-jwt\\vendor\\codeigniter4\\framework\\system\\Debug\\Exceptions.php')
 2 SYSTEMPATH\Autoloader\Autoloader.php(290): CodeIgniter\Autoloader\Autoloader->includeFile('D:\\xampp6\\htdocs\\project-jwt\\app\\Models\\cgserviceModel.php')
 3 SYSTEMPATH\Autoloader\Autoloader.php(266): CodeIgniter\Autoloader\Autoloader->loadInNamespace('App\\Models\\cgserviceModel')
 4 APPPATH\Controllers\mobileController.php(36): CodeIgniter\Autoloader\Autoloader->loadClass('App\\Models\\cgserviceModel')
 5 SYSTEMPATH\CodeIgniter.php(915): App\Controllers\MobileController->__construct()
 6 SYSTEMPATH\CodeIgniter.php(494): CodeIgniter\CodeIgniter->createController()
 7 SYSTEMPATH\CodeIgniter.php(361): CodeIgniter\CodeIgniter->handleRequest(null, Object(Config\Cache), false)
 8 FCPATH\index.php(79): CodeIgniter\CodeIgniter->run()
INFO - 2026-02-28 14:49:01 --> Session: Class initialized using 'CodeIgniter\Session\Handlers\FileHandler' driver.
WARNING - 2026-02-28 14:49:01 --> [DEPRECATED] Creation of dynamic property CodeIgniter\HTTP\IncomingRequest::$user is deprecated in APPPATH\Filters\JwtAuthWeb.php on line 32.
 1 SYSTEMPATH\Filters\Filters.php(182): App\Filters\JwtAuthWeb->before(Object(CodeIgniter\HTTP\IncomingRequest), null)
 2 SYSTEMPATH\CodeIgniter.php(475): CodeIgniter\Filters\Filters->run('visit_ptbed', 'before')
 3 SYSTEMPATH\CodeIgniter.php(361): CodeIgniter\CodeIgniter->handleRequest(null, Object(Config\Cache), false)
 4 FCPATH\index.php(79): CodeIgniter\CodeIgniter->run()
WARNING - 2026-02-28 14:49:01 --> [DEPRECATED] Optional parameter $cg declared before required parameter $hcode is implicitly treated as a required parameter in APPPATH\Models\cgserviceModel.php on line 93.
 1 SYSTEMPATH\Autoloader\Autoloader.php(311): include_once('D:\\xampp6\\htdocs\\project-jwt\\vendor\\codeigniter4\\framework\\system\\Debug\\Exceptions.php')
 2 SYSTEMPATH\Autoloader\Autoloader.php(290): CodeIgniter\Autoloader\Autoloader->includeFile('D:\\xampp6\\htdocs\\project-jwt\\app\\Models\\cgserviceModel.php')
 3 SYSTEMPATH\Autoloader\Autoloader.php(266): CodeIgniter\Autoloader\Autoloader->loadInNamespace('App\\Models\\cgserviceModel')
 4 APPPATH\Controllers\mobileController.php(36): CodeIgniter\Autoloader\Autoloader->loadClass('App\\Models\\cgserviceModel')
 5 SYSTEMPATH\CodeIgniter.php(915): App\Controllers\MobileController->__construct()
 6 SYSTEMPATH\CodeIgniter.php(494): CodeIgniter\CodeIgniter->createController()
 7 SYSTEMPATH\CodeIgniter.php(361): CodeIgniter\CodeIgniter->handleRequest(null, Object(Config\Cache), false)
 8 FCPATH\index.php(79): CodeIgniter\CodeIgniter->run()
INFO - 2026-02-28 14:49:03 --> Session: Class initialized using 'CodeIgniter\Session\Handlers\FileHandler' driver.
WARNING - 2026-02-28 14:49:03 --> [DEPRECATED] Creation of dynamic property CodeIgniter\HTTP\IncomingRequest::$user is deprecated in APPPATH\Filters\JwtAuthWeb.php on line 32.
 1 SYSTEMPATH\Filters\Filters.php(182): App\Filters\JwtAuthWeb->before(Object(CodeIgniter\HTTP\IncomingRequest), null)
 2 SYSTEMPATH\CodeIgniter.php(475): CodeIgniter\Filters\Filters->run('mobile-page', 'before')
 3 SYSTEMPATH\CodeIgniter.php(361): CodeIgniter\CodeIgniter->handleRequest(null, Object(Config\Cache), false)
 4 FCPATH\index.php(79): CodeIgniter\CodeIgniter->run()
WARNING - 2026-02-28 14:49:03 --> [DEPRECATED] Optional parameter $cg declared before required parameter $hcode is implicitly treated as a required parameter in APPPATH\Models\cgserviceModel.php on line 93.
 1 SYSTEMPATH\Autoloader\Autoloader.php(311): include_once('D:\\xampp6\\htdocs\\project-jwt\\vendor\\codeigniter4\\framework\\system\\Debug\\Exceptions.php')
 2 SYSTEMPATH\Autoloader\Autoloader.php(290): CodeIgniter\Autoloader\Autoloader->includeFile('D:\\xampp6\\htdocs\\project-jwt\\app\\Models\\cgserviceModel.php')
 3 SYSTEMPATH\Autoloader\Autoloader.php(266): CodeIgniter\Autoloader\Autoloader->loadInNamespace('App\\Models\\cgserviceModel')
 4 APPPATH\Controllers\mobileController.php(36): CodeIgniter\Autoloader\Autoloader->loadClass('App\\Models\\cgserviceModel')
 5 SYSTEMPATH\CodeIgniter.php(915): App\Controllers\MobileController->__construct()
 6 SYSTEMPATH\CodeIgniter.php(494): CodeIgniter\CodeIgniter->createController()
 7 SYSTEMPATH\CodeIgniter.php(361): CodeIgniter\CodeIgniter->handleRequest(null, Object(Config\Cache), false)
 8 FCPATH\index.php(79): CodeIgniter\CodeIgniter->run()
INFO - 2026-02-28 14:49:05 --> Session: Class initialized using 'CodeIgniter\Session\Handlers\FileHandler' driver.
WARNING - 2026-02-28 14:49:05 --> [DEPRECATED] Creation of dynamic property CodeIgniter\HTTP\IncomingRequest::$user is deprecated in APPPATH\Filters\JwtAuthWeb.php on line 32.
 1 SYSTEMPATH\Filters\Filters.php(182): App\Filters\JwtAuthWeb->before(Object(CodeIgniter\HTTP\IncomingRequest), null)
 2 SYSTEMPATH\CodeIgniter.php(475): CodeIgniter\Filters\Filters->run('mb_Report', 'before')
 3 SYSTEMPATH\CodeIgniter.php(361): CodeIgniter\CodeIgniter->handleRequest(null, Object(Config\Cache), false)
 4 FCPATH\index.php(79): CodeIgniter\CodeIgniter->run()
WARNING - 2026-02-28 14:49:05 --> [DEPRECATED] Optional parameter $cg declared before required parameter $hcode is implicitly treated as a required parameter in APPPATH\Models\cgserviceModel.php on line 93.
 1 SYSTEMPATH\Autoloader\Autoloader.php(311): include_once('D:\\xampp6\\htdocs\\project-jwt\\vendor\\codeigniter4\\framework\\system\\Debug\\Exceptions.php')
 2 SYSTEMPATH\Autoloader\Autoloader.php(290): CodeIgniter\Autoloader\Autoloader->includeFile('D:\\xampp6\\htdocs\\project-jwt\\app\\Models\\cgserviceModel.php')
 3 SYSTEMPATH\Autoloader\Autoloader.php(266): CodeIgniter\Autoloader\Autoloader->loadInNamespace('App\\Models\\cgserviceModel')
 4 APPPATH\Controllers\mobileController.php(36): CodeIgniter\Autoloader\Autoloader->loadClass('App\\Models\\cgserviceModel')
 5 SYSTEMPATH\CodeIgniter.php(915): App\Controllers\MobileController->__construct()
 6 SYSTEMPATH\CodeIgniter.php(494): CodeIgniter\CodeIgniter->createController()
 7 SYSTEMPATH\CodeIgniter.php(361): CodeIgniter\CodeIgniter->handleRequest(null, Object(Config\Cache), false)
 8 FCPATH\index.php(79): CodeIgniter\CodeIgniter->run()
INFO - 2026-02-28 14:49:07 --> Session: Class initialized using 'CodeIgniter\Session\Handlers\FileHandler' driver.
WARNING - 2026-02-28 14:49:07 --> [DEPRECATED] Creation of dynamic property CodeIgniter\HTTP\IncomingRequest::$user is deprecated in APPPATH\Filters\JwtAuthWeb.php on line 32.
 1 SYSTEMPATH\Filters\Filters.php(182): App\Filters\JwtAuthWeb->before(Object(CodeIgniter\HTTP\IncomingRequest), null)
 2 SYSTEMPATH\CodeIgniter.php(475): CodeIgniter\Filters\Filters->run('cg_report_data', 'before')
 3 SYSTEMPATH\CodeIgniter.php(361): CodeIgniter\CodeIgniter->handleRequest(null, Object(Config\Cache), false)
 4 FCPATH\index.php(79): CodeIgniter\CodeIgniter->run()
WARNING - 2026-02-28 14:49:07 --> [DEPRECATED] Optional parameter $cg declared before required parameter $hcode is implicitly treated as a required parameter in APPPATH\Models\cgserviceModel.php on line 93.
 1 SYSTEMPATH\Autoloader\Autoloader.php(311): include_once('D:\\xampp6\\htdocs\\project-jwt\\vendor\\codeigniter4\\framework\\system\\Debug\\Exceptions.php')
 2 SYSTEMPATH\Autoloader\Autoloader.php(290): CodeIgniter\Autoloader\Autoloader->includeFile('D:\\xampp6\\htdocs\\project-jwt\\app\\Models\\cgserviceModel.php')
 3 SYSTEMPATH\Autoloader\Autoloader.php(266): CodeIgniter\Autoloader\Autoloader->loadInNamespace('App\\Models\\cgserviceModel')
 4 APPPATH\Controllers\mobileController.php(36): CodeIgniter\Autoloader\Autoloader->loadClass('App\\Models\\cgserviceModel')
 5 SYSTEMPATH\CodeIgniter.php(915): App\Controllers\MobileController->__construct()
 6 SYSTEMPATH\CodeIgniter.php(494): CodeIgniter\CodeIgniter->createController()
 7 SYSTEMPATH\CodeIgniter.php(361): CodeIgniter\CodeIgniter->handleRequest(null, Object(Config\Cache), false)
 8 FCPATH\index.php(79): CodeIgniter\CodeIgniter->run()
INFO - 2026-02-28 14:49:14 --> Session: Class initialized using 'CodeIgniter\Session\Handlers\FileHandler' driver.
WARNING - 2026-02-28 14:49:14 --> [DEPRECATED] Creation of dynamic property CodeIgniter\HTTP\IncomingRequest::$user is deprecated in APPPATH\Filters\JwtAuthWeb.php on line 32.
 1 SYSTEMPATH\Filters\Filters.php(182): App\Filters\JwtAuthWeb->before(Object(CodeIgniter\HTTP\IncomingRequest), null)
 2 SYSTEMPATH\CodeIgniter.php(475): CodeIgniter\Filters\Filters->run('cg_report_data', 'before')
 3 SYSTEMPATH\CodeIgniter.php(361): CodeIgniter\CodeIgniter->handleRequest(null, Object(Config\Cache), false)
 4 FCPATH\index.php(79): CodeIgniter\CodeIgniter->run()
WARNING - 2026-02-28 14:49:14 --> [DEPRECATED] Optional parameter $cg declared before required parameter $hcode is implicitly treated as a required parameter in APPPATH\Models\cgserviceModel.php on line 93.
 1 SYSTEMPATH\Autoloader\Autoloader.php(311): include_once('D:\\xampp6\\htdocs\\project-jwt\\vendor\\codeigniter4\\framework\\system\\Debug\\Exceptions.php')
 2 SYSTEMPATH\Autoloader\Autoloader.php(290): CodeIgniter\Autoloader\Autoloader->includeFile('D:\\xampp6\\htdocs\\project-jwt\\app\\Models\\cgserviceModel.php')
 3 SYSTEMPATH\Autoloader\Autoloader.php(266): CodeIgniter\Autoloader\Autoloader->loadInNamespace('App\\Models\\cgserviceModel')
 4 APPPATH\Controllers\mobileController.php(36): CodeIgniter\Autoloader\Autoloader->loadClass('App\\Models\\cgserviceModel')
 5 SYSTEMPATH\CodeIgniter.php(915): App\Controllers\MobileController->__construct()
 6 SYSTEMPATH\CodeIgniter.php(494): CodeIgniter\CodeIgniter->createController()
 7 SYSTEMPATH\CodeIgniter.php(361): CodeIgniter\CodeIgniter->handleRequest(null, Object(Config\Cache), false)
 8 FCPATH\index.php(79): CodeIgniter\CodeIgniter->run()
INFO - 2026-02-28 14:49:16 --> Session: Class initialized using 'CodeIgniter\Session\Handlers\FileHandler' driver.
WARNING - 2026-02-28 14:49:16 --> [DEPRECATED] Creation of dynamic property CodeIgniter\HTTP\IncomingRequest::$user is deprecated in APPPATH\Filters\JwtAuthWeb.php on line 32.
 1 SYSTEMPATH\Filters\Filters.php(182): App\Filters\JwtAuthWeb->before(Object(CodeIgniter\HTTP\IncomingRequest), null)
 2 SYSTEMPATH\CodeIgniter.php(475): CodeIgniter\Filters\Filters->run('cg_report_data', 'before')
 3 SYSTEMPATH\CodeIgniter.php(361): CodeIgniter\CodeIgniter->handleRequest(null, Object(Config\Cache), false)
 4 FCPATH\index.php(79): CodeIgniter\CodeIgniter->run()
WARNING - 2026-02-28 14:49:16 --> [DEPRECATED] Optional parameter $cg declared before required parameter $hcode is implicitly treated as a required parameter in APPPATH\Models\cgserviceModel.php on line 93.
 1 SYSTEMPATH\Autoloader\Autoloader.php(311): include_once('D:\\xampp6\\htdocs\\project-jwt\\vendor\\codeigniter4\\framework\\system\\Debug\\Exceptions.php')
 2 SYSTEMPATH\Autoloader\Autoloader.php(290): CodeIgniter\Autoloader\Autoloader->includeFile('D:\\xampp6\\htdocs\\project-jwt\\app\\Models\\cgserviceModel.php')
 3 SYSTEMPATH\Autoloader\Autoloader.php(266): CodeIgniter\Autoloader\Autoloader->loadInNamespace('App\\Models\\cgserviceModel')
 4 APPPATH\Controllers\mobileController.php(36): CodeIgniter\Autoloader\Autoloader->loadClass('App\\Models\\cgserviceModel')
 5 SYSTEMPATH\CodeIgniter.php(915): App\Controllers\MobileController->__construct()
 6 SYSTEMPATH\CodeIgniter.php(494): CodeIgniter\CodeIgniter->createController()
 7 SYSTEMPATH\CodeIgniter.php(361): CodeIgniter\CodeIgniter->handleRequest(null, Object(Config\Cache), false)
 8 FCPATH\index.php(79): CodeIgniter\CodeIgniter->run()
INFO - 2026-02-28 14:49:22 --> Session: Class initialized using 'CodeIgniter\Session\Handlers\FileHandler' driver.
WARNING - 2026-02-28 14:49:22 --> [DEPRECATED] Creation of dynamic property CodeIgniter\HTTP\IncomingRequest::$user is deprecated in APPPATH\Filters\JwtAuthWeb.php on line 32.
 1 SYSTEMPATH\Filters\Filters.php(182): App\Filters\JwtAuthWeb->before(Object(CodeIgniter\HTTP\IncomingRequest), null)
 2 SYSTEMPATH\CodeIgniter.php(475): CodeIgniter\Filters\Filters->run('cg_report_data', 'before')
 3 SYSTEMPATH\CodeIgniter.php(361): CodeIgniter\CodeIgniter->handleRequest(null, Object(Config\Cache), false)
 4 FCPATH\index.php(79): CodeIgniter\CodeIgniter->run()
WARNING - 2026-02-28 14:49:22 --> [DEPRECATED] Optional parameter $cg declared before required parameter $hcode is implicitly treated as a required parameter in APPPATH\Models\cgserviceModel.php on line 93.
 1 SYSTEMPATH\Autoloader\Autoloader.php(311): include_once('D:\\xampp6\\htdocs\\project-jwt\\vendor\\codeigniter4\\framework\\system\\Debug\\Exceptions.php')
 2 SYSTEMPATH\Autoloader\Autoloader.php(290): CodeIgniter\Autoloader\Autoloader->includeFile('D:\\xampp6\\htdocs\\project-jwt\\app\\Models\\cgserviceModel.php')
 3 SYSTEMPATH\Autoloader\Autoloader.php(266): CodeIgniter\Autoloader\Autoloader->loadInNamespace('App\\Models\\cgserviceModel')
 4 APPPATH\Controllers\mobileController.php(36): CodeIgniter\Autoloader\Autoloader->loadClass('App\\Models\\cgserviceModel')
 5 SYSTEMPATH\CodeIgniter.php(915): App\Controllers\MobileController->__construct()
 6 SYSTEMPATH\CodeIgniter.php(494): CodeIgniter\CodeIgniter->createController()
 7 SYSTEMPATH\CodeIgniter.php(361): CodeIgniter\CodeIgniter->handleRequest(null, Object(Config\Cache), false)
 8 FCPATH\index.php(79): CodeIgniter\CodeIgniter->run()
INFO - 2026-02-28 14:49:24 --> Session: Class initialized using 'CodeIgniter\Session\Handlers\FileHandler' driver.
WARNING - 2026-02-28 14:49:24 --> [DEPRECATED] Creation of dynamic property CodeIgniter\HTTP\IncomingRequest::$user is deprecated in APPPATH\Filters\JwtAuthWeb.php on line 32.
 1 SYSTEMPATH\Filters\Filters.php(182): App\Filters\JwtAuthWeb->before(Object(CodeIgniter\HTTP\IncomingRequest), null)
 2 SYSTEMPATH\CodeIgniter.php(475): CodeIgniter\Filters\Filters->run('cg_report_data', 'before')
 3 SYSTEMPATH\CodeIgniter.php(361): CodeIgniter\CodeIgniter->handleRequest(null, Object(Config\Cache), false)
 4 FCPATH\index.php(79): CodeIgniter\CodeIgniter->run()
WARNING - 2026-02-28 14:49:24 --> [DEPRECATED] Optional parameter $cg declared before required parameter $hcode is implicitly treated as a required parameter in APPPATH\Models\cgserviceModel.php on line 93.
 1 SYSTEMPATH\Autoloader\Autoloader.php(311): include_once('D:\\xampp6\\htdocs\\project-jwt\\vendor\\codeigniter4\\framework\\system\\Debug\\Exceptions.php')
 2 SYSTEMPATH\Autoloader\Autoloader.php(290): CodeIgniter\Autoloader\Autoloader->includeFile('D:\\xampp6\\htdocs\\project-jwt\\app\\Models\\cgserviceModel.php')
 3 SYSTEMPATH\Autoloader\Autoloader.php(266): CodeIgniter\Autoloader\Autoloader->loadInNamespace('App\\Models\\cgserviceModel')
 4 APPPATH\Controllers\mobileController.php(36): CodeIgniter\Autoloader\Autoloader->loadClass('App\\Models\\cgserviceModel')
 5 SYSTEMPATH\CodeIgniter.php(915): App\Controllers\MobileController->__construct()
 6 SYSTEMPATH\CodeIgniter.php(494): CodeIgniter\CodeIgniter->createController()
 7 SYSTEMPATH\CodeIgniter.php(361): CodeIgniter\CodeIgniter->handleRequest(null, Object(Config\Cache), false)
 8 FCPATH\index.php(79): CodeIgniter\CodeIgniter->run()
INFO - 2026-02-28 14:49:27 --> Session: Class initialized using 'CodeIgniter\Session\Handlers\FileHandler' driver.
WARNING - 2026-02-28 14:49:27 --> [DEPRECATED] Creation of dynamic property CodeIgniter\HTTP\IncomingRequest::$user is deprecated in APPPATH\Filters\JwtAuthWeb.php on line 32.
 1 SYSTEMPATH\Filters\Filters.php(182): App\Filters\JwtAuthWeb->before(Object(CodeIgniter\HTTP\IncomingRequest), null)
 2 SYSTEMPATH\CodeIgniter.php(475): CodeIgniter\Filters\Filters->run('cg_report_data', 'before')
 3 SYSTEMPATH\CodeIgniter.php(361): CodeIgniter\CodeIgniter->handleRequest(null, Object(Config\Cache), false)
 4 FCPATH\index.php(79): CodeIgniter\CodeIgniter->run()
WARNING - 2026-02-28 14:49:27 --> [DEPRECATED] Optional parameter $cg declared before required parameter $hcode is implicitly treated as a required parameter in APPPATH\Models\cgserviceModel.php on line 93.
 1 SYSTEMPATH\Autoloader\Autoloader.php(311): include_once('D:\\xampp6\\htdocs\\project-jwt\\vendor\\codeigniter4\\framework\\system\\Debug\\Exceptions.php')
 2 SYSTEMPATH\Autoloader\Autoloader.php(290): CodeIgniter\Autoloader\Autoloader->includeFile('D:\\xampp6\\htdocs\\project-jwt\\app\\Models\\cgserviceModel.php')
 3 SYSTEMPATH\Autoloader\Autoloader.php(266): CodeIgniter\Autoloader\Autoloader->loadInNamespace('App\\Models\\cgserviceModel')
 4 APPPATH\Controllers\mobileController.php(36): CodeIgniter\Autoloader\Autoloader->loadClass('App\\Models\\cgserviceModel')
 5 SYSTEMPATH\CodeIgniter.php(915): App\Controllers\MobileController->__construct()
 6 SYSTEMPATH\CodeIgniter.php(494): CodeIgniter\CodeIgniter->createController()
 7 SYSTEMPATH\CodeIgniter.php(361): CodeIgniter\CodeIgniter->handleRequest(null, Object(Config\Cache), false)
 8 FCPATH\index.php(79): CodeIgniter\CodeIgniter->run()
INFO - 2026-02-28 14:49:29 --> Session: Class initialized using 'CodeIgniter\Session\Handlers\FileHandler' driver.
WARNING - 2026-02-28 14:49:29 --> [DEPRECATED] Creation of dynamic property CodeIgniter\HTTP\IncomingRequest::$user is deprecated in APPPATH\Filters\JwtAuthWeb.php on line 32.
 1 SYSTEMPATH\Filters\Filters.php(182): App\Filters\JwtAuthWeb->before(Object(CodeIgniter\HTTP\IncomingRequest), null)
 2 SYSTEMPATH\CodeIgniter.php(475): CodeIgniter\Filters\Filters->run('cg_report_data', 'before')
 3 SYSTEMPATH\CodeIgniter.php(361): CodeIgniter\CodeIgniter->handleRequest(null, Object(Config\Cache), false)
 4 FCPATH\index.php(79): CodeIgniter\CodeIgniter->run()
WARNING - 2026-02-28 14:49:29 --> [DEPRECATED] Optional parameter $cg declared before required parameter $hcode is implicitly treated as a required parameter in APPPATH\Models\cgserviceModel.php on line 93.
 1 SYSTEMPATH\Autoloader\Autoloader.php(311): include_once('D:\\xampp6\\htdocs\\project-jwt\\vendor\\codeigniter4\\framework\\system\\Debug\\Exceptions.php')
 2 SYSTEMPATH\Autoloader\Autoloader.php(290): CodeIgniter\Autoloader\Autoloader->includeFile('D:\\xampp6\\htdocs\\project-jwt\\app\\Models\\cgserviceModel.php')
 3 SYSTEMPATH\Autoloader\Autoloader.php(266): CodeIgniter\Autoloader\Autoloader->loadInNamespace('App\\Models\\cgserviceModel')
 4 APPPATH\Controllers\mobileController.php(36): CodeIgniter\Autoloader\Autoloader->loadClass('App\\Models\\cgserviceModel')
 5 SYSTEMPATH\CodeIgniter.php(915): App\Controllers\MobileController->__construct()
 6 SYSTEMPATH\CodeIgniter.php(494): CodeIgniter\CodeIgniter->createController()
 7 SYSTEMPATH\CodeIgniter.php(361): CodeIgniter\CodeIgniter->handleRequest(null, Object(Config\Cache), false)
 8 FCPATH\index.php(79): CodeIgniter\CodeIgniter->run()
INFO - 2026-02-28 14:49:34 --> Session: Class initialized using 'CodeIgniter\Session\Handlers\FileHandler' driver.
WARNING - 2026-02-28 14:49:34 --> [DEPRECATED] Creation of dynamic property CodeIgniter\HTTP\IncomingRequest::$user is deprecated in APPPATH\Filters\JwtAuthWeb.php on line 32.
 1 SYSTEMPATH\Filters\Filters.php(182): App\Filters\JwtAuthWeb->before(Object(CodeIgniter\HTTP\IncomingRequest), null)
 2 SYSTEMPATH\CodeIgniter.php(475): CodeIgniter\Filters\Filters->run('cg_report_data', 'before')
 3 SYSTEMPATH\CodeIgniter.php(361): CodeIgniter\CodeIgniter->handleRequest(null, Object(Config\Cache), false)
 4 FCPATH\index.php(79): CodeIgniter\CodeIgniter->run()
WARNING - 2026-02-28 14:49:34 --> [DEPRECATED] Optional parameter $cg declared before required parameter $hcode is implicitly treated as a required parameter in APPPATH\Models\cgserviceModel.php on line 93.
 1 SYSTEMPATH\Autoloader\Autoloader.php(311): include_once('D:\\xampp6\\htdocs\\project-jwt\\vendor\\codeigniter4\\framework\\system\\Debug\\Exceptions.php')
 2 SYSTEMPATH\Autoloader\Autoloader.php(290): CodeIgniter\Autoloader\Autoloader->includeFile('D:\\xampp6\\htdocs\\project-jwt\\app\\Models\\cgserviceModel.php')
 3 SYSTEMPATH\Autoloader\Autoloader.php(266): CodeIgniter\Autoloader\Autoloader->loadInNamespace('App\\Models\\cgserviceModel')
 4 APPPATH\Controllers\mobileController.php(36): CodeIgniter\Autoloader\Autoloader->loadClass('App\\Models\\cgserviceModel')
 5 SYSTEMPATH\CodeIgniter.php(915): App\Controllers\MobileController->__construct()
 6 SYSTEMPATH\CodeIgniter.php(494): CodeIgniter\CodeIgniter->createController()
 7 SYSTEMPATH\CodeIgniter.php(361): CodeIgniter\CodeIgniter->handleRequest(null, Object(Config\Cache), false)
 8 FCPATH\index.php(79): CodeIgniter\CodeIgniter->run()
INFO - 2026-02-28 14:49:36 --> Session: Class initialized using 'CodeIgniter\Session\Handlers\FileHandler' driver.
WARNING - 2026-02-28 14:49:36 --> [DEPRECATED] Creation of dynamic property CodeIgniter\HTTP\IncomingRequest::$user is deprecated in APPPATH\Filters\JwtAuthWeb.php on line 32.
 1 SYSTEMPATH\Filters\Filters.php(182): App\Filters\JwtAuthWeb->before(Object(CodeIgniter\HTTP\IncomingRequest), null)
 2 SYSTEMPATH\CodeIgniter.php(475): CodeIgniter\Filters\Filters->run('cg_report_data', 'before')
 3 SYSTEMPATH\CodeIgniter.php(361): CodeIgniter\CodeIgniter->handleRequest(null, Object(Config\Cache), false)
 4 FCPATH\index.php(79): CodeIgniter\CodeIgniter->run()
WARNING - 2026-02-28 14:49:36 --> [DEPRECATED] Optional parameter $cg declared before required parameter $hcode is implicitly treated as a required parameter in APPPATH\Models\cgserviceModel.php on line 93.
 1 SYSTEMPATH\Autoloader\Autoloader.php(311): include_once('D:\\xampp6\\htdocs\\project-jwt\\vendor\\codeigniter4\\framework\\system\\Debug\\Exceptions.php')
 2 SYSTEMPATH\Autoloader\Autoloader.php(290): CodeIgniter\Autoloader\Autoloader->includeFile('D:\\xampp6\\htdocs\\project-jwt\\app\\Models\\cgserviceModel.php')
 3 SYSTEMPATH\Autoloader\Autoloader.php(266): CodeIgniter\Autoloader\Autoloader->loadInNamespace('App\\Models\\cgserviceModel')
 4 APPPATH\Controllers\mobileController.php(36): CodeIgniter\Autoloader\Autoloader->loadClass('App\\Models\\cgserviceModel')
 5 SYSTEMPATH\CodeIgniter.php(915): App\Controllers\MobileController->__construct()
 6 SYSTEMPATH\CodeIgniter.php(494): CodeIgniter\CodeIgniter->createController()
 7 SYSTEMPATH\CodeIgniter.php(361): CodeIgniter\CodeIgniter->handleRequest(null, Object(Config\Cache), false)
 8 FCPATH\index.php(79): CodeIgniter\CodeIgniter->run()
INFO - 2026-02-28 14:49:38 --> Session: Class initialized using 'CodeIgniter\Session\Handlers\FileHandler' driver.
WARNING - 2026-02-28 14:49:38 --> [DEPRECATED] Creation of dynamic property CodeIgniter\HTTP\IncomingRequest::$user is deprecated in APPPATH\Filters\JwtAuthWeb.php on line 32.
 1 SYSTEMPATH\Filters\Filters.php(182): App\Filters\JwtAuthWeb->before(Object(CodeIgniter\HTTP\IncomingRequest), null)
 2 SYSTEMPATH\CodeIgniter.php(475): CodeIgniter\Filters\Filters->run('mobile-page', 'before')
 3 SYSTEMPATH\CodeIgniter.php(361): CodeIgniter\CodeIgniter->handleRequest(null, Object(Config\Cache), false)
 4 FCPATH\index.php(79): CodeIgniter\CodeIgniter->run()
WARNING - 2026-02-28 14:49:38 --> [DEPRECATED] Optional parameter $cg declared before required parameter $hcode is implicitly treated as a required parameter in APPPATH\Models\cgserviceModel.php on line 93.
 1 SYSTEMPATH\Autoloader\Autoloader.php(311): include_once('D:\\xampp6\\htdocs\\project-jwt\\vendor\\codeigniter4\\framework\\system\\Debug\\Exceptions.php')
 2 SYSTEMPATH\Autoloader\Autoloader.php(290): CodeIgniter\Autoloader\Autoloader->includeFile('D:\\xampp6\\htdocs\\project-jwt\\app\\Models\\cgserviceModel.php')
 3 SYSTEMPATH\Autoloader\Autoloader.php(266): CodeIgniter\Autoloader\Autoloader->loadInNamespace('App\\Models\\cgserviceModel')
 4 APPPATH\Controllers\mobileController.php(36): CodeIgniter\Autoloader\Autoloader->loadClass('App\\Models\\cgserviceModel')
 5 SYSTEMPATH\CodeIgniter.php(915): App\Controllers\MobileController->__construct()
 6 SYSTEMPATH\CodeIgniter.php(494): CodeIgniter\CodeIgniter->createController()
 7 SYSTEMPATH\CodeIgniter.php(361): CodeIgniter\CodeIgniter->handleRequest(null, Object(Config\Cache), false)
 8 FCPATH\index.php(79): CodeIgniter\CodeIgniter->run()
INFO - 2026-02-28 14:51:06 --> Session: Class initialized using 'CodeIgniter\Session\Handlers\FileHandler' driver.
WARNING - 2026-02-28 14:51:06 --> [DEPRECATED] Creation of dynamic property CodeIgniter\HTTP\IncomingRequest::$user is deprecated in APPPATH\Filters\JwtAuthWeb.php on line 32.
 1 SYSTEMPATH\Filters\Filters.php(182): App\Filters\JwtAuthWeb->before(Object(CodeIgniter\HTTP\IncomingRequest), null)
 2 SYSTEMPATH\CodeIgniter.php(475): CodeIgniter\Filters\Filters->run('mobile-page', 'before')
 3 SYSTEMPATH\CodeIgniter.php(361): CodeIgniter\CodeIgniter->handleRequest(null, Object(Config\Cache), false)
 4 FCPATH\index.php(79): CodeIgniter\CodeIgniter->run()
WARNING - 2026-02-28 14:51:06 --> [DEPRECATED] Optional parameter $cg declared before required parameter $hcode is implicitly treated as a required parameter in APPPATH\Models\cgserviceModel.php on line 93.
 1 SYSTEMPATH\Autoloader\Autoloader.php(311): include_once('D:\\xampp6\\htdocs\\project-jwt\\vendor\\codeigniter4\\framework\\system\\Debug\\Exceptions.php')
 2 SYSTEMPATH\Autoloader\Autoloader.php(290): CodeIgniter\Autoloader\Autoloader->includeFile('D:\\xampp6\\htdocs\\project-jwt\\app\\Models\\cgserviceModel.php')
 3 SYSTEMPATH\Autoloader\Autoloader.php(266): CodeIgniter\Autoloader\Autoloader->loadInNamespace('App\\Models\\cgserviceModel')
 4 APPPATH\Controllers\mobileController.php(36): CodeIgniter\Autoloader\Autoloader->loadClass('App\\Models\\cgserviceModel')
 5 SYSTEMPATH\CodeIgniter.php(915): App\Controllers\MobileController->__construct()
 6 SYSTEMPATH\CodeIgniter.php(494): CodeIgniter\CodeIgniter->createController()
 7 SYSTEMPATH\CodeIgniter.php(361): CodeIgniter\CodeIgniter->handleRequest(null, Object(Config\Cache), false)
 8 FCPATH\index.php(79): CodeIgniter\CodeIgniter->run()
INFO - 2026-02-28 14:51:07 --> Session: Class initialized using 'CodeIgniter\Session\Handlers\FileHandler' driver.
WARNING - 2026-02-28 14:51:07 --> [DEPRECATED] Creation of dynamic property CodeIgniter\HTTP\IncomingRequest::$user is deprecated in APPPATH\Filters\JwtAuthWeb.php on line 32.
 1 SYSTEMPATH\Filters\Filters.php(182): App\Filters\JwtAuthWeb->before(Object(CodeIgniter\HTTP\IncomingRequest), null)
 2 SYSTEMPATH\CodeIgniter.php(475): CodeIgniter\Filters\Filters->run('visit_ptbed', 'before')
 3 SYSTEMPATH\CodeIgniter.php(361): CodeIgniter\CodeIgniter->handleRequest(null, Object(Config\Cache), false)
 4 FCPATH\index.php(79): CodeIgniter\CodeIgniter->run()
WARNING - 2026-02-28 14:51:07 --> [DEPRECATED] Optional parameter $cg declared before required parameter $hcode is implicitly treated as a required parameter in APPPATH\Models\cgserviceModel.php on line 93.
 1 SYSTEMPATH\Autoloader\Autoloader.php(311): include_once('D:\\xampp6\\htdocs\\project-jwt\\vendor\\codeigniter4\\framework\\system\\Debug\\Exceptions.php')
 2 SYSTEMPATH\Autoloader\Autoloader.php(290): CodeIgniter\Autoloader\Autoloader->includeFile('D:\\xampp6\\htdocs\\project-jwt\\app\\Models\\cgserviceModel.php')
 3 SYSTEMPATH\Autoloader\Autoloader.php(266): CodeIgniter\Autoloader\Autoloader->loadInNamespace('App\\Models\\cgserviceModel')
 4 APPPATH\Controllers\mobileController.php(36): CodeIgniter\Autoloader\Autoloader->loadClass('App\\Models\\cgserviceModel')
 5 SYSTEMPATH\CodeIgniter.php(915): App\Controllers\MobileController->__construct()
 6 SYSTEMPATH\CodeIgniter.php(494): CodeIgniter\CodeIgniter->createController()
 7 SYSTEMPATH\CodeIgniter.php(361): CodeIgniter\CodeIgniter->handleRequest(null, Object(Config\Cache), false)
 8 FCPATH\index.php(79): CodeIgniter\CodeIgniter->run()
INFO - 2026-02-28 14:51:12 --> Session: Class initialized using 'CodeIgniter\Session\Handlers\FileHandler' driver.
WARNING - 2026-02-28 14:51:12 --> [DEPRECATED] Creation of dynamic property CodeIgniter\HTTP\IncomingRequest::$user is deprecated in APPPATH\Filters\JwtAuthWeb.php on line 32.
 1 SYSTEMPATH\Filters\Filters.php(182): App\Filters\JwtAuthWeb->before(Object(CodeIgniter\HTTP\IncomingRequest), null)
 2 SYSTEMPATH\CodeIgniter.php(475): CodeIgniter\Filters\Filters->run('cg_service/189', 'before')
 3 SYSTEMPATH\CodeIgniter.php(361): CodeIgniter\CodeIgniter->handleRequest(null, Object(Config\Cache), false)
 4 FCPATH\index.php(79): CodeIgniter\CodeIgniter->run()
WARNING - 2026-02-28 14:51:12 --> [DEPRECATED] Optional parameter $cg declared before required parameter $hcode is implicitly treated as a required parameter in APPPATH\Models\cgserviceModel.php on line 93.
 1 SYSTEMPATH\Autoloader\Autoloader.php(311): include_once('D:\\xampp6\\htdocs\\project-jwt\\vendor\\codeigniter4\\framework\\system\\Debug\\Exceptions.php')
 2 SYSTEMPATH\Autoloader\Autoloader.php(290): CodeIgniter\Autoloader\Autoloader->includeFile('D:\\xampp6\\htdocs\\project-jwt\\app\\Models\\cgserviceModel.php')
 3 SYSTEMPATH\Autoloader\Autoloader.php(266): CodeIgniter\Autoloader\Autoloader->loadInNamespace('App\\Models\\cgserviceModel')
 4 APPPATH\Controllers\mobileController.php(36): CodeIgniter\Autoloader\Autoloader->loadClass('App\\Models\\cgserviceModel')
 5 SYSTEMPATH\CodeIgniter.php(915): App\Controllers\MobileController->__construct()
 6 SYSTEMPATH\CodeIgniter.php(494): CodeIgniter\CodeIgniter->createController()
 7 SYSTEMPATH\CodeIgniter.php(361): CodeIgniter\CodeIgniter->handleRequest(null, Object(Config\Cache), false)
 8 FCPATH\index.php(79): CodeIgniter\CodeIgniter->run()
INFO - 2026-02-28 14:51:16 --> Session: Class initialized using 'CodeIgniter\Session\Handlers\FileHandler' driver.
WARNING - 2026-02-28 14:51:16 --> [DEPRECATED] Creation of dynamic property CodeIgniter\HTTP\IncomingRequest::$user is deprecated in APPPATH\Filters\JwtAuthWeb.php on line 32.
 1 SYSTEMPATH\Filters\Filters.php(182): App\Filters\JwtAuthWeb->before(Object(CodeIgniter\HTTP\IncomingRequest), null)
 2 SYSTEMPATH\CodeIgniter.php(475): CodeIgniter\Filters\Filters->run('visit_ptbed', 'before')
 3 SYSTEMPATH\CodeIgniter.php(361): CodeIgniter\CodeIgniter->handleRequest(null, Object(Config\Cache), false)
 4 FCPATH\index.php(79): CodeIgniter\CodeIgniter->run()
WARNING - 2026-02-28 14:51:16 --> [DEPRECATED] Optional parameter $cg declared before required parameter $hcode is implicitly treated as a required parameter in APPPATH\Models\cgserviceModel.php on line 93.
 1 SYSTEMPATH\Autoloader\Autoloader.php(311): include_once('D:\\xampp6\\htdocs\\project-jwt\\vendor\\codeigniter4\\framework\\system\\Debug\\Exceptions.php')
 2 SYSTEMPATH\Autoloader\Autoloader.php(290): CodeIgniter\Autoloader\Autoloader->includeFile('D:\\xampp6\\htdocs\\project-jwt\\app\\Models\\cgserviceModel.php')
 3 SYSTEMPATH\Autoloader\Autoloader.php(266): CodeIgniter\Autoloader\Autoloader->loadInNamespace('App\\Models\\cgserviceModel')
 4 APPPATH\Controllers\mobileController.php(36): CodeIgniter\Autoloader\Autoloader->loadClass('App\\Models\\cgserviceModel')
 5 SYSTEMPATH\CodeIgniter.php(915): App\Controllers\MobileController->__construct()
 6 SYSTEMPATH\CodeIgniter.php(494): CodeIgniter\CodeIgniter->createController()
 7 SYSTEMPATH\CodeIgniter.php(361): CodeIgniter\CodeIgniter->handleRequest(null, Object(Config\Cache), false)
 8 FCPATH\index.php(79): CodeIgniter\CodeIgniter->run()
INFO - 2026-02-28 14:51:52 --> Session: Class initialized using 'CodeIgniter\Session\Handlers\FileHandler' driver.
WARNING - 2026-02-28 14:51:52 --> [DEPRECATED] Creation of dynamic property CodeIgniter\HTTP\IncomingRequest::$user is deprecated in APPPATH\Filters\JwtAuthWeb.php on line 32.
 1 SYSTEMPATH\Filters\Filters.php(182): App\Filters\JwtAuthWeb->before(Object(CodeIgniter\HTTP\IncomingRequest), null)
 2 SYSTEMPATH\CodeIgniter.php(475): CodeIgniter\Filters\Filters->run('visit_ptbed', 'before')
 3 SYSTEMPATH\CodeIgniter.php(361): CodeIgniter\CodeIgniter->handleRequest(null, Object(Config\Cache), false)
 4 FCPATH\index.php(79): CodeIgniter\CodeIgniter->run()
WARNING - 2026-02-28 14:51:52 --> [DEPRECATED] Optional parameter $cg declared before required parameter $hcode is implicitly treated as a required parameter in APPPATH\Models\cgserviceModel.php on line 93.
 1 SYSTEMPATH\Autoloader\Autoloader.php(311): include_once('D:\\xampp6\\htdocs\\project-jwt\\vendor\\codeigniter4\\framework\\system\\Debug\\Exceptions.php')
 2 SYSTEMPATH\Autoloader\Autoloader.php(290): CodeIgniter\Autoloader\Autoloader->includeFile('D:\\xampp6\\htdocs\\project-jwt\\app\\Models\\cgserviceModel.php')
 3 SYSTEMPATH\Autoloader\Autoloader.php(266): CodeIgniter\Autoloader\Autoloader->loadInNamespace('App\\Models\\cgserviceModel')
 4 APPPATH\Controllers\mobileController.php(36): CodeIgniter\Autoloader\Autoloader->loadClass('App\\Models\\cgserviceModel')
 5 SYSTEMPATH\CodeIgniter.php(915): App\Controllers\MobileController->__construct()
 6 SYSTEMPATH\CodeIgniter.php(494): CodeIgniter\CodeIgniter->createController()
 7 SYSTEMPATH\CodeIgniter.php(361): CodeIgniter\CodeIgniter->handleRequest(null, Object(Config\Cache), false)
 8 FCPATH\index.php(79): CodeIgniter\CodeIgniter->run()
INFO - 2026-02-28 14:51:55 --> Session: Class initialized using 'CodeIgniter\Session\Handlers\FileHandler' driver.
WARNING - 2026-02-28 14:51:55 --> [DEPRECATED] Creation of dynamic property CodeIgniter\HTTP\IncomingRequest::$user is deprecated in APPPATH\Filters\JwtAuthWeb.php on line 32.
 1 SYSTEMPATH\Filters\Filters.php(182): App\Filters\JwtAuthWeb->before(Object(CodeIgniter\HTTP\IncomingRequest), null)
 2 SYSTEMPATH\CodeIgniter.php(475): CodeIgniter\Filters\Filters->run('mobile-page', 'before')
 3 SYSTEMPATH\CodeIgniter.php(361): CodeIgniter\CodeIgniter->handleRequest(null, Object(Config\Cache), false)
 4 FCPATH\index.php(79): CodeIgniter\CodeIgniter->run()
WARNING - 2026-02-28 14:51:55 --> [DEPRECATED] Optional parameter $cg declared before required parameter $hcode is implicitly treated as a required parameter in APPPATH\Models\cgserviceModel.php on line 93.
 1 SYSTEMPATH\Autoloader\Autoloader.php(311): include_once('D:\\xampp6\\htdocs\\project-jwt\\vendor\\codeigniter4\\framework\\system\\Debug\\Exceptions.php')
 2 SYSTEMPATH\Autoloader\Autoloader.php(290): CodeIgniter\Autoloader\Autoloader->includeFile('D:\\xampp6\\htdocs\\project-jwt\\app\\Models\\cgserviceModel.php')
 3 SYSTEMPATH\Autoloader\Autoloader.php(266): CodeIgniter\Autoloader\Autoloader->loadInNamespace('App\\Models\\cgserviceModel')
 4 APPPATH\Controllers\mobileController.php(36): CodeIgniter\Autoloader\Autoloader->loadClass('App\\Models\\cgserviceModel')
 5 SYSTEMPATH\CodeIgniter.php(915): App\Controllers\MobileController->__construct()
 6 SYSTEMPATH\CodeIgniter.php(494): CodeIgniter\CodeIgniter->createController()
 7 SYSTEMPATH\CodeIgniter.php(361): CodeIgniter\CodeIgniter->handleRequest(null, Object(Config\Cache), false)
 8 FCPATH\index.php(79): CodeIgniter\CodeIgniter->run()
INFO - 2026-02-28 14:51:56 --> Session: Class initialized using 'CodeIgniter\Session\Handlers\FileHandler' driver.
WARNING - 2026-02-28 14:51:56 --> [DEPRECATED] Creation of dynamic property CodeIgniter\HTTP\IncomingRequest::$user is deprecated in APPPATH\Filters\JwtAuthWeb.php on line 32.
 1 SYSTEMPATH\Filters\Filters.php(182): App\Filters\JwtAuthWeb->before(Object(CodeIgniter\HTTP\IncomingRequest), null)
 2 SYSTEMPATH\CodeIgniter.php(475): CodeIgniter\Filters\Filters->run('mb_Report', 'before')
 3 SYSTEMPATH\CodeIgniter.php(361): CodeIgniter\CodeIgniter->handleRequest(null, Object(Config\Cache), false)
 4 FCPATH\index.php(79): CodeIgniter\CodeIgniter->run()
WARNING - 2026-02-28 14:51:56 --> [DEPRECATED] Optional parameter $cg declared before required parameter $hcode is implicitly treated as a required parameter in APPPATH\Models\cgserviceModel.php on line 93.
 1 SYSTEMPATH\Autoloader\Autoloader.php(311): include_once('D:\\xampp6\\htdocs\\project-jwt\\vendor\\codeigniter4\\framework\\system\\Debug\\Exceptions.php')
 2 SYSTEMPATH\Autoloader\Autoloader.php(290): CodeIgniter\Autoloader\Autoloader->includeFile('D:\\xampp6\\htdocs\\project-jwt\\app\\Models\\cgserviceModel.php')
 3 SYSTEMPATH\Autoloader\Autoloader.php(266): CodeIgniter\Autoloader\Autoloader->loadInNamespace('App\\Models\\cgserviceModel')
 4 APPPATH\Controllers\mobileController.php(36): CodeIgniter\Autoloader\Autoloader->loadClass('App\\Models\\cgserviceModel')
 5 SYSTEMPATH\CodeIgniter.php(915): App\Controllers\MobileController->__construct()
 6 SYSTEMPATH\CodeIgniter.php(494): CodeIgniter\CodeIgniter->createController()
 7 SYSTEMPATH\CodeIgniter.php(361): CodeIgniter\CodeIgniter->handleRequest(null, Object(Config\Cache), false)
 8 FCPATH\index.php(79): CodeIgniter\CodeIgniter->run()
INFO - 2026-02-28 14:51:58 --> Session: Class initialized using 'CodeIgniter\Session\Handlers\FileHandler' driver.
WARNING - 2026-02-28 14:51:58 --> [DEPRECATED] Creation of dynamic property CodeIgniter\HTTP\IncomingRequest::$user is deprecated in APPPATH\Filters\JwtAuthWeb.php on line 32.
 1 SYSTEMPATH\Filters\Filters.php(182): App\Filters\JwtAuthWeb->before(Object(CodeIgniter\HTTP\IncomingRequest), null)
 2 SYSTEMPATH\CodeIgniter.php(475): CodeIgniter\Filters\Filters->run('cg_report_data', 'before')
 3 SYSTEMPATH\CodeIgniter.php(361): CodeIgniter\CodeIgniter->handleRequest(null, Object(Config\Cache), false)
 4 FCPATH\index.php(79): CodeIgniter\CodeIgniter->run()
WARNING - 2026-02-28 14:51:58 --> [DEPRECATED] Optional parameter $cg declared before required parameter $hcode is implicitly treated as a required parameter in APPPATH\Models\cgserviceModel.php on line 93.
 1 SYSTEMPATH\Autoloader\Autoloader.php(311): include_once('D:\\xampp6\\htdocs\\project-jwt\\vendor\\codeigniter4\\framework\\system\\Debug\\Exceptions.php')
 2 SYSTEMPATH\Autoloader\Autoloader.php(290): CodeIgniter\Autoloader\Autoloader->includeFile('D:\\xampp6\\htdocs\\project-jwt\\app\\Models\\cgserviceModel.php')
 3 SYSTEMPATH\Autoloader\Autoloader.php(266): CodeIgniter\Autoloader\Autoloader->loadInNamespace('App\\Models\\cgserviceModel')
 4 APPPATH\Controllers\mobileController.php(36): CodeIgniter\Autoloader\Autoloader->loadClass('App\\Models\\cgserviceModel')
 5 SYSTEMPATH\CodeIgniter.php(915): App\Controllers\MobileController->__construct()
 6 SYSTEMPATH\CodeIgniter.php(494): CodeIgniter\CodeIgniter->createController()
 7 SYSTEMPATH\CodeIgniter.php(361): CodeIgniter\CodeIgniter->handleRequest(null, Object(Config\Cache), false)
 8 FCPATH\index.php(79): CodeIgniter\CodeIgniter->run()
INFO - 2026-02-28 14:52:00 --> Session: Class initialized using 'CodeIgniter\Session\Handlers\FileHandler' driver.
WARNING - 2026-02-28 14:52:00 --> [DEPRECATED] Creation of dynamic property CodeIgniter\HTTP\IncomingRequest::$user is deprecated in APPPATH\Filters\JwtAuthWeb.php on line 32.
 1 SYSTEMPATH\Filters\Filters.php(182): App\Filters\JwtAuthWeb->before(Object(CodeIgniter\HTTP\IncomingRequest), null)
 2 SYSTEMPATH\CodeIgniter.php(475): CodeIgniter\Filters\Filters->run('cg_report_data', 'before')
 3 SYSTEMPATH\CodeIgniter.php(361): CodeIgniter\CodeIgniter->handleRequest(null, Object(Config\Cache), false)
 4 FCPATH\index.php(79): CodeIgniter\CodeIgniter->run()
WARNING - 2026-02-28 14:52:00 --> [DEPRECATED] Optional parameter $cg declared before required parameter $hcode is implicitly treated as a required parameter in APPPATH\Models\cgserviceModel.php on line 93.
 1 SYSTEMPATH\Autoloader\Autoloader.php(311): include_once('D:\\xampp6\\htdocs\\project-jwt\\vendor\\codeigniter4\\framework\\system\\Debug\\Exceptions.php')
 2 SYSTEMPATH\Autoloader\Autoloader.php(290): CodeIgniter\Autoloader\Autoloader->includeFile('D:\\xampp6\\htdocs\\project-jwt\\app\\Models\\cgserviceModel.php')
 3 SYSTEMPATH\Autoloader\Autoloader.php(266): CodeIgniter\Autoloader\Autoloader->loadInNamespace('App\\Models\\cgserviceModel')
 4 APPPATH\Controllers\mobileController.php(36): CodeIgniter\Autoloader\Autoloader->loadClass('App\\Models\\cgserviceModel')
 5 SYSTEMPATH\CodeIgniter.php(915): App\Controllers\MobileController->__construct()
 6 SYSTEMPATH\CodeIgniter.php(494): CodeIgniter\CodeIgniter->createController()
 7 SYSTEMPATH\CodeIgniter.php(361): CodeIgniter\CodeIgniter->handleRequest(null, Object(Config\Cache), false)
 8 FCPATH\index.php(79): CodeIgniter\CodeIgniter->run()
INFO - 2026-02-28 14:52:02 --> Session: Class initialized using 'CodeIgniter\Session\Handlers\FileHandler' driver.
WARNING - 2026-02-28 14:52:02 --> [DEPRECATED] Creation of dynamic property CodeIgniter\HTTP\IncomingRequest::$user is deprecated in APPPATH\Filters\JwtAuthWeb.php on line 32.
 1 SYSTEMPATH\Filters\Filters.php(182): App\Filters\JwtAuthWeb->before(Object(CodeIgniter\HTTP\IncomingRequest), null)
 2 SYSTEMPATH\CodeIgniter.php(475): CodeIgniter\Filters\Filters->run('cg_report_data', 'before')
 3 SYSTEMPATH\CodeIgniter.php(361): CodeIgniter\CodeIgniter->handleRequest(null, Object(Config\Cache), false)
 4 FCPATH\index.php(79): CodeIgniter\CodeIgniter->run()
WARNING - 2026-02-28 14:52:02 --> [DEPRECATED] Optional parameter $cg declared before required parameter $hcode is implicitly treated as a required parameter in APPPATH\Models\cgserviceModel.php on line 93.
 1 SYSTEMPATH\Autoloader\Autoloader.php(311): include_once('D:\\xampp6\\htdocs\\project-jwt\\vendor\\codeigniter4\\framework\\system\\Debug\\Exceptions.php')
 2 SYSTEMPATH\Autoloader\Autoloader.php(290): CodeIgniter\Autoloader\Autoloader->includeFile('D:\\xampp6\\htdocs\\project-jwt\\app\\Models\\cgserviceModel.php')
 3 SYSTEMPATH\Autoloader\Autoloader.php(266): CodeIgniter\Autoloader\Autoloader->loadInNamespace('App\\Models\\cgserviceModel')
 4 APPPATH\Controllers\mobileController.php(36): CodeIgniter\Autoloader\Autoloader->loadClass('App\\Models\\cgserviceModel')
 5 SYSTEMPATH\CodeIgniter.php(915): App\Controllers\MobileController->__construct()
 6 SYSTEMPATH\CodeIgniter.php(494): CodeIgniter\CodeIgniter->createController()
 7 SYSTEMPATH\CodeIgniter.php(361): CodeIgniter\CodeIgniter->handleRequest(null, Object(Config\Cache), false)
 8 FCPATH\index.php(79): CodeIgniter\CodeIgniter->run()
INFO - 2026-02-28 14:53:21 --> Session: Class initialized using 'CodeIgniter\Session\Handlers\FileHandler' driver.
WARNING - 2026-02-28 14:53:21 --> [DEPRECATED] Creation of dynamic property CodeIgniter\HTTP\IncomingRequest::$user is deprecated in APPPATH\Filters\JwtAuthWeb.php on line 32.
 1 SYSTEMPATH\Filters\Filters.php(182): App\Filters\JwtAuthWeb->before(Object(CodeIgniter\HTTP\IncomingRequest), null)
 2 SYSTEMPATH\CodeIgniter.php(475): CodeIgniter\Filters\Filters->run('mobile-page', 'before')
 3 SYSTEMPATH\CodeIgniter.php(361): CodeIgniter\CodeIgniter->handleRequest(null, Object(Config\Cache), false)
 4 FCPATH\index.php(79): CodeIgniter\CodeIgniter->run()
WARNING - 2026-02-28 14:53:21 --> [DEPRECATED] Optional parameter $cg declared before required parameter $hcode is implicitly treated as a required parameter in APPPATH\Models\cgserviceModel.php on line 93.
 1 SYSTEMPATH\Autoloader\Autoloader.php(311): include_once('D:\\xampp6\\htdocs\\project-jwt\\vendor\\codeigniter4\\framework\\system\\Debug\\Exceptions.php')
 2 SYSTEMPATH\Autoloader\Autoloader.php(290): CodeIgniter\Autoloader\Autoloader->includeFile('D:\\xampp6\\htdocs\\project-jwt\\app\\Models\\cgserviceModel.php')
 3 SYSTEMPATH\Autoloader\Autoloader.php(266): CodeIgniter\Autoloader\Autoloader->loadInNamespace('App\\Models\\cgserviceModel')
 4 APPPATH\Controllers\mobileController.php(36): CodeIgniter\Autoloader\Autoloader->loadClass('App\\Models\\cgserviceModel')
 5 SYSTEMPATH\CodeIgniter.php(915): App\Controllers\MobileController->__construct()
 6 SYSTEMPATH\CodeIgniter.php(494): CodeIgniter\CodeIgniter->createController()
 7 SYSTEMPATH\CodeIgniter.php(361): CodeIgniter\CodeIgniter->handleRequest(null, Object(Config\Cache), false)
 8 FCPATH\index.php(79): CodeIgniter\CodeIgniter->run()
INFO - 2026-02-28 14:53:34 --> Session: Class initialized using 'CodeIgniter\Session\Handlers\FileHandler' driver.
INFO - 2026-02-28 14:53:36 --> Session: Class initialized using 'CodeIgniter\Session\Handlers\FileHandler' driver.
WARNING - 2026-02-28 14:53:36 --> [DEPRECATED] Creation of dynamic property CodeIgniter\HTTP\IncomingRequest::$user is deprecated in APPPATH\Filters\JwtAuthWeb.php on line 32.
 1 SYSTEMPATH\Filters\Filters.php(182): App\Filters\JwtAuthWeb->before(Object(CodeIgniter\HTTP\IncomingRequest), null)
 2 SYSTEMPATH\CodeIgniter.php(475): CodeIgniter\Filters\Filters->run('setting/dashboard-page', 'before')
 3 SYSTEMPATH\CodeIgniter.php(361): CodeIgniter\CodeIgniter->handleRequest(null, Object(Config\Cache), false)
 4 FCPATH\index.php(79): CodeIgniter\CodeIgniter->run()
WARNING - 2026-02-28 14:53:36 --> [DEPRECATED] Creation of dynamic property CodeIgniter\HTTP\IncomingRequest::$user is deprecated in APPPATH\Filters\JwtAuth.php on line 47.
 1 SYSTEMPATH\Filters\Filters.php(182): App\Filters\JwtAuth->before(Object(CodeIgniter\HTTP\IncomingRequest), null)
 2 SYSTEMPATH\CodeIgniter.php(475): CodeIgniter\Filters\Filters->run('api/profile', 'before')
 3 SYSTEMPATH\CodeIgniter.php(361): CodeIgniter\CodeIgniter->handleRequest(null, Object(Config\Cache), false)
 4 FCPATH\index.php(79): CodeIgniter\CodeIgniter->run()
INFO - 2026-02-28 14:53:39 --> Session: Class initialized using 'CodeIgniter\Session\Handlers\FileHandler' driver.
WARNING - 2026-02-28 14:53:39 --> [DEPRECATED] Creation of dynamic property CodeIgniter\HTTP\IncomingRequest::$user is deprecated in APPPATH\Filters\JwtAuthWeb.php on line 32.
 1 SYSTEMPATH\Filters\Filters.php(182): App\Filters\JwtAuthWeb->before(Object(CodeIgniter\HTTP\IncomingRequest), null)
 2 SYSTEMPATH\CodeIgniter.php(475): CodeIgniter\Filters\Filters->run('mobile-page', 'before')
 3 SYSTEMPATH\CodeIgniter.php(361): CodeIgniter\CodeIgniter->handleRequest(null, Object(Config\Cache), false)
 4 FCPATH\index.php(79): CodeIgniter\CodeIgniter->run()
WARNING - 2026-02-28 14:53:39 --> [DEPRECATED] Optional parameter $cg declared before required parameter $hcode is implicitly treated as a required parameter in APPPATH\Models\cgserviceModel.php on line 93.
 1 SYSTEMPATH\Autoloader\Autoloader.php(311): include_once('D:\\xampp6\\htdocs\\project-jwt\\vendor\\codeigniter4\\framework\\system\\Debug\\Exceptions.php')
 2 SYSTEMPATH\Autoloader\Autoloader.php(290): CodeIgniter\Autoloader\Autoloader->includeFile('D:\\xampp6\\htdocs\\project-jwt\\app\\Models\\cgserviceModel.php')
 3 SYSTEMPATH\Autoloader\Autoloader.php(266): CodeIgniter\Autoloader\Autoloader->loadInNamespace('App\\Models\\cgserviceModel')
 4 APPPATH\Controllers\mobileController.php(36): CodeIgniter\Autoloader\Autoloader->loadClass('App\\Models\\cgserviceModel')
 5 SYSTEMPATH\CodeIgniter.php(915): App\Controllers\MobileController->__construct()
 6 SYSTEMPATH\CodeIgniter.php(494): CodeIgniter\CodeIgniter->createController()
 7 SYSTEMPATH\CodeIgniter.php(361): CodeIgniter\CodeIgniter->handleRequest(null, Object(Config\Cache), false)
 8 FCPATH\index.php(79): CodeIgniter\CodeIgniter->run()
INFO - 2026-02-28 14:53:41 --> Session: Class initialized using 'CodeIgniter\Session\Handlers\FileHandler' driver.
WARNING - 2026-02-28 14:53:41 --> [DEPRECATED] Creation of dynamic property CodeIgniter\HTTP\IncomingRequest::$user is deprecated in APPPATH\Filters\JwtAuthWeb.php on line 32.
 1 SYSTEMPATH\Filters\Filters.php(182): App\Filters\JwtAuthWeb->before(Object(CodeIgniter\HTTP\IncomingRequest), null)
 2 SYSTEMPATH\CodeIgniter.php(475): CodeIgniter\Filters\Filters->run('mb_Report', 'before')
 3 SYSTEMPATH\CodeIgniter.php(361): CodeIgniter\CodeIgniter->handleRequest(null, Object(Config\Cache), false)
 4 FCPATH\index.php(79): CodeIgniter\CodeIgniter->run()
WARNING - 2026-02-28 14:53:41 --> [DEPRECATED] Optional parameter $cg declared before required parameter $hcode is implicitly treated as a required parameter in APPPATH\Models\cgserviceModel.php on line 93.
 1 SYSTEMPATH\Autoloader\Autoloader.php(311): include_once('D:\\xampp6\\htdocs\\project-jwt\\vendor\\codeigniter4\\framework\\system\\Debug\\Exceptions.php')
 2 SYSTEMPATH\Autoloader\Autoloader.php(290): CodeIgniter\Autoloader\Autoloader->includeFile('D:\\xampp6\\htdocs\\project-jwt\\app\\Models\\cgserviceModel.php')
 3 SYSTEMPATH\Autoloader\Autoloader.php(266): CodeIgniter\Autoloader\Autoloader->loadInNamespace('App\\Models\\cgserviceModel')
 4 APPPATH\Controllers\mobileController.php(36): CodeIgniter\Autoloader\Autoloader->loadClass('App\\Models\\cgserviceModel')
 5 SYSTEMPATH\CodeIgniter.php(915): App\Controllers\MobileController->__construct()
 6 SYSTEMPATH\CodeIgniter.php(494): CodeIgniter\CodeIgniter->createController()
 7 SYSTEMPATH\CodeIgniter.php(361): CodeIgniter\CodeIgniter->handleRequest(null, Object(Config\Cache), false)
 8 FCPATH\index.php(79): CodeIgniter\CodeIgniter->run()
INFO - 2026-02-28 14:53:43 --> Session: Class initialized using 'CodeIgniter\Session\Handlers\FileHandler' driver.
WARNING - 2026-02-28 14:53:43 --> [DEPRECATED] Creation of dynamic property CodeIgniter\HTTP\IncomingRequest::$user is deprecated in APPPATH\Filters\JwtAuthWeb.php on line 32.
 1 SYSTEMPATH\Filters\Filters.php(182): App\Filters\JwtAuthWeb->before(Object(CodeIgniter\HTTP\IncomingRequest), null)
 2 SYSTEMPATH\CodeIgniter.php(475): CodeIgniter\Filters\Filters->run('cg_report_data', 'before')
 3 SYSTEMPATH\CodeIgniter.php(361): CodeIgniter\CodeIgniter->handleRequest(null, Object(Config\Cache), false)
 4 FCPATH\index.php(79): CodeIgniter\CodeIgniter->run()
WARNING - 2026-02-28 14:53:43 --> [DEPRECATED] Optional parameter $cg declared before required parameter $hcode is implicitly treated as a required parameter in APPPATH\Models\cgserviceModel.php on line 93.
 1 SYSTEMPATH\Autoloader\Autoloader.php(311): include_once('D:\\xampp6\\htdocs\\project-jwt\\vendor\\codeigniter4\\framework\\system\\Debug\\Exceptions.php')
 2 SYSTEMPATH\Autoloader\Autoloader.php(290): CodeIgniter\Autoloader\Autoloader->includeFile('D:\\xampp6\\htdocs\\project-jwt\\app\\Models\\cgserviceModel.php')
 3 SYSTEMPATH\Autoloader\Autoloader.php(266): CodeIgniter\Autoloader\Autoloader->loadInNamespace('App\\Models\\cgserviceModel')
 4 APPPATH\Controllers\mobileController.php(36): CodeIgniter\Autoloader\Autoloader->loadClass('App\\Models\\cgserviceModel')
 5 SYSTEMPATH\CodeIgniter.php(915): App\Controllers\MobileController->__construct()
 6 SYSTEMPATH\CodeIgniter.php(494): CodeIgniter\CodeIgniter->createController()
 7 SYSTEMPATH\CodeIgniter.php(361): CodeIgniter\CodeIgniter->handleRequest(null, Object(Config\Cache), false)
 8 FCPATH\index.php(79): CodeIgniter\CodeIgniter->run()
INFO - 2026-02-28 19:10:42 --> Session: Class initialized using 'CodeIgniter\Session\Handlers\FileHandler' driver.
INFO - 2026-02-28 19:11:48 --> Session: Class initialized using 'CodeIgniter\Session\Handlers\FileHandler' driver.
INFO - 2026-02-28 19:11:51 --> Session: Class initialized using 'CodeIgniter\Session\Handlers\FileHandler' driver.
WARNING - 2026-02-28 19:11:51 --> [DEPRECATED] Creation of dynamic property CodeIgniter\HTTP\IncomingRequest::$user is deprecated in APPPATH\Filters\JwtAuthWeb.php on line 32.
 1 SYSTEMPATH\Filters\Filters.php(182): App\Filters\JwtAuthWeb->before(Object(CodeIgniter\HTTP\IncomingRequest), null)
 2 SYSTEMPATH\CodeIgniter.php(475): CodeIgniter\Filters\Filters->run('setting/dashboard-page', 'before')
 3 SYSTEMPATH\CodeIgniter.php(361): CodeIgniter\CodeIgniter->handleRequest(null, Object(Config\Cache), false)
 4 FCPATH\index.php(79): CodeIgniter\CodeIgniter->run()
WARNING - 2026-02-28 19:11:51 --> [DEPRECATED] Creation of dynamic property CodeIgniter\HTTP\IncomingRequest::$user is deprecated in APPPATH\Filters\JwtAuth.php on line 47.
 1 SYSTEMPATH\Filters\Filters.php(182): App\Filters\JwtAuth->before(Object(CodeIgniter\HTTP\IncomingRequest), null)
 2 SYSTEMPATH\CodeIgniter.php(475): CodeIgniter\Filters\Filters->run('api/profile', 'before')
 3 SYSTEMPATH\CodeIgniter.php(361): CodeIgniter\CodeIgniter->handleRequest(null, Object(Config\Cache), false)
 4 FCPATH\index.php(79): CodeIgniter\CodeIgniter->run()
INFO - 2026-02-28 19:56:08 --> Session: Class initialized using 'CodeIgniter\Session\Handlers\FileHandler' driver.
INFO - 2026-02-28 19:56:10 --> Session: Class initialized using 'CodeIgniter\Session\Handlers\FileHandler' driver.
WARNING - 2026-02-28 19:56:10 --> [DEPRECATED] Creation of dynamic property CodeIgniter\HTTP\IncomingRequest::$user is deprecated in APPPATH\Filters\JwtAuthWeb.php on line 32.
 1 SYSTEMPATH\Filters\Filters.php(182): App\Filters\JwtAuthWeb->before(Object(CodeIgniter\HTTP\IncomingRequest), null)
 2 SYSTEMPATH\CodeIgniter.php(475): CodeIgniter\Filters\Filters->run('setting/dashboard-page', 'before')
 3 SYSTEMPATH\CodeIgniter.php(361): CodeIgniter\CodeIgniter->handleRequest(null, Object(Config\Cache), false)
 4 FCPATH\index.php(79): CodeIgniter\CodeIgniter->run()
WARNING - 2026-02-28 19:56:11 --> [DEPRECATED] Creation of dynamic property CodeIgniter\HTTP\IncomingRequest::$user is deprecated in APPPATH\Filters\JwtAuth.php on line 47.
 1 SYSTEMPATH\Filters\Filters.php(182): App\Filters\JwtAuth->before(Object(CodeIgniter\HTTP\IncomingRequest), null)
 2 SYSTEMPATH\CodeIgniter.php(475): CodeIgniter\Filters\Filters->run('api/profile', 'before')
 3 SYSTEMPATH\CodeIgniter.php(361): CodeIgniter\CodeIgniter->handleRequest(null, Object(Config\Cache), false)
 4 FCPATH\index.php(79): CodeIgniter\CodeIgniter->run()
INFO - 2026-02-28 19:56:29 --> Session: Class initialized using 'CodeIgniter\Session\Handlers\FileHandler' driver.
WARNING - 2026-02-28 19:56:29 --> [DEPRECATED] Creation of dynamic property CodeIgniter\HTTP\IncomingRequest::$user is deprecated in APPPATH\Filters\JwtAuthWeb.php on line 32.
 1 SYSTEMPATH\Filters\Filters.php(182): App\Filters\JwtAuthWeb->before(Object(CodeIgniter\HTTP\IncomingRequest), null)
 2 SYSTEMPATH\CodeIgniter.php(475): CodeIgniter\Filters\Filters->run('userCG', 'before')
 3 SYSTEMPATH\CodeIgniter.php(361): CodeIgniter\CodeIgniter->handleRequest(null, Object(Config\Cache), false)
 4 FCPATH\index.php(79): CodeIgniter\CodeIgniter->run()
WARNING - 2026-02-28 19:56:29 --> [DEPRECATED] Creation of dynamic property CodeIgniter\HTTP\IncomingRequest::$user is deprecated in APPPATH\Filters\JwtAuth.php on line 47.
 1 SYSTEMPATH\Filters\Filters.php(182): App\Filters\JwtAuth->before(Object(CodeIgniter\HTTP\IncomingRequest), null)
 2 SYSTEMPATH\CodeIgniter.php(475): CodeIgniter\Filters\Filters->run('api/profile', 'before')
 3 SYSTEMPATH\CodeIgniter.php(361): CodeIgniter\CodeIgniter->handleRequest(null, Object(Config\Cache), false)
 4 FCPATH\index.php(79): CodeIgniter\CodeIgniter->run()
INFO - 2026-02-28 19:56:47 --> Session: Class initialized using 'CodeIgniter\Session\Handlers\FileHandler' driver.
WARNING - 2026-02-28 19:56:47 --> [DEPRECATED] Creation of dynamic property CodeIgniter\HTTP\IncomingRequest::$user is deprecated in APPPATH\Filters\JwtAuthWeb.php on line 32.
 1 SYSTEMPATH\Filters\Filters.php(182): App\Filters\JwtAuthWeb->before(Object(CodeIgniter\HTTP\IncomingRequest), null)
 2 SYSTEMPATH\CodeIgniter.php(475): CodeIgniter\Filters\Filters->run('setting/profile-page', 'before')
 3 SYSTEMPATH\CodeIgniter.php(361): CodeIgniter\CodeIgniter->handleRequest(null, Object(Config\Cache), false)
 4 FCPATH\index.php(79): CodeIgniter\CodeIgniter->run()
WARNING - 2026-02-28 19:56:47 --> [DEPRECATED] Creation of dynamic property CodeIgniter\HTTP\IncomingRequest::$user is deprecated in APPPATH\Filters\JwtAuth.php on line 47.
 1 SYSTEMPATH\Filters\Filters.php(182): App\Filters\JwtAuth->before(Object(CodeIgniter\HTTP\IncomingRequest), null)
 2 SYSTEMPATH\CodeIgniter.php(475): CodeIgniter\Filters\Filters->run('api/profile', 'before')
 3 SYSTEMPATH\CodeIgniter.php(361): CodeIgniter\CodeIgniter->handleRequest(null, Object(Config\Cache), false)
 4 FCPATH\index.php(79): CodeIgniter\CodeIgniter->run()
INFO - 2026-02-28 19:56:52 --> Session: Class initialized using 'CodeIgniter\Session\Handlers\FileHandler' driver.
WARNING - 2026-02-28 19:56:52 --> [DEPRECATED] Creation of dynamic property CodeIgniter\HTTP\IncomingRequest::$user is deprecated in APPPATH\Filters\JwtAuthWeb.php on line 32.
 1 SYSTEMPATH\Filters\Filters.php(182): App\Filters\JwtAuthWeb->before(Object(CodeIgniter\HTTP\IncomingRequest), null)
 2 SYSTEMPATH\CodeIgniter.php(475): CodeIgniter\Filters\Filters->run('setting/office-page', 'before')
 3 SYSTEMPATH\CodeIgniter.php(361): CodeIgniter\CodeIgniter->handleRequest(null, Object(Config\Cache), false)
 4 FCPATH\index.php(79): CodeIgniter\CodeIgniter->run()
WARNING - 2026-02-28 19:56:53 --> [DEPRECATED] Creation of dynamic property CodeIgniter\HTTP\IncomingRequest::$user is deprecated in APPPATH\Filters\JwtAuth.php on line 47.
 1 SYSTEMPATH\Filters\Filters.php(182): App\Filters\JwtAuth->before(Object(CodeIgniter\HTTP\IncomingRequest), null)
 2 SYSTEMPATH\CodeIgniter.php(475): CodeIgniter\Filters\Filters->run('api/profile', 'before')
 3 SYSTEMPATH\CodeIgniter.php(361): CodeIgniter\CodeIgniter->handleRequest(null, Object(Config\Cache), false)
 4 FCPATH\index.php(79): CodeIgniter\CodeIgniter->run()
INFO - 2026-02-28 19:56:53 --> Session: Class initialized using 'CodeIgniter\Session\Handlers\FileHandler' driver.
WARNING - 2026-02-28 19:56:53 --> [DEPRECATED] Creation of dynamic property CodeIgniter\HTTP\IncomingRequest::$user is deprecated in APPPATH\Filters\JwtAuthWeb.php on line 32.
 1 SYSTEMPATH\Filters\Filters.php(182): App\Filters\JwtAuthWeb->before(Object(CodeIgniter\HTTP\IncomingRequest), null)
 2 SYSTEMPATH\CodeIgniter.php(475): CodeIgniter\Filters\Filters->run('setting/getOffice', 'before')
 3 SYSTEMPATH\CodeIgniter.php(361): CodeIgniter\CodeIgniter->handleRequest(null, Object(Config\Cache), false)
 4 FCPATH\index.php(79): CodeIgniter\CodeIgniter->run()
INFO - 2026-02-28 19:57:07 --> Session: Class initialized using 'CodeIgniter\Session\Handlers\FileHandler' driver.
WARNING - 2026-02-28 19:57:07 --> [DEPRECATED] Creation of dynamic property CodeIgniter\HTTP\IncomingRequest::$user is deprecated in APPPATH\Filters\JwtAuthWeb.php on line 32.
 1 SYSTEMPATH\Filters\Filters.php(182): App\Filters\JwtAuthWeb->before(Object(CodeIgniter\HTTP\IncomingRequest), null)
 2 SYSTEMPATH\CodeIgniter.php(475): CodeIgniter\Filters\Filters->run('setting/needs-page', 'before')
 3 SYSTEMPATH\CodeIgniter.php(361): CodeIgniter\CodeIgniter->handleRequest(null, Object(Config\Cache), false)
 4 FCPATH\index.php(79): CodeIgniter\CodeIgniter->run()
WARNING - 2026-02-28 19:57:08 --> [DEPRECATED] Creation of dynamic property CodeIgniter\HTTP\IncomingRequest::$user is deprecated in APPPATH\Filters\JwtAuth.php on line 47.
 1 SYSTEMPATH\Filters\Filters.php(182): App\Filters\JwtAuth->before(Object(CodeIgniter\HTTP\IncomingRequest), null)
 2 SYSTEMPATH\CodeIgniter.php(475): CodeIgniter\Filters\Filters->run('api/profile', 'before')
 3 SYSTEMPATH\CodeIgniter.php(361): CodeIgniter\CodeIgniter->handleRequest(null, Object(Config\Cache), false)
 4 FCPATH\index.php(79): CodeIgniter\CodeIgniter->run()
INFO - 2026-02-28 19:57:08 --> Session: Class initialized using 'CodeIgniter\Session\Handlers\FileHandler' driver.
CRITICAL - 2026-02-28 19:57:08 --> TypeError: Key material must be a string, resource, or OpenSSLAsymmetricKey
in VENDORPATH\firebase\php-jwt\src\Key.php on line 31.
 1 APPPATH\Filters\JwtAuthWeb.php(29): Firebase\JWT\Key->__construct(false, '')
 2 SYSTEMPATH\Filters\Filters.php(182): App\Filters\JwtAuthWeb->before(Object(CodeIgniter\HTTP\IncomingRequest), null)
 3 SYSTEMPATH\CodeIgniter.php(475): CodeIgniter\Filters\Filters->run('setting/getNeedsData', 'before')
 4 SYSTEMPATH\CodeIgniter.php(361): CodeIgniter\CodeIgniter->handleRequest(null, Object(Config\Cache), false)
 5 FCPATH\index.php(79): CodeIgniter\CodeIgniter->run()
INFO - 2026-02-28 19:57:27 --> Session: Class initialized using 'CodeIgniter\Session\Handlers\FileHandler' driver.
WARNING - 2026-02-28 19:57:27 --> [DEPRECATED] Creation of dynamic property CodeIgniter\HTTP\IncomingRequest::$user is deprecated in APPPATH\Filters\JwtAuthWeb.php on line 32.
 1 SYSTEMPATH\Filters\Filters.php(182): App\Filters\JwtAuthWeb->before(Object(CodeIgniter\HTTP\IncomingRequest), null)
 2 SYSTEMPATH\CodeIgniter.php(475): CodeIgniter\Filters\Filters->run('service-page', 'before')
 3 SYSTEMPATH\CodeIgniter.php(361): CodeIgniter\CodeIgniter->handleRequest(null, Object(Config\Cache), false)
 4 FCPATH\index.php(79): CodeIgniter\CodeIgniter->run()
WARNING - 2026-02-28 19:57:27 --> [DEPRECATED] Optional parameter $cg declared before required parameter $hcode is implicitly treated as a required parameter in APPPATH\Models\cgserviceModel.php on line 93.
 1 SYSTEMPATH\Autoloader\Autoloader.php(311): include_once('D:\\xampp6\\htdocs\\project-jwt\\vendor\\codeigniter4\\framework\\system\\Debug\\Exceptions.php')
 2 SYSTEMPATH\Autoloader\Autoloader.php(290): CodeIgniter\Autoloader\Autoloader->includeFile('D:\\xampp6\\htdocs\\project-jwt\\app\\Models\\cgserviceModel.php')
 3 SYSTEMPATH\Autoloader\Autoloader.php(266): CodeIgniter\Autoloader\Autoloader->loadInNamespace('App\\Models\\cgserviceModel')
 4 APPPATH\Controllers\ServiceController.php(21): CodeIgniter\Autoloader\Autoloader->loadClass('App\\Models\\cgserviceModel')
 5 SYSTEMPATH\CodeIgniter.php(915): App\Controllers\ServiceController->__construct()
 6 SYSTEMPATH\CodeIgniter.php(494): CodeIgniter\CodeIgniter->createController()
 7 SYSTEMPATH\CodeIgniter.php(361): CodeIgniter\CodeIgniter->handleRequest(null, Object(Config\Cache), false)
 8 FCPATH\index.php(79): CodeIgniter\CodeIgniter->run()
WARNING - 2026-02-28 19:57:27 --> [DEPRECATED] Creation of dynamic property CodeIgniter\HTTP\IncomingRequest::$user is deprecated in APPPATH\Filters\JwtAuth.php on line 47.
 1 SYSTEMPATH\Filters\Filters.php(182): App\Filters\JwtAuth->before(Object(CodeIgniter\HTTP\IncomingRequest), null)
 2 SYSTEMPATH\CodeIgniter.php(475): CodeIgniter\Filters\Filters->run('api/profile', 'before')
 3 SYSTEMPATH\CodeIgniter.php(361): CodeIgniter\CodeIgniter->handleRequest(null, Object(Config\Cache), false)
 4 FCPATH\index.php(79): CodeIgniter\CodeIgniter->run()
INFO - 2026-02-28 19:57:28 --> Session: Class initialized using 'CodeIgniter\Session\Handlers\FileHandler' driver.
WARNING - 2026-02-28 19:57:28 --> [DEPRECATED] Creation of dynamic property CodeIgniter\HTTP\IncomingRequest::$user is deprecated in APPPATH\Filters\JwtAuthWeb.php on line 32.
 1 SYSTEMPATH\Filters\Filters.php(182): App\Filters\JwtAuthWeb->before(Object(CodeIgniter\HTTP\IncomingRequest), null)
 2 SYSTEMPATH\CodeIgniter.php(475): CodeIgniter\Filters\Filters->run('cgServicerep', 'before')
 3 SYSTEMPATH\CodeIgniter.php(361): CodeIgniter\CodeIgniter->handleRequest(null, Object(Config\Cache), false)
 4 FCPATH\index.php(79): CodeIgniter\CodeIgniter->run()
WARNING - 2026-02-28 19:57:28 --> [DEPRECATED] Optional parameter $cg declared before required parameter $hcode is implicitly treated as a required parameter in APPPATH\Models\cgserviceModel.php on line 93.
 1 SYSTEMPATH\Autoloader\Autoloader.php(311): include_once('D:\\xampp6\\htdocs\\project-jwt\\vendor\\codeigniter4\\framework\\system\\Debug\\Exceptions.php')
 2 SYSTEMPATH\Autoloader\Autoloader.php(290): CodeIgniter\Autoloader\Autoloader->includeFile('D:\\xampp6\\htdocs\\project-jwt\\app\\Models\\cgserviceModel.php')
 3 SYSTEMPATH\Autoloader\Autoloader.php(266): CodeIgniter\Autoloader\Autoloader->loadInNamespace('App\\Models\\cgserviceModel')
 4 APPPATH\Controllers\ServiceController.php(21): CodeIgniter\Autoloader\Autoloader->loadClass('App\\Models\\cgserviceModel')
 5 SYSTEMPATH\CodeIgniter.php(915): App\Controllers\ServiceController->__construct()
 6 SYSTEMPATH\CodeIgniter.php(494): CodeIgniter\CodeIgniter->createController()
 7 SYSTEMPATH\CodeIgniter.php(361): CodeIgniter\CodeIgniter->handleRequest(null, Object(Config\Cache), false)
 8 FCPATH\index.php(79): CodeIgniter\CodeIgniter->run()
INFO - 2026-02-28 19:57:31 --> Session: Class initialized using 'CodeIgniter\Session\Handlers\FileHandler' driver.
WARNING - 2026-02-28 19:57:31 --> [DEPRECATED] Creation of dynamic property CodeIgniter\HTTP\IncomingRequest::$user is deprecated in APPPATH\Filters\JwtAuthWeb.php on line 32.
 1 SYSTEMPATH\Filters\Filters.php(182): App\Filters\JwtAuthWeb->before(Object(CodeIgniter\HTTP\IncomingRequest), null)
 2 SYSTEMPATH\CodeIgniter.php(475): CodeIgniter\Filters\Filters->run('cgServicerep', 'before')
 3 SYSTEMPATH\CodeIgniter.php(361): CodeIgniter\CodeIgniter->handleRequest(null, Object(Config\Cache), false)
 4 FCPATH\index.php(79): CodeIgniter\CodeIgniter->run()
WARNING - 2026-02-28 19:57:31 --> [DEPRECATED] Optional parameter $cg declared before required parameter $hcode is implicitly treated as a required parameter in APPPATH\Models\cgserviceModel.php on line 93.
 1 SYSTEMPATH\Autoloader\Autoloader.php(311): include_once('D:\\xampp6\\htdocs\\project-jwt\\vendor\\codeigniter4\\framework\\system\\Debug\\Exceptions.php')
 2 SYSTEMPATH\Autoloader\Autoloader.php(290): CodeIgniter\Autoloader\Autoloader->includeFile('D:\\xampp6\\htdocs\\project-jwt\\app\\Models\\cgserviceModel.php')
 3 SYSTEMPATH\Autoloader\Autoloader.php(266): CodeIgniter\Autoloader\Autoloader->loadInNamespace('App\\Models\\cgserviceModel')
 4 APPPATH\Controllers\ServiceController.php(21): CodeIgniter\Autoloader\Autoloader->loadClass('App\\Models\\cgserviceModel')
 5 SYSTEMPATH\CodeIgniter.php(915): App\Controllers\ServiceController->__construct()
 6 SYSTEMPATH\CodeIgniter.php(494): CodeIgniter\CodeIgniter->createController()
 7 SYSTEMPATH\CodeIgniter.php(361): CodeIgniter\CodeIgniter->handleRequest(null, Object(Config\Cache), false)
 8 FCPATH\index.php(79): CodeIgniter\CodeIgniter->run()
INFO - 2026-02-28 19:57:32 --> Session: Class initialized using 'CodeIgniter\Session\Handlers\FileHandler' driver.
WARNING - 2026-02-28 19:57:32 --> [DEPRECATED] Creation of dynamic property CodeIgniter\HTTP\IncomingRequest::$user is deprecated in APPPATH\Filters\JwtAuthWeb.php on line 32.
 1 SYSTEMPATH\Filters\Filters.php(182): App\Filters\JwtAuthWeb->before(Object(CodeIgniter\HTTP\IncomingRequest), null)
 2 SYSTEMPATH\CodeIgniter.php(475): CodeIgniter\Filters\Filters->run('cgServicerep', 'before')
 3 SYSTEMPATH\CodeIgniter.php(361): CodeIgniter\CodeIgniter->handleRequest(null, Object(Config\Cache), false)
 4 FCPATH\index.php(79): CodeIgniter\CodeIgniter->run()
WARNING - 2026-02-28 19:57:32 --> [DEPRECATED] Optional parameter $cg declared before required parameter $hcode is implicitly treated as a required parameter in APPPATH\Models\cgserviceModel.php on line 93.
 1 SYSTEMPATH\Autoloader\Autoloader.php(311): include_once('D:\\xampp6\\htdocs\\project-jwt\\vendor\\codeigniter4\\framework\\system\\Debug\\Exceptions.php')
 2 SYSTEMPATH\Autoloader\Autoloader.php(290): CodeIgniter\Autoloader\Autoloader->includeFile('D:\\xampp6\\htdocs\\project-jwt\\app\\Models\\cgserviceModel.php')
 3 SYSTEMPATH\Autoloader\Autoloader.php(266): CodeIgniter\Autoloader\Autoloader->loadInNamespace('App\\Models\\cgserviceModel')
 4 APPPATH\Controllers\ServiceController.php(21): CodeIgniter\Autoloader\Autoloader->loadClass('App\\Models\\cgserviceModel')
 5 SYSTEMPATH\CodeIgniter.php(915): App\Controllers\ServiceController->__construct()
 6 SYSTEMPATH\CodeIgniter.php(494): CodeIgniter\CodeIgniter->createController()
 7 SYSTEMPATH\CodeIgniter.php(361): CodeIgniter\CodeIgniter->handleRequest(null, Object(Config\Cache), false)
 8 FCPATH\index.php(79): CodeIgniter\CodeIgniter->run()
INFO - 2026-02-28 19:57:35 --> Session: Class initialized using 'CodeIgniter\Session\Handlers\FileHandler' driver.
WARNING - 2026-02-28 19:57:35 --> [DEPRECATED] Creation of dynamic property CodeIgniter\HTTP\IncomingRequest::$user is deprecated in APPPATH\Filters\JwtAuthWeb.php on line 32.
 1 SYSTEMPATH\Filters\Filters.php(182): App\Filters\JwtAuthWeb->before(Object(CodeIgniter\HTTP\IncomingRequest), null)
 2 SYSTEMPATH\CodeIgniter.php(475): CodeIgniter\Filters\Filters->run('cm-page', 'before')
 3 SYSTEMPATH\CodeIgniter.php(361): CodeIgniter\CodeIgniter->handleRequest(null, Object(Config\Cache), false)
 4 FCPATH\index.php(79): CodeIgniter\CodeIgniter->run()
WARNING - 2026-02-28 19:57:35 --> [DEPRECATED] Creation of dynamic property CodeIgniter\HTTP\IncomingRequest::$user is deprecated in APPPATH\Filters\JwtAuth.php on line 47.
 1 SYSTEMPATH\Filters\Filters.php(182): App\Filters\JwtAuth->before(Object(CodeIgniter\HTTP\IncomingRequest), null)
 2 SYSTEMPATH\CodeIgniter.php(475): CodeIgniter\Filters\Filters->run('api/profile', 'before')
 3 SYSTEMPATH\CodeIgniter.php(361): CodeIgniter\CodeIgniter->handleRequest(null, Object(Config\Cache), false)
 4 FCPATH\index.php(79): CodeIgniter\CodeIgniter->run()
INFO - 2026-02-28 19:57:35 --> Session: Class initialized using 'CodeIgniter\Session\Handlers\FileHandler' driver.
WARNING - 2026-02-28 19:57:35 --> [DEPRECATED] Creation of dynamic property CodeIgniter\HTTP\IncomingRequest::$user is deprecated in APPPATH\Filters\JwtAuthWeb.php on line 32.
 1 SYSTEMPATH\Filters\Filters.php(182): App\Filters\JwtAuthWeb->before(Object(CodeIgniter\HTTP\IncomingRequest), null)
 2 SYSTEMPATH\CodeIgniter.php(475): CodeIgniter\Filters\Filters->run('getCmData', 'before')
 3 SYSTEMPATH\CodeIgniter.php(361): CodeIgniter\CodeIgniter->handleRequest(null, Object(Config\Cache), false)
 4 FCPATH\index.php(79): CodeIgniter\CodeIgniter->run()
INFO - 2026-02-28 19:57:40 --> Session: Class initialized using 'CodeIgniter\Session\Handlers\FileHandler' driver.
WARNING - 2026-02-28 19:57:40 --> [DEPRECATED] Creation of dynamic property CodeIgniter\HTTP\IncomingRequest::$user is deprecated in APPPATH\Filters\JwtAuthWeb.php on line 32.
 1 SYSTEMPATH\Filters\Filters.php(182): App\Filters\JwtAuthWeb->before(Object(CodeIgniter\HTTP\IncomingRequest), null)
 2 SYSTEMPATH\CodeIgniter.php(475): CodeIgniter\Filters\Filters->run('caregiver-page', 'before')
 3 SYSTEMPATH\CodeIgniter.php(361): CodeIgniter\CodeIgniter->handleRequest(null, Object(Config\Cache), false)
 4 FCPATH\index.php(79): CodeIgniter\CodeIgniter->run()
WARNING - 2026-02-28 19:57:41 --> [DEPRECATED] Creation of dynamic property CodeIgniter\HTTP\IncomingRequest::$user is deprecated in APPPATH\Filters\JwtAuth.php on line 47.
 1 SYSTEMPATH\Filters\Filters.php(182): App\Filters\JwtAuth->before(Object(CodeIgniter\HTTP\IncomingRequest), null)
 2 SYSTEMPATH\CodeIgniter.php(475): CodeIgniter\Filters\Filters->run('api/profile', 'before')
 3 SYSTEMPATH\CodeIgniter.php(361): CodeIgniter\CodeIgniter->handleRequest(null, Object(Config\Cache), false)
 4 FCPATH\index.php(79): CodeIgniter\CodeIgniter->run()
INFO - 2026-02-28 19:57:41 --> Session: Class initialized using 'CodeIgniter\Session\Handlers\FileHandler' driver.
WARNING - 2026-02-28 19:57:41 --> [DEPRECATED] Creation of dynamic property CodeIgniter\HTTP\IncomingRequest::$user is deprecated in APPPATH\Filters\JwtAuthWeb.php on line 32.
 1 SYSTEMPATH\Filters\Filters.php(182): App\Filters\JwtAuthWeb->before(Object(CodeIgniter\HTTP\IncomingRequest), null)
 2 SYSTEMPATH\CodeIgniter.php(475): CodeIgniter\Filters\Filters->run('getCaregiverData', 'before')
 3 SYSTEMPATH\CodeIgniter.php(361): CodeIgniter\CodeIgniter->handleRequest(null, Object(Config\Cache), false)
 4 FCPATH\index.php(79): CodeIgniter\CodeIgniter->run()
INFO - 2026-02-28 19:57:43 --> Session: Class initialized using 'CodeIgniter\Session\Handlers\FileHandler' driver.
WARNING - 2026-02-28 19:57:43 --> [DEPRECATED] Creation of dynamic property CodeIgniter\HTTP\IncomingRequest::$user is deprecated in APPPATH\Filters\JwtAuthWeb.php on line 32.
 1 SYSTEMPATH\Filters\Filters.php(182): App\Filters\JwtAuthWeb->before(Object(CodeIgniter\HTTP\IncomingRequest), null)
 2 SYSTEMPATH\CodeIgniter.php(475): CodeIgniter\Filters\Filters->run('getCaregiverData', 'before')
 3 SYSTEMPATH\CodeIgniter.php(361): CodeIgniter\CodeIgniter->handleRequest(null, Object(Config\Cache), false)
 4 FCPATH\index.php(79): CodeIgniter\CodeIgniter->run()
INFO - 2026-02-28 19:57:44 --> Session: Class initialized using 'CodeIgniter\Session\Handlers\FileHandler' driver.
WARNING - 2026-02-28 19:57:44 --> [DEPRECATED] Creation of dynamic property CodeIgniter\HTTP\IncomingRequest::$user is deprecated in APPPATH\Filters\JwtAuthWeb.php on line 32.
 1 SYSTEMPATH\Filters\Filters.php(182): App\Filters\JwtAuthWeb->before(Object(CodeIgniter\HTTP\IncomingRequest), null)
 2 SYSTEMPATH\CodeIgniter.php(475): CodeIgniter\Filters\Filters->run('getCaregiverData', 'before')
 3 SYSTEMPATH\CodeIgniter.php(361): CodeIgniter\CodeIgniter->handleRequest(null, Object(Config\Cache), false)
 4 FCPATH\index.php(79): CodeIgniter\CodeIgniter->run()
INFO - 2026-02-28 19:57:46 --> Session: Class initialized using 'CodeIgniter\Session\Handlers\FileHandler' driver.
WARNING - 2026-02-28 19:57:46 --> [DEPRECATED] Creation of dynamic property CodeIgniter\HTTP\IncomingRequest::$user is deprecated in APPPATH\Filters\JwtAuthWeb.php on line 32.
 1 SYSTEMPATH\Filters\Filters.php(182): App\Filters\JwtAuthWeb->before(Object(CodeIgniter\HTTP\IncomingRequest), null)
 2 SYSTEMPATH\CodeIgniter.php(475): CodeIgniter\Filters\Filters->run('ltc-all', 'before')
 3 SYSTEMPATH\CodeIgniter.php(361): CodeIgniter\CodeIgniter->handleRequest(null, Object(Config\Cache), false)
 4 FCPATH\index.php(79): CodeIgniter\CodeIgniter->run()
INFO - 2026-02-28 19:57:47 --> Session: Class initialized using 'CodeIgniter\Session\Handlers\FileHandler' driver.
WARNING - 2026-02-28 19:57:47 --> [DEPRECATED] Creation of dynamic property CodeIgniter\HTTP\IncomingRequest::$user is deprecated in APPPATH\Filters\JwtAuthWeb.php on line 32.
 1 SYSTEMPATH\Filters\Filters.php(182): App\Filters\JwtAuthWeb->before(Object(CodeIgniter\HTTP\IncomingRequest), null)
 2 SYSTEMPATH\CodeIgniter.php(475): CodeIgniter\Filters\Filters->run('getLtcData', 'before')
 3 SYSTEMPATH\CodeIgniter.php(361): CodeIgniter\CodeIgniter->handleRequest(null, Object(Config\Cache), false)
 4 FCPATH\index.php(79): CodeIgniter\CodeIgniter->run()
WARNING - 2026-02-28 19:57:47 --> [DEPRECATED] Creation of dynamic property CodeIgniter\HTTP\IncomingRequest::$user is deprecated in APPPATH\Filters\JwtAuth.php on line 47.
 1 SYSTEMPATH\Filters\Filters.php(182): App\Filters\JwtAuth->before(Object(CodeIgniter\HTTP\IncomingRequest), null)
 2 SYSTEMPATH\CodeIgniter.php(475): CodeIgniter\Filters\Filters->run('api/profile', 'before')
 3 SYSTEMPATH\CodeIgniter.php(361): CodeIgniter\CodeIgniter->handleRequest(null, Object(Config\Cache), false)
 4 FCPATH\index.php(79): CodeIgniter\CodeIgniter->run()
INFO - 2026-02-28 19:57:50 --> Session: Class initialized using 'CodeIgniter\Session\Handlers\FileHandler' driver.
WARNING - 2026-02-28 19:57:50 --> [DEPRECATED] Creation of dynamic property CodeIgniter\HTTP\IncomingRequest::$user is deprecated in APPPATH\Filters\JwtAuthWeb.php on line 32.
 1 SYSTEMPATH\Filters\Filters.php(182): App\Filters\JwtAuthWeb->before(Object(CodeIgniter\HTTP\IncomingRequest), null)
 2 SYSTEMPATH\CodeIgniter.php(475): CodeIgniter\Filters\Filters->run('ltc-page', 'before')
 3 SYSTEMPATH\CodeIgniter.php(361): CodeIgniter\CodeIgniter->handleRequest(null, Object(Config\Cache), false)
 4 FCPATH\index.php(79): CodeIgniter\CodeIgniter->run()
WARNING - 2026-02-28 19:57:51 --> [DEPRECATED] Creation of dynamic property CodeIgniter\HTTP\IncomingRequest::$user is deprecated in APPPATH\Filters\JwtAuth.php on line 47.
 1 SYSTEMPATH\Filters\Filters.php(182): App\Filters\JwtAuth->before(Object(CodeIgniter\HTTP\IncomingRequest), null)
 2 SYSTEMPATH\CodeIgniter.php(475): CodeIgniter\Filters\Filters->run('api/profile', 'before')
 3 SYSTEMPATH\CodeIgniter.php(361): CodeIgniter\CodeIgniter->handleRequest(null, Object(Config\Cache), false)
 4 FCPATH\index.php(79): CodeIgniter\CodeIgniter->run()
INFO - 2026-02-28 19:57:51 --> Session: Class initialized using 'CodeIgniter\Session\Handlers\FileHandler' driver.
WARNING - 2026-02-28 19:57:51 --> [DEPRECATED] Creation of dynamic property CodeIgniter\HTTP\IncomingRequest::$user is deprecated in APPPATH\Filters\JwtAuthWeb.php on line 32.
 1 SYSTEMPATH\Filters\Filters.php(182): App\Filters\JwtAuthWeb->before(Object(CodeIgniter\HTTP\IncomingRequest), null)
 2 SYSTEMPATH\CodeIgniter.php(475): CodeIgniter\Filters\Filters->run('getElderlyData', 'before')
 3 SYSTEMPATH\CodeIgniter.php(361): CodeIgniter\CodeIgniter->handleRequest(null, Object(Config\Cache), false)
 4 FCPATH\index.php(79): CodeIgniter\CodeIgniter->run()
INFO - 2026-02-28 19:57:55 --> Session: Class initialized using 'CodeIgniter\Session\Handlers\FileHandler' driver.
WARNING - 2026-02-28 19:57:55 --> [DEPRECATED] Creation of dynamic property CodeIgniter\HTTP\IncomingRequest::$user is deprecated in APPPATH\Filters\JwtAuthWeb.php on line 32.
 1 SYSTEMPATH\Filters\Filters.php(182): App\Filters\JwtAuthWeb->before(Object(CodeIgniter\HTTP\IncomingRequest), null)
 2 SYSTEMPATH\CodeIgniter.php(475): CodeIgniter\Filters\Filters->run('setting/dashboard-page', 'before')
 3 SYSTEMPATH\CodeIgniter.php(361): CodeIgniter\CodeIgniter->handleRequest(null, Object(Config\Cache), false)
 4 FCPATH\index.php(79): CodeIgniter\CodeIgniter->run()
WARNING - 2026-02-28 19:57:55 --> [DEPRECATED] Creation of dynamic property CodeIgniter\HTTP\IncomingRequest::$user is deprecated in APPPATH\Filters\JwtAuth.php on line 47.
 1 SYSTEMPATH\Filters\Filters.php(182): App\Filters\JwtAuth->before(Object(CodeIgniter\HTTP\IncomingRequest), null)
 2 SYSTEMPATH\CodeIgniter.php(475): CodeIgniter\Filters\Filters->run('api/profile', 'before')
 3 SYSTEMPATH\CodeIgniter.php(361): CodeIgniter\CodeIgniter->handleRequest(null, Object(Config\Cache), false)
 4 FCPATH\index.php(79): CodeIgniter\CodeIgniter->run()
INFO - 2026-02-28 19:58:01 --> Session: Class initialized using 'CodeIgniter\Session\Handlers\FileHandler' driver.
WARNING - 2026-02-28 19:58:01 --> [DEPRECATED] Creation of dynamic property CodeIgniter\HTTP\IncomingRequest::$user is deprecated in APPPATH\Filters\JwtAuthWeb.php on line 32.
 1 SYSTEMPATH\Filters\Filters.php(182): App\Filters\JwtAuthWeb->before(Object(CodeIgniter\HTTP\IncomingRequest), null)
 2 SYSTEMPATH\CodeIgniter.php(475): CodeIgniter\Filters\Filters->run('setting/office-page', 'before')
 3 SYSTEMPATH\CodeIgniter.php(361): CodeIgniter\CodeIgniter->handleRequest(null, Object(Config\Cache), false)
 4 FCPATH\index.php(79): CodeIgniter\CodeIgniter->run()
WARNING - 2026-02-28 19:58:01 --> [DEPRECATED] Creation of dynamic property CodeIgniter\HTTP\IncomingRequest::$user is deprecated in APPPATH\Filters\JwtAuth.php on line 47.
 1 SYSTEMPATH\Filters\Filters.php(182): App\Filters\JwtAuth->before(Object(CodeIgniter\HTTP\IncomingRequest), null)
 2 SYSTEMPATH\CodeIgniter.php(475): CodeIgniter\Filters\Filters->run('api/profile', 'before')
 3 SYSTEMPATH\CodeIgniter.php(361): CodeIgniter\CodeIgniter->handleRequest(null, Object(Config\Cache), false)
 4 FCPATH\index.php(79): CodeIgniter\CodeIgniter->run()
INFO - 2026-02-28 19:58:01 --> Session: Class initialized using 'CodeIgniter\Session\Handlers\FileHandler' driver.
WARNING - 2026-02-28 19:58:01 --> [DEPRECATED] Creation of dynamic property CodeIgniter\HTTP\IncomingRequest::$user is deprecated in APPPATH\Filters\JwtAuthWeb.php on line 32.
 1 SYSTEMPATH\Filters\Filters.php(182): App\Filters\JwtAuthWeb->before(Object(CodeIgniter\HTTP\IncomingRequest), null)
 2 SYSTEMPATH\CodeIgniter.php(475): CodeIgniter\Filters\Filters->run('setting/getOffice', 'before')
 3 SYSTEMPATH\CodeIgniter.php(361): CodeIgniter\CodeIgniter->handleRequest(null, Object(Config\Cache), false)
 4 FCPATH\index.php(79): CodeIgniter\CodeIgniter->run()
INFO - 2026-02-28 19:58:05 --> Session: Class initialized using 'CodeIgniter\Session\Handlers\FileHandler' driver.
WARNING - 2026-02-28 19:58:05 --> [DEPRECATED] Creation of dynamic property CodeIgniter\HTTP\IncomingRequest::$user is deprecated in APPPATH\Filters\JwtAuthWeb.php on line 32.
 1 SYSTEMPATH\Filters\Filters.php(182): App\Filters\JwtAuthWeb->before(Object(CodeIgniter\HTTP\IncomingRequest), null)
 2 SYSTEMPATH\CodeIgniter.php(475): CodeIgniter\Filters\Filters->run('setting/activity-page', 'before')
 3 SYSTEMPATH\CodeIgniter.php(361): CodeIgniter\CodeIgniter->handleRequest(null, Object(Config\Cache), false)
 4 FCPATH\index.php(79): CodeIgniter\CodeIgniter->run()
WARNING - 2026-02-28 19:58:05 --> [DEPRECATED] Creation of dynamic property CodeIgniter\HTTP\IncomingRequest::$user is deprecated in APPPATH\Filters\JwtAuth.php on line 47.
 1 SYSTEMPATH\Filters\Filters.php(182): App\Filters\JwtAuth->before(Object(CodeIgniter\HTTP\IncomingRequest), null)
 2 SYSTEMPATH\CodeIgniter.php(475): CodeIgniter\Filters\Filters->run('api/profile', 'before')
 3 SYSTEMPATH\CodeIgniter.php(361): CodeIgniter\CodeIgniter->handleRequest(null, Object(Config\Cache), false)
 4 FCPATH\index.php(79): CodeIgniter\CodeIgniter->run()
INFO - 2026-02-28 19:58:05 --> Session: Class initialized using 'CodeIgniter\Session\Handlers\FileHandler' driver.
WARNING - 2026-02-28 19:58:05 --> [DEPRECATED] Creation of dynamic property CodeIgniter\HTTP\IncomingRequest::$user is deprecated in APPPATH\Filters\JwtAuthWeb.php on line 32.
 1 SYSTEMPATH\Filters\Filters.php(182): App\Filters\JwtAuthWeb->before(Object(CodeIgniter\HTTP\IncomingRequest), null)
 2 SYSTEMPATH\CodeIgniter.php(475): CodeIgniter\Filters\Filters->run('setting/getActdata', 'before')
 3 SYSTEMPATH\CodeIgniter.php(361): CodeIgniter\CodeIgniter->handleRequest(null, Object(Config\Cache), false)
 4 FCPATH\index.php(79): CodeIgniter\CodeIgniter->run()
INFO - 2026-02-28 19:58:12 --> Session: Class initialized using 'CodeIgniter\Session\Handlers\FileHandler' driver.
WARNING - 2026-02-28 19:58:12 --> [DEPRECATED] Creation of dynamic property CodeIgniter\HTTP\IncomingRequest::$user is deprecated in APPPATH\Filters\JwtAuthWeb.php on line 32.
 1 SYSTEMPATH\Filters\Filters.php(182): App\Filters\JwtAuthWeb->before(Object(CodeIgniter\HTTP\IncomingRequest), null)
 2 SYSTEMPATH\CodeIgniter.php(475): CodeIgniter\Filters\Filters->run('setting/needs-page', 'before')
 3 SYSTEMPATH\CodeIgniter.php(361): CodeIgniter\CodeIgniter->handleRequest(null, Object(Config\Cache), false)
 4 FCPATH\index.php(79): CodeIgniter\CodeIgniter->run()
WARNING - 2026-02-28 19:58:12 --> [DEPRECATED] Creation of dynamic property CodeIgniter\HTTP\IncomingRequest::$user is deprecated in APPPATH\Filters\JwtAuth.php on line 47.
 1 SYSTEMPATH\Filters\Filters.php(182): App\Filters\JwtAuth->before(Object(CodeIgniter\HTTP\IncomingRequest), null)
 2 SYSTEMPATH\CodeIgniter.php(475): CodeIgniter\Filters\Filters->run('api/profile', 'before')
 3 SYSTEMPATH\CodeIgniter.php(361): CodeIgniter\CodeIgniter->handleRequest(null, Object(Config\Cache), false)
 4 FCPATH\index.php(79): CodeIgniter\CodeIgniter->run()
INFO - 2026-02-28 19:58:12 --> Session: Class initialized using 'CodeIgniter\Session\Handlers\FileHandler' driver.
WARNING - 2026-02-28 19:58:12 --> [DEPRECATED] Creation of dynamic property CodeIgniter\HTTP\IncomingRequest::$user is deprecated in APPPATH\Filters\JwtAuthWeb.php on line 32.
 1 SYSTEMPATH\Filters\Filters.php(182): App\Filters\JwtAuthWeb->before(Object(CodeIgniter\HTTP\IncomingRequest), null)
 2 SYSTEMPATH\CodeIgniter.php(475): CodeIgniter\Filters\Filters->run('setting/getNeedsData', 'before')
 3 SYSTEMPATH\CodeIgniter.php(361): CodeIgniter\CodeIgniter->handleRequest(null, Object(Config\Cache), false)
 4 FCPATH\index.php(79): CodeIgniter\CodeIgniter->run()
INFO - 2026-02-28 19:58:16 --> Session: Class initialized using 'CodeIgniter\Session\Handlers\FileHandler' driver.
WARNING - 2026-02-28 19:58:16 --> [DEPRECATED] Creation of dynamic property CodeIgniter\HTTP\IncomingRequest::$user is deprecated in APPPATH\Filters\JwtAuthWeb.php on line 32.
 1 SYSTEMPATH\Filters\Filters.php(182): App\Filters\JwtAuthWeb->before(Object(CodeIgniter\HTTP\IncomingRequest), null)
 2 SYSTEMPATH\CodeIgniter.php(475): CodeIgniter\Filters\Filters->run('setting/profile-page', 'before')
 3 SYSTEMPATH\CodeIgniter.php(361): CodeIgniter\CodeIgniter->handleRequest(null, Object(Config\Cache), false)
 4 FCPATH\index.php(79): CodeIgniter\CodeIgniter->run()
WARNING - 2026-02-28 19:58:16 --> [DEPRECATED] Creation of dynamic property CodeIgniter\HTTP\IncomingRequest::$user is deprecated in APPPATH\Filters\JwtAuth.php on line 47.
 1 SYSTEMPATH\Filters\Filters.php(182): App\Filters\JwtAuth->before(Object(CodeIgniter\HTTP\IncomingRequest), null)
 2 SYSTEMPATH\CodeIgniter.php(475): CodeIgniter\Filters\Filters->run('api/profile', 'before')
 3 SYSTEMPATH\CodeIgniter.php(361): CodeIgniter\CodeIgniter->handleRequest(null, Object(Config\Cache), false)
 4 FCPATH\index.php(79): CodeIgniter\CodeIgniter->run()
INFO - 2026-02-28 20:06:41 --> Session: Class initialized using 'CodeIgniter\Session\Handlers\FileHandler' driver.
INFO - 2026-02-28 20:06:45 --> Session: Class initialized using 'CodeIgniter\Session\Handlers\FileHandler' driver.
INFO - 2026-02-28 20:06:48 --> Session: Class initialized using 'CodeIgniter\Session\Handlers\FileHandler' driver.
WARNING - 2026-02-28 20:06:48 --> [DEPRECATED] Creation of dynamic property CodeIgniter\HTTP\IncomingRequest::$user is deprecated in APPPATH\Filters\JwtAuthWeb.php on line 32.
 1 SYSTEMPATH\Filters\Filters.php(182): App\Filters\JwtAuthWeb->before(Object(CodeIgniter\HTTP\IncomingRequest), null)
 2 SYSTEMPATH\CodeIgniter.php(475): CodeIgniter\Filters\Filters->run('setting/dashboard-page', 'before')
 3 SYSTEMPATH\CodeIgniter.php(361): CodeIgniter\CodeIgniter->handleRequest(null, Object(Config\Cache), false)
 4 FCPATH\index.php(79): CodeIgniter\CodeIgniter->run()
WARNING - 2026-02-28 20:06:48 --> [DEPRECATED] Creation of dynamic property CodeIgniter\HTTP\IncomingRequest::$user is deprecated in APPPATH\Filters\JwtAuth.php on line 47.
 1 SYSTEMPATH\Filters\Filters.php(182): App\Filters\JwtAuth->before(Object(CodeIgniter\HTTP\IncomingRequest), null)
 2 SYSTEMPATH\CodeIgniter.php(475): CodeIgniter\Filters\Filters->run('api/profile', 'before')
 3 SYSTEMPATH\CodeIgniter.php(361): CodeIgniter\CodeIgniter->handleRequest(null, Object(Config\Cache), false)
 4 FCPATH\index.php(79): CodeIgniter\CodeIgniter->run()
