INFO - 2026-05-21 08:57:07 --> Session: Class initialized using 'CodeIgniter\Session\Handlers\FileHandler' driver.
INFO - 2026-05-21 08:57:10 --> Session: Class initialized using 'CodeIgniter\Session\Handlers\FileHandler' driver.
INFO - 2026-05-21 08:57:23 --> Session: Class initialized using 'CodeIgniter\Session\Handlers\FileHandler' driver.
INFO - 2026-05-21 08:57:25 --> Session: Class initialized using 'CodeIgniter\Session\Handlers\FileHandler' driver.
WARNING - 2026-05-21 08:57:25 --> [DEPRECATED] Creation of dynamic property CodeIgniter\HTTP\IncomingRequest::$user is deprecated in APPPATH\Filters\JwtAuthWeb.php on line 32.
 1 SYSTEMPATH\Filters\Filters.php(182): App\Filters\JwtAuthWeb->before(Object(CodeIgniter\HTTP\IncomingRequest), null)
 2 SYSTEMPATH\CodeIgniter.php(475): CodeIgniter\Filters\Filters->run('dashboard', 'before')
 3 SYSTEMPATH\CodeIgniter.php(361): CodeIgniter\CodeIgniter->handleRequest(null, Object(Config\Cache), false)
 4 FCPATH\index.php(79): CodeIgniter\CodeIgniter->run()
WARNING - 2026-05-21 08:57:26 --> [DEPRECATED] Creation of dynamic property CodeIgniter\HTTP\IncomingRequest::$user is deprecated in APPPATH\Filters\JwtAuth.php on line 47.
 1 SYSTEMPATH\Filters\Filters.php(182): App\Filters\JwtAuth->before(Object(CodeIgniter\HTTP\IncomingRequest), null)
 2 SYSTEMPATH\CodeIgniter.php(475): CodeIgniter\Filters\Filters->run('api/profile', 'before')
 3 SYSTEMPATH\CodeIgniter.php(361): CodeIgniter\CodeIgniter->handleRequest(null, Object(Config\Cache), false)
 4 FCPATH\index.php(79): CodeIgniter\CodeIgniter->run()
INFO - 2026-05-21 08:57:26 --> Session: Class initialized using 'CodeIgniter\Session\Handlers\FileHandler' driver.
WARNING - 2026-05-21 08:57:26 --> [DEPRECATED] Creation of dynamic property CodeIgniter\HTTP\IncomingRequest::$user is deprecated in APPPATH\Filters\JwtAuthWeb.php on line 32.
 1 SYSTEMPATH\Filters\Filters.php(182): App\Filters\JwtAuthWeb->before(Object(CodeIgniter\HTTP\IncomingRequest), null)
 2 SYSTEMPATH\CodeIgniter.php(475): CodeIgniter\Filters\Filters->run('getChart_data', 'before')
 3 SYSTEMPATH\CodeIgniter.php(361): CodeIgniter\CodeIgniter->handleRequest(null, Object(Config\Cache), false)
 4 FCPATH\index.php(79): CodeIgniter\CodeIgniter->run()
INFO - 2026-05-21 08:57:26 --> Session: Class initialized using 'CodeIgniter\Session\Handlers\FileHandler' driver.
WARNING - 2026-05-21 08:57:26 --> [DEPRECATED] Creation of dynamic property CodeIgniter\HTTP\IncomingRequest::$user is deprecated in APPPATH\Filters\JwtAuthWeb.php on line 32.
 1 SYSTEMPATH\Filters\Filters.php(182): App\Filters\JwtAuthWeb->before(Object(CodeIgniter\HTTP\IncomingRequest), null)
 2 SYSTEMPATH\CodeIgniter.php(475): CodeIgniter\Filters\Filters->run('getChart_patient', 'before')
 3 SYSTEMPATH\CodeIgniter.php(361): CodeIgniter\CodeIgniter->handleRequest(null, Object(Config\Cache), false)
 4 FCPATH\index.php(79): CodeIgniter\CodeIgniter->run()
INFO - 2026-05-21 08:57:26 --> Session: Class initialized using 'CodeIgniter\Session\Handlers\FileHandler' driver.
WARNING - 2026-05-21 08:57:26 --> [DEPRECATED] Creation of dynamic property CodeIgniter\HTTP\IncomingRequest::$user is deprecated in APPPATH\Filters\JwtAuthWeb.php on line 32.
 1 SYSTEMPATH\Filters\Filters.php(182): App\Filters\JwtAuthWeb->before(Object(CodeIgniter\HTTP\IncomingRequest), null)
 2 SYSTEMPATH\CodeIgniter.php(475): CodeIgniter\Filters\Filters->run('getChart_All', 'before')
 3 SYSTEMPATH\CodeIgniter.php(361): CodeIgniter\CodeIgniter->handleRequest(null, Object(Config\Cache), false)
 4 FCPATH\index.php(79): CodeIgniter\CodeIgniter->run()
INFO - 2026-05-21 08:57:26 --> Session: Class initialized using 'CodeIgniter\Session\Handlers\FileHandler' driver.
WARNING - 2026-05-21 08:57:26 --> [DEPRECATED] Creation of dynamic property CodeIgniter\HTTP\IncomingRequest::$user is deprecated in APPPATH\Filters\JwtAuthWeb.php on line 32.
 1 SYSTEMPATH\Filters\Filters.php(182): App\Filters\JwtAuthWeb->before(Object(CodeIgniter\HTTP\IncomingRequest), null)
 2 SYSTEMPATH\CodeIgniter.php(475): CodeIgniter\Filters\Filters->run('get_data_chartInproj', 'before')
 3 SYSTEMPATH\CodeIgniter.php(361): CodeIgniter\CodeIgniter->handleRequest(null, Object(Config\Cache), false)
 4 FCPATH\index.php(79): CodeIgniter\CodeIgniter->run()
INFO - 2026-05-21 08:57:26 --> Session: Class initialized using 'CodeIgniter\Session\Handlers\FileHandler' driver.
WARNING - 2026-05-21 08:57:26 --> [DEPRECATED] Creation of dynamic property CodeIgniter\HTTP\IncomingRequest::$user is deprecated in APPPATH\Filters\JwtAuthWeb.php on line 32.
 1 SYSTEMPATH\Filters\Filters.php(182): App\Filters\JwtAuthWeb->before(Object(CodeIgniter\HTTP\IncomingRequest), null)
 2 SYSTEMPATH\CodeIgniter.php(475): CodeIgniter\Filters\Filters->run('get_risk_Chart_bf', 'before')
 3 SYSTEMPATH\CodeIgniter.php(361): CodeIgniter\CodeIgniter->handleRequest(null, Object(Config\Cache), false)
 4 FCPATH\index.php(79): CodeIgniter\CodeIgniter->run()
INFO - 2026-05-21 08:57:26 --> Session: Class initialized using 'CodeIgniter\Session\Handlers\FileHandler' driver.
WARNING - 2026-05-21 08:57:26 --> [DEPRECATED] Creation of dynamic property CodeIgniter\HTTP\IncomingRequest::$user is deprecated in APPPATH\Filters\JwtAuthWeb.php on line 32.
 1 SYSTEMPATH\Filters\Filters.php(182): App\Filters\JwtAuthWeb->before(Object(CodeIgniter\HTTP\IncomingRequest), null)
 2 SYSTEMPATH\CodeIgniter.php(475): CodeIgniter\Filters\Filters->run('get_risk_Chart_af', 'before')
 3 SYSTEMPATH\CodeIgniter.php(361): CodeIgniter\CodeIgniter->handleRequest(null, Object(Config\Cache), false)
 4 FCPATH\index.php(79): CodeIgniter\CodeIgniter->run()
INFO - 2026-05-21 08:57:27 --> Session: Class initialized using 'CodeIgniter\Session\Handlers\FileHandler' driver.
WARNING - 2026-05-21 08:57:27 --> [DEPRECATED] Creation of dynamic property CodeIgniter\HTTP\IncomingRequest::$user is deprecated in APPPATH\Filters\JwtAuthWeb.php on line 32.
 1 SYSTEMPATH\Filters\Filters.php(182): App\Filters\JwtAuthWeb->before(Object(CodeIgniter\HTTP\IncomingRequest), null)
 2 SYSTEMPATH\CodeIgniter.php(475): CodeIgniter\Filters\Filters->run('getChart_newcase', 'before')
 3 SYSTEMPATH\CodeIgniter.php(361): CodeIgniter\CodeIgniter->handleRequest(null, Object(Config\Cache), false)
 4 FCPATH\index.php(79): CodeIgniter\CodeIgniter->run()
INFO - 2026-05-21 08:57:27 --> Session: Class initialized using 'CodeIgniter\Session\Handlers\FileHandler' driver.
WARNING - 2026-05-21 08:57:27 --> [DEPRECATED] Creation of dynamic property CodeIgniter\HTTP\IncomingRequest::$user is deprecated in APPPATH\Filters\JwtAuthWeb.php on line 32.
 1 SYSTEMPATH\Filters\Filters.php(182): App\Filters\JwtAuthWeb->before(Object(CodeIgniter\HTTP\IncomingRequest), null)
 2 SYSTEMPATH\CodeIgniter.php(475): CodeIgniter\Filters\Filters->run('getChart_ckd', 'before')
 3 SYSTEMPATH\CodeIgniter.php(361): CodeIgniter\CodeIgniter->handleRequest(null, Object(Config\Cache), false)
 4 FCPATH\index.php(79): CodeIgniter\CodeIgniter->run()
INFO - 2026-05-21 08:57:27 --> Session: Class initialized using 'CodeIgniter\Session\Handlers\FileHandler' driver.
WARNING - 2026-05-21 08:57:27 --> [DEPRECATED] Creation of dynamic property CodeIgniter\HTTP\IncomingRequest::$user is deprecated in APPPATH\Filters\JwtAuthWeb.php on line 32.
 1 SYSTEMPATH\Filters\Filters.php(182): App\Filters\JwtAuthWeb->before(Object(CodeIgniter\HTTP\IncomingRequest), null)
 2 SYSTEMPATH\CodeIgniter.php(475): CodeIgniter\Filters\Filters->run('getChart_healthLit', 'before')
 3 SYSTEMPATH\CodeIgniter.php(361): CodeIgniter\CodeIgniter->handleRequest(null, Object(Config\Cache), false)
 4 FCPATH\index.php(79): CodeIgniter\CodeIgniter->run()
INFO - 2026-05-21 08:57:27 --> Session: Class initialized using 'CodeIgniter\Session\Handlers\FileHandler' driver.
WARNING - 2026-05-21 08:57:27 --> [DEPRECATED] Creation of dynamic property CodeIgniter\HTTP\IncomingRequest::$user is deprecated in APPPATH\Filters\JwtAuthWeb.php on line 32.
 1 SYSTEMPATH\Filters\Filters.php(182): App\Filters\JwtAuthWeb->before(Object(CodeIgniter\HTTP\IncomingRequest), null)
 2 SYSTEMPATH\CodeIgniter.php(475): CodeIgniter\Filters\Filters->run('getChart_result', 'before')
 3 SYSTEMPATH\CodeIgniter.php(361): CodeIgniter\CodeIgniter->handleRequest(null, Object(Config\Cache), false)
 4 FCPATH\index.php(79): CodeIgniter\CodeIgniter->run()
INFO - 2026-05-21 09:16:46 --> Session: Class initialized using 'CodeIgniter\Session\Handlers\FileHandler' driver.
INFO - 2026-05-21 09:16:46 --> Session: Class initialized using 'CodeIgniter\Session\Handlers\FileHandler' driver.
WARNING - 2026-05-21 09:16:46 --> [DEPRECATED] Creation of dynamic property CodeIgniter\HTTP\IncomingRequest::$user is deprecated in APPPATH\Filters\JwtAuthWeb.php on line 32.
 1 SYSTEMPATH\Filters\Filters.php(182): App\Filters\JwtAuthWeb->before(Object(CodeIgniter\HTTP\IncomingRequest), null)
 2 SYSTEMPATH\CodeIgniter.php(475): CodeIgniter\Filters\Filters->run('setting/tumbons', 'before')
 3 SYSTEMPATH\CodeIgniter.php(361): CodeIgniter\CodeIgniter->handleRequest(null, Object(Config\Cache), false)
 4 FCPATH\index.php(79): CodeIgniter\CodeIgniter->run()
WARNING - 2026-05-21 09:16:46 --> [DEPRECATED] Creation of dynamic property CodeIgniter\HTTP\IncomingRequest::$user is deprecated in APPPATH\Filters\JwtAuthWeb.php on line 32.
 1 SYSTEMPATH\Filters\Filters.php(182): App\Filters\JwtAuthWeb->before(Object(CodeIgniter\HTTP\IncomingRequest), null)
 2 SYSTEMPATH\CodeIgniter.php(475): CodeIgniter\Filters\Filters->run('setting/tumbons', 'before')
 3 SYSTEMPATH\CodeIgniter.php(361): CodeIgniter\CodeIgniter->handleRequest(null, Object(Config\Cache), false)
 4 FCPATH\index.php(79): CodeIgniter\CodeIgniter->run()
INFO - 2026-05-21 09:16:47 --> Session: Class initialized using 'CodeIgniter\Session\Handlers\FileHandler' driver.
WARNING - 2026-05-21 09:16:47 --> [DEPRECATED] Creation of dynamic property CodeIgniter\HTTP\IncomingRequest::$user is deprecated in APPPATH\Filters\JwtAuthWeb.php on line 32.
 1 SYSTEMPATH\Filters\Filters.php(182): App\Filters\JwtAuthWeb->before(Object(CodeIgniter\HTTP\IncomingRequest), null)
 2 SYSTEMPATH\CodeIgniter.php(475): CodeIgniter\Filters\Filters->run('setting/get_tumbon', 'before')
 3 SYSTEMPATH\CodeIgniter.php(361): CodeIgniter\CodeIgniter->handleRequest(null, Object(Config\Cache), false)
 4 FCPATH\index.php(79): CodeIgniter\CodeIgniter->run()
WARNING - 2026-05-21 09:16:47 --> [DEPRECATED] Creation of dynamic property CodeIgniter\HTTP\IncomingRequest::$user is deprecated in APPPATH\Filters\JwtAuth.php on line 47.
 1 SYSTEMPATH\Filters\Filters.php(182): App\Filters\JwtAuth->before(Object(CodeIgniter\HTTP\IncomingRequest), null)
 2 SYSTEMPATH\CodeIgniter.php(475): CodeIgniter\Filters\Filters->run('api/profile', 'before')
 3 SYSTEMPATH\CodeIgniter.php(361): CodeIgniter\CodeIgniter->handleRequest(null, Object(Config\Cache), false)
 4 FCPATH\index.php(79): CodeIgniter\CodeIgniter->run()
INFO - 2026-05-21 09:16:48 --> Session: Class initialized using 'CodeIgniter\Session\Handlers\FileHandler' driver.
WARNING - 2026-05-21 09:16:48 --> [DEPRECATED] Creation of dynamic property CodeIgniter\HTTP\IncomingRequest::$user is deprecated in APPPATH\Filters\JwtAuthWeb.php on line 32.
 1 SYSTEMPATH\Filters\Filters.php(182): App\Filters\JwtAuthWeb->before(Object(CodeIgniter\HTTP\IncomingRequest), null)
 2 SYSTEMPATH\CodeIgniter.php(475): CodeIgniter\Filters\Filters->run('setting/get_village', 'before')
 3 SYSTEMPATH\CodeIgniter.php(361): CodeIgniter\CodeIgniter->handleRequest(null, Object(Config\Cache), false)
 4 FCPATH\index.php(79): CodeIgniter\CodeIgniter->run()
INFO - 2026-05-21 09:17:40 --> Session: Class initialized using 'CodeIgniter\Session\Handlers\FileHandler' driver.
WARNING - 2026-05-21 09:17:40 --> [DEPRECATED] Creation of dynamic property CodeIgniter\HTTP\IncomingRequest::$user is deprecated in APPPATH\Filters\JwtAuthWeb.php on line 32.
 1 SYSTEMPATH\Filters\Filters.php(182): App\Filters\JwtAuthWeb->before(Object(CodeIgniter\HTTP\IncomingRequest), null)
 2 SYSTEMPATH\CodeIgniter.php(475): CodeIgniter\Filters\Filters->run('hcoach/hl-page', 'before')
 3 SYSTEMPATH\CodeIgniter.php(361): CodeIgniter\CodeIgniter->handleRequest(null, Object(Config\Cache), false)
 4 FCPATH\index.php(79): CodeIgniter\CodeIgniter->run()
WARNING - 2026-05-21 09:17:41 --> [DEPRECATED] Creation of dynamic property CodeIgniter\HTTP\IncomingRequest::$user is deprecated in APPPATH\Filters\JwtAuth.php on line 47.
 1 SYSTEMPATH\Filters\Filters.php(182): App\Filters\JwtAuth->before(Object(CodeIgniter\HTTP\IncomingRequest), null)
 2 SYSTEMPATH\CodeIgniter.php(475): CodeIgniter\Filters\Filters->run('api/profile', 'before')
 3 SYSTEMPATH\CodeIgniter.php(361): CodeIgniter\CodeIgniter->handleRequest(null, Object(Config\Cache), false)
 4 FCPATH\index.php(79): CodeIgniter\CodeIgniter->run()
INFO - 2026-05-21 09:17:41 --> Session: Class initialized using 'CodeIgniter\Session\Handlers\FileHandler' driver.
WARNING - 2026-05-21 09:17:41 --> [DEPRECATED] Creation of dynamic property CodeIgniter\HTTP\IncomingRequest::$user is deprecated in APPPATH\Filters\JwtAuthWeb.php on line 32.
 1 SYSTEMPATH\Filters\Filters.php(182): App\Filters\JwtAuthWeb->before(Object(CodeIgniter\HTTP\IncomingRequest), null)
 2 SYSTEMPATH\CodeIgniter.php(475): CodeIgniter\Filters\Filters->run('hcoach/fetch-hcoach', 'before')
 3 SYSTEMPATH\CodeIgniter.php(361): CodeIgniter\CodeIgniter->handleRequest(null, Object(Config\Cache), false)
 4 FCPATH\index.php(79): CodeIgniter\CodeIgniter->run()
INFO - 2026-05-21 09:17:45 --> Session: Class initialized using 'CodeIgniter\Session\Handlers\FileHandler' driver.
WARNING - 2026-05-21 09:17:45 --> [DEPRECATED] Creation of dynamic property CodeIgniter\HTTP\IncomingRequest::$user is deprecated in APPPATH\Filters\JwtAuthWeb.php on line 32.
 1 SYSTEMPATH\Filters\Filters.php(182): App\Filters\JwtAuthWeb->before(Object(CodeIgniter\HTTP\IncomingRequest), null)
 2 SYSTEMPATH\CodeIgniter.php(475): CodeIgniter\Filters\Filters->run('dashboard', 'before')
 3 SYSTEMPATH\CodeIgniter.php(361): CodeIgniter\CodeIgniter->handleRequest(null, Object(Config\Cache), false)
 4 FCPATH\index.php(79): CodeIgniter\CodeIgniter->run()
WARNING - 2026-05-21 09:17:45 --> [DEPRECATED] Creation of dynamic property CodeIgniter\HTTP\IncomingRequest::$user is deprecated in APPPATH\Filters\JwtAuth.php on line 47.
 1 SYSTEMPATH\Filters\Filters.php(182): App\Filters\JwtAuth->before(Object(CodeIgniter\HTTP\IncomingRequest), null)
 2 SYSTEMPATH\CodeIgniter.php(475): CodeIgniter\Filters\Filters->run('api/profile', 'before')
 3 SYSTEMPATH\CodeIgniter.php(361): CodeIgniter\CodeIgniter->handleRequest(null, Object(Config\Cache), false)
 4 FCPATH\index.php(79): CodeIgniter\CodeIgniter->run()
INFO - 2026-05-21 09:17:45 --> Session: Class initialized using 'CodeIgniter\Session\Handlers\FileHandler' driver.
WARNING - 2026-05-21 09:17:45 --> [DEPRECATED] Creation of dynamic property CodeIgniter\HTTP\IncomingRequest::$user is deprecated in APPPATH\Filters\JwtAuthWeb.php on line 32.
 1 SYSTEMPATH\Filters\Filters.php(182): App\Filters\JwtAuthWeb->before(Object(CodeIgniter\HTTP\IncomingRequest), null)
 2 SYSTEMPATH\CodeIgniter.php(475): CodeIgniter\Filters\Filters->run('getChart_data', 'before')
 3 SYSTEMPATH\CodeIgniter.php(361): CodeIgniter\CodeIgniter->handleRequest(null, Object(Config\Cache), false)
 4 FCPATH\index.php(79): CodeIgniter\CodeIgniter->run()
INFO - 2026-05-21 09:17:45 --> Session: Class initialized using 'CodeIgniter\Session\Handlers\FileHandler' driver.
WARNING - 2026-05-21 09:17:45 --> [DEPRECATED] Creation of dynamic property CodeIgniter\HTTP\IncomingRequest::$user is deprecated in APPPATH\Filters\JwtAuthWeb.php on line 32.
 1 SYSTEMPATH\Filters\Filters.php(182): App\Filters\JwtAuthWeb->before(Object(CodeIgniter\HTTP\IncomingRequest), null)
 2 SYSTEMPATH\CodeIgniter.php(475): CodeIgniter\Filters\Filters->run('getChart_patient', 'before')
 3 SYSTEMPATH\CodeIgniter.php(361): CodeIgniter\CodeIgniter->handleRequest(null, Object(Config\Cache), false)
 4 FCPATH\index.php(79): CodeIgniter\CodeIgniter->run()
INFO - 2026-05-21 09:17:45 --> Session: Class initialized using 'CodeIgniter\Session\Handlers\FileHandler' driver.
WARNING - 2026-05-21 09:17:45 --> [DEPRECATED] Creation of dynamic property CodeIgniter\HTTP\IncomingRequest::$user is deprecated in APPPATH\Filters\JwtAuthWeb.php on line 32.
 1 SYSTEMPATH\Filters\Filters.php(182): App\Filters\JwtAuthWeb->before(Object(CodeIgniter\HTTP\IncomingRequest), null)
 2 SYSTEMPATH\CodeIgniter.php(475): CodeIgniter\Filters\Filters->run('getChart_All', 'before')
 3 SYSTEMPATH\CodeIgniter.php(361): CodeIgniter\CodeIgniter->handleRequest(null, Object(Config\Cache), false)
 4 FCPATH\index.php(79): CodeIgniter\CodeIgniter->run()
INFO - 2026-05-21 09:17:45 --> Session: Class initialized using 'CodeIgniter\Session\Handlers\FileHandler' driver.
WARNING - 2026-05-21 09:17:45 --> [DEPRECATED] Creation of dynamic property CodeIgniter\HTTP\IncomingRequest::$user is deprecated in APPPATH\Filters\JwtAuthWeb.php on line 32.
 1 SYSTEMPATH\Filters\Filters.php(182): App\Filters\JwtAuthWeb->before(Object(CodeIgniter\HTTP\IncomingRequest), null)
 2 SYSTEMPATH\CodeIgniter.php(475): CodeIgniter\Filters\Filters->run('get_data_chartInproj', 'before')
 3 SYSTEMPATH\CodeIgniter.php(361): CodeIgniter\CodeIgniter->handleRequest(null, Object(Config\Cache), false)
 4 FCPATH\index.php(79): CodeIgniter\CodeIgniter->run()
INFO - 2026-05-21 09:17:46 --> Session: Class initialized using 'CodeIgniter\Session\Handlers\FileHandler' driver.
WARNING - 2026-05-21 09:17:46 --> [DEPRECATED] Creation of dynamic property CodeIgniter\HTTP\IncomingRequest::$user is deprecated in APPPATH\Filters\JwtAuthWeb.php on line 32.
 1 SYSTEMPATH\Filters\Filters.php(182): App\Filters\JwtAuthWeb->before(Object(CodeIgniter\HTTP\IncomingRequest), null)
 2 SYSTEMPATH\CodeIgniter.php(475): CodeIgniter\Filters\Filters->run('get_risk_Chart_bf', 'before')
 3 SYSTEMPATH\CodeIgniter.php(361): CodeIgniter\CodeIgniter->handleRequest(null, Object(Config\Cache), false)
 4 FCPATH\index.php(79): CodeIgniter\CodeIgniter->run()
INFO - 2026-05-21 09:17:46 --> Session: Class initialized using 'CodeIgniter\Session\Handlers\FileHandler' driver.
WARNING - 2026-05-21 09:17:46 --> [DEPRECATED] Creation of dynamic property CodeIgniter\HTTP\IncomingRequest::$user is deprecated in APPPATH\Filters\JwtAuthWeb.php on line 32.
 1 SYSTEMPATH\Filters\Filters.php(182): App\Filters\JwtAuthWeb->before(Object(CodeIgniter\HTTP\IncomingRequest), null)
 2 SYSTEMPATH\CodeIgniter.php(475): CodeIgniter\Filters\Filters->run('get_risk_Chart_af', 'before')
 3 SYSTEMPATH\CodeIgniter.php(361): CodeIgniter\CodeIgniter->handleRequest(null, Object(Config\Cache), false)
 4 FCPATH\index.php(79): CodeIgniter\CodeIgniter->run()
INFO - 2026-05-21 09:17:46 --> Session: Class initialized using 'CodeIgniter\Session\Handlers\FileHandler' driver.
WARNING - 2026-05-21 09:17:46 --> [DEPRECATED] Creation of dynamic property CodeIgniter\HTTP\IncomingRequest::$user is deprecated in APPPATH\Filters\JwtAuthWeb.php on line 32.
 1 SYSTEMPATH\Filters\Filters.php(182): App\Filters\JwtAuthWeb->before(Object(CodeIgniter\HTTP\IncomingRequest), null)
 2 SYSTEMPATH\CodeIgniter.php(475): CodeIgniter\Filters\Filters->run('getChart_newcase', 'before')
 3 SYSTEMPATH\CodeIgniter.php(361): CodeIgniter\CodeIgniter->handleRequest(null, Object(Config\Cache), false)
 4 FCPATH\index.php(79): CodeIgniter\CodeIgniter->run()
INFO - 2026-05-21 09:17:46 --> Session: Class initialized using 'CodeIgniter\Session\Handlers\FileHandler' driver.
WARNING - 2026-05-21 09:17:46 --> [DEPRECATED] Creation of dynamic property CodeIgniter\HTTP\IncomingRequest::$user is deprecated in APPPATH\Filters\JwtAuthWeb.php on line 32.
 1 SYSTEMPATH\Filters\Filters.php(182): App\Filters\JwtAuthWeb->before(Object(CodeIgniter\HTTP\IncomingRequest), null)
 2 SYSTEMPATH\CodeIgniter.php(475): CodeIgniter\Filters\Filters->run('getChart_ckd', 'before')
 3 SYSTEMPATH\CodeIgniter.php(361): CodeIgniter\CodeIgniter->handleRequest(null, Object(Config\Cache), false)
 4 FCPATH\index.php(79): CodeIgniter\CodeIgniter->run()
INFO - 2026-05-21 09:17:46 --> Session: Class initialized using 'CodeIgniter\Session\Handlers\FileHandler' driver.
WARNING - 2026-05-21 09:17:46 --> [DEPRECATED] Creation of dynamic property CodeIgniter\HTTP\IncomingRequest::$user is deprecated in APPPATH\Filters\JwtAuthWeb.php on line 32.
 1 SYSTEMPATH\Filters\Filters.php(182): App\Filters\JwtAuthWeb->before(Object(CodeIgniter\HTTP\IncomingRequest), null)
 2 SYSTEMPATH\CodeIgniter.php(475): CodeIgniter\Filters\Filters->run('getChart_healthLit', 'before')
 3 SYSTEMPATH\CodeIgniter.php(361): CodeIgniter\CodeIgniter->handleRequest(null, Object(Config\Cache), false)
 4 FCPATH\index.php(79): CodeIgniter\CodeIgniter->run()
INFO - 2026-05-21 09:17:46 --> Session: Class initialized using 'CodeIgniter\Session\Handlers\FileHandler' driver.
WARNING - 2026-05-21 09:17:46 --> [DEPRECATED] Creation of dynamic property CodeIgniter\HTTP\IncomingRequest::$user is deprecated in APPPATH\Filters\JwtAuthWeb.php on line 32.
 1 SYSTEMPATH\Filters\Filters.php(182): App\Filters\JwtAuthWeb->before(Object(CodeIgniter\HTTP\IncomingRequest), null)
 2 SYSTEMPATH\CodeIgniter.php(475): CodeIgniter\Filters\Filters->run('getChart_result', 'before')
 3 SYSTEMPATH\CodeIgniter.php(361): CodeIgniter\CodeIgniter->handleRequest(null, Object(Config\Cache), false)
 4 FCPATH\index.php(79): CodeIgniter\CodeIgniter->run()
INFO - 2026-05-21 09:18:53 --> Session: Class initialized using 'CodeIgniter\Session\Handlers\FileHandler' driver.
WARNING - 2026-05-21 09:18:53 --> [DEPRECATED] Creation of dynamic property CodeIgniter\HTTP\IncomingRequest::$user is deprecated in APPPATH\Filters\JwtAuthWeb.php on line 32.
 1 SYSTEMPATH\Filters\Filters.php(182): App\Filters\JwtAuthWeb->before(Object(CodeIgniter\HTTP\IncomingRequest), null)
 2 SYSTEMPATH\CodeIgniter.php(475): CodeIgniter\Filters\Filters->run('fetchData/riskDm_HL', 'before')
 3 SYSTEMPATH\CodeIgniter.php(361): CodeIgniter\CodeIgniter->handleRequest(null, Object(Config\Cache), false)
 4 FCPATH\index.php(79): CodeIgniter\CodeIgniter->run()
WARNING - 2026-05-21 09:18:54 --> [DEPRECATED] Creation of dynamic property CodeIgniter\HTTP\IncomingRequest::$user is deprecated in APPPATH\Filters\JwtAuth.php on line 47.
 1 SYSTEMPATH\Filters\Filters.php(182): App\Filters\JwtAuth->before(Object(CodeIgniter\HTTP\IncomingRequest), null)
 2 SYSTEMPATH\CodeIgniter.php(475): CodeIgniter\Filters\Filters->run('api/profile', 'before')
 3 SYSTEMPATH\CodeIgniter.php(361): CodeIgniter\CodeIgniter->handleRequest(null, Object(Config\Cache), false)
 4 FCPATH\index.php(79): CodeIgniter\CodeIgniter->run()
INFO - 2026-05-21 09:18:54 --> Session: Class initialized using 'CodeIgniter\Session\Handlers\FileHandler' driver.
WARNING - 2026-05-21 09:18:54 --> [DEPRECATED] Creation of dynamic property CodeIgniter\HTTP\IncomingRequest::$user is deprecated in APPPATH\Filters\JwtAuthWeb.php on line 32.
 1 SYSTEMPATH\Filters\Filters.php(182): App\Filters\JwtAuthWeb->before(Object(CodeIgniter\HTTP\IncomingRequest), null)
 2 SYSTEMPATH\CodeIgniter.php(475): CodeIgniter\Filters\Filters->run('fetchRisk/fecth_dm_risk', 'before')
 3 SYSTEMPATH\CodeIgniter.php(361): CodeIgniter\CodeIgniter->handleRequest(null, Object(Config\Cache), false)
 4 FCPATH\index.php(79): CodeIgniter\CodeIgniter->run()
INFO - 2026-05-21 09:20:22 --> Session: Class initialized using 'CodeIgniter\Session\Handlers\FileHandler' driver.
WARNING - 2026-05-21 09:20:22 --> [DEPRECATED] Creation of dynamic property CodeIgniter\HTTP\IncomingRequest::$user is deprecated in APPPATH\Filters\JwtAuthWeb.php on line 32.
 1 SYSTEMPATH\Filters\Filters.php(182): App\Filters\JwtAuthWeb->before(Object(CodeIgniter\HTTP\IncomingRequest), null)
 2 SYSTEMPATH\CodeIgniter.php(475): CodeIgniter\Filters\Filters->run('fetchRisk/save_selected_dm', 'before')
 3 SYSTEMPATH\CodeIgniter.php(361): CodeIgniter\CodeIgniter->handleRequest(null, Object(Config\Cache), false)
 4 FCPATH\index.php(79): CodeIgniter\CodeIgniter->run()
INFO - 2026-05-21 09:20:22 --> Session: Class initialized using 'CodeIgniter\Session\Handlers\FileHandler' driver.
WARNING - 2026-05-21 09:20:22 --> [DEPRECATED] Creation of dynamic property CodeIgniter\HTTP\IncomingRequest::$user is deprecated in APPPATH\Filters\JwtAuthWeb.php on line 32.
 1 SYSTEMPATH\Filters\Filters.php(182): App\Filters\JwtAuthWeb->before(Object(CodeIgniter\HTTP\IncomingRequest), null)
 2 SYSTEMPATH\CodeIgniter.php(475): CodeIgniter\Filters\Filters->run('fetchRisk/fecth_dm_risk', 'before')
 3 SYSTEMPATH\CodeIgniter.php(361): CodeIgniter\CodeIgniter->handleRequest(null, Object(Config\Cache), false)
 4 FCPATH\index.php(79): CodeIgniter\CodeIgniter->run()
INFO - 2026-05-21 09:20:26 --> Session: Class initialized using 'CodeIgniter\Session\Handlers\FileHandler' driver.
WARNING - 2026-05-21 09:20:26 --> [DEPRECATED] Creation of dynamic property CodeIgniter\HTTP\IncomingRequest::$user is deprecated in APPPATH\Filters\JwtAuthWeb.php on line 32.
 1 SYSTEMPATH\Filters\Filters.php(182): App\Filters\JwtAuthWeb->before(Object(CodeIgniter\HTTP\IncomingRequest), null)
 2 SYSTEMPATH\CodeIgniter.php(475): CodeIgniter\Filters\Filters->run('inproject/inproject', 'before')
 3 SYSTEMPATH\CodeIgniter.php(361): CodeIgniter\CodeIgniter->handleRequest(null, Object(Config\Cache), false)
 4 FCPATH\index.php(79): CodeIgniter\CodeIgniter->run()
WARNING - 2026-05-21 09:20:26 --> [DEPRECATED] Creation of dynamic property CodeIgniter\HTTP\IncomingRequest::$user is deprecated in APPPATH\Filters\JwtAuth.php on line 47.
 1 SYSTEMPATH\Filters\Filters.php(182): App\Filters\JwtAuth->before(Object(CodeIgniter\HTTP\IncomingRequest), null)
 2 SYSTEMPATH\CodeIgniter.php(475): CodeIgniter\Filters\Filters->run('api/profile', 'before')
 3 SYSTEMPATH\CodeIgniter.php(361): CodeIgniter\CodeIgniter->handleRequest(null, Object(Config\Cache), false)
 4 FCPATH\index.php(79): CodeIgniter\CodeIgniter->run()
INFO - 2026-05-21 09:20:26 --> Session: Class initialized using 'CodeIgniter\Session\Handlers\FileHandler' driver.
WARNING - 2026-05-21 09:20:26 --> [DEPRECATED] Creation of dynamic property CodeIgniter\HTTP\IncomingRequest::$user is deprecated in APPPATH\Filters\JwtAuthWeb.php on line 32.
 1 SYSTEMPATH\Filters\Filters.php(182): App\Filters\JwtAuthWeb->before(Object(CodeIgniter\HTTP\IncomingRequest), null)
 2 SYSTEMPATH\CodeIgniter.php(475): CodeIgniter\Filters\Filters->run('fetchRisk/fecth_selected_dm/0', 'before')
 3 SYSTEMPATH\CodeIgniter.php(361): CodeIgniter\CodeIgniter->handleRequest(null, Object(Config\Cache), false)
 4 FCPATH\index.php(79): CodeIgniter\CodeIgniter->run()
INFO - 2026-05-21 09:20:39 --> Session: Class initialized using 'CodeIgniter\Session\Handlers\FileHandler' driver.
WARNING - 2026-05-21 09:20:39 --> [DEPRECATED] Creation of dynamic property CodeIgniter\HTTP\IncomingRequest::$user is deprecated in APPPATH\Filters\JwtAuthWeb.php on line 32.
 1 SYSTEMPATH\Filters\Filters.php(182): App\Filters\JwtAuthWeb->before(Object(CodeIgniter\HTTP\IncomingRequest), null)
 2 SYSTEMPATH\CodeIgniter.php(475): CodeIgniter\Filters\Filters->run('hcoach/get_hcoach_by_hcode/03779', 'before')
 3 SYSTEMPATH\CodeIgniter.php(361): CodeIgniter\CodeIgniter->handleRequest(null, Object(Config\Cache), false)
 4 FCPATH\index.php(79): CodeIgniter\CodeIgniter->run()
INFO - 2026-05-21 09:25:22 --> Session: Class initialized using 'CodeIgniter\Session\Handlers\FileHandler' driver.
WARNING - 2026-05-21 09:25:22 --> [DEPRECATED] Creation of dynamic property CodeIgniter\HTTP\IncomingRequest::$user is deprecated in APPPATH\Filters\JwtAuthWeb.php on line 32.
 1 SYSTEMPATH\Filters\Filters.php(182): App\Filters\JwtAuthWeb->before(Object(CodeIgniter\HTTP\IncomingRequest), null)
 2 SYSTEMPATH\CodeIgniter.php(475): CodeIgniter\Filters\Filters->run('fetchData/riskDm_HL', 'before')
 3 SYSTEMPATH\CodeIgniter.php(361): CodeIgniter\CodeIgniter->handleRequest(null, Object(Config\Cache), false)
 4 FCPATH\index.php(79): CodeIgniter\CodeIgniter->run()
WARNING - 2026-05-21 09:25:22 --> [DEPRECATED] Creation of dynamic property CodeIgniter\HTTP\IncomingRequest::$user is deprecated in APPPATH\Filters\JwtAuth.php on line 47.
 1 SYSTEMPATH\Filters\Filters.php(182): App\Filters\JwtAuth->before(Object(CodeIgniter\HTTP\IncomingRequest), null)
 2 SYSTEMPATH\CodeIgniter.php(475): CodeIgniter\Filters\Filters->run('api/profile', 'before')
 3 SYSTEMPATH\CodeIgniter.php(361): CodeIgniter\CodeIgniter->handleRequest(null, Object(Config\Cache), false)
 4 FCPATH\index.php(79): CodeIgniter\CodeIgniter->run()
INFO - 2026-05-21 09:25:22 --> Session: Class initialized using 'CodeIgniter\Session\Handlers\FileHandler' driver.
WARNING - 2026-05-21 09:25:22 --> [DEPRECATED] Creation of dynamic property CodeIgniter\HTTP\IncomingRequest::$user is deprecated in APPPATH\Filters\JwtAuthWeb.php on line 32.
 1 SYSTEMPATH\Filters\Filters.php(182): App\Filters\JwtAuthWeb->before(Object(CodeIgniter\HTTP\IncomingRequest), null)
 2 SYSTEMPATH\CodeIgniter.php(475): CodeIgniter\Filters\Filters->run('fetchRisk/fecth_dm_risk', 'before')
 3 SYSTEMPATH\CodeIgniter.php(361): CodeIgniter\CodeIgniter->handleRequest(null, Object(Config\Cache), false)
 4 FCPATH\index.php(79): CodeIgniter\CodeIgniter->run()
INFO - 2026-05-21 09:25:24 --> Session: Class initialized using 'CodeIgniter\Session\Handlers\FileHandler' driver.
WARNING - 2026-05-21 09:25:24 --> [DEPRECATED] Creation of dynamic property CodeIgniter\HTTP\IncomingRequest::$user is deprecated in APPPATH\Filters\JwtAuthWeb.php on line 32.
 1 SYSTEMPATH\Filters\Filters.php(182): App\Filters\JwtAuthWeb->before(Object(CodeIgniter\HTTP\IncomingRequest), null)
 2 SYSTEMPATH\CodeIgniter.php(475): CodeIgniter\Filters\Filters->run('dashboard', 'before')
 3 SYSTEMPATH\CodeIgniter.php(361): CodeIgniter\CodeIgniter->handleRequest(null, Object(Config\Cache), false)
 4 FCPATH\index.php(79): CodeIgniter\CodeIgniter->run()
WARNING - 2026-05-21 09:25:24 --> [DEPRECATED] Creation of dynamic property CodeIgniter\HTTP\IncomingRequest::$user is deprecated in APPPATH\Filters\JwtAuth.php on line 47.
 1 SYSTEMPATH\Filters\Filters.php(182): App\Filters\JwtAuth->before(Object(CodeIgniter\HTTP\IncomingRequest), null)
 2 SYSTEMPATH\CodeIgniter.php(475): CodeIgniter\Filters\Filters->run('api/profile', 'before')
 3 SYSTEMPATH\CodeIgniter.php(361): CodeIgniter\CodeIgniter->handleRequest(null, Object(Config\Cache), false)
 4 FCPATH\index.php(79): CodeIgniter\CodeIgniter->run()
INFO - 2026-05-21 09:25:24 --> Session: Class initialized using 'CodeIgniter\Session\Handlers\FileHandler' driver.
WARNING - 2026-05-21 09:25:24 --> [DEPRECATED] Creation of dynamic property CodeIgniter\HTTP\IncomingRequest::$user is deprecated in APPPATH\Filters\JwtAuthWeb.php on line 32.
 1 SYSTEMPATH\Filters\Filters.php(182): App\Filters\JwtAuthWeb->before(Object(CodeIgniter\HTTP\IncomingRequest), null)
 2 SYSTEMPATH\CodeIgniter.php(475): CodeIgniter\Filters\Filters->run('getChart_data', 'before')
 3 SYSTEMPATH\CodeIgniter.php(361): CodeIgniter\CodeIgniter->handleRequest(null, Object(Config\Cache), false)
 4 FCPATH\index.php(79): CodeIgniter\CodeIgniter->run()
INFO - 2026-05-21 09:25:25 --> Session: Class initialized using 'CodeIgniter\Session\Handlers\FileHandler' driver.
WARNING - 2026-05-21 09:25:25 --> [DEPRECATED] Creation of dynamic property CodeIgniter\HTTP\IncomingRequest::$user is deprecated in APPPATH\Filters\JwtAuthWeb.php on line 32.
 1 SYSTEMPATH\Filters\Filters.php(182): App\Filters\JwtAuthWeb->before(Object(CodeIgniter\HTTP\IncomingRequest), null)
 2 SYSTEMPATH\CodeIgniter.php(475): CodeIgniter\Filters\Filters->run('getChart_patient', 'before')
 3 SYSTEMPATH\CodeIgniter.php(361): CodeIgniter\CodeIgniter->handleRequest(null, Object(Config\Cache), false)
 4 FCPATH\index.php(79): CodeIgniter\CodeIgniter->run()
INFO - 2026-05-21 09:25:25 --> Session: Class initialized using 'CodeIgniter\Session\Handlers\FileHandler' driver.
WARNING - 2026-05-21 09:25:25 --> [DEPRECATED] Creation of dynamic property CodeIgniter\HTTP\IncomingRequest::$user is deprecated in APPPATH\Filters\JwtAuthWeb.php on line 32.
 1 SYSTEMPATH\Filters\Filters.php(182): App\Filters\JwtAuthWeb->before(Object(CodeIgniter\HTTP\IncomingRequest), null)
 2 SYSTEMPATH\CodeIgniter.php(475): CodeIgniter\Filters\Filters->run('getChart_All', 'before')
 3 SYSTEMPATH\CodeIgniter.php(361): CodeIgniter\CodeIgniter->handleRequest(null, Object(Config\Cache), false)
 4 FCPATH\index.php(79): CodeIgniter\CodeIgniter->run()
INFO - 2026-05-21 09:25:25 --> Session: Class initialized using 'CodeIgniter\Session\Handlers\FileHandler' driver.
WARNING - 2026-05-21 09:25:25 --> [DEPRECATED] Creation of dynamic property CodeIgniter\HTTP\IncomingRequest::$user is deprecated in APPPATH\Filters\JwtAuthWeb.php on line 32.
 1 SYSTEMPATH\Filters\Filters.php(182): App\Filters\JwtAuthWeb->before(Object(CodeIgniter\HTTP\IncomingRequest), null)
 2 SYSTEMPATH\CodeIgniter.php(475): CodeIgniter\Filters\Filters->run('get_data_chartInproj', 'before')
 3 SYSTEMPATH\CodeIgniter.php(361): CodeIgniter\CodeIgniter->handleRequest(null, Object(Config\Cache), false)
 4 FCPATH\index.php(79): CodeIgniter\CodeIgniter->run()
INFO - 2026-05-21 09:25:25 --> Session: Class initialized using 'CodeIgniter\Session\Handlers\FileHandler' driver.
WARNING - 2026-05-21 09:25:25 --> [DEPRECATED] Creation of dynamic property CodeIgniter\HTTP\IncomingRequest::$user is deprecated in APPPATH\Filters\JwtAuthWeb.php on line 32.
 1 SYSTEMPATH\Filters\Filters.php(182): App\Filters\JwtAuthWeb->before(Object(CodeIgniter\HTTP\IncomingRequest), null)
 2 SYSTEMPATH\CodeIgniter.php(475): CodeIgniter\Filters\Filters->run('get_risk_Chart_bf', 'before')
 3 SYSTEMPATH\CodeIgniter.php(361): CodeIgniter\CodeIgniter->handleRequest(null, Object(Config\Cache), false)
 4 FCPATH\index.php(79): CodeIgniter\CodeIgniter->run()
INFO - 2026-05-21 09:25:25 --> Session: Class initialized using 'CodeIgniter\Session\Handlers\FileHandler' driver.
WARNING - 2026-05-21 09:25:25 --> [DEPRECATED] Creation of dynamic property CodeIgniter\HTTP\IncomingRequest::$user is deprecated in APPPATH\Filters\JwtAuthWeb.php on line 32.
 1 SYSTEMPATH\Filters\Filters.php(182): App\Filters\JwtAuthWeb->before(Object(CodeIgniter\HTTP\IncomingRequest), null)
 2 SYSTEMPATH\CodeIgniter.php(475): CodeIgniter\Filters\Filters->run('get_risk_Chart_af', 'before')
 3 SYSTEMPATH\CodeIgniter.php(361): CodeIgniter\CodeIgniter->handleRequest(null, Object(Config\Cache), false)
 4 FCPATH\index.php(79): CodeIgniter\CodeIgniter->run()
INFO - 2026-05-21 09:25:25 --> Session: Class initialized using 'CodeIgniter\Session\Handlers\FileHandler' driver.
WARNING - 2026-05-21 09:25:25 --> [DEPRECATED] Creation of dynamic property CodeIgniter\HTTP\IncomingRequest::$user is deprecated in APPPATH\Filters\JwtAuthWeb.php on line 32.
 1 SYSTEMPATH\Filters\Filters.php(182): App\Filters\JwtAuthWeb->before(Object(CodeIgniter\HTTP\IncomingRequest), null)
 2 SYSTEMPATH\CodeIgniter.php(475): CodeIgniter\Filters\Filters->run('getChart_newcase', 'before')
 3 SYSTEMPATH\CodeIgniter.php(361): CodeIgniter\CodeIgniter->handleRequest(null, Object(Config\Cache), false)
 4 FCPATH\index.php(79): CodeIgniter\CodeIgniter->run()
INFO - 2026-05-21 09:25:25 --> Session: Class initialized using 'CodeIgniter\Session\Handlers\FileHandler' driver.
WARNING - 2026-05-21 09:25:25 --> [DEPRECATED] Creation of dynamic property CodeIgniter\HTTP\IncomingRequest::$user is deprecated in APPPATH\Filters\JwtAuthWeb.php on line 32.
 1 SYSTEMPATH\Filters\Filters.php(182): App\Filters\JwtAuthWeb->before(Object(CodeIgniter\HTTP\IncomingRequest), null)
 2 SYSTEMPATH\CodeIgniter.php(475): CodeIgniter\Filters\Filters->run('getChart_ckd', 'before')
 3 SYSTEMPATH\CodeIgniter.php(361): CodeIgniter\CodeIgniter->handleRequest(null, Object(Config\Cache), false)
 4 FCPATH\index.php(79): CodeIgniter\CodeIgniter->run()
INFO - 2026-05-21 09:25:26 --> Session: Class initialized using 'CodeIgniter\Session\Handlers\FileHandler' driver.
WARNING - 2026-05-21 09:25:26 --> [DEPRECATED] Creation of dynamic property CodeIgniter\HTTP\IncomingRequest::$user is deprecated in APPPATH\Filters\JwtAuthWeb.php on line 32.
 1 SYSTEMPATH\Filters\Filters.php(182): App\Filters\JwtAuthWeb->before(Object(CodeIgniter\HTTP\IncomingRequest), null)
 2 SYSTEMPATH\CodeIgniter.php(475): CodeIgniter\Filters\Filters->run('getChart_healthLit', 'before')
 3 SYSTEMPATH\CodeIgniter.php(361): CodeIgniter\CodeIgniter->handleRequest(null, Object(Config\Cache), false)
 4 FCPATH\index.php(79): CodeIgniter\CodeIgniter->run()
INFO - 2026-05-21 09:25:26 --> Session: Class initialized using 'CodeIgniter\Session\Handlers\FileHandler' driver.
WARNING - 2026-05-21 09:25:26 --> [DEPRECATED] Creation of dynamic property CodeIgniter\HTTP\IncomingRequest::$user is deprecated in APPPATH\Filters\JwtAuthWeb.php on line 32.
 1 SYSTEMPATH\Filters\Filters.php(182): App\Filters\JwtAuthWeb->before(Object(CodeIgniter\HTTP\IncomingRequest), null)
 2 SYSTEMPATH\CodeIgniter.php(475): CodeIgniter\Filters\Filters->run('getChart_result', 'before')
 3 SYSTEMPATH\CodeIgniter.php(361): CodeIgniter\CodeIgniter->handleRequest(null, Object(Config\Cache), false)
 4 FCPATH\index.php(79): CodeIgniter\CodeIgniter->run()
INFO - 2026-05-21 09:26:04 --> Session: Class initialized using 'CodeIgniter\Session\Handlers\FileHandler' driver.
WARNING - 2026-05-21 09:26:04 --> [DEPRECATED] Creation of dynamic property CodeIgniter\HTTP\IncomingRequest::$user is deprecated in APPPATH\Filters\JwtAuthWeb.php on line 32.
 1 SYSTEMPATH\Filters\Filters.php(182): App\Filters\JwtAuthWeb->before(Object(CodeIgniter\HTTP\IncomingRequest), null)
 2 SYSTEMPATH\CodeIgniter.php(475): CodeIgniter\Filters\Filters->run('inproject/inproject', 'before')
 3 SYSTEMPATH\CodeIgniter.php(361): CodeIgniter\CodeIgniter->handleRequest(null, Object(Config\Cache), false)
 4 FCPATH\index.php(79): CodeIgniter\CodeIgniter->run()
WARNING - 2026-05-21 09:26:05 --> [DEPRECATED] Creation of dynamic property CodeIgniter\HTTP\IncomingRequest::$user is deprecated in APPPATH\Filters\JwtAuth.php on line 47.
 1 SYSTEMPATH\Filters\Filters.php(182): App\Filters\JwtAuth->before(Object(CodeIgniter\HTTP\IncomingRequest), null)
 2 SYSTEMPATH\CodeIgniter.php(475): CodeIgniter\Filters\Filters->run('api/profile', 'before')
 3 SYSTEMPATH\CodeIgniter.php(361): CodeIgniter\CodeIgniter->handleRequest(null, Object(Config\Cache), false)
 4 FCPATH\index.php(79): CodeIgniter\CodeIgniter->run()
INFO - 2026-05-21 09:26:05 --> Session: Class initialized using 'CodeIgniter\Session\Handlers\FileHandler' driver.
WARNING - 2026-05-21 09:26:05 --> [DEPRECATED] Creation of dynamic property CodeIgniter\HTTP\IncomingRequest::$user is deprecated in APPPATH\Filters\JwtAuthWeb.php on line 32.
 1 SYSTEMPATH\Filters\Filters.php(182): App\Filters\JwtAuthWeb->before(Object(CodeIgniter\HTTP\IncomingRequest), null)
 2 SYSTEMPATH\CodeIgniter.php(475): CodeIgniter\Filters\Filters->run('fetchRisk/fecth_selected_dm/0', 'before')
 3 SYSTEMPATH\CodeIgniter.php(361): CodeIgniter\CodeIgniter->handleRequest(null, Object(Config\Cache), false)
 4 FCPATH\index.php(79): CodeIgniter\CodeIgniter->run()
INFO - 2026-05-21 09:30:29 --> Session: Class initialized using 'CodeIgniter\Session\Handlers\FileHandler' driver.
WARNING - 2026-05-21 09:30:29 --> [DEPRECATED] Creation of dynamic property CodeIgniter\HTTP\IncomingRequest::$user is deprecated in APPPATH\Filters\JwtAuthWeb.php on line 32.
 1 SYSTEMPATH\Filters\Filters.php(182): App\Filters\JwtAuthWeb->before(Object(CodeIgniter\HTTP\IncomingRequest), null)
 2 SYSTEMPATH\CodeIgniter.php(475): CodeIgniter\Filters\Filters->run('fetchData/riskDm_HL', 'before')
 3 SYSTEMPATH\CodeIgniter.php(361): CodeIgniter\CodeIgniter->handleRequest(null, Object(Config\Cache), false)
 4 FCPATH\index.php(79): CodeIgniter\CodeIgniter->run()
WARNING - 2026-05-21 09:30:29 --> [DEPRECATED] Creation of dynamic property CodeIgniter\HTTP\IncomingRequest::$user is deprecated in APPPATH\Filters\JwtAuth.php on line 47.
 1 SYSTEMPATH\Filters\Filters.php(182): App\Filters\JwtAuth->before(Object(CodeIgniter\HTTP\IncomingRequest), null)
 2 SYSTEMPATH\CodeIgniter.php(475): CodeIgniter\Filters\Filters->run('api/profile', 'before')
 3 SYSTEMPATH\CodeIgniter.php(361): CodeIgniter\CodeIgniter->handleRequest(null, Object(Config\Cache), false)
 4 FCPATH\index.php(79): CodeIgniter\CodeIgniter->run()
INFO - 2026-05-21 09:30:29 --> Session: Class initialized using 'CodeIgniter\Session\Handlers\FileHandler' driver.
WARNING - 2026-05-21 09:30:29 --> [DEPRECATED] Creation of dynamic property CodeIgniter\HTTP\IncomingRequest::$user is deprecated in APPPATH\Filters\JwtAuthWeb.php on line 32.
 1 SYSTEMPATH\Filters\Filters.php(182): App\Filters\JwtAuthWeb->before(Object(CodeIgniter\HTTP\IncomingRequest), null)
 2 SYSTEMPATH\CodeIgniter.php(475): CodeIgniter\Filters\Filters->run('fetchRisk/fecth_dm_risk', 'before')
 3 SYSTEMPATH\CodeIgniter.php(361): CodeIgniter\CodeIgniter->handleRequest(null, Object(Config\Cache), false)
 4 FCPATH\index.php(79): CodeIgniter\CodeIgniter->run()
INFO - 2026-05-21 09:30:53 --> Session: Class initialized using 'CodeIgniter\Session\Handlers\FileHandler' driver.
WARNING - 2026-05-21 09:30:53 --> [DEPRECATED] Creation of dynamic property CodeIgniter\HTTP\IncomingRequest::$user is deprecated in APPPATH\Filters\JwtAuthWeb.php on line 32.
 1 SYSTEMPATH\Filters\Filters.php(182): App\Filters\JwtAuthWeb->before(Object(CodeIgniter\HTTP\IncomingRequest), null)
 2 SYSTEMPATH\CodeIgniter.php(475): CodeIgniter\Filters\Filters->run('inproject/inproject', 'before')
 3 SYSTEMPATH\CodeIgniter.php(361): CodeIgniter\CodeIgniter->handleRequest(null, Object(Config\Cache), false)
 4 FCPATH\index.php(79): CodeIgniter\CodeIgniter->run()
WARNING - 2026-05-21 09:30:53 --> [DEPRECATED] Creation of dynamic property CodeIgniter\HTTP\IncomingRequest::$user is deprecated in APPPATH\Filters\JwtAuth.php on line 47.
 1 SYSTEMPATH\Filters\Filters.php(182): App\Filters\JwtAuth->before(Object(CodeIgniter\HTTP\IncomingRequest), null)
 2 SYSTEMPATH\CodeIgniter.php(475): CodeIgniter\Filters\Filters->run('api/profile', 'before')
 3 SYSTEMPATH\CodeIgniter.php(361): CodeIgniter\CodeIgniter->handleRequest(null, Object(Config\Cache), false)
 4 FCPATH\index.php(79): CodeIgniter\CodeIgniter->run()
INFO - 2026-05-21 09:30:53 --> Session: Class initialized using 'CodeIgniter\Session\Handlers\FileHandler' driver.
WARNING - 2026-05-21 09:30:53 --> [DEPRECATED] Creation of dynamic property CodeIgniter\HTTP\IncomingRequest::$user is deprecated in APPPATH\Filters\JwtAuthWeb.php on line 32.
 1 SYSTEMPATH\Filters\Filters.php(182): App\Filters\JwtAuthWeb->before(Object(CodeIgniter\HTTP\IncomingRequest), null)
 2 SYSTEMPATH\CodeIgniter.php(475): CodeIgniter\Filters\Filters->run('fetchRisk/fecth_selected_dm/0', 'before')
 3 SYSTEMPATH\CodeIgniter.php(361): CodeIgniter\CodeIgniter->handleRequest(null, Object(Config\Cache), false)
 4 FCPATH\index.php(79): CodeIgniter\CodeIgniter->run()
INFO - 2026-05-21 09:30:55 --> Session: Class initialized using 'CodeIgniter\Session\Handlers\FileHandler' driver.
WARNING - 2026-05-21 09:30:55 --> [DEPRECATED] Creation of dynamic property CodeIgniter\HTTP\IncomingRequest::$user is deprecated in APPPATH\Filters\JwtAuthWeb.php on line 32.
 1 SYSTEMPATH\Filters\Filters.php(182): App\Filters\JwtAuthWeb->before(Object(CodeIgniter\HTTP\IncomingRequest), null)
 2 SYSTEMPATH\CodeIgniter.php(475): CodeIgniter\Filters\Filters->run('hcoach/hl-page', 'before')
 3 SYSTEMPATH\CodeIgniter.php(361): CodeIgniter\CodeIgniter->handleRequest(null, Object(Config\Cache), false)
 4 FCPATH\index.php(79): CodeIgniter\CodeIgniter->run()
WARNING - 2026-05-21 09:30:55 --> [DEPRECATED] Creation of dynamic property CodeIgniter\HTTP\IncomingRequest::$user is deprecated in APPPATH\Filters\JwtAuth.php on line 47.
 1 SYSTEMPATH\Filters\Filters.php(182): App\Filters\JwtAuth->before(Object(CodeIgniter\HTTP\IncomingRequest), null)
 2 SYSTEMPATH\CodeIgniter.php(475): CodeIgniter\Filters\Filters->run('api/profile', 'before')
 3 SYSTEMPATH\CodeIgniter.php(361): CodeIgniter\CodeIgniter->handleRequest(null, Object(Config\Cache), false)
 4 FCPATH\index.php(79): CodeIgniter\CodeIgniter->run()
INFO - 2026-05-21 09:30:55 --> Session: Class initialized using 'CodeIgniter\Session\Handlers\FileHandler' driver.
WARNING - 2026-05-21 09:30:55 --> [DEPRECATED] Creation of dynamic property CodeIgniter\HTTP\IncomingRequest::$user is deprecated in APPPATH\Filters\JwtAuthWeb.php on line 32.
 1 SYSTEMPATH\Filters\Filters.php(182): App\Filters\JwtAuthWeb->before(Object(CodeIgniter\HTTP\IncomingRequest), null)
 2 SYSTEMPATH\CodeIgniter.php(475): CodeIgniter\Filters\Filters->run('hcoach/fetch-hcoach', 'before')
 3 SYSTEMPATH\CodeIgniter.php(361): CodeIgniter\CodeIgniter->handleRequest(null, Object(Config\Cache), false)
 4 FCPATH\index.php(79): CodeIgniter\CodeIgniter->run()
INFO - 2026-05-21 09:30:58 --> Session: Class initialized using 'CodeIgniter\Session\Handlers\FileHandler' driver.
WARNING - 2026-05-21 09:30:58 --> [DEPRECATED] Creation of dynamic property CodeIgniter\HTTP\IncomingRequest::$user is deprecated in APPPATH\Filters\JwtAuthWeb.php on line 32.
 1 SYSTEMPATH\Filters\Filters.php(182): App\Filters\JwtAuthWeb->before(Object(CodeIgniter\HTTP\IncomingRequest), null)
 2 SYSTEMPATH\CodeIgniter.php(475): CodeIgniter\Filters\Filters->run('dashboard', 'before')
 3 SYSTEMPATH\CodeIgniter.php(361): CodeIgniter\CodeIgniter->handleRequest(null, Object(Config\Cache), false)
 4 FCPATH\index.php(79): CodeIgniter\CodeIgniter->run()
WARNING - 2026-05-21 09:30:58 --> [DEPRECATED] Creation of dynamic property CodeIgniter\HTTP\IncomingRequest::$user is deprecated in APPPATH\Filters\JwtAuth.php on line 47.
 1 SYSTEMPATH\Filters\Filters.php(182): App\Filters\JwtAuth->before(Object(CodeIgniter\HTTP\IncomingRequest), null)
 2 SYSTEMPATH\CodeIgniter.php(475): CodeIgniter\Filters\Filters->run('api/profile', 'before')
 3 SYSTEMPATH\CodeIgniter.php(361): CodeIgniter\CodeIgniter->handleRequest(null, Object(Config\Cache), false)
 4 FCPATH\index.php(79): CodeIgniter\CodeIgniter->run()
INFO - 2026-05-21 09:30:58 --> Session: Class initialized using 'CodeIgniter\Session\Handlers\FileHandler' driver.
WARNING - 2026-05-21 09:30:58 --> [DEPRECATED] Creation of dynamic property CodeIgniter\HTTP\IncomingRequest::$user is deprecated in APPPATH\Filters\JwtAuthWeb.php on line 32.
 1 SYSTEMPATH\Filters\Filters.php(182): App\Filters\JwtAuthWeb->before(Object(CodeIgniter\HTTP\IncomingRequest), null)
 2 SYSTEMPATH\CodeIgniter.php(475): CodeIgniter\Filters\Filters->run('getChart_data', 'before')
 3 SYSTEMPATH\CodeIgniter.php(361): CodeIgniter\CodeIgniter->handleRequest(null, Object(Config\Cache), false)
 4 FCPATH\index.php(79): CodeIgniter\CodeIgniter->run()
INFO - 2026-05-21 09:30:58 --> Session: Class initialized using 'CodeIgniter\Session\Handlers\FileHandler' driver.
WARNING - 2026-05-21 09:30:58 --> [DEPRECATED] Creation of dynamic property CodeIgniter\HTTP\IncomingRequest::$user is deprecated in APPPATH\Filters\JwtAuthWeb.php on line 32.
 1 SYSTEMPATH\Filters\Filters.php(182): App\Filters\JwtAuthWeb->before(Object(CodeIgniter\HTTP\IncomingRequest), null)
 2 SYSTEMPATH\CodeIgniter.php(475): CodeIgniter\Filters\Filters->run('getChart_patient', 'before')
 3 SYSTEMPATH\CodeIgniter.php(361): CodeIgniter\CodeIgniter->handleRequest(null, Object(Config\Cache), false)
 4 FCPATH\index.php(79): CodeIgniter\CodeIgniter->run()
INFO - 2026-05-21 09:30:58 --> Session: Class initialized using 'CodeIgniter\Session\Handlers\FileHandler' driver.
WARNING - 2026-05-21 09:30:58 --> [DEPRECATED] Creation of dynamic property CodeIgniter\HTTP\IncomingRequest::$user is deprecated in APPPATH\Filters\JwtAuthWeb.php on line 32.
 1 SYSTEMPATH\Filters\Filters.php(182): App\Filters\JwtAuthWeb->before(Object(CodeIgniter\HTTP\IncomingRequest), null)
 2 SYSTEMPATH\CodeIgniter.php(475): CodeIgniter\Filters\Filters->run('getChart_All', 'before')
 3 SYSTEMPATH\CodeIgniter.php(361): CodeIgniter\CodeIgniter->handleRequest(null, Object(Config\Cache), false)
 4 FCPATH\index.php(79): CodeIgniter\CodeIgniter->run()
INFO - 2026-05-21 09:30:59 --> Session: Class initialized using 'CodeIgniter\Session\Handlers\FileHandler' driver.
WARNING - 2026-05-21 09:30:59 --> [DEPRECATED] Creation of dynamic property CodeIgniter\HTTP\IncomingRequest::$user is deprecated in APPPATH\Filters\JwtAuthWeb.php on line 32.
 1 SYSTEMPATH\Filters\Filters.php(182): App\Filters\JwtAuthWeb->before(Object(CodeIgniter\HTTP\IncomingRequest), null)
 2 SYSTEMPATH\CodeIgniter.php(475): CodeIgniter\Filters\Filters->run('get_data_chartInproj', 'before')
 3 SYSTEMPATH\CodeIgniter.php(361): CodeIgniter\CodeIgniter->handleRequest(null, Object(Config\Cache), false)
 4 FCPATH\index.php(79): CodeIgniter\CodeIgniter->run()
INFO - 2026-05-21 09:30:59 --> Session: Class initialized using 'CodeIgniter\Session\Handlers\FileHandler' driver.
WARNING - 2026-05-21 09:30:59 --> [DEPRECATED] Creation of dynamic property CodeIgniter\HTTP\IncomingRequest::$user is deprecated in APPPATH\Filters\JwtAuthWeb.php on line 32.
 1 SYSTEMPATH\Filters\Filters.php(182): App\Filters\JwtAuthWeb->before(Object(CodeIgniter\HTTP\IncomingRequest), null)
 2 SYSTEMPATH\CodeIgniter.php(475): CodeIgniter\Filters\Filters->run('get_risk_Chart_bf', 'before')
 3 SYSTEMPATH\CodeIgniter.php(361): CodeIgniter\CodeIgniter->handleRequest(null, Object(Config\Cache), false)
 4 FCPATH\index.php(79): CodeIgniter\CodeIgniter->run()
INFO - 2026-05-21 09:30:59 --> Session: Class initialized using 'CodeIgniter\Session\Handlers\FileHandler' driver.
WARNING - 2026-05-21 09:30:59 --> [DEPRECATED] Creation of dynamic property CodeIgniter\HTTP\IncomingRequest::$user is deprecated in APPPATH\Filters\JwtAuthWeb.php on line 32.
 1 SYSTEMPATH\Filters\Filters.php(182): App\Filters\JwtAuthWeb->before(Object(CodeIgniter\HTTP\IncomingRequest), null)
 2 SYSTEMPATH\CodeIgniter.php(475): CodeIgniter\Filters\Filters->run('get_risk_Chart_af', 'before')
 3 SYSTEMPATH\CodeIgniter.php(361): CodeIgniter\CodeIgniter->handleRequest(null, Object(Config\Cache), false)
 4 FCPATH\index.php(79): CodeIgniter\CodeIgniter->run()
INFO - 2026-05-21 09:30:59 --> Session: Class initialized using 'CodeIgniter\Session\Handlers\FileHandler' driver.
WARNING - 2026-05-21 09:30:59 --> [DEPRECATED] Creation of dynamic property CodeIgniter\HTTP\IncomingRequest::$user is deprecated in APPPATH\Filters\JwtAuthWeb.php on line 32.
 1 SYSTEMPATH\Filters\Filters.php(182): App\Filters\JwtAuthWeb->before(Object(CodeIgniter\HTTP\IncomingRequest), null)
 2 SYSTEMPATH\CodeIgniter.php(475): CodeIgniter\Filters\Filters->run('getChart_newcase', 'before')
 3 SYSTEMPATH\CodeIgniter.php(361): CodeIgniter\CodeIgniter->handleRequest(null, Object(Config\Cache), false)
 4 FCPATH\index.php(79): CodeIgniter\CodeIgniter->run()
INFO - 2026-05-21 09:30:59 --> Session: Class initialized using 'CodeIgniter\Session\Handlers\FileHandler' driver.
WARNING - 2026-05-21 09:30:59 --> [DEPRECATED] Creation of dynamic property CodeIgniter\HTTP\IncomingRequest::$user is deprecated in APPPATH\Filters\JwtAuthWeb.php on line 32.
 1 SYSTEMPATH\Filters\Filters.php(182): App\Filters\JwtAuthWeb->before(Object(CodeIgniter\HTTP\IncomingRequest), null)
 2 SYSTEMPATH\CodeIgniter.php(475): CodeIgniter\Filters\Filters->run('getChart_ckd', 'before')
 3 SYSTEMPATH\CodeIgniter.php(361): CodeIgniter\CodeIgniter->handleRequest(null, Object(Config\Cache), false)
 4 FCPATH\index.php(79): CodeIgniter\CodeIgniter->run()
INFO - 2026-05-21 09:30:59 --> Session: Class initialized using 'CodeIgniter\Session\Handlers\FileHandler' driver.
WARNING - 2026-05-21 09:30:59 --> [DEPRECATED] Creation of dynamic property CodeIgniter\HTTP\IncomingRequest::$user is deprecated in APPPATH\Filters\JwtAuthWeb.php on line 32.
 1 SYSTEMPATH\Filters\Filters.php(182): App\Filters\JwtAuthWeb->before(Object(CodeIgniter\HTTP\IncomingRequest), null)
 2 SYSTEMPATH\CodeIgniter.php(475): CodeIgniter\Filters\Filters->run('getChart_healthLit', 'before')
 3 SYSTEMPATH\CodeIgniter.php(361): CodeIgniter\CodeIgniter->handleRequest(null, Object(Config\Cache), false)
 4 FCPATH\index.php(79): CodeIgniter\CodeIgniter->run()
INFO - 2026-05-21 09:30:59 --> Session: Class initialized using 'CodeIgniter\Session\Handlers\FileHandler' driver.
WARNING - 2026-05-21 09:30:59 --> [DEPRECATED] Creation of dynamic property CodeIgniter\HTTP\IncomingRequest::$user is deprecated in APPPATH\Filters\JwtAuthWeb.php on line 32.
 1 SYSTEMPATH\Filters\Filters.php(182): App\Filters\JwtAuthWeb->before(Object(CodeIgniter\HTTP\IncomingRequest), null)
 2 SYSTEMPATH\CodeIgniter.php(475): CodeIgniter\Filters\Filters->run('getChart_result', 'before')
 3 SYSTEMPATH\CodeIgniter.php(361): CodeIgniter\CodeIgniter->handleRequest(null, Object(Config\Cache), false)
 4 FCPATH\index.php(79): CodeIgniter\CodeIgniter->run()
INFO - 2026-05-21 09:52:26 --> Session: Class initialized using 'CodeIgniter\Session\Handlers\FileHandler' driver.
INFO - 2026-05-21 09:52:28 --> Session: Class initialized using 'CodeIgniter\Session\Handlers\FileHandler' driver.
WARNING - 2026-05-21 09:52:28 --> [DEPRECATED] Creation of dynamic property CodeIgniter\HTTP\IncomingRequest::$user is deprecated in APPPATH\Filters\JwtAuthWeb.php on line 32.
 1 SYSTEMPATH\Filters\Filters.php(182): App\Filters\JwtAuthWeb->before(Object(CodeIgniter\HTTP\IncomingRequest), null)
 2 SYSTEMPATH\CodeIgniter.php(475): CodeIgniter\Filters\Filters->run('dashboard', 'before')
 3 SYSTEMPATH\CodeIgniter.php(361): CodeIgniter\CodeIgniter->handleRequest(null, Object(Config\Cache), false)
 4 FCPATH\index.php(79): CodeIgniter\CodeIgniter->run()
WARNING - 2026-05-21 09:52:28 --> [DEPRECATED] Creation of dynamic property CodeIgniter\HTTP\IncomingRequest::$user is deprecated in APPPATH\Filters\JwtAuth.php on line 47.
 1 SYSTEMPATH\Filters\Filters.php(182): App\Filters\JwtAuth->before(Object(CodeIgniter\HTTP\IncomingRequest), null)
 2 SYSTEMPATH\CodeIgniter.php(475): CodeIgniter\Filters\Filters->run('api/profile', 'before')
 3 SYSTEMPATH\CodeIgniter.php(361): CodeIgniter\CodeIgniter->handleRequest(null, Object(Config\Cache), false)
 4 FCPATH\index.php(79): CodeIgniter\CodeIgniter->run()
INFO - 2026-05-21 09:52:28 --> Session: Class initialized using 'CodeIgniter\Session\Handlers\FileHandler' driver.
WARNING - 2026-05-21 09:52:28 --> [DEPRECATED] Creation of dynamic property CodeIgniter\HTTP\IncomingRequest::$user is deprecated in APPPATH\Filters\JwtAuthWeb.php on line 32.
 1 SYSTEMPATH\Filters\Filters.php(182): App\Filters\JwtAuthWeb->before(Object(CodeIgniter\HTTP\IncomingRequest), null)
 2 SYSTEMPATH\CodeIgniter.php(475): CodeIgniter\Filters\Filters->run('getChart_data', 'before')
 3 SYSTEMPATH\CodeIgniter.php(361): CodeIgniter\CodeIgniter->handleRequest(null, Object(Config\Cache), false)
 4 FCPATH\index.php(79): CodeIgniter\CodeIgniter->run()
INFO - 2026-05-21 09:52:29 --> Session: Class initialized using 'CodeIgniter\Session\Handlers\FileHandler' driver.
WARNING - 2026-05-21 09:52:29 --> [DEPRECATED] Creation of dynamic property CodeIgniter\HTTP\IncomingRequest::$user is deprecated in APPPATH\Filters\JwtAuthWeb.php on line 32.
 1 SYSTEMPATH\Filters\Filters.php(182): App\Filters\JwtAuthWeb->before(Object(CodeIgniter\HTTP\IncomingRequest), null)
 2 SYSTEMPATH\CodeIgniter.php(475): CodeIgniter\Filters\Filters->run('getChart_patient', 'before')
 3 SYSTEMPATH\CodeIgniter.php(361): CodeIgniter\CodeIgniter->handleRequest(null, Object(Config\Cache), false)
 4 FCPATH\index.php(79): CodeIgniter\CodeIgniter->run()
INFO - 2026-05-21 09:52:29 --> Session: Class initialized using 'CodeIgniter\Session\Handlers\FileHandler' driver.
WARNING - 2026-05-21 09:52:29 --> [DEPRECATED] Creation of dynamic property CodeIgniter\HTTP\IncomingRequest::$user is deprecated in APPPATH\Filters\JwtAuthWeb.php on line 32.
 1 SYSTEMPATH\Filters\Filters.php(182): App\Filters\JwtAuthWeb->before(Object(CodeIgniter\HTTP\IncomingRequest), null)
 2 SYSTEMPATH\CodeIgniter.php(475): CodeIgniter\Filters\Filters->run('getChart_All', 'before')
 3 SYSTEMPATH\CodeIgniter.php(361): CodeIgniter\CodeIgniter->handleRequest(null, Object(Config\Cache), false)
 4 FCPATH\index.php(79): CodeIgniter\CodeIgniter->run()
INFO - 2026-05-21 09:52:29 --> Session: Class initialized using 'CodeIgniter\Session\Handlers\FileHandler' driver.
WARNING - 2026-05-21 09:52:29 --> [DEPRECATED] Creation of dynamic property CodeIgniter\HTTP\IncomingRequest::$user is deprecated in APPPATH\Filters\JwtAuthWeb.php on line 32.
 1 SYSTEMPATH\Filters\Filters.php(182): App\Filters\JwtAuthWeb->before(Object(CodeIgniter\HTTP\IncomingRequest), null)
 2 SYSTEMPATH\CodeIgniter.php(475): CodeIgniter\Filters\Filters->run('get_data_chartInproj', 'before')
 3 SYSTEMPATH\CodeIgniter.php(361): CodeIgniter\CodeIgniter->handleRequest(null, Object(Config\Cache), false)
 4 FCPATH\index.php(79): CodeIgniter\CodeIgniter->run()
INFO - 2026-05-21 09:52:29 --> Session: Class initialized using 'CodeIgniter\Session\Handlers\FileHandler' driver.
WARNING - 2026-05-21 09:52:29 --> [DEPRECATED] Creation of dynamic property CodeIgniter\HTTP\IncomingRequest::$user is deprecated in APPPATH\Filters\JwtAuthWeb.php on line 32.
 1 SYSTEMPATH\Filters\Filters.php(182): App\Filters\JwtAuthWeb->before(Object(CodeIgniter\HTTP\IncomingRequest), null)
 2 SYSTEMPATH\CodeIgniter.php(475): CodeIgniter\Filters\Filters->run('get_risk_Chart_bf', 'before')
 3 SYSTEMPATH\CodeIgniter.php(361): CodeIgniter\CodeIgniter->handleRequest(null, Object(Config\Cache), false)
 4 FCPATH\index.php(79): CodeIgniter\CodeIgniter->run()
INFO - 2026-05-21 09:52:29 --> Session: Class initialized using 'CodeIgniter\Session\Handlers\FileHandler' driver.
WARNING - 2026-05-21 09:52:29 --> [DEPRECATED] Creation of dynamic property CodeIgniter\HTTP\IncomingRequest::$user is deprecated in APPPATH\Filters\JwtAuthWeb.php on line 32.
 1 SYSTEMPATH\Filters\Filters.php(182): App\Filters\JwtAuthWeb->before(Object(CodeIgniter\HTTP\IncomingRequest), null)
 2 SYSTEMPATH\CodeIgniter.php(475): CodeIgniter\Filters\Filters->run('get_risk_Chart_af', 'before')
 3 SYSTEMPATH\CodeIgniter.php(361): CodeIgniter\CodeIgniter->handleRequest(null, Object(Config\Cache), false)
 4 FCPATH\index.php(79): CodeIgniter\CodeIgniter->run()
INFO - 2026-05-21 09:52:29 --> Session: Class initialized using 'CodeIgniter\Session\Handlers\FileHandler' driver.
WARNING - 2026-05-21 09:52:29 --> [DEPRECATED] Creation of dynamic property CodeIgniter\HTTP\IncomingRequest::$user is deprecated in APPPATH\Filters\JwtAuthWeb.php on line 32.
 1 SYSTEMPATH\Filters\Filters.php(182): App\Filters\JwtAuthWeb->before(Object(CodeIgniter\HTTP\IncomingRequest), null)
 2 SYSTEMPATH\CodeIgniter.php(475): CodeIgniter\Filters\Filters->run('getChart_newcase', 'before')
 3 SYSTEMPATH\CodeIgniter.php(361): CodeIgniter\CodeIgniter->handleRequest(null, Object(Config\Cache), false)
 4 FCPATH\index.php(79): CodeIgniter\CodeIgniter->run()
INFO - 2026-05-21 09:52:29 --> Session: Class initialized using 'CodeIgniter\Session\Handlers\FileHandler' driver.
WARNING - 2026-05-21 09:52:30 --> [DEPRECATED] Creation of dynamic property CodeIgniter\HTTP\IncomingRequest::$user is deprecated in APPPATH\Filters\JwtAuthWeb.php on line 32.
 1 SYSTEMPATH\Filters\Filters.php(182): App\Filters\JwtAuthWeb->before(Object(CodeIgniter\HTTP\IncomingRequest), null)
 2 SYSTEMPATH\CodeIgniter.php(475): CodeIgniter\Filters\Filters->run('getChart_ckd', 'before')
 3 SYSTEMPATH\CodeIgniter.php(361): CodeIgniter\CodeIgniter->handleRequest(null, Object(Config\Cache), false)
 4 FCPATH\index.php(79): CodeIgniter\CodeIgniter->run()
INFO - 2026-05-21 09:52:30 --> Session: Class initialized using 'CodeIgniter\Session\Handlers\FileHandler' driver.
WARNING - 2026-05-21 09:52:30 --> [DEPRECATED] Creation of dynamic property CodeIgniter\HTTP\IncomingRequest::$user is deprecated in APPPATH\Filters\JwtAuthWeb.php on line 32.
 1 SYSTEMPATH\Filters\Filters.php(182): App\Filters\JwtAuthWeb->before(Object(CodeIgniter\HTTP\IncomingRequest), null)
 2 SYSTEMPATH\CodeIgniter.php(475): CodeIgniter\Filters\Filters->run('getChart_healthLit', 'before')
 3 SYSTEMPATH\CodeIgniter.php(361): CodeIgniter\CodeIgniter->handleRequest(null, Object(Config\Cache), false)
 4 FCPATH\index.php(79): CodeIgniter\CodeIgniter->run()
INFO - 2026-05-21 09:52:30 --> Session: Class initialized using 'CodeIgniter\Session\Handlers\FileHandler' driver.
WARNING - 2026-05-21 09:52:30 --> [DEPRECATED] Creation of dynamic property CodeIgniter\HTTP\IncomingRequest::$user is deprecated in APPPATH\Filters\JwtAuthWeb.php on line 32.
 1 SYSTEMPATH\Filters\Filters.php(182): App\Filters\JwtAuthWeb->before(Object(CodeIgniter\HTTP\IncomingRequest), null)
 2 SYSTEMPATH\CodeIgniter.php(475): CodeIgniter\Filters\Filters->run('getChart_result', 'before')
 3 SYSTEMPATH\CodeIgniter.php(361): CodeIgniter\CodeIgniter->handleRequest(null, Object(Config\Cache), false)
 4 FCPATH\index.php(79): CodeIgniter\CodeIgniter->run()
INFO - 2026-05-21 09:52:34 --> Session: Class initialized using 'CodeIgniter\Session\Handlers\FileHandler' driver.
WARNING - 2026-05-21 09:52:34 --> [DEPRECATED] Creation of dynamic property CodeIgniter\HTTP\IncomingRequest::$user is deprecated in APPPATH\Filters\JwtAuthWeb.php on line 32.
 1 SYSTEMPATH\Filters\Filters.php(182): App\Filters\JwtAuthWeb->before(Object(CodeIgniter\HTTP\IncomingRequest), null)
 2 SYSTEMPATH\CodeIgniter.php(475): CodeIgniter\Filters\Filters->run('dashboard', 'before')
 3 SYSTEMPATH\CodeIgniter.php(361): CodeIgniter\CodeIgniter->handleRequest(null, Object(Config\Cache), false)
 4 FCPATH\index.php(79): CodeIgniter\CodeIgniter->run()
WARNING - 2026-05-21 09:52:34 --> [DEPRECATED] Creation of dynamic property CodeIgniter\HTTP\IncomingRequest::$user is deprecated in APPPATH\Filters\JwtAuth.php on line 47.
 1 SYSTEMPATH\Filters\Filters.php(182): App\Filters\JwtAuth->before(Object(CodeIgniter\HTTP\IncomingRequest), null)
 2 SYSTEMPATH\CodeIgniter.php(475): CodeIgniter\Filters\Filters->run('api/profile', 'before')
 3 SYSTEMPATH\CodeIgniter.php(361): CodeIgniter\CodeIgniter->handleRequest(null, Object(Config\Cache), false)
 4 FCPATH\index.php(79): CodeIgniter\CodeIgniter->run()
INFO - 2026-05-21 09:52:34 --> Session: Class initialized using 'CodeIgniter\Session\Handlers\FileHandler' driver.
WARNING - 2026-05-21 09:52:34 --> [DEPRECATED] Creation of dynamic property CodeIgniter\HTTP\IncomingRequest::$user is deprecated in APPPATH\Filters\JwtAuthWeb.php on line 32.
 1 SYSTEMPATH\Filters\Filters.php(182): App\Filters\JwtAuthWeb->before(Object(CodeIgniter\HTTP\IncomingRequest), null)
 2 SYSTEMPATH\CodeIgniter.php(475): CodeIgniter\Filters\Filters->run('getChart_data', 'before')
 3 SYSTEMPATH\CodeIgniter.php(361): CodeIgniter\CodeIgniter->handleRequest(null, Object(Config\Cache), false)
 4 FCPATH\index.php(79): CodeIgniter\CodeIgniter->run()
INFO - 2026-05-21 09:52:34 --> Session: Class initialized using 'CodeIgniter\Session\Handlers\FileHandler' driver.
WARNING - 2026-05-21 09:52:34 --> [DEPRECATED] Creation of dynamic property CodeIgniter\HTTP\IncomingRequest::$user is deprecated in APPPATH\Filters\JwtAuthWeb.php on line 32.
 1 SYSTEMPATH\Filters\Filters.php(182): App\Filters\JwtAuthWeb->before(Object(CodeIgniter\HTTP\IncomingRequest), null)
 2 SYSTEMPATH\CodeIgniter.php(475): CodeIgniter\Filters\Filters->run('getChart_patient', 'before')
 3 SYSTEMPATH\CodeIgniter.php(361): CodeIgniter\CodeIgniter->handleRequest(null, Object(Config\Cache), false)
 4 FCPATH\index.php(79): CodeIgniter\CodeIgniter->run()
INFO - 2026-05-21 09:52:34 --> Session: Class initialized using 'CodeIgniter\Session\Handlers\FileHandler' driver.
WARNING - 2026-05-21 09:52:34 --> [DEPRECATED] Creation of dynamic property CodeIgniter\HTTP\IncomingRequest::$user is deprecated in APPPATH\Filters\JwtAuthWeb.php on line 32.
 1 SYSTEMPATH\Filters\Filters.php(182): App\Filters\JwtAuthWeb->before(Object(CodeIgniter\HTTP\IncomingRequest), null)
 2 SYSTEMPATH\CodeIgniter.php(475): CodeIgniter\Filters\Filters->run('getChart_All', 'before')
 3 SYSTEMPATH\CodeIgniter.php(361): CodeIgniter\CodeIgniter->handleRequest(null, Object(Config\Cache), false)
 4 FCPATH\index.php(79): CodeIgniter\CodeIgniter->run()
INFO - 2026-05-21 09:52:34 --> Session: Class initialized using 'CodeIgniter\Session\Handlers\FileHandler' driver.
WARNING - 2026-05-21 09:52:35 --> [DEPRECATED] Creation of dynamic property CodeIgniter\HTTP\IncomingRequest::$user is deprecated in APPPATH\Filters\JwtAuthWeb.php on line 32.
 1 SYSTEMPATH\Filters\Filters.php(182): App\Filters\JwtAuthWeb->before(Object(CodeIgniter\HTTP\IncomingRequest), null)
 2 SYSTEMPATH\CodeIgniter.php(475): CodeIgniter\Filters\Filters->run('get_data_chartInproj', 'before')
 3 SYSTEMPATH\CodeIgniter.php(361): CodeIgniter\CodeIgniter->handleRequest(null, Object(Config\Cache), false)
 4 FCPATH\index.php(79): CodeIgniter\CodeIgniter->run()
INFO - 2026-05-21 09:52:35 --> Session: Class initialized using 'CodeIgniter\Session\Handlers\FileHandler' driver.
WARNING - 2026-05-21 09:52:35 --> [DEPRECATED] Creation of dynamic property CodeIgniter\HTTP\IncomingRequest::$user is deprecated in APPPATH\Filters\JwtAuthWeb.php on line 32.
 1 SYSTEMPATH\Filters\Filters.php(182): App\Filters\JwtAuthWeb->before(Object(CodeIgniter\HTTP\IncomingRequest), null)
 2 SYSTEMPATH\CodeIgniter.php(475): CodeIgniter\Filters\Filters->run('get_risk_Chart_bf', 'before')
 3 SYSTEMPATH\CodeIgniter.php(361): CodeIgniter\CodeIgniter->handleRequest(null, Object(Config\Cache), false)
 4 FCPATH\index.php(79): CodeIgniter\CodeIgniter->run()
INFO - 2026-05-21 09:52:35 --> Session: Class initialized using 'CodeIgniter\Session\Handlers\FileHandler' driver.
WARNING - 2026-05-21 09:52:35 --> [DEPRECATED] Creation of dynamic property CodeIgniter\HTTP\IncomingRequest::$user is deprecated in APPPATH\Filters\JwtAuthWeb.php on line 32.
 1 SYSTEMPATH\Filters\Filters.php(182): App\Filters\JwtAuthWeb->before(Object(CodeIgniter\HTTP\IncomingRequest), null)
 2 SYSTEMPATH\CodeIgniter.php(475): CodeIgniter\Filters\Filters->run('get_risk_Chart_af', 'before')
 3 SYSTEMPATH\CodeIgniter.php(361): CodeIgniter\CodeIgniter->handleRequest(null, Object(Config\Cache), false)
 4 FCPATH\index.php(79): CodeIgniter\CodeIgniter->run()
INFO - 2026-05-21 09:52:35 --> Session: Class initialized using 'CodeIgniter\Session\Handlers\FileHandler' driver.
WARNING - 2026-05-21 09:52:35 --> [DEPRECATED] Creation of dynamic property CodeIgniter\HTTP\IncomingRequest::$user is deprecated in APPPATH\Filters\JwtAuthWeb.php on line 32.
 1 SYSTEMPATH\Filters\Filters.php(182): App\Filters\JwtAuthWeb->before(Object(CodeIgniter\HTTP\IncomingRequest), null)
 2 SYSTEMPATH\CodeIgniter.php(475): CodeIgniter\Filters\Filters->run('getChart_newcase', 'before')
 3 SYSTEMPATH\CodeIgniter.php(361): CodeIgniter\CodeIgniter->handleRequest(null, Object(Config\Cache), false)
 4 FCPATH\index.php(79): CodeIgniter\CodeIgniter->run()
INFO - 2026-05-21 09:52:35 --> Session: Class initialized using 'CodeIgniter\Session\Handlers\FileHandler' driver.
WARNING - 2026-05-21 09:52:35 --> [DEPRECATED] Creation of dynamic property CodeIgniter\HTTP\IncomingRequest::$user is deprecated in APPPATH\Filters\JwtAuthWeb.php on line 32.
 1 SYSTEMPATH\Filters\Filters.php(182): App\Filters\JwtAuthWeb->before(Object(CodeIgniter\HTTP\IncomingRequest), null)
 2 SYSTEMPATH\CodeIgniter.php(475): CodeIgniter\Filters\Filters->run('getChart_ckd', 'before')
 3 SYSTEMPATH\CodeIgniter.php(361): CodeIgniter\CodeIgniter->handleRequest(null, Object(Config\Cache), false)
 4 FCPATH\index.php(79): CodeIgniter\CodeIgniter->run()
INFO - 2026-05-21 09:52:35 --> Session: Class initialized using 'CodeIgniter\Session\Handlers\FileHandler' driver.
WARNING - 2026-05-21 09:52:35 --> [DEPRECATED] Creation of dynamic property CodeIgniter\HTTP\IncomingRequest::$user is deprecated in APPPATH\Filters\JwtAuthWeb.php on line 32.
 1 SYSTEMPATH\Filters\Filters.php(182): App\Filters\JwtAuthWeb->before(Object(CodeIgniter\HTTP\IncomingRequest), null)
 2 SYSTEMPATH\CodeIgniter.php(475): CodeIgniter\Filters\Filters->run('getChart_healthLit', 'before')
 3 SYSTEMPATH\CodeIgniter.php(361): CodeIgniter\CodeIgniter->handleRequest(null, Object(Config\Cache), false)
 4 FCPATH\index.php(79): CodeIgniter\CodeIgniter->run()
INFO - 2026-05-21 09:52:35 --> Session: Class initialized using 'CodeIgniter\Session\Handlers\FileHandler' driver.
WARNING - 2026-05-21 09:52:35 --> [DEPRECATED] Creation of dynamic property CodeIgniter\HTTP\IncomingRequest::$user is deprecated in APPPATH\Filters\JwtAuthWeb.php on line 32.
 1 SYSTEMPATH\Filters\Filters.php(182): App\Filters\JwtAuthWeb->before(Object(CodeIgniter\HTTP\IncomingRequest), null)
 2 SYSTEMPATH\CodeIgniter.php(475): CodeIgniter\Filters\Filters->run('getChart_result', 'before')
 3 SYSTEMPATH\CodeIgniter.php(361): CodeIgniter\CodeIgniter->handleRequest(null, Object(Config\Cache), false)
 4 FCPATH\index.php(79): CodeIgniter\CodeIgniter->run()
INFO - 2026-05-21 09:52:36 --> Session: Class initialized using 'CodeIgniter\Session\Handlers\FileHandler' driver.
WARNING - 2026-05-21 09:52:36 --> [DEPRECATED] Creation of dynamic property CodeIgniter\HTTP\IncomingRequest::$user is deprecated in APPPATH\Filters\JwtAuthWeb.php on line 32.
 1 SYSTEMPATH\Filters\Filters.php(182): App\Filters\JwtAuthWeb->before(Object(CodeIgniter\HTTP\IncomingRequest), null)
 2 SYSTEMPATH\CodeIgniter.php(475): CodeIgniter\Filters\Filters->run('fetchData/riskDm_HL', 'before')
 3 SYSTEMPATH\CodeIgniter.php(361): CodeIgniter\CodeIgniter->handleRequest(null, Object(Config\Cache), false)
 4 FCPATH\index.php(79): CodeIgniter\CodeIgniter->run()
WARNING - 2026-05-21 09:52:36 --> [DEPRECATED] Creation of dynamic property CodeIgniter\HTTP\IncomingRequest::$user is deprecated in APPPATH\Filters\JwtAuth.php on line 47.
 1 SYSTEMPATH\Filters\Filters.php(182): App\Filters\JwtAuth->before(Object(CodeIgniter\HTTP\IncomingRequest), null)
 2 SYSTEMPATH\CodeIgniter.php(475): CodeIgniter\Filters\Filters->run('api/profile', 'before')
 3 SYSTEMPATH\CodeIgniter.php(361): CodeIgniter\CodeIgniter->handleRequest(null, Object(Config\Cache), false)
 4 FCPATH\index.php(79): CodeIgniter\CodeIgniter->run()
INFO - 2026-05-21 09:52:36 --> Session: Class initialized using 'CodeIgniter\Session\Handlers\FileHandler' driver.
WARNING - 2026-05-21 09:52:36 --> [DEPRECATED] Creation of dynamic property CodeIgniter\HTTP\IncomingRequest::$user is deprecated in APPPATH\Filters\JwtAuthWeb.php on line 32.
 1 SYSTEMPATH\Filters\Filters.php(182): App\Filters\JwtAuthWeb->before(Object(CodeIgniter\HTTP\IncomingRequest), null)
 2 SYSTEMPATH\CodeIgniter.php(475): CodeIgniter\Filters\Filters->run('fetchRisk/fecth_dm_risk', 'before')
 3 SYSTEMPATH\CodeIgniter.php(361): CodeIgniter\CodeIgniter->handleRequest(null, Object(Config\Cache), false)
 4 FCPATH\index.php(79): CodeIgniter\CodeIgniter->run()
INFO - 2026-05-21 09:53:55 --> Session: Class initialized using 'CodeIgniter\Session\Handlers\FileHandler' driver.
WARNING - 2026-05-21 09:53:55 --> [DEPRECATED] Creation of dynamic property CodeIgniter\HTTP\IncomingRequest::$user is deprecated in APPPATH\Filters\JwtAuthWeb.php on line 32.
 1 SYSTEMPATH\Filters\Filters.php(182): App\Filters\JwtAuthWeb->before(Object(CodeIgniter\HTTP\IncomingRequest), null)
 2 SYSTEMPATH\CodeIgniter.php(475): CodeIgniter\Filters\Filters->run('fetchRisk/fecth_dm_risk', 'before')
 3 SYSTEMPATH\CodeIgniter.php(361): CodeIgniter\CodeIgniter->handleRequest(null, Object(Config\Cache), false)
 4 FCPATH\index.php(79): CodeIgniter\CodeIgniter->run()
INFO - 2026-05-21 09:53:59 --> Session: Class initialized using 'CodeIgniter\Session\Handlers\FileHandler' driver.
WARNING - 2026-05-21 09:53:59 --> [DEPRECATED] Creation of dynamic property CodeIgniter\HTTP\IncomingRequest::$user is deprecated in APPPATH\Filters\JwtAuthWeb.php on line 32.
 1 SYSTEMPATH\Filters\Filters.php(182): App\Filters\JwtAuthWeb->before(Object(CodeIgniter\HTTP\IncomingRequest), null)
 2 SYSTEMPATH\CodeIgniter.php(475): CodeIgniter\Filters\Filters->run('fetchRisk/fecth_dm_risk', 'before')
 3 SYSTEMPATH\CodeIgniter.php(361): CodeIgniter\CodeIgniter->handleRequest(null, Object(Config\Cache), false)
 4 FCPATH\index.php(79): CodeIgniter\CodeIgniter->run()
INFO - 2026-05-21 09:53:59 --> Session: Class initialized using 'CodeIgniter\Session\Handlers\FileHandler' driver.
WARNING - 2026-05-21 09:53:59 --> [DEPRECATED] Creation of dynamic property CodeIgniter\HTTP\IncomingRequest::$user is deprecated in APPPATH\Filters\JwtAuthWeb.php on line 32.
 1 SYSTEMPATH\Filters\Filters.php(182): App\Filters\JwtAuthWeb->before(Object(CodeIgniter\HTTP\IncomingRequest), null)
 2 SYSTEMPATH\CodeIgniter.php(475): CodeIgniter\Filters\Filters->run('fetchRisk/get_village_by_hcode/03779', 'before')
 3 SYSTEMPATH\CodeIgniter.php(361): CodeIgniter\CodeIgniter->handleRequest(null, Object(Config\Cache), false)
 4 FCPATH\index.php(79): CodeIgniter\CodeIgniter->run()
INFO - 2026-05-21 10:36:22 --> Session: Class initialized using 'CodeIgniter\Session\Handlers\FileHandler' driver.
INFO - 2026-05-21 10:36:24 --> Session: Class initialized using 'CodeIgniter\Session\Handlers\FileHandler' driver.
WARNING - 2026-05-21 10:36:24 --> [DEPRECATED] Creation of dynamic property CodeIgniter\HTTP\IncomingRequest::$user is deprecated in APPPATH\Filters\JwtAuthWeb.php on line 32.
 1 SYSTEMPATH\Filters\Filters.php(182): App\Filters\JwtAuthWeb->before(Object(CodeIgniter\HTTP\IncomingRequest), null)
 2 SYSTEMPATH\CodeIgniter.php(475): CodeIgniter\Filters\Filters->run('dashboard', 'before')
 3 SYSTEMPATH\CodeIgniter.php(361): CodeIgniter\CodeIgniter->handleRequest(null, Object(Config\Cache), false)
 4 FCPATH\index.php(79): CodeIgniter\CodeIgniter->run()
WARNING - 2026-05-21 10:36:24 --> [DEPRECATED] Creation of dynamic property CodeIgniter\HTTP\IncomingRequest::$user is deprecated in APPPATH\Filters\JwtAuth.php on line 47.
 1 SYSTEMPATH\Filters\Filters.php(182): App\Filters\JwtAuth->before(Object(CodeIgniter\HTTP\IncomingRequest), null)
 2 SYSTEMPATH\CodeIgniter.php(475): CodeIgniter\Filters\Filters->run('api/profile', 'before')
 3 SYSTEMPATH\CodeIgniter.php(361): CodeIgniter\CodeIgniter->handleRequest(null, Object(Config\Cache), false)
 4 FCPATH\index.php(79): CodeIgniter\CodeIgniter->run()
INFO - 2026-05-21 10:36:24 --> Session: Class initialized using 'CodeIgniter\Session\Handlers\FileHandler' driver.
WARNING - 2026-05-21 10:36:24 --> [DEPRECATED] Creation of dynamic property CodeIgniter\HTTP\IncomingRequest::$user is deprecated in APPPATH\Filters\JwtAuthWeb.php on line 32.
 1 SYSTEMPATH\Filters\Filters.php(182): App\Filters\JwtAuthWeb->before(Object(CodeIgniter\HTTP\IncomingRequest), null)
 2 SYSTEMPATH\CodeIgniter.php(475): CodeIgniter\Filters\Filters->run('getChart_data', 'before')
 3 SYSTEMPATH\CodeIgniter.php(361): CodeIgniter\CodeIgniter->handleRequest(null, Object(Config\Cache), false)
 4 FCPATH\index.php(79): CodeIgniter\CodeIgniter->run()
INFO - 2026-05-21 10:36:25 --> Session: Class initialized using 'CodeIgniter\Session\Handlers\FileHandler' driver.
WARNING - 2026-05-21 10:36:25 --> [DEPRECATED] Creation of dynamic property CodeIgniter\HTTP\IncomingRequest::$user is deprecated in APPPATH\Filters\JwtAuthWeb.php on line 32.
 1 SYSTEMPATH\Filters\Filters.php(182): App\Filters\JwtAuthWeb->before(Object(CodeIgniter\HTTP\IncomingRequest), null)
 2 SYSTEMPATH\CodeIgniter.php(475): CodeIgniter\Filters\Filters->run('getChart_patient', 'before')
 3 SYSTEMPATH\CodeIgniter.php(361): CodeIgniter\CodeIgniter->handleRequest(null, Object(Config\Cache), false)
 4 FCPATH\index.php(79): CodeIgniter\CodeIgniter->run()
INFO - 2026-05-21 10:36:25 --> Session: Class initialized using 'CodeIgniter\Session\Handlers\FileHandler' driver.
WARNING - 2026-05-21 10:36:25 --> [DEPRECATED] Creation of dynamic property CodeIgniter\HTTP\IncomingRequest::$user is deprecated in APPPATH\Filters\JwtAuthWeb.php on line 32.
 1 SYSTEMPATH\Filters\Filters.php(182): App\Filters\JwtAuthWeb->before(Object(CodeIgniter\HTTP\IncomingRequest), null)
 2 SYSTEMPATH\CodeIgniter.php(475): CodeIgniter\Filters\Filters->run('getChart_All', 'before')
 3 SYSTEMPATH\CodeIgniter.php(361): CodeIgniter\CodeIgniter->handleRequest(null, Object(Config\Cache), false)
 4 FCPATH\index.php(79): CodeIgniter\CodeIgniter->run()
INFO - 2026-05-21 10:36:25 --> Session: Class initialized using 'CodeIgniter\Session\Handlers\FileHandler' driver.
WARNING - 2026-05-21 10:36:25 --> [DEPRECATED] Creation of dynamic property CodeIgniter\HTTP\IncomingRequest::$user is deprecated in APPPATH\Filters\JwtAuthWeb.php on line 32.
 1 SYSTEMPATH\Filters\Filters.php(182): App\Filters\JwtAuthWeb->before(Object(CodeIgniter\HTTP\IncomingRequest), null)
 2 SYSTEMPATH\CodeIgniter.php(475): CodeIgniter\Filters\Filters->run('get_data_chartInproj', 'before')
 3 SYSTEMPATH\CodeIgniter.php(361): CodeIgniter\CodeIgniter->handleRequest(null, Object(Config\Cache), false)
 4 FCPATH\index.php(79): CodeIgniter\CodeIgniter->run()
INFO - 2026-05-21 10:36:25 --> Session: Class initialized using 'CodeIgniter\Session\Handlers\FileHandler' driver.
WARNING - 2026-05-21 10:36:25 --> [DEPRECATED] Creation of dynamic property CodeIgniter\HTTP\IncomingRequest::$user is deprecated in APPPATH\Filters\JwtAuthWeb.php on line 32.
 1 SYSTEMPATH\Filters\Filters.php(182): App\Filters\JwtAuthWeb->before(Object(CodeIgniter\HTTP\IncomingRequest), null)
 2 SYSTEMPATH\CodeIgniter.php(475): CodeIgniter\Filters\Filters->run('get_risk_Chart_bf', 'before')
 3 SYSTEMPATH\CodeIgniter.php(361): CodeIgniter\CodeIgniter->handleRequest(null, Object(Config\Cache), false)
 4 FCPATH\index.php(79): CodeIgniter\CodeIgniter->run()
INFO - 2026-05-21 10:36:25 --> Session: Class initialized using 'CodeIgniter\Session\Handlers\FileHandler' driver.
WARNING - 2026-05-21 10:36:25 --> [DEPRECATED] Creation of dynamic property CodeIgniter\HTTP\IncomingRequest::$user is deprecated in APPPATH\Filters\JwtAuthWeb.php on line 32.
 1 SYSTEMPATH\Filters\Filters.php(182): App\Filters\JwtAuthWeb->before(Object(CodeIgniter\HTTP\IncomingRequest), null)
 2 SYSTEMPATH\CodeIgniter.php(475): CodeIgniter\Filters\Filters->run('get_risk_Chart_af', 'before')
 3 SYSTEMPATH\CodeIgniter.php(361): CodeIgniter\CodeIgniter->handleRequest(null, Object(Config\Cache), false)
 4 FCPATH\index.php(79): CodeIgniter\CodeIgniter->run()
INFO - 2026-05-21 10:36:25 --> Session: Class initialized using 'CodeIgniter\Session\Handlers\FileHandler' driver.
WARNING - 2026-05-21 10:36:25 --> [DEPRECATED] Creation of dynamic property CodeIgniter\HTTP\IncomingRequest::$user is deprecated in APPPATH\Filters\JwtAuthWeb.php on line 32.
 1 SYSTEMPATH\Filters\Filters.php(182): App\Filters\JwtAuthWeb->before(Object(CodeIgniter\HTTP\IncomingRequest), null)
 2 SYSTEMPATH\CodeIgniter.php(475): CodeIgniter\Filters\Filters->run('getChart_newcase', 'before')
 3 SYSTEMPATH\CodeIgniter.php(361): CodeIgniter\CodeIgniter->handleRequest(null, Object(Config\Cache), false)
 4 FCPATH\index.php(79): CodeIgniter\CodeIgniter->run()
INFO - 2026-05-21 10:36:25 --> Session: Class initialized using 'CodeIgniter\Session\Handlers\FileHandler' driver.
WARNING - 2026-05-21 10:36:25 --> [DEPRECATED] Creation of dynamic property CodeIgniter\HTTP\IncomingRequest::$user is deprecated in APPPATH\Filters\JwtAuthWeb.php on line 32.
 1 SYSTEMPATH\Filters\Filters.php(182): App\Filters\JwtAuthWeb->before(Object(CodeIgniter\HTTP\IncomingRequest), null)
 2 SYSTEMPATH\CodeIgniter.php(475): CodeIgniter\Filters\Filters->run('getChart_ckd', 'before')
 3 SYSTEMPATH\CodeIgniter.php(361): CodeIgniter\CodeIgniter->handleRequest(null, Object(Config\Cache), false)
 4 FCPATH\index.php(79): CodeIgniter\CodeIgniter->run()
INFO - 2026-05-21 10:36:26 --> Session: Class initialized using 'CodeIgniter\Session\Handlers\FileHandler' driver.
WARNING - 2026-05-21 10:36:26 --> [DEPRECATED] Creation of dynamic property CodeIgniter\HTTP\IncomingRequest::$user is deprecated in APPPATH\Filters\JwtAuthWeb.php on line 32.
 1 SYSTEMPATH\Filters\Filters.php(182): App\Filters\JwtAuthWeb->before(Object(CodeIgniter\HTTP\IncomingRequest), null)
 2 SYSTEMPATH\CodeIgniter.php(475): CodeIgniter\Filters\Filters->run('getChart_healthLit', 'before')
 3 SYSTEMPATH\CodeIgniter.php(361): CodeIgniter\CodeIgniter->handleRequest(null, Object(Config\Cache), false)
 4 FCPATH\index.php(79): CodeIgniter\CodeIgniter->run()
INFO - 2026-05-21 10:36:26 --> Session: Class initialized using 'CodeIgniter\Session\Handlers\FileHandler' driver.
WARNING - 2026-05-21 10:36:26 --> [DEPRECATED] Creation of dynamic property CodeIgniter\HTTP\IncomingRequest::$user is deprecated in APPPATH\Filters\JwtAuthWeb.php on line 32.
 1 SYSTEMPATH\Filters\Filters.php(182): App\Filters\JwtAuthWeb->before(Object(CodeIgniter\HTTP\IncomingRequest), null)
 2 SYSTEMPATH\CodeIgniter.php(475): CodeIgniter\Filters\Filters->run('getChart_result', 'before')
 3 SYSTEMPATH\CodeIgniter.php(361): CodeIgniter\CodeIgniter->handleRequest(null, Object(Config\Cache), false)
 4 FCPATH\index.php(79): CodeIgniter\CodeIgniter->run()
INFO - 2026-05-21 10:36:34 --> Session: Class initialized using 'CodeIgniter\Session\Handlers\FileHandler' driver.
WARNING - 2026-05-21 10:36:34 --> [DEPRECATED] Creation of dynamic property CodeIgniter\HTTP\IncomingRequest::$user is deprecated in APPPATH\Filters\JwtAuthWeb.php on line 32.
 1 SYSTEMPATH\Filters\Filters.php(182): App\Filters\JwtAuthWeb->before(Object(CodeIgniter\HTTP\IncomingRequest), null)
 2 SYSTEMPATH\CodeIgniter.php(475): CodeIgniter\Filters\Filters->run('inproject/inproject', 'before')
 3 SYSTEMPATH\CodeIgniter.php(361): CodeIgniter\CodeIgniter->handleRequest(null, Object(Config\Cache), false)
 4 FCPATH\index.php(79): CodeIgniter\CodeIgniter->run()
WARNING - 2026-05-21 10:36:34 --> [DEPRECATED] Creation of dynamic property CodeIgniter\HTTP\IncomingRequest::$user is deprecated in APPPATH\Filters\JwtAuth.php on line 47.
 1 SYSTEMPATH\Filters\Filters.php(182): App\Filters\JwtAuth->before(Object(CodeIgniter\HTTP\IncomingRequest), null)
 2 SYSTEMPATH\CodeIgniter.php(475): CodeIgniter\Filters\Filters->run('api/profile', 'before')
 3 SYSTEMPATH\CodeIgniter.php(361): CodeIgniter\CodeIgniter->handleRequest(null, Object(Config\Cache), false)
 4 FCPATH\index.php(79): CodeIgniter\CodeIgniter->run()
INFO - 2026-05-21 10:36:34 --> Session: Class initialized using 'CodeIgniter\Session\Handlers\FileHandler' driver.
WARNING - 2026-05-21 10:36:34 --> [DEPRECATED] Creation of dynamic property CodeIgniter\HTTP\IncomingRequest::$user is deprecated in APPPATH\Filters\JwtAuthWeb.php on line 32.
 1 SYSTEMPATH\Filters\Filters.php(182): App\Filters\JwtAuthWeb->before(Object(CodeIgniter\HTTP\IncomingRequest), null)
 2 SYSTEMPATH\CodeIgniter.php(475): CodeIgniter\Filters\Filters->run('fetchRisk/fecth_selected_dm/0', 'before')
 3 SYSTEMPATH\CodeIgniter.php(361): CodeIgniter\CodeIgniter->handleRequest(null, Object(Config\Cache), false)
 4 FCPATH\index.php(79): CodeIgniter\CodeIgniter->run()
INFO - 2026-05-21 10:36:37 --> Session: Class initialized using 'CodeIgniter\Session\Handlers\FileHandler' driver.
WARNING - 2026-05-21 10:36:37 --> [DEPRECATED] Creation of dynamic property CodeIgniter\HTTP\IncomingRequest::$user is deprecated in APPPATH\Filters\JwtAuthWeb.php on line 32.
 1 SYSTEMPATH\Filters\Filters.php(182): App\Filters\JwtAuthWeb->before(Object(CodeIgniter\HTTP\IncomingRequest), null)
 2 SYSTEMPATH\CodeIgniter.php(475): CodeIgniter\Filters\Filters->run('fetchRisk/del_selected_dm', 'before')
 3 SYSTEMPATH\CodeIgniter.php(361): CodeIgniter\CodeIgniter->handleRequest(null, Object(Config\Cache), false)
 4 FCPATH\index.php(79): CodeIgniter\CodeIgniter->run()
INFO - 2026-05-21 10:36:37 --> Session: Class initialized using 'CodeIgniter\Session\Handlers\FileHandler' driver.
WARNING - 2026-05-21 10:36:37 --> [DEPRECATED] Creation of dynamic property CodeIgniter\HTTP\IncomingRequest::$user is deprecated in APPPATH\Filters\JwtAuthWeb.php on line 32.
 1 SYSTEMPATH\Filters\Filters.php(182): App\Filters\JwtAuthWeb->before(Object(CodeIgniter\HTTP\IncomingRequest), null)
 2 SYSTEMPATH\CodeIgniter.php(475): CodeIgniter\Filters\Filters->run('fetchRisk/fecth_selected_dm/0', 'before')
 3 SYSTEMPATH\CodeIgniter.php(361): CodeIgniter\CodeIgniter->handleRequest(null, Object(Config\Cache), false)
 4 FCPATH\index.php(79): CodeIgniter\CodeIgniter->run()
INFO - 2026-05-21 10:36:39 --> Session: Class initialized using 'CodeIgniter\Session\Handlers\FileHandler' driver.
WARNING - 2026-05-21 10:36:39 --> [DEPRECATED] Creation of dynamic property CodeIgniter\HTTP\IncomingRequest::$user is deprecated in APPPATH\Filters\JwtAuthWeb.php on line 32.
 1 SYSTEMPATH\Filters\Filters.php(182): App\Filters\JwtAuthWeb->before(Object(CodeIgniter\HTTP\IncomingRequest), null)
 2 SYSTEMPATH\CodeIgniter.php(475): CodeIgniter\Filters\Filters->run('dashboard', 'before')
 3 SYSTEMPATH\CodeIgniter.php(361): CodeIgniter\CodeIgniter->handleRequest(null, Object(Config\Cache), false)
 4 FCPATH\index.php(79): CodeIgniter\CodeIgniter->run()
WARNING - 2026-05-21 10:36:40 --> [DEPRECATED] Creation of dynamic property CodeIgniter\HTTP\IncomingRequest::$user is deprecated in APPPATH\Filters\JwtAuth.php on line 47.
 1 SYSTEMPATH\Filters\Filters.php(182): App\Filters\JwtAuth->before(Object(CodeIgniter\HTTP\IncomingRequest), null)
 2 SYSTEMPATH\CodeIgniter.php(475): CodeIgniter\Filters\Filters->run('api/profile', 'before')
 3 SYSTEMPATH\CodeIgniter.php(361): CodeIgniter\CodeIgniter->handleRequest(null, Object(Config\Cache), false)
 4 FCPATH\index.php(79): CodeIgniter\CodeIgniter->run()
INFO - 2026-05-21 10:36:40 --> Session: Class initialized using 'CodeIgniter\Session\Handlers\FileHandler' driver.
WARNING - 2026-05-21 10:36:40 --> [DEPRECATED] Creation of dynamic property CodeIgniter\HTTP\IncomingRequest::$user is deprecated in APPPATH\Filters\JwtAuthWeb.php on line 32.
 1 SYSTEMPATH\Filters\Filters.php(182): App\Filters\JwtAuthWeb->before(Object(CodeIgniter\HTTP\IncomingRequest), null)
 2 SYSTEMPATH\CodeIgniter.php(475): CodeIgniter\Filters\Filters->run('getChart_data', 'before')
 3 SYSTEMPATH\CodeIgniter.php(361): CodeIgniter\CodeIgniter->handleRequest(null, Object(Config\Cache), false)
 4 FCPATH\index.php(79): CodeIgniter\CodeIgniter->run()
INFO - 2026-05-21 10:36:40 --> Session: Class initialized using 'CodeIgniter\Session\Handlers\FileHandler' driver.
WARNING - 2026-05-21 10:36:40 --> [DEPRECATED] Creation of dynamic property CodeIgniter\HTTP\IncomingRequest::$user is deprecated in APPPATH\Filters\JwtAuthWeb.php on line 32.
 1 SYSTEMPATH\Filters\Filters.php(182): App\Filters\JwtAuthWeb->before(Object(CodeIgniter\HTTP\IncomingRequest), null)
 2 SYSTEMPATH\CodeIgniter.php(475): CodeIgniter\Filters\Filters->run('getChart_patient', 'before')
 3 SYSTEMPATH\CodeIgniter.php(361): CodeIgniter\CodeIgniter->handleRequest(null, Object(Config\Cache), false)
 4 FCPATH\index.php(79): CodeIgniter\CodeIgniter->run()
INFO - 2026-05-21 10:36:40 --> Session: Class initialized using 'CodeIgniter\Session\Handlers\FileHandler' driver.
WARNING - 2026-05-21 10:36:40 --> [DEPRECATED] Creation of dynamic property CodeIgniter\HTTP\IncomingRequest::$user is deprecated in APPPATH\Filters\JwtAuthWeb.php on line 32.
 1 SYSTEMPATH\Filters\Filters.php(182): App\Filters\JwtAuthWeb->before(Object(CodeIgniter\HTTP\IncomingRequest), null)
 2 SYSTEMPATH\CodeIgniter.php(475): CodeIgniter\Filters\Filters->run('getChart_All', 'before')
 3 SYSTEMPATH\CodeIgniter.php(361): CodeIgniter\CodeIgniter->handleRequest(null, Object(Config\Cache), false)
 4 FCPATH\index.php(79): CodeIgniter\CodeIgniter->run()
INFO - 2026-05-21 10:36:40 --> Session: Class initialized using 'CodeIgniter\Session\Handlers\FileHandler' driver.
WARNING - 2026-05-21 10:36:40 --> [DEPRECATED] Creation of dynamic property CodeIgniter\HTTP\IncomingRequest::$user is deprecated in APPPATH\Filters\JwtAuthWeb.php on line 32.
 1 SYSTEMPATH\Filters\Filters.php(182): App\Filters\JwtAuthWeb->before(Object(CodeIgniter\HTTP\IncomingRequest), null)
 2 SYSTEMPATH\CodeIgniter.php(475): CodeIgniter\Filters\Filters->run('get_data_chartInproj', 'before')
 3 SYSTEMPATH\CodeIgniter.php(361): CodeIgniter\CodeIgniter->handleRequest(null, Object(Config\Cache), false)
 4 FCPATH\index.php(79): CodeIgniter\CodeIgniter->run()
INFO - 2026-05-21 10:36:40 --> Session: Class initialized using 'CodeIgniter\Session\Handlers\FileHandler' driver.
WARNING - 2026-05-21 10:36:40 --> [DEPRECATED] Creation of dynamic property CodeIgniter\HTTP\IncomingRequest::$user is deprecated in APPPATH\Filters\JwtAuthWeb.php on line 32.
 1 SYSTEMPATH\Filters\Filters.php(182): App\Filters\JwtAuthWeb->before(Object(CodeIgniter\HTTP\IncomingRequest), null)
 2 SYSTEMPATH\CodeIgniter.php(475): CodeIgniter\Filters\Filters->run('get_risk_Chart_bf', 'before')
 3 SYSTEMPATH\CodeIgniter.php(361): CodeIgniter\CodeIgniter->handleRequest(null, Object(Config\Cache), false)
 4 FCPATH\index.php(79): CodeIgniter\CodeIgniter->run()
INFO - 2026-05-21 10:36:40 --> Session: Class initialized using 'CodeIgniter\Session\Handlers\FileHandler' driver.
WARNING - 2026-05-21 10:36:40 --> [DEPRECATED] Creation of dynamic property CodeIgniter\HTTP\IncomingRequest::$user is deprecated in APPPATH\Filters\JwtAuthWeb.php on line 32.
 1 SYSTEMPATH\Filters\Filters.php(182): App\Filters\JwtAuthWeb->before(Object(CodeIgniter\HTTP\IncomingRequest), null)
 2 SYSTEMPATH\CodeIgniter.php(475): CodeIgniter\Filters\Filters->run('get_risk_Chart_af', 'before')
 3 SYSTEMPATH\CodeIgniter.php(361): CodeIgniter\CodeIgniter->handleRequest(null, Object(Config\Cache), false)
 4 FCPATH\index.php(79): CodeIgniter\CodeIgniter->run()
INFO - 2026-05-21 10:36:40 --> Session: Class initialized using 'CodeIgniter\Session\Handlers\FileHandler' driver.
WARNING - 2026-05-21 10:36:40 --> [DEPRECATED] Creation of dynamic property CodeIgniter\HTTP\IncomingRequest::$user is deprecated in APPPATH\Filters\JwtAuthWeb.php on line 32.
 1 SYSTEMPATH\Filters\Filters.php(182): App\Filters\JwtAuthWeb->before(Object(CodeIgniter\HTTP\IncomingRequest), null)
 2 SYSTEMPATH\CodeIgniter.php(475): CodeIgniter\Filters\Filters->run('getChart_newcase', 'before')
 3 SYSTEMPATH\CodeIgniter.php(361): CodeIgniter\CodeIgniter->handleRequest(null, Object(Config\Cache), false)
 4 FCPATH\index.php(79): CodeIgniter\CodeIgniter->run()
INFO - 2026-05-21 10:36:41 --> Session: Class initialized using 'CodeIgniter\Session\Handlers\FileHandler' driver.
WARNING - 2026-05-21 10:36:41 --> [DEPRECATED] Creation of dynamic property CodeIgniter\HTTP\IncomingRequest::$user is deprecated in APPPATH\Filters\JwtAuthWeb.php on line 32.
 1 SYSTEMPATH\Filters\Filters.php(182): App\Filters\JwtAuthWeb->before(Object(CodeIgniter\HTTP\IncomingRequest), null)
 2 SYSTEMPATH\CodeIgniter.php(475): CodeIgniter\Filters\Filters->run('getChart_ckd', 'before')
 3 SYSTEMPATH\CodeIgniter.php(361): CodeIgniter\CodeIgniter->handleRequest(null, Object(Config\Cache), false)
 4 FCPATH\index.php(79): CodeIgniter\CodeIgniter->run()
INFO - 2026-05-21 10:36:41 --> Session: Class initialized using 'CodeIgniter\Session\Handlers\FileHandler' driver.
WARNING - 2026-05-21 10:36:41 --> [DEPRECATED] Creation of dynamic property CodeIgniter\HTTP\IncomingRequest::$user is deprecated in APPPATH\Filters\JwtAuthWeb.php on line 32.
 1 SYSTEMPATH\Filters\Filters.php(182): App\Filters\JwtAuthWeb->before(Object(CodeIgniter\HTTP\IncomingRequest), null)
 2 SYSTEMPATH\CodeIgniter.php(475): CodeIgniter\Filters\Filters->run('getChart_healthLit', 'before')
 3 SYSTEMPATH\CodeIgniter.php(361): CodeIgniter\CodeIgniter->handleRequest(null, Object(Config\Cache), false)
 4 FCPATH\index.php(79): CodeIgniter\CodeIgniter->run()
INFO - 2026-05-21 10:36:41 --> Session: Class initialized using 'CodeIgniter\Session\Handlers\FileHandler' driver.
WARNING - 2026-05-21 10:36:41 --> [DEPRECATED] Creation of dynamic property CodeIgniter\HTTP\IncomingRequest::$user is deprecated in APPPATH\Filters\JwtAuthWeb.php on line 32.
 1 SYSTEMPATH\Filters\Filters.php(182): App\Filters\JwtAuthWeb->before(Object(CodeIgniter\HTTP\IncomingRequest), null)
 2 SYSTEMPATH\CodeIgniter.php(475): CodeIgniter\Filters\Filters->run('getChart_result', 'before')
 3 SYSTEMPATH\CodeIgniter.php(361): CodeIgniter\CodeIgniter->handleRequest(null, Object(Config\Cache), false)
 4 FCPATH\index.php(79): CodeIgniter\CodeIgniter->run()
INFO - 2026-05-21 10:37:43 --> Session: Class initialized using 'CodeIgniter\Session\Handlers\FileHandler' driver.
WARNING - 2026-05-21 10:37:43 --> [DEPRECATED] Creation of dynamic property CodeIgniter\HTTP\IncomingRequest::$user is deprecated in APPPATH\Filters\JwtAuthWeb.php on line 32.
 1 SYSTEMPATH\Filters\Filters.php(182): App\Filters\JwtAuthWeb->before(Object(CodeIgniter\HTTP\IncomingRequest), null)
 2 SYSTEMPATH\CodeIgniter.php(475): CodeIgniter\Filters\Filters->run('inproject/inproject', 'before')
 3 SYSTEMPATH\CodeIgniter.php(361): CodeIgniter\CodeIgniter->handleRequest(null, Object(Config\Cache), false)
 4 FCPATH\index.php(79): CodeIgniter\CodeIgniter->run()
WARNING - 2026-05-21 10:37:43 --> [DEPRECATED] Creation of dynamic property CodeIgniter\HTTP\IncomingRequest::$user is deprecated in APPPATH\Filters\JwtAuth.php on line 47.
 1 SYSTEMPATH\Filters\Filters.php(182): App\Filters\JwtAuth->before(Object(CodeIgniter\HTTP\IncomingRequest), null)
 2 SYSTEMPATH\CodeIgniter.php(475): CodeIgniter\Filters\Filters->run('api/profile', 'before')
 3 SYSTEMPATH\CodeIgniter.php(361): CodeIgniter\CodeIgniter->handleRequest(null, Object(Config\Cache), false)
 4 FCPATH\index.php(79): CodeIgniter\CodeIgniter->run()
INFO - 2026-05-21 10:37:43 --> Session: Class initialized using 'CodeIgniter\Session\Handlers\FileHandler' driver.
WARNING - 2026-05-21 10:37:43 --> [DEPRECATED] Creation of dynamic property CodeIgniter\HTTP\IncomingRequest::$user is deprecated in APPPATH\Filters\JwtAuthWeb.php on line 32.
 1 SYSTEMPATH\Filters\Filters.php(182): App\Filters\JwtAuthWeb->before(Object(CodeIgniter\HTTP\IncomingRequest), null)
 2 SYSTEMPATH\CodeIgniter.php(475): CodeIgniter\Filters\Filters->run('fetchRisk/fecth_selected_dm/0', 'before')
 3 SYSTEMPATH\CodeIgniter.php(361): CodeIgniter\CodeIgniter->handleRequest(null, Object(Config\Cache), false)
 4 FCPATH\index.php(79): CodeIgniter\CodeIgniter->run()
INFO - 2026-05-21 10:37:45 --> Session: Class initialized using 'CodeIgniter\Session\Handlers\FileHandler' driver.
WARNING - 2026-05-21 10:37:45 --> [DEPRECATED] Creation of dynamic property CodeIgniter\HTTP\IncomingRequest::$user is deprecated in APPPATH\Filters\JwtAuthWeb.php on line 32.
 1 SYSTEMPATH\Filters\Filters.php(182): App\Filters\JwtAuthWeb->before(Object(CodeIgniter\HTTP\IncomingRequest), null)
 2 SYSTEMPATH\CodeIgniter.php(475): CodeIgniter\Filters\Filters->run('fetchData/riskDm_HL', 'before')
 3 SYSTEMPATH\CodeIgniter.php(361): CodeIgniter\CodeIgniter->handleRequest(null, Object(Config\Cache), false)
 4 FCPATH\index.php(79): CodeIgniter\CodeIgniter->run()
WARNING - 2026-05-21 10:37:45 --> [DEPRECATED] Creation of dynamic property CodeIgniter\HTTP\IncomingRequest::$user is deprecated in APPPATH\Filters\JwtAuth.php on line 47.
 1 SYSTEMPATH\Filters\Filters.php(182): App\Filters\JwtAuth->before(Object(CodeIgniter\HTTP\IncomingRequest), null)
 2 SYSTEMPATH\CodeIgniter.php(475): CodeIgniter\Filters\Filters->run('api/profile', 'before')
 3 SYSTEMPATH\CodeIgniter.php(361): CodeIgniter\CodeIgniter->handleRequest(null, Object(Config\Cache), false)
 4 FCPATH\index.php(79): CodeIgniter\CodeIgniter->run()
INFO - 2026-05-21 10:37:45 --> Session: Class initialized using 'CodeIgniter\Session\Handlers\FileHandler' driver.
WARNING - 2026-05-21 10:37:45 --> [DEPRECATED] Creation of dynamic property CodeIgniter\HTTP\IncomingRequest::$user is deprecated in APPPATH\Filters\JwtAuthWeb.php on line 32.
 1 SYSTEMPATH\Filters\Filters.php(182): App\Filters\JwtAuthWeb->before(Object(CodeIgniter\HTTP\IncomingRequest), null)
 2 SYSTEMPATH\CodeIgniter.php(475): CodeIgniter\Filters\Filters->run('fetchRisk/fecth_dm_risk', 'before')
 3 SYSTEMPATH\CodeIgniter.php(361): CodeIgniter\CodeIgniter->handleRequest(null, Object(Config\Cache), false)
 4 FCPATH\index.php(79): CodeIgniter\CodeIgniter->run()
INFO - 2026-05-21 11:30:27 --> Session: Class initialized using 'CodeIgniter\Session\Handlers\FileHandler' driver.
INFO - 2026-05-21 11:30:29 --> Session: Class initialized using 'CodeIgniter\Session\Handlers\FileHandler' driver.
WARNING - 2026-05-21 11:30:30 --> [DEPRECATED] Creation of dynamic property CodeIgniter\HTTP\IncomingRequest::$user is deprecated in APPPATH\Filters\JwtAuthWeb.php on line 32.
 1 SYSTEMPATH\Filters\Filters.php(182): App\Filters\JwtAuthWeb->before(Object(CodeIgniter\HTTP\IncomingRequest), null)
 2 SYSTEMPATH\CodeIgniter.php(475): CodeIgniter\Filters\Filters->run('dashboard', 'before')
 3 SYSTEMPATH\CodeIgniter.php(361): CodeIgniter\CodeIgniter->handleRequest(null, Object(Config\Cache), false)
 4 FCPATH\index.php(79): CodeIgniter\CodeIgniter->run()
INFO - 2026-05-21 11:30:30 --> Session: Class initialized using 'CodeIgniter\Session\Handlers\FileHandler' driver.
WARNING - 2026-05-21 11:30:30 --> [DEPRECATED] Creation of dynamic property CodeIgniter\HTTP\IncomingRequest::$user is deprecated in APPPATH\Filters\JwtAuthWeb.php on line 32.
 1 SYSTEMPATH\Filters\Filters.php(182): App\Filters\JwtAuthWeb->before(Object(CodeIgniter\HTTP\IncomingRequest), null)
 2 SYSTEMPATH\CodeIgniter.php(475): CodeIgniter\Filters\Filters->run('getChart_data', 'before')
 3 SYSTEMPATH\CodeIgniter.php(361): CodeIgniter\CodeIgniter->handleRequest(null, Object(Config\Cache), false)
 4 FCPATH\index.php(79): CodeIgniter\CodeIgniter->run()
WARNING - 2026-05-21 11:30:30 --> [DEPRECATED] Creation of dynamic property CodeIgniter\HTTP\IncomingRequest::$user is deprecated in APPPATH\Filters\JwtAuth.php on line 47.
 1 SYSTEMPATH\Filters\Filters.php(182): App\Filters\JwtAuth->before(Object(CodeIgniter\HTTP\IncomingRequest), null)
 2 SYSTEMPATH\CodeIgniter.php(475): CodeIgniter\Filters\Filters->run('api/profile', 'before')
 3 SYSTEMPATH\CodeIgniter.php(361): CodeIgniter\CodeIgniter->handleRequest(null, Object(Config\Cache), false)
 4 FCPATH\index.php(79): CodeIgniter\CodeIgniter->run()
INFO - 2026-05-21 11:30:30 --> Session: Class initialized using 'CodeIgniter\Session\Handlers\FileHandler' driver.
WARNING - 2026-05-21 11:30:30 --> [DEPRECATED] Creation of dynamic property CodeIgniter\HTTP\IncomingRequest::$user is deprecated in APPPATH\Filters\JwtAuthWeb.php on line 32.
 1 SYSTEMPATH\Filters\Filters.php(182): App\Filters\JwtAuthWeb->before(Object(CodeIgniter\HTTP\IncomingRequest), null)
 2 SYSTEMPATH\CodeIgniter.php(475): CodeIgniter\Filters\Filters->run('getChart_patient', 'before')
 3 SYSTEMPATH\CodeIgniter.php(361): CodeIgniter\CodeIgniter->handleRequest(null, Object(Config\Cache), false)
 4 FCPATH\index.php(79): CodeIgniter\CodeIgniter->run()
INFO - 2026-05-21 11:30:30 --> Session: Class initialized using 'CodeIgniter\Session\Handlers\FileHandler' driver.
WARNING - 2026-05-21 11:30:30 --> [DEPRECATED] Creation of dynamic property CodeIgniter\HTTP\IncomingRequest::$user is deprecated in APPPATH\Filters\JwtAuthWeb.php on line 32.
 1 SYSTEMPATH\Filters\Filters.php(182): App\Filters\JwtAuthWeb->before(Object(CodeIgniter\HTTP\IncomingRequest), null)
 2 SYSTEMPATH\CodeIgniter.php(475): CodeIgniter\Filters\Filters->run('getChart_All', 'before')
 3 SYSTEMPATH\CodeIgniter.php(361): CodeIgniter\CodeIgniter->handleRequest(null, Object(Config\Cache), false)
 4 FCPATH\index.php(79): CodeIgniter\CodeIgniter->run()
INFO - 2026-05-21 11:30:30 --> Session: Class initialized using 'CodeIgniter\Session\Handlers\FileHandler' driver.
WARNING - 2026-05-21 11:30:30 --> [DEPRECATED] Creation of dynamic property CodeIgniter\HTTP\IncomingRequest::$user is deprecated in APPPATH\Filters\JwtAuthWeb.php on line 32.
 1 SYSTEMPATH\Filters\Filters.php(182): App\Filters\JwtAuthWeb->before(Object(CodeIgniter\HTTP\IncomingRequest), null)
 2 SYSTEMPATH\CodeIgniter.php(475): CodeIgniter\Filters\Filters->run('get_data_chartInproj', 'before')
 3 SYSTEMPATH\CodeIgniter.php(361): CodeIgniter\CodeIgniter->handleRequest(null, Object(Config\Cache), false)
 4 FCPATH\index.php(79): CodeIgniter\CodeIgniter->run()
INFO - 2026-05-21 11:30:31 --> Session: Class initialized using 'CodeIgniter\Session\Handlers\FileHandler' driver.
WARNING - 2026-05-21 11:30:31 --> [DEPRECATED] Creation of dynamic property CodeIgniter\HTTP\IncomingRequest::$user is deprecated in APPPATH\Filters\JwtAuthWeb.php on line 32.
 1 SYSTEMPATH\Filters\Filters.php(182): App\Filters\JwtAuthWeb->before(Object(CodeIgniter\HTTP\IncomingRequest), null)
 2 SYSTEMPATH\CodeIgniter.php(475): CodeIgniter\Filters\Filters->run('get_risk_Chart_bf', 'before')
 3 SYSTEMPATH\CodeIgniter.php(361): CodeIgniter\CodeIgniter->handleRequest(null, Object(Config\Cache), false)
 4 FCPATH\index.php(79): CodeIgniter\CodeIgniter->run()
INFO - 2026-05-21 11:30:31 --> Session: Class initialized using 'CodeIgniter\Session\Handlers\FileHandler' driver.
WARNING - 2026-05-21 11:30:31 --> [DEPRECATED] Creation of dynamic property CodeIgniter\HTTP\IncomingRequest::$user is deprecated in APPPATH\Filters\JwtAuthWeb.php on line 32.
 1 SYSTEMPATH\Filters\Filters.php(182): App\Filters\JwtAuthWeb->before(Object(CodeIgniter\HTTP\IncomingRequest), null)
 2 SYSTEMPATH\CodeIgniter.php(475): CodeIgniter\Filters\Filters->run('get_risk_Chart_af', 'before')
 3 SYSTEMPATH\CodeIgniter.php(361): CodeIgniter\CodeIgniter->handleRequest(null, Object(Config\Cache), false)
 4 FCPATH\index.php(79): CodeIgniter\CodeIgniter->run()
INFO - 2026-05-21 11:30:31 --> Session: Class initialized using 'CodeIgniter\Session\Handlers\FileHandler' driver.
WARNING - 2026-05-21 11:30:31 --> [DEPRECATED] Creation of dynamic property CodeIgniter\HTTP\IncomingRequest::$user is deprecated in APPPATH\Filters\JwtAuthWeb.php on line 32.
 1 SYSTEMPATH\Filters\Filters.php(182): App\Filters\JwtAuthWeb->before(Object(CodeIgniter\HTTP\IncomingRequest), null)
 2 SYSTEMPATH\CodeIgniter.php(475): CodeIgniter\Filters\Filters->run('getChart_newcase', 'before')
 3 SYSTEMPATH\CodeIgniter.php(361): CodeIgniter\CodeIgniter->handleRequest(null, Object(Config\Cache), false)
 4 FCPATH\index.php(79): CodeIgniter\CodeIgniter->run()
INFO - 2026-05-21 11:30:31 --> Session: Class initialized using 'CodeIgniter\Session\Handlers\FileHandler' driver.
WARNING - 2026-05-21 11:30:31 --> [DEPRECATED] Creation of dynamic property CodeIgniter\HTTP\IncomingRequest::$user is deprecated in APPPATH\Filters\JwtAuthWeb.php on line 32.
 1 SYSTEMPATH\Filters\Filters.php(182): App\Filters\JwtAuthWeb->before(Object(CodeIgniter\HTTP\IncomingRequest), null)
 2 SYSTEMPATH\CodeIgniter.php(475): CodeIgniter\Filters\Filters->run('getChart_ckd', 'before')
 3 SYSTEMPATH\CodeIgniter.php(361): CodeIgniter\CodeIgniter->handleRequest(null, Object(Config\Cache), false)
 4 FCPATH\index.php(79): CodeIgniter\CodeIgniter->run()
INFO - 2026-05-21 11:30:31 --> Session: Class initialized using 'CodeIgniter\Session\Handlers\FileHandler' driver.
WARNING - 2026-05-21 11:30:31 --> [DEPRECATED] Creation of dynamic property CodeIgniter\HTTP\IncomingRequest::$user is deprecated in APPPATH\Filters\JwtAuthWeb.php on line 32.
 1 SYSTEMPATH\Filters\Filters.php(182): App\Filters\JwtAuthWeb->before(Object(CodeIgniter\HTTP\IncomingRequest), null)
 2 SYSTEMPATH\CodeIgniter.php(475): CodeIgniter\Filters\Filters->run('getChart_healthLit', 'before')
 3 SYSTEMPATH\CodeIgniter.php(361): CodeIgniter\CodeIgniter->handleRequest(null, Object(Config\Cache), false)
 4 FCPATH\index.php(79): CodeIgniter\CodeIgniter->run()
INFO - 2026-05-21 11:30:31 --> Session: Class initialized using 'CodeIgniter\Session\Handlers\FileHandler' driver.
WARNING - 2026-05-21 11:30:31 --> [DEPRECATED] Creation of dynamic property CodeIgniter\HTTP\IncomingRequest::$user is deprecated in APPPATH\Filters\JwtAuthWeb.php on line 32.
 1 SYSTEMPATH\Filters\Filters.php(182): App\Filters\JwtAuthWeb->before(Object(CodeIgniter\HTTP\IncomingRequest), null)
 2 SYSTEMPATH\CodeIgniter.php(475): CodeIgniter\Filters\Filters->run('getChart_result', 'before')
 3 SYSTEMPATH\CodeIgniter.php(361): CodeIgniter\CodeIgniter->handleRequest(null, Object(Config\Cache), false)
 4 FCPATH\index.php(79): CodeIgniter\CodeIgniter->run()
INFO - 2026-05-21 11:30:36 --> Session: Class initialized using 'CodeIgniter\Session\Handlers\FileHandler' driver.
WARNING - 2026-05-21 11:30:36 --> [DEPRECATED] Creation of dynamic property CodeIgniter\HTTP\IncomingRequest::$user is deprecated in APPPATH\Filters\JwtAuthWeb.php on line 32.
 1 SYSTEMPATH\Filters\Filters.php(182): App\Filters\JwtAuthWeb->before(Object(CodeIgniter\HTTP\IncomingRequest), null)
 2 SYSTEMPATH\CodeIgniter.php(475): CodeIgniter\Filters\Filters->run('setting/tumbons', 'before')
 3 SYSTEMPATH\CodeIgniter.php(361): CodeIgniter\CodeIgniter->handleRequest(null, Object(Config\Cache), false)
 4 FCPATH\index.php(79): CodeIgniter\CodeIgniter->run()
WARNING - 2026-05-21 11:30:36 --> [DEPRECATED] Creation of dynamic property CodeIgniter\HTTP\IncomingRequest::$user is deprecated in APPPATH\Filters\JwtAuth.php on line 47.
 1 SYSTEMPATH\Filters\Filters.php(182): App\Filters\JwtAuth->before(Object(CodeIgniter\HTTP\IncomingRequest), null)
 2 SYSTEMPATH\CodeIgniter.php(475): CodeIgniter\Filters\Filters->run('api/profile', 'before')
 3 SYSTEMPATH\CodeIgniter.php(361): CodeIgniter\CodeIgniter->handleRequest(null, Object(Config\Cache), false)
 4 FCPATH\index.php(79): CodeIgniter\CodeIgniter->run()
INFO - 2026-05-21 11:30:36 --> Session: Class initialized using 'CodeIgniter\Session\Handlers\FileHandler' driver.
WARNING - 2026-05-21 11:30:36 --> [DEPRECATED] Creation of dynamic property CodeIgniter\HTTP\IncomingRequest::$user is deprecated in APPPATH\Filters\JwtAuthWeb.php on line 32.
 1 SYSTEMPATH\Filters\Filters.php(182): App\Filters\JwtAuthWeb->before(Object(CodeIgniter\HTTP\IncomingRequest), null)
 2 SYSTEMPATH\CodeIgniter.php(475): CodeIgniter\Filters\Filters->run('setting/get_tumbon', 'before')
 3 SYSTEMPATH\CodeIgniter.php(361): CodeIgniter\CodeIgniter->handleRequest(null, Object(Config\Cache), false)
 4 FCPATH\index.php(79): CodeIgniter\CodeIgniter->run()
INFO - 2026-05-21 11:30:39 --> Session: Class initialized using 'CodeIgniter\Session\Handlers\FileHandler' driver.
WARNING - 2026-05-21 11:30:39 --> [DEPRECATED] Creation of dynamic property CodeIgniter\HTTP\IncomingRequest::$user is deprecated in APPPATH\Filters\JwtAuthWeb.php on line 32.
 1 SYSTEMPATH\Filters\Filters.php(182): App\Filters\JwtAuthWeb->before(Object(CodeIgniter\HTTP\IncomingRequest), null)
 2 SYSTEMPATH\CodeIgniter.php(475): CodeIgniter\Filters\Filters->run('setting/get_village', 'before')
 3 SYSTEMPATH\CodeIgniter.php(361): CodeIgniter\CodeIgniter->handleRequest(null, Object(Config\Cache), false)
 4 FCPATH\index.php(79): CodeIgniter\CodeIgniter->run()
INFO - 2026-05-21 11:30:40 --> Session: Class initialized using 'CodeIgniter\Session\Handlers\FileHandler' driver.
WARNING - 2026-05-21 11:30:40 --> [DEPRECATED] Creation of dynamic property CodeIgniter\HTTP\IncomingRequest::$user is deprecated in APPPATH\Filters\JwtAuthWeb.php on line 32.
 1 SYSTEMPATH\Filters\Filters.php(182): App\Filters\JwtAuthWeb->before(Object(CodeIgniter\HTTP\IncomingRequest), null)
 2 SYSTEMPATH\CodeIgniter.php(475): CodeIgniter\Filters\Filters->run('setting/get_tumbon', 'before')
 3 SYSTEMPATH\CodeIgniter.php(361): CodeIgniter\CodeIgniter->handleRequest(null, Object(Config\Cache), false)
 4 FCPATH\index.php(79): CodeIgniter\CodeIgniter->run()
INFO - 2026-05-21 11:30:43 --> Session: Class initialized using 'CodeIgniter\Session\Handlers\FileHandler' driver.
WARNING - 2026-05-21 11:30:43 --> [DEPRECATED] Creation of dynamic property CodeIgniter\HTTP\IncomingRequest::$user is deprecated in APPPATH\Filters\JwtAuthWeb.php on line 32.
 1 SYSTEMPATH\Filters\Filters.php(182): App\Filters\JwtAuthWeb->before(Object(CodeIgniter\HTTP\IncomingRequest), null)
 2 SYSTEMPATH\CodeIgniter.php(475): CodeIgniter\Filters\Filters->run('setting/get_village', 'before')
 3 SYSTEMPATH\CodeIgniter.php(361): CodeIgniter\CodeIgniter->handleRequest(null, Object(Config\Cache), false)
 4 FCPATH\index.php(79): CodeIgniter\CodeIgniter->run()
INFO - 2026-05-21 11:32:10 --> Session: Class initialized using 'CodeIgniter\Session\Handlers\FileHandler' driver.
WARNING - 2026-05-21 11:32:10 --> [DEPRECATED] Creation of dynamic property CodeIgniter\HTTP\IncomingRequest::$user is deprecated in APPPATH\Filters\JwtAuthWeb.php on line 32.
 1 SYSTEMPATH\Filters\Filters.php(182): App\Filters\JwtAuthWeb->before(Object(CodeIgniter\HTTP\IncomingRequest), null)
 2 SYSTEMPATH\CodeIgniter.php(475): CodeIgniter\Filters\Filters->run('setting/tumbons', 'before')
 3 SYSTEMPATH\CodeIgniter.php(361): CodeIgniter\CodeIgniter->handleRequest(null, Object(Config\Cache), false)
 4 FCPATH\index.php(79): CodeIgniter\CodeIgniter->run()
WARNING - 2026-05-21 11:32:10 --> [DEPRECATED] Creation of dynamic property CodeIgniter\HTTP\IncomingRequest::$user is deprecated in APPPATH\Filters\JwtAuth.php on line 47.
 1 SYSTEMPATH\Filters\Filters.php(182): App\Filters\JwtAuth->before(Object(CodeIgniter\HTTP\IncomingRequest), null)
 2 SYSTEMPATH\CodeIgniter.php(475): CodeIgniter\Filters\Filters->run('api/profile', 'before')
 3 SYSTEMPATH\CodeIgniter.php(361): CodeIgniter\CodeIgniter->handleRequest(null, Object(Config\Cache), false)
 4 FCPATH\index.php(79): CodeIgniter\CodeIgniter->run()
INFO - 2026-05-21 11:32:10 --> Session: Class initialized using 'CodeIgniter\Session\Handlers\FileHandler' driver.
WARNING - 2026-05-21 11:32:10 --> [DEPRECATED] Creation of dynamic property CodeIgniter\HTTP\IncomingRequest::$user is deprecated in APPPATH\Filters\JwtAuthWeb.php on line 32.
 1 SYSTEMPATH\Filters\Filters.php(182): App\Filters\JwtAuthWeb->before(Object(CodeIgniter\HTTP\IncomingRequest), null)
 2 SYSTEMPATH\CodeIgniter.php(475): CodeIgniter\Filters\Filters->run('setting/get_tumbon', 'before')
 3 SYSTEMPATH\CodeIgniter.php(361): CodeIgniter\CodeIgniter->handleRequest(null, Object(Config\Cache), false)
 4 FCPATH\index.php(79): CodeIgniter\CodeIgniter->run()
INFO - 2026-05-21 11:32:13 --> Session: Class initialized using 'CodeIgniter\Session\Handlers\FileHandler' driver.
WARNING - 2026-05-21 11:32:13 --> [DEPRECATED] Creation of dynamic property CodeIgniter\HTTP\IncomingRequest::$user is deprecated in APPPATH\Filters\JwtAuthWeb.php on line 32.
 1 SYSTEMPATH\Filters\Filters.php(182): App\Filters\JwtAuthWeb->before(Object(CodeIgniter\HTTP\IncomingRequest), null)
 2 SYSTEMPATH\CodeIgniter.php(475): CodeIgniter\Filters\Filters->run('setting/get_village', 'before')
 3 SYSTEMPATH\CodeIgniter.php(361): CodeIgniter\CodeIgniter->handleRequest(null, Object(Config\Cache), false)
 4 FCPATH\index.php(79): CodeIgniter\CodeIgniter->run()
INFO - 2026-05-21 11:58:18 --> Session: Class initialized using 'CodeIgniter\Session\Handlers\FileHandler' driver.
WARNING - 2026-05-21 11:58:18 --> [DEPRECATED] Creation of dynamic property CodeIgniter\HTTP\IncomingRequest::$user is deprecated in APPPATH\Filters\JwtAuthWeb.php on line 32.
 1 SYSTEMPATH\Filters\Filters.php(182): App\Filters\JwtAuthWeb->before(Object(CodeIgniter\HTTP\IncomingRequest), null)
 2 SYSTEMPATH\CodeIgniter.php(475): CodeIgniter\Filters\Filters->run('setting/tumbons', 'before')
 3 SYSTEMPATH\CodeIgniter.php(361): CodeIgniter\CodeIgniter->handleRequest(null, Object(Config\Cache), false)
 4 FCPATH\index.php(79): CodeIgniter\CodeIgniter->run()
WARNING - 2026-05-21 11:58:18 --> [DEPRECATED] Creation of dynamic property CodeIgniter\HTTP\IncomingRequest::$user is deprecated in APPPATH\Filters\JwtAuth.php on line 47.
 1 SYSTEMPATH\Filters\Filters.php(182): App\Filters\JwtAuth->before(Object(CodeIgniter\HTTP\IncomingRequest), null)
 2 SYSTEMPATH\CodeIgniter.php(475): CodeIgniter\Filters\Filters->run('api/profile', 'before')
 3 SYSTEMPATH\CodeIgniter.php(361): CodeIgniter\CodeIgniter->handleRequest(null, Object(Config\Cache), false)
 4 FCPATH\index.php(79): CodeIgniter\CodeIgniter->run()
INFO - 2026-05-21 11:58:18 --> Session: Class initialized using 'CodeIgniter\Session\Handlers\FileHandler' driver.
WARNING - 2026-05-21 11:58:18 --> [DEPRECATED] Creation of dynamic property CodeIgniter\HTTP\IncomingRequest::$user is deprecated in APPPATH\Filters\JwtAuthWeb.php on line 32.
 1 SYSTEMPATH\Filters\Filters.php(182): App\Filters\JwtAuthWeb->before(Object(CodeIgniter\HTTP\IncomingRequest), null)
 2 SYSTEMPATH\CodeIgniter.php(475): CodeIgniter\Filters\Filters->run('setting/get_tumbon', 'before')
 3 SYSTEMPATH\CodeIgniter.php(361): CodeIgniter\CodeIgniter->handleRequest(null, Object(Config\Cache), false)
 4 FCPATH\index.php(79): CodeIgniter\CodeIgniter->run()
INFO - 2026-05-21 11:58:21 --> Session: Class initialized using 'CodeIgniter\Session\Handlers\FileHandler' driver.
WARNING - 2026-05-21 11:58:21 --> [DEPRECATED] Creation of dynamic property CodeIgniter\HTTP\IncomingRequest::$user is deprecated in APPPATH\Filters\JwtAuthWeb.php on line 32.
 1 SYSTEMPATH\Filters\Filters.php(182): App\Filters\JwtAuthWeb->before(Object(CodeIgniter\HTTP\IncomingRequest), null)
 2 SYSTEMPATH\CodeIgniter.php(475): CodeIgniter\Filters\Filters->run('setting/get_village', 'before')
 3 SYSTEMPATH\CodeIgniter.php(361): CodeIgniter\CodeIgniter->handleRequest(null, Object(Config\Cache), false)
 4 FCPATH\index.php(79): CodeIgniter\CodeIgniter->run()
INFO - 2026-05-21 12:02:05 --> Session: Class initialized using 'CodeIgniter\Session\Handlers\FileHandler' driver.
WARNING - 2026-05-21 12:02:05 --> [DEPRECATED] Creation of dynamic property CodeIgniter\HTTP\IncomingRequest::$user is deprecated in APPPATH\Filters\JwtAuthWeb.php on line 32.
 1 SYSTEMPATH\Filters\Filters.php(182): App\Filters\JwtAuthWeb->before(Object(CodeIgniter\HTTP\IncomingRequest), null)
 2 SYSTEMPATH\CodeIgniter.php(475): CodeIgniter\Filters\Filters->run('setting/tumbons', 'before')
 3 SYSTEMPATH\CodeIgniter.php(361): CodeIgniter\CodeIgniter->handleRequest(null, Object(Config\Cache), false)
 4 FCPATH\index.php(79): CodeIgniter\CodeIgniter->run()
WARNING - 2026-05-21 12:02:05 --> [DEPRECATED] Creation of dynamic property CodeIgniter\HTTP\IncomingRequest::$user is deprecated in APPPATH\Filters\JwtAuth.php on line 47.
 1 SYSTEMPATH\Filters\Filters.php(182): App\Filters\JwtAuth->before(Object(CodeIgniter\HTTP\IncomingRequest), null)
 2 SYSTEMPATH\CodeIgniter.php(475): CodeIgniter\Filters\Filters->run('api/profile', 'before')
 3 SYSTEMPATH\CodeIgniter.php(361): CodeIgniter\CodeIgniter->handleRequest(null, Object(Config\Cache), false)
 4 FCPATH\index.php(79): CodeIgniter\CodeIgniter->run()
INFO - 2026-05-21 12:02:05 --> Session: Class initialized using 'CodeIgniter\Session\Handlers\FileHandler' driver.
WARNING - 2026-05-21 12:02:05 --> [DEPRECATED] Creation of dynamic property CodeIgniter\HTTP\IncomingRequest::$user is deprecated in APPPATH\Filters\JwtAuthWeb.php on line 32.
 1 SYSTEMPATH\Filters\Filters.php(182): App\Filters\JwtAuthWeb->before(Object(CodeIgniter\HTTP\IncomingRequest), null)
 2 SYSTEMPATH\CodeIgniter.php(475): CodeIgniter\Filters\Filters->run('setting/get_tumbon', 'before')
 3 SYSTEMPATH\CodeIgniter.php(361): CodeIgniter\CodeIgniter->handleRequest(null, Object(Config\Cache), false)
 4 FCPATH\index.php(79): CodeIgniter\CodeIgniter->run()
INFO - 2026-05-21 12:02:08 --> Session: Class initialized using 'CodeIgniter\Session\Handlers\FileHandler' driver.
WARNING - 2026-05-21 12:02:08 --> [DEPRECATED] Creation of dynamic property CodeIgniter\HTTP\IncomingRequest::$user is deprecated in APPPATH\Filters\JwtAuthWeb.php on line 32.
 1 SYSTEMPATH\Filters\Filters.php(182): App\Filters\JwtAuthWeb->before(Object(CodeIgniter\HTTP\IncomingRequest), null)
 2 SYSTEMPATH\CodeIgniter.php(475): CodeIgniter\Filters\Filters->run('setting/get_village', 'before')
 3 SYSTEMPATH\CodeIgniter.php(361): CodeIgniter\CodeIgniter->handleRequest(null, Object(Config\Cache), false)
 4 FCPATH\index.php(79): CodeIgniter\CodeIgniter->run()
INFO - 2026-05-21 12:06:44 --> Session: Class initialized using 'CodeIgniter\Session\Handlers\FileHandler' driver.
WARNING - 2026-05-21 12:06:44 --> [DEPRECATED] Creation of dynamic property CodeIgniter\HTTP\IncomingRequest::$user is deprecated in APPPATH\Filters\JwtAuthWeb.php on line 32.
 1 SYSTEMPATH\Filters\Filters.php(182): App\Filters\JwtAuthWeb->before(Object(CodeIgniter\HTTP\IncomingRequest), null)
 2 SYSTEMPATH\CodeIgniter.php(475): CodeIgniter\Filters\Filters->run('setting/tumbons', 'before')
 3 SYSTEMPATH\CodeIgniter.php(361): CodeIgniter\CodeIgniter->handleRequest(null, Object(Config\Cache), false)
 4 FCPATH\index.php(79): CodeIgniter\CodeIgniter->run()
INFO - 2026-05-21 12:06:45 --> Session: Class initialized using 'CodeIgniter\Session\Handlers\FileHandler' driver.
WARNING - 2026-05-21 12:06:45 --> [DEPRECATED] Creation of dynamic property CodeIgniter\HTTP\IncomingRequest::$user is deprecated in APPPATH\Filters\JwtAuth.php on line 47.
 1 SYSTEMPATH\Filters\Filters.php(182): App\Filters\JwtAuth->before(Object(CodeIgniter\HTTP\IncomingRequest), null)
 2 SYSTEMPATH\CodeIgniter.php(475): CodeIgniter\Filters\Filters->run('api/profile', 'before')
 3 SYSTEMPATH\CodeIgniter.php(361): CodeIgniter\CodeIgniter->handleRequest(null, Object(Config\Cache), false)
 4 FCPATH\index.php(79): CodeIgniter\CodeIgniter->run()
WARNING - 2026-05-21 12:06:45 --> [DEPRECATED] Creation of dynamic property CodeIgniter\HTTP\IncomingRequest::$user is deprecated in APPPATH\Filters\JwtAuthWeb.php on line 32.
 1 SYSTEMPATH\Filters\Filters.php(182): App\Filters\JwtAuthWeb->before(Object(CodeIgniter\HTTP\IncomingRequest), null)
 2 SYSTEMPATH\CodeIgniter.php(475): CodeIgniter\Filters\Filters->run('setting/get_tumbon', 'before')
 3 SYSTEMPATH\CodeIgniter.php(361): CodeIgniter\CodeIgniter->handleRequest(null, Object(Config\Cache), false)
 4 FCPATH\index.php(79): CodeIgniter\CodeIgniter->run()
INFO - 2026-05-21 12:06:47 --> Session: Class initialized using 'CodeIgniter\Session\Handlers\FileHandler' driver.
WARNING - 2026-05-21 12:06:47 --> [DEPRECATED] Creation of dynamic property CodeIgniter\HTTP\IncomingRequest::$user is deprecated in APPPATH\Filters\JwtAuthWeb.php on line 32.
 1 SYSTEMPATH\Filters\Filters.php(182): App\Filters\JwtAuthWeb->before(Object(CodeIgniter\HTTP\IncomingRequest), null)
 2 SYSTEMPATH\CodeIgniter.php(475): CodeIgniter\Filters\Filters->run('setting/get_village', 'before')
 3 SYSTEMPATH\CodeIgniter.php(361): CodeIgniter\CodeIgniter->handleRequest(null, Object(Config\Cache), false)
 4 FCPATH\index.php(79): CodeIgniter\CodeIgniter->run()
INFO - 2026-05-21 12:06:57 --> Session: Class initialized using 'CodeIgniter\Session\Handlers\FileHandler' driver.
WARNING - 2026-05-21 12:06:57 --> [DEPRECATED] Creation of dynamic property CodeIgniter\HTTP\IncomingRequest::$user is deprecated in APPPATH\Filters\JwtAuthWeb.php on line 32.
 1 SYSTEMPATH\Filters\Filters.php(182): App\Filters\JwtAuthWeb->before(Object(CodeIgniter\HTTP\IncomingRequest), null)
 2 SYSTEMPATH\CodeIgniter.php(475): CodeIgniter\Filters\Filters->run('fetchData/riskDm_HL', 'before')
 3 SYSTEMPATH\CodeIgniter.php(361): CodeIgniter\CodeIgniter->handleRequest(null, Object(Config\Cache), false)
 4 FCPATH\index.php(79): CodeIgniter\CodeIgniter->run()
WARNING - 2026-05-21 12:06:57 --> [DEPRECATED] Creation of dynamic property CodeIgniter\HTTP\IncomingRequest::$user is deprecated in APPPATH\Filters\JwtAuth.php on line 47.
 1 SYSTEMPATH\Filters\Filters.php(182): App\Filters\JwtAuth->before(Object(CodeIgniter\HTTP\IncomingRequest), null)
 2 SYSTEMPATH\CodeIgniter.php(475): CodeIgniter\Filters\Filters->run('api/profile', 'before')
 3 SYSTEMPATH\CodeIgniter.php(361): CodeIgniter\CodeIgniter->handleRequest(null, Object(Config\Cache), false)
 4 FCPATH\index.php(79): CodeIgniter\CodeIgniter->run()
INFO - 2026-05-21 12:06:57 --> Session: Class initialized using 'CodeIgniter\Session\Handlers\FileHandler' driver.
WARNING - 2026-05-21 12:06:57 --> [DEPRECATED] Creation of dynamic property CodeIgniter\HTTP\IncomingRequest::$user is deprecated in APPPATH\Filters\JwtAuthWeb.php on line 32.
 1 SYSTEMPATH\Filters\Filters.php(182): App\Filters\JwtAuthWeb->before(Object(CodeIgniter\HTTP\IncomingRequest), null)
 2 SYSTEMPATH\CodeIgniter.php(475): CodeIgniter\Filters\Filters->run('fetchRisk/fecth_dm_risk', 'before')
 3 SYSTEMPATH\CodeIgniter.php(361): CodeIgniter\CodeIgniter->handleRequest(null, Object(Config\Cache), false)
 4 FCPATH\index.php(79): CodeIgniter\CodeIgniter->run()
INFO - 2026-05-21 12:07:27 --> Session: Class initialized using 'CodeIgniter\Session\Handlers\FileHandler' driver.
WARNING - 2026-05-21 12:07:27 --> [DEPRECATED] Creation of dynamic property CodeIgniter\HTTP\IncomingRequest::$user is deprecated in APPPATH\Filters\JwtAuthWeb.php on line 32.
 1 SYSTEMPATH\Filters\Filters.php(182): App\Filters\JwtAuthWeb->before(Object(CodeIgniter\HTTP\IncomingRequest), null)
 2 SYSTEMPATH\CodeIgniter.php(475): CodeIgniter\Filters\Filters->run('inproject/inproject', 'before')
 3 SYSTEMPATH\CodeIgniter.php(361): CodeIgniter\CodeIgniter->handleRequest(null, Object(Config\Cache), false)
 4 FCPATH\index.php(79): CodeIgniter\CodeIgniter->run()
WARNING - 2026-05-21 12:07:28 --> [DEPRECATED] Creation of dynamic property CodeIgniter\HTTP\IncomingRequest::$user is deprecated in APPPATH\Filters\JwtAuth.php on line 47.
 1 SYSTEMPATH\Filters\Filters.php(182): App\Filters\JwtAuth->before(Object(CodeIgniter\HTTP\IncomingRequest), null)
 2 SYSTEMPATH\CodeIgniter.php(475): CodeIgniter\Filters\Filters->run('api/profile', 'before')
 3 SYSTEMPATH\CodeIgniter.php(361): CodeIgniter\CodeIgniter->handleRequest(null, Object(Config\Cache), false)
 4 FCPATH\index.php(79): CodeIgniter\CodeIgniter->run()
INFO - 2026-05-21 12:07:28 --> Session: Class initialized using 'CodeIgniter\Session\Handlers\FileHandler' driver.
WARNING - 2026-05-21 12:07:28 --> [DEPRECATED] Creation of dynamic property CodeIgniter\HTTP\IncomingRequest::$user is deprecated in APPPATH\Filters\JwtAuthWeb.php on line 32.
 1 SYSTEMPATH\Filters\Filters.php(182): App\Filters\JwtAuthWeb->before(Object(CodeIgniter\HTTP\IncomingRequest), null)
 2 SYSTEMPATH\CodeIgniter.php(475): CodeIgniter\Filters\Filters->run('fetchRisk/fecth_selected_dm/0', 'before')
 3 SYSTEMPATH\CodeIgniter.php(361): CodeIgniter\CodeIgniter->handleRequest(null, Object(Config\Cache), false)
 4 FCPATH\index.php(79): CodeIgniter\CodeIgniter->run()
INFO - 2026-05-21 12:07:35 --> Session: Class initialized using 'CodeIgniter\Session\Handlers\FileHandler' driver.
WARNING - 2026-05-21 12:07:35 --> [DEPRECATED] Creation of dynamic property CodeIgniter\HTTP\IncomingRequest::$user is deprecated in APPPATH\Filters\JwtAuthWeb.php on line 32.
 1 SYSTEMPATH\Filters\Filters.php(182): App\Filters\JwtAuthWeb->before(Object(CodeIgniter\HTTP\IncomingRequest), null)
 2 SYSTEMPATH\CodeIgniter.php(475): CodeIgniter\Filters\Filters->run('dashboard', 'before')
 3 SYSTEMPATH\CodeIgniter.php(361): CodeIgniter\CodeIgniter->handleRequest(null, Object(Config\Cache), false)
 4 FCPATH\index.php(79): CodeIgniter\CodeIgniter->run()
WARNING - 2026-05-21 12:07:35 --> [DEPRECATED] Creation of dynamic property CodeIgniter\HTTP\IncomingRequest::$user is deprecated in APPPATH\Filters\JwtAuth.php on line 47.
 1 SYSTEMPATH\Filters\Filters.php(182): App\Filters\JwtAuth->before(Object(CodeIgniter\HTTP\IncomingRequest), null)
 2 SYSTEMPATH\CodeIgniter.php(475): CodeIgniter\Filters\Filters->run('api/profile', 'before')
 3 SYSTEMPATH\CodeIgniter.php(361): CodeIgniter\CodeIgniter->handleRequest(null, Object(Config\Cache), false)
 4 FCPATH\index.php(79): CodeIgniter\CodeIgniter->run()
INFO - 2026-05-21 12:07:35 --> Session: Class initialized using 'CodeIgniter\Session\Handlers\FileHandler' driver.
WARNING - 2026-05-21 12:07:35 --> [DEPRECATED] Creation of dynamic property CodeIgniter\HTTP\IncomingRequest::$user is deprecated in APPPATH\Filters\JwtAuthWeb.php on line 32.
 1 SYSTEMPATH\Filters\Filters.php(182): App\Filters\JwtAuthWeb->before(Object(CodeIgniter\HTTP\IncomingRequest), null)
 2 SYSTEMPATH\CodeIgniter.php(475): CodeIgniter\Filters\Filters->run('getChart_data', 'before')
 3 SYSTEMPATH\CodeIgniter.php(361): CodeIgniter\CodeIgniter->handleRequest(null, Object(Config\Cache), false)
 4 FCPATH\index.php(79): CodeIgniter\CodeIgniter->run()
INFO - 2026-05-21 12:07:35 --> Session: Class initialized using 'CodeIgniter\Session\Handlers\FileHandler' driver.
WARNING - 2026-05-21 12:07:35 --> [DEPRECATED] Creation of dynamic property CodeIgniter\HTTP\IncomingRequest::$user is deprecated in APPPATH\Filters\JwtAuthWeb.php on line 32.
 1 SYSTEMPATH\Filters\Filters.php(182): App\Filters\JwtAuthWeb->before(Object(CodeIgniter\HTTP\IncomingRequest), null)
 2 SYSTEMPATH\CodeIgniter.php(475): CodeIgniter\Filters\Filters->run('getChart_patient', 'before')
 3 SYSTEMPATH\CodeIgniter.php(361): CodeIgniter\CodeIgniter->handleRequest(null, Object(Config\Cache), false)
 4 FCPATH\index.php(79): CodeIgniter\CodeIgniter->run()
INFO - 2026-05-21 12:07:35 --> Session: Class initialized using 'CodeIgniter\Session\Handlers\FileHandler' driver.
WARNING - 2026-05-21 12:07:35 --> [DEPRECATED] Creation of dynamic property CodeIgniter\HTTP\IncomingRequest::$user is deprecated in APPPATH\Filters\JwtAuthWeb.php on line 32.
 1 SYSTEMPATH\Filters\Filters.php(182): App\Filters\JwtAuthWeb->before(Object(CodeIgniter\HTTP\IncomingRequest), null)
 2 SYSTEMPATH\CodeIgniter.php(475): CodeIgniter\Filters\Filters->run('getChart_All', 'before')
 3 SYSTEMPATH\CodeIgniter.php(361): CodeIgniter\CodeIgniter->handleRequest(null, Object(Config\Cache), false)
 4 FCPATH\index.php(79): CodeIgniter\CodeIgniter->run()
INFO - 2026-05-21 12:07:36 --> Session: Class initialized using 'CodeIgniter\Session\Handlers\FileHandler' driver.
WARNING - 2026-05-21 12:07:36 --> [DEPRECATED] Creation of dynamic property CodeIgniter\HTTP\IncomingRequest::$user is deprecated in APPPATH\Filters\JwtAuthWeb.php on line 32.
 1 SYSTEMPATH\Filters\Filters.php(182): App\Filters\JwtAuthWeb->before(Object(CodeIgniter\HTTP\IncomingRequest), null)
 2 SYSTEMPATH\CodeIgniter.php(475): CodeIgniter\Filters\Filters->run('get_data_chartInproj', 'before')
 3 SYSTEMPATH\CodeIgniter.php(361): CodeIgniter\CodeIgniter->handleRequest(null, Object(Config\Cache), false)
 4 FCPATH\index.php(79): CodeIgniter\CodeIgniter->run()
INFO - 2026-05-21 12:07:36 --> Session: Class initialized using 'CodeIgniter\Session\Handlers\FileHandler' driver.
WARNING - 2026-05-21 12:07:36 --> [DEPRECATED] Creation of dynamic property CodeIgniter\HTTP\IncomingRequest::$user is deprecated in APPPATH\Filters\JwtAuthWeb.php on line 32.
 1 SYSTEMPATH\Filters\Filters.php(182): App\Filters\JwtAuthWeb->before(Object(CodeIgniter\HTTP\IncomingRequest), null)
 2 SYSTEMPATH\CodeIgniter.php(475): CodeIgniter\Filters\Filters->run('get_risk_Chart_bf', 'before')
 3 SYSTEMPATH\CodeIgniter.php(361): CodeIgniter\CodeIgniter->handleRequest(null, Object(Config\Cache), false)
 4 FCPATH\index.php(79): CodeIgniter\CodeIgniter->run()
INFO - 2026-05-21 12:07:36 --> Session: Class initialized using 'CodeIgniter\Session\Handlers\FileHandler' driver.
WARNING - 2026-05-21 12:07:36 --> [DEPRECATED] Creation of dynamic property CodeIgniter\HTTP\IncomingRequest::$user is deprecated in APPPATH\Filters\JwtAuthWeb.php on line 32.
 1 SYSTEMPATH\Filters\Filters.php(182): App\Filters\JwtAuthWeb->before(Object(CodeIgniter\HTTP\IncomingRequest), null)
 2 SYSTEMPATH\CodeIgniter.php(475): CodeIgniter\Filters\Filters->run('get_risk_Chart_af', 'before')
 3 SYSTEMPATH\CodeIgniter.php(361): CodeIgniter\CodeIgniter->handleRequest(null, Object(Config\Cache), false)
 4 FCPATH\index.php(79): CodeIgniter\CodeIgniter->run()
INFO - 2026-05-21 12:07:36 --> Session: Class initialized using 'CodeIgniter\Session\Handlers\FileHandler' driver.
WARNING - 2026-05-21 12:07:36 --> [DEPRECATED] Creation of dynamic property CodeIgniter\HTTP\IncomingRequest::$user is deprecated in APPPATH\Filters\JwtAuthWeb.php on line 32.
 1 SYSTEMPATH\Filters\Filters.php(182): App\Filters\JwtAuthWeb->before(Object(CodeIgniter\HTTP\IncomingRequest), null)
 2 SYSTEMPATH\CodeIgniter.php(475): CodeIgniter\Filters\Filters->run('getChart_newcase', 'before')
 3 SYSTEMPATH\CodeIgniter.php(361): CodeIgniter\CodeIgniter->handleRequest(null, Object(Config\Cache), false)
 4 FCPATH\index.php(79): CodeIgniter\CodeIgniter->run()
INFO - 2026-05-21 12:07:36 --> Session: Class initialized using 'CodeIgniter\Session\Handlers\FileHandler' driver.
WARNING - 2026-05-21 12:07:36 --> [DEPRECATED] Creation of dynamic property CodeIgniter\HTTP\IncomingRequest::$user is deprecated in APPPATH\Filters\JwtAuthWeb.php on line 32.
 1 SYSTEMPATH\Filters\Filters.php(182): App\Filters\JwtAuthWeb->before(Object(CodeIgniter\HTTP\IncomingRequest), null)
 2 SYSTEMPATH\CodeIgniter.php(475): CodeIgniter\Filters\Filters->run('getChart_ckd', 'before')
 3 SYSTEMPATH\CodeIgniter.php(361): CodeIgniter\CodeIgniter->handleRequest(null, Object(Config\Cache), false)
 4 FCPATH\index.php(79): CodeIgniter\CodeIgniter->run()
INFO - 2026-05-21 12:07:36 --> Session: Class initialized using 'CodeIgniter\Session\Handlers\FileHandler' driver.
WARNING - 2026-05-21 12:07:36 --> [DEPRECATED] Creation of dynamic property CodeIgniter\HTTP\IncomingRequest::$user is deprecated in APPPATH\Filters\JwtAuthWeb.php on line 32.
 1 SYSTEMPATH\Filters\Filters.php(182): App\Filters\JwtAuthWeb->before(Object(CodeIgniter\HTTP\IncomingRequest), null)
 2 SYSTEMPATH\CodeIgniter.php(475): CodeIgniter\Filters\Filters->run('getChart_healthLit', 'before')
 3 SYSTEMPATH\CodeIgniter.php(361): CodeIgniter\CodeIgniter->handleRequest(null, Object(Config\Cache), false)
 4 FCPATH\index.php(79): CodeIgniter\CodeIgniter->run()
INFO - 2026-05-21 12:07:36 --> Session: Class initialized using 'CodeIgniter\Session\Handlers\FileHandler' driver.
WARNING - 2026-05-21 12:07:36 --> [DEPRECATED] Creation of dynamic property CodeIgniter\HTTP\IncomingRequest::$user is deprecated in APPPATH\Filters\JwtAuthWeb.php on line 32.
 1 SYSTEMPATH\Filters\Filters.php(182): App\Filters\JwtAuthWeb->before(Object(CodeIgniter\HTTP\IncomingRequest), null)
 2 SYSTEMPATH\CodeIgniter.php(475): CodeIgniter\Filters\Filters->run('getChart_result', 'before')
 3 SYSTEMPATH\CodeIgniter.php(361): CodeIgniter\CodeIgniter->handleRequest(null, Object(Config\Cache), false)
 4 FCPATH\index.php(79): CodeIgniter\CodeIgniter->run()
INFO - 2026-05-21 12:07:47 --> Session: Class initialized using 'CodeIgniter\Session\Handlers\FileHandler' driver.
WARNING - 2026-05-21 12:07:47 --> [DEPRECATED] Creation of dynamic property CodeIgniter\HTTP\IncomingRequest::$user is deprecated in APPPATH\Filters\JwtAuthWeb.php on line 32.
 1 SYSTEMPATH\Filters\Filters.php(182): App\Filters\JwtAuthWeb->before(Object(CodeIgniter\HTTP\IncomingRequest), null)
 2 SYSTEMPATH\CodeIgniter.php(475): CodeIgniter\Filters\Filters->run('setting/tumbons', 'before')
 3 SYSTEMPATH\CodeIgniter.php(361): CodeIgniter\CodeIgniter->handleRequest(null, Object(Config\Cache), false)
 4 FCPATH\index.php(79): CodeIgniter\CodeIgniter->run()
WARNING - 2026-05-21 12:07:47 --> [DEPRECATED] Creation of dynamic property CodeIgniter\HTTP\IncomingRequest::$user is deprecated in APPPATH\Filters\JwtAuth.php on line 47.
 1 SYSTEMPATH\Filters\Filters.php(182): App\Filters\JwtAuth->before(Object(CodeIgniter\HTTP\IncomingRequest), null)
 2 SYSTEMPATH\CodeIgniter.php(475): CodeIgniter\Filters\Filters->run('api/profile', 'before')
 3 SYSTEMPATH\CodeIgniter.php(361): CodeIgniter\CodeIgniter->handleRequest(null, Object(Config\Cache), false)
 4 FCPATH\index.php(79): CodeIgniter\CodeIgniter->run()
INFO - 2026-05-21 12:07:47 --> Session: Class initialized using 'CodeIgniter\Session\Handlers\FileHandler' driver.
WARNING - 2026-05-21 12:07:47 --> [DEPRECATED] Creation of dynamic property CodeIgniter\HTTP\IncomingRequest::$user is deprecated in APPPATH\Filters\JwtAuthWeb.php on line 32.
 1 SYSTEMPATH\Filters\Filters.php(182): App\Filters\JwtAuthWeb->before(Object(CodeIgniter\HTTP\IncomingRequest), null)
 2 SYSTEMPATH\CodeIgniter.php(475): CodeIgniter\Filters\Filters->run('setting/get_tumbon', 'before')
 3 SYSTEMPATH\CodeIgniter.php(361): CodeIgniter\CodeIgniter->handleRequest(null, Object(Config\Cache), false)
 4 FCPATH\index.php(79): CodeIgniter\CodeIgniter->run()
INFO - 2026-05-21 12:07:49 --> Session: Class initialized using 'CodeIgniter\Session\Handlers\FileHandler' driver.
WARNING - 2026-05-21 12:07:49 --> [DEPRECATED] Creation of dynamic property CodeIgniter\HTTP\IncomingRequest::$user is deprecated in APPPATH\Filters\JwtAuthWeb.php on line 32.
 1 SYSTEMPATH\Filters\Filters.php(182): App\Filters\JwtAuthWeb->before(Object(CodeIgniter\HTTP\IncomingRequest), null)
 2 SYSTEMPATH\CodeIgniter.php(475): CodeIgniter\Filters\Filters->run('setting/get_village', 'before')
 3 SYSTEMPATH\CodeIgniter.php(361): CodeIgniter\CodeIgniter->handleRequest(null, Object(Config\Cache), false)
 4 FCPATH\index.php(79): CodeIgniter\CodeIgniter->run()
INFO - 2026-05-21 12:08:35 --> Session: Class initialized using 'CodeIgniter\Session\Handlers\FileHandler' driver.
WARNING - 2026-05-21 12:08:35 --> [DEPRECATED] Creation of dynamic property CodeIgniter\HTTP\IncomingRequest::$user is deprecated in APPPATH\Filters\JwtAuthWeb.php on line 32.
 1 SYSTEMPATH\Filters\Filters.php(182): App\Filters\JwtAuthWeb->before(Object(CodeIgniter\HTTP\IncomingRequest), null)
 2 SYSTEMPATH\CodeIgniter.php(475): CodeIgniter\Filters\Filters->run('setting/tumbons', 'before')
 3 SYSTEMPATH\CodeIgniter.php(361): CodeIgniter\CodeIgniter->handleRequest(null, Object(Config\Cache), false)
 4 FCPATH\index.php(79): CodeIgniter\CodeIgniter->run()
WARNING - 2026-05-21 12:08:36 --> [DEPRECATED] Creation of dynamic property CodeIgniter\HTTP\IncomingRequest::$user is deprecated in APPPATH\Filters\JwtAuth.php on line 47.
 1 SYSTEMPATH\Filters\Filters.php(182): App\Filters\JwtAuth->before(Object(CodeIgniter\HTTP\IncomingRequest), null)
 2 SYSTEMPATH\CodeIgniter.php(475): CodeIgniter\Filters\Filters->run('api/profile', 'before')
 3 SYSTEMPATH\CodeIgniter.php(361): CodeIgniter\CodeIgniter->handleRequest(null, Object(Config\Cache), false)
 4 FCPATH\index.php(79): CodeIgniter\CodeIgniter->run()
INFO - 2026-05-21 12:08:36 --> Session: Class initialized using 'CodeIgniter\Session\Handlers\FileHandler' driver.
WARNING - 2026-05-21 12:08:36 --> [DEPRECATED] Creation of dynamic property CodeIgniter\HTTP\IncomingRequest::$user is deprecated in APPPATH\Filters\JwtAuthWeb.php on line 32.
 1 SYSTEMPATH\Filters\Filters.php(182): App\Filters\JwtAuthWeb->before(Object(CodeIgniter\HTTP\IncomingRequest), null)
 2 SYSTEMPATH\CodeIgniter.php(475): CodeIgniter\Filters\Filters->run('setting/get_tumbon', 'before')
 3 SYSTEMPATH\CodeIgniter.php(361): CodeIgniter\CodeIgniter->handleRequest(null, Object(Config\Cache), false)
 4 FCPATH\index.php(79): CodeIgniter\CodeIgniter->run()
INFO - 2026-05-21 12:08:39 --> Session: Class initialized using 'CodeIgniter\Session\Handlers\FileHandler' driver.
WARNING - 2026-05-21 12:08:39 --> [DEPRECATED] Creation of dynamic property CodeIgniter\HTTP\IncomingRequest::$user is deprecated in APPPATH\Filters\JwtAuthWeb.php on line 32.
 1 SYSTEMPATH\Filters\Filters.php(182): App\Filters\JwtAuthWeb->before(Object(CodeIgniter\HTTP\IncomingRequest), null)
 2 SYSTEMPATH\CodeIgniter.php(475): CodeIgniter\Filters\Filters->run('setting/get_village', 'before')
 3 SYSTEMPATH\CodeIgniter.php(361): CodeIgniter\CodeIgniter->handleRequest(null, Object(Config\Cache), false)
 4 FCPATH\index.php(79): CodeIgniter\CodeIgniter->run()
INFO - 2026-05-21 13:08:34 --> Session: Class initialized using 'CodeIgniter\Session\Handlers\FileHandler' driver.
INFO - 2026-05-21 13:08:47 --> Session: Class initialized using 'CodeIgniter\Session\Handlers\FileHandler' driver.
INFO - 2026-05-21 13:08:49 --> Session: Class initialized using 'CodeIgniter\Session\Handlers\FileHandler' driver.
WARNING - 2026-05-21 13:08:49 --> [DEPRECATED] Creation of dynamic property CodeIgniter\HTTP\IncomingRequest::$user is deprecated in APPPATH\Filters\JwtAuthWeb.php on line 32.
 1 SYSTEMPATH\Filters\Filters.php(182): App\Filters\JwtAuthWeb->before(Object(CodeIgniter\HTTP\IncomingRequest), null)
 2 SYSTEMPATH\CodeIgniter.php(475): CodeIgniter\Filters\Filters->run('dashboard', 'before')
 3 SYSTEMPATH\CodeIgniter.php(361): CodeIgniter\CodeIgniter->handleRequest(null, Object(Config\Cache), false)
 4 FCPATH\index.php(79): CodeIgniter\CodeIgniter->run()
WARNING - 2026-05-21 13:08:49 --> [DEPRECATED] Creation of dynamic property CodeIgniter\HTTP\IncomingRequest::$user is deprecated in APPPATH\Filters\JwtAuth.php on line 47.
 1 SYSTEMPATH\Filters\Filters.php(182): App\Filters\JwtAuth->before(Object(CodeIgniter\HTTP\IncomingRequest), null)
 2 SYSTEMPATH\CodeIgniter.php(475): CodeIgniter\Filters\Filters->run('api/profile', 'before')
 3 SYSTEMPATH\CodeIgniter.php(361): CodeIgniter\CodeIgniter->handleRequest(null, Object(Config\Cache), false)
 4 FCPATH\index.php(79): CodeIgniter\CodeIgniter->run()
INFO - 2026-05-21 13:08:49 --> Session: Class initialized using 'CodeIgniter\Session\Handlers\FileHandler' driver.
WARNING - 2026-05-21 13:08:49 --> [DEPRECATED] Creation of dynamic property CodeIgniter\HTTP\IncomingRequest::$user is deprecated in APPPATH\Filters\JwtAuthWeb.php on line 32.
 1 SYSTEMPATH\Filters\Filters.php(182): App\Filters\JwtAuthWeb->before(Object(CodeIgniter\HTTP\IncomingRequest), null)
 2 SYSTEMPATH\CodeIgniter.php(475): CodeIgniter\Filters\Filters->run('getChart_data', 'before')
 3 SYSTEMPATH\CodeIgniter.php(361): CodeIgniter\CodeIgniter->handleRequest(null, Object(Config\Cache), false)
 4 FCPATH\index.php(79): CodeIgniter\CodeIgniter->run()
INFO - 2026-05-21 13:08:50 --> Session: Class initialized using 'CodeIgniter\Session\Handlers\FileHandler' driver.
WARNING - 2026-05-21 13:08:50 --> [DEPRECATED] Creation of dynamic property CodeIgniter\HTTP\IncomingRequest::$user is deprecated in APPPATH\Filters\JwtAuthWeb.php on line 32.
 1 SYSTEMPATH\Filters\Filters.php(182): App\Filters\JwtAuthWeb->before(Object(CodeIgniter\HTTP\IncomingRequest), null)
 2 SYSTEMPATH\CodeIgniter.php(475): CodeIgniter\Filters\Filters->run('getChart_patient', 'before')
 3 SYSTEMPATH\CodeIgniter.php(361): CodeIgniter\CodeIgniter->handleRequest(null, Object(Config\Cache), false)
 4 FCPATH\index.php(79): CodeIgniter\CodeIgniter->run()
INFO - 2026-05-21 13:08:50 --> Session: Class initialized using 'CodeIgniter\Session\Handlers\FileHandler' driver.
WARNING - 2026-05-21 13:08:50 --> [DEPRECATED] Creation of dynamic property CodeIgniter\HTTP\IncomingRequest::$user is deprecated in APPPATH\Filters\JwtAuthWeb.php on line 32.
 1 SYSTEMPATH\Filters\Filters.php(182): App\Filters\JwtAuthWeb->before(Object(CodeIgniter\HTTP\IncomingRequest), null)
 2 SYSTEMPATH\CodeIgniter.php(475): CodeIgniter\Filters\Filters->run('getChart_All', 'before')
 3 SYSTEMPATH\CodeIgniter.php(361): CodeIgniter\CodeIgniter->handleRequest(null, Object(Config\Cache), false)
 4 FCPATH\index.php(79): CodeIgniter\CodeIgniter->run()
INFO - 2026-05-21 13:08:50 --> Session: Class initialized using 'CodeIgniter\Session\Handlers\FileHandler' driver.
WARNING - 2026-05-21 13:08:50 --> [DEPRECATED] Creation of dynamic property CodeIgniter\HTTP\IncomingRequest::$user is deprecated in APPPATH\Filters\JwtAuthWeb.php on line 32.
 1 SYSTEMPATH\Filters\Filters.php(182): App\Filters\JwtAuthWeb->before(Object(CodeIgniter\HTTP\IncomingRequest), null)
 2 SYSTEMPATH\CodeIgniter.php(475): CodeIgniter\Filters\Filters->run('get_data_chartInproj', 'before')
 3 SYSTEMPATH\CodeIgniter.php(361): CodeIgniter\CodeIgniter->handleRequest(null, Object(Config\Cache), false)
 4 FCPATH\index.php(79): CodeIgniter\CodeIgniter->run()
INFO - 2026-05-21 13:08:50 --> Session: Class initialized using 'CodeIgniter\Session\Handlers\FileHandler' driver.
WARNING - 2026-05-21 13:08:50 --> [DEPRECATED] Creation of dynamic property CodeIgniter\HTTP\IncomingRequest::$user is deprecated in APPPATH\Filters\JwtAuthWeb.php on line 32.
 1 SYSTEMPATH\Filters\Filters.php(182): App\Filters\JwtAuthWeb->before(Object(CodeIgniter\HTTP\IncomingRequest), null)
 2 SYSTEMPATH\CodeIgniter.php(475): CodeIgniter\Filters\Filters->run('get_risk_Chart_bf', 'before')
 3 SYSTEMPATH\CodeIgniter.php(361): CodeIgniter\CodeIgniter->handleRequest(null, Object(Config\Cache), false)
 4 FCPATH\index.php(79): CodeIgniter\CodeIgniter->run()
INFO - 2026-05-21 13:08:50 --> Session: Class initialized using 'CodeIgniter\Session\Handlers\FileHandler' driver.
WARNING - 2026-05-21 13:08:50 --> [DEPRECATED] Creation of dynamic property CodeIgniter\HTTP\IncomingRequest::$user is deprecated in APPPATH\Filters\JwtAuthWeb.php on line 32.
 1 SYSTEMPATH\Filters\Filters.php(182): App\Filters\JwtAuthWeb->before(Object(CodeIgniter\HTTP\IncomingRequest), null)
 2 SYSTEMPATH\CodeIgniter.php(475): CodeIgniter\Filters\Filters->run('get_risk_Chart_af', 'before')
 3 SYSTEMPATH\CodeIgniter.php(361): CodeIgniter\CodeIgniter->handleRequest(null, Object(Config\Cache), false)
 4 FCPATH\index.php(79): CodeIgniter\CodeIgniter->run()
INFO - 2026-05-21 13:08:50 --> Session: Class initialized using 'CodeIgniter\Session\Handlers\FileHandler' driver.
WARNING - 2026-05-21 13:08:50 --> [DEPRECATED] Creation of dynamic property CodeIgniter\HTTP\IncomingRequest::$user is deprecated in APPPATH\Filters\JwtAuthWeb.php on line 32.
 1 SYSTEMPATH\Filters\Filters.php(182): App\Filters\JwtAuthWeb->before(Object(CodeIgniter\HTTP\IncomingRequest), null)
 2 SYSTEMPATH\CodeIgniter.php(475): CodeIgniter\Filters\Filters->run('getChart_newcase', 'before')
 3 SYSTEMPATH\CodeIgniter.php(361): CodeIgniter\CodeIgniter->handleRequest(null, Object(Config\Cache), false)
 4 FCPATH\index.php(79): CodeIgniter\CodeIgniter->run()
INFO - 2026-05-21 13:08:50 --> Session: Class initialized using 'CodeIgniter\Session\Handlers\FileHandler' driver.
WARNING - 2026-05-21 13:08:50 --> [DEPRECATED] Creation of dynamic property CodeIgniter\HTTP\IncomingRequest::$user is deprecated in APPPATH\Filters\JwtAuthWeb.php on line 32.
 1 SYSTEMPATH\Filters\Filters.php(182): App\Filters\JwtAuthWeb->before(Object(CodeIgniter\HTTP\IncomingRequest), null)
 2 SYSTEMPATH\CodeIgniter.php(475): CodeIgniter\Filters\Filters->run('getChart_ckd', 'before')
 3 SYSTEMPATH\CodeIgniter.php(361): CodeIgniter\CodeIgniter->handleRequest(null, Object(Config\Cache), false)
 4 FCPATH\index.php(79): CodeIgniter\CodeIgniter->run()
INFO - 2026-05-21 13:08:51 --> Session: Class initialized using 'CodeIgniter\Session\Handlers\FileHandler' driver.
WARNING - 2026-05-21 13:08:51 --> [DEPRECATED] Creation of dynamic property CodeIgniter\HTTP\IncomingRequest::$user is deprecated in APPPATH\Filters\JwtAuthWeb.php on line 32.
 1 SYSTEMPATH\Filters\Filters.php(182): App\Filters\JwtAuthWeb->before(Object(CodeIgniter\HTTP\IncomingRequest), null)
 2 SYSTEMPATH\CodeIgniter.php(475): CodeIgniter\Filters\Filters->run('getChart_healthLit', 'before')
 3 SYSTEMPATH\CodeIgniter.php(361): CodeIgniter\CodeIgniter->handleRequest(null, Object(Config\Cache), false)
 4 FCPATH\index.php(79): CodeIgniter\CodeIgniter->run()
INFO - 2026-05-21 13:08:51 --> Session: Class initialized using 'CodeIgniter\Session\Handlers\FileHandler' driver.
WARNING - 2026-05-21 13:08:51 --> [DEPRECATED] Creation of dynamic property CodeIgniter\HTTP\IncomingRequest::$user is deprecated in APPPATH\Filters\JwtAuthWeb.php on line 32.
 1 SYSTEMPATH\Filters\Filters.php(182): App\Filters\JwtAuthWeb->before(Object(CodeIgniter\HTTP\IncomingRequest), null)
 2 SYSTEMPATH\CodeIgniter.php(475): CodeIgniter\Filters\Filters->run('getChart_result', 'before')
 3 SYSTEMPATH\CodeIgniter.php(361): CodeIgniter\CodeIgniter->handleRequest(null, Object(Config\Cache), false)
 4 FCPATH\index.php(79): CodeIgniter\CodeIgniter->run()
INFO - 2026-05-21 13:08:58 --> Session: Class initialized using 'CodeIgniter\Session\Handlers\FileHandler' driver.
WARNING - 2026-05-21 13:08:58 --> [DEPRECATED] Creation of dynamic property CodeIgniter\HTTP\IncomingRequest::$user is deprecated in APPPATH\Filters\JwtAuthWeb.php on line 32.
 1 SYSTEMPATH\Filters\Filters.php(182): App\Filters\JwtAuthWeb->before(Object(CodeIgniter\HTTP\IncomingRequest), null)
 2 SYSTEMPATH\CodeIgniter.php(475): CodeIgniter\Filters\Filters->run('setting/tumbons', 'before')
 3 SYSTEMPATH\CodeIgniter.php(361): CodeIgniter\CodeIgniter->handleRequest(null, Object(Config\Cache), false)
 4 FCPATH\index.php(79): CodeIgniter\CodeIgniter->run()
WARNING - 2026-05-21 13:08:58 --> [DEPRECATED] Creation of dynamic property CodeIgniter\HTTP\IncomingRequest::$user is deprecated in APPPATH\Filters\JwtAuth.php on line 47.
 1 SYSTEMPATH\Filters\Filters.php(182): App\Filters\JwtAuth->before(Object(CodeIgniter\HTTP\IncomingRequest), null)
 2 SYSTEMPATH\CodeIgniter.php(475): CodeIgniter\Filters\Filters->run('api/profile', 'before')
 3 SYSTEMPATH\CodeIgniter.php(361): CodeIgniter\CodeIgniter->handleRequest(null, Object(Config\Cache), false)
 4 FCPATH\index.php(79): CodeIgniter\CodeIgniter->run()
INFO - 2026-05-21 13:08:58 --> Session: Class initialized using 'CodeIgniter\Session\Handlers\FileHandler' driver.
WARNING - 2026-05-21 13:08:58 --> [DEPRECATED] Creation of dynamic property CodeIgniter\HTTP\IncomingRequest::$user is deprecated in APPPATH\Filters\JwtAuthWeb.php on line 32.
 1 SYSTEMPATH\Filters\Filters.php(182): App\Filters\JwtAuthWeb->before(Object(CodeIgniter\HTTP\IncomingRequest), null)
 2 SYSTEMPATH\CodeIgniter.php(475): CodeIgniter\Filters\Filters->run('setting/get_tumbon', 'before')
 3 SYSTEMPATH\CodeIgniter.php(361): CodeIgniter\CodeIgniter->handleRequest(null, Object(Config\Cache), false)
 4 FCPATH\index.php(79): CodeIgniter\CodeIgniter->run()
INFO - 2026-05-21 13:09:02 --> Session: Class initialized using 'CodeIgniter\Session\Handlers\FileHandler' driver.
WARNING - 2026-05-21 13:09:02 --> [DEPRECATED] Creation of dynamic property CodeIgniter\HTTP\IncomingRequest::$user is deprecated in APPPATH\Filters\JwtAuthWeb.php on line 32.
 1 SYSTEMPATH\Filters\Filters.php(182): App\Filters\JwtAuthWeb->before(Object(CodeIgniter\HTTP\IncomingRequest), null)
 2 SYSTEMPATH\CodeIgniter.php(475): CodeIgniter\Filters\Filters->run('setting/get_village', 'before')
 3 SYSTEMPATH\CodeIgniter.php(361): CodeIgniter\CodeIgniter->handleRequest(null, Object(Config\Cache), false)
 4 FCPATH\index.php(79): CodeIgniter\CodeIgniter->run()
INFO - 2026-05-21 13:09:38 --> Session: Class initialized using 'CodeIgniter\Session\Handlers\FileHandler' driver.
WARNING - 2026-05-21 13:09:38 --> [DEPRECATED] Creation of dynamic property CodeIgniter\HTTP\IncomingRequest::$user is deprecated in APPPATH\Filters\JwtAuthWeb.php on line 32.
 1 SYSTEMPATH\Filters\Filters.php(182): App\Filters\JwtAuthWeb->before(Object(CodeIgniter\HTTP\IncomingRequest), null)
 2 SYSTEMPATH\CodeIgniter.php(475): CodeIgniter\Filters\Filters->run('fetchData/riskDm_HL', 'before')
 3 SYSTEMPATH\CodeIgniter.php(361): CodeIgniter\CodeIgniter->handleRequest(null, Object(Config\Cache), false)
 4 FCPATH\index.php(79): CodeIgniter\CodeIgniter->run()
WARNING - 2026-05-21 13:09:38 --> [DEPRECATED] Creation of dynamic property CodeIgniter\HTTP\IncomingRequest::$user is deprecated in APPPATH\Filters\JwtAuth.php on line 47.
 1 SYSTEMPATH\Filters\Filters.php(182): App\Filters\JwtAuth->before(Object(CodeIgniter\HTTP\IncomingRequest), null)
 2 SYSTEMPATH\CodeIgniter.php(475): CodeIgniter\Filters\Filters->run('api/profile', 'before')
 3 SYSTEMPATH\CodeIgniter.php(361): CodeIgniter\CodeIgniter->handleRequest(null, Object(Config\Cache), false)
 4 FCPATH\index.php(79): CodeIgniter\CodeIgniter->run()
INFO - 2026-05-21 13:09:38 --> Session: Class initialized using 'CodeIgniter\Session\Handlers\FileHandler' driver.
WARNING - 2026-05-21 13:09:38 --> [DEPRECATED] Creation of dynamic property CodeIgniter\HTTP\IncomingRequest::$user is deprecated in APPPATH\Filters\JwtAuthWeb.php on line 32.
 1 SYSTEMPATH\Filters\Filters.php(182): App\Filters\JwtAuthWeb->before(Object(CodeIgniter\HTTP\IncomingRequest), null)
 2 SYSTEMPATH\CodeIgniter.php(475): CodeIgniter\Filters\Filters->run('fetchRisk/fecth_dm_risk', 'before')
 3 SYSTEMPATH\CodeIgniter.php(361): CodeIgniter\CodeIgniter->handleRequest(null, Object(Config\Cache), false)
 4 FCPATH\index.php(79): CodeIgniter\CodeIgniter->run()
INFO - 2026-05-21 13:14:12 --> Session: Class initialized using 'CodeIgniter\Session\Handlers\FileHandler' driver.
INFO - 2026-05-21 13:14:14 --> Session: Class initialized using 'CodeIgniter\Session\Handlers\FileHandler' driver.
WARNING - 2026-05-21 13:14:14 --> [DEPRECATED] Creation of dynamic property CodeIgniter\HTTP\IncomingRequest::$user is deprecated in APPPATH\Filters\JwtAuthWeb.php on line 32.
 1 SYSTEMPATH\Filters\Filters.php(182): App\Filters\JwtAuthWeb->before(Object(CodeIgniter\HTTP\IncomingRequest), null)
 2 SYSTEMPATH\CodeIgniter.php(475): CodeIgniter\Filters\Filters->run('dashboard', 'before')
 3 SYSTEMPATH\CodeIgniter.php(361): CodeIgniter\CodeIgniter->handleRequest(null, Object(Config\Cache), false)
 4 FCPATH\index.php(79): CodeIgniter\CodeIgniter->run()
WARNING - 2026-05-21 13:14:15 --> [DEPRECATED] Creation of dynamic property CodeIgniter\HTTP\IncomingRequest::$user is deprecated in APPPATH\Filters\JwtAuth.php on line 47.
 1 SYSTEMPATH\Filters\Filters.php(182): App\Filters\JwtAuth->before(Object(CodeIgniter\HTTP\IncomingRequest), null)
 2 SYSTEMPATH\CodeIgniter.php(475): CodeIgniter\Filters\Filters->run('api/profile', 'before')
 3 SYSTEMPATH\CodeIgniter.php(361): CodeIgniter\CodeIgniter->handleRequest(null, Object(Config\Cache), false)
 4 FCPATH\index.php(79): CodeIgniter\CodeIgniter->run()
INFO - 2026-05-21 13:14:15 --> Session: Class initialized using 'CodeIgniter\Session\Handlers\FileHandler' driver.
WARNING - 2026-05-21 13:14:15 --> [DEPRECATED] Creation of dynamic property CodeIgniter\HTTP\IncomingRequest::$user is deprecated in APPPATH\Filters\JwtAuthWeb.php on line 32.
 1 SYSTEMPATH\Filters\Filters.php(182): App\Filters\JwtAuthWeb->before(Object(CodeIgniter\HTTP\IncomingRequest), null)
 2 SYSTEMPATH\CodeIgniter.php(475): CodeIgniter\Filters\Filters->run('getChart_data', 'before')
 3 SYSTEMPATH\CodeIgniter.php(361): CodeIgniter\CodeIgniter->handleRequest(null, Object(Config\Cache), false)
 4 FCPATH\index.php(79): CodeIgniter\CodeIgniter->run()
INFO - 2026-05-21 13:14:15 --> Session: Class initialized using 'CodeIgniter\Session\Handlers\FileHandler' driver.
WARNING - 2026-05-21 13:14:15 --> [DEPRECATED] Creation of dynamic property CodeIgniter\HTTP\IncomingRequest::$user is deprecated in APPPATH\Filters\JwtAuthWeb.php on line 32.
 1 SYSTEMPATH\Filters\Filters.php(182): App\Filters\JwtAuthWeb->before(Object(CodeIgniter\HTTP\IncomingRequest), null)
 2 SYSTEMPATH\CodeIgniter.php(475): CodeIgniter\Filters\Filters->run('getChart_patient', 'before')
 3 SYSTEMPATH\CodeIgniter.php(361): CodeIgniter\CodeIgniter->handleRequest(null, Object(Config\Cache), false)
 4 FCPATH\index.php(79): CodeIgniter\CodeIgniter->run()
INFO - 2026-05-21 13:14:15 --> Session: Class initialized using 'CodeIgniter\Session\Handlers\FileHandler' driver.
WARNING - 2026-05-21 13:14:15 --> [DEPRECATED] Creation of dynamic property CodeIgniter\HTTP\IncomingRequest::$user is deprecated in APPPATH\Filters\JwtAuthWeb.php on line 32.
 1 SYSTEMPATH\Filters\Filters.php(182): App\Filters\JwtAuthWeb->before(Object(CodeIgniter\HTTP\IncomingRequest), null)
 2 SYSTEMPATH\CodeIgniter.php(475): CodeIgniter\Filters\Filters->run('getChart_All', 'before')
 3 SYSTEMPATH\CodeIgniter.php(361): CodeIgniter\CodeIgniter->handleRequest(null, Object(Config\Cache), false)
 4 FCPATH\index.php(79): CodeIgniter\CodeIgniter->run()
INFO - 2026-05-21 13:14:15 --> Session: Class initialized using 'CodeIgniter\Session\Handlers\FileHandler' driver.
WARNING - 2026-05-21 13:14:15 --> [DEPRECATED] Creation of dynamic property CodeIgniter\HTTP\IncomingRequest::$user is deprecated in APPPATH\Filters\JwtAuthWeb.php on line 32.
 1 SYSTEMPATH\Filters\Filters.php(182): App\Filters\JwtAuthWeb->before(Object(CodeIgniter\HTTP\IncomingRequest), null)
 2 SYSTEMPATH\CodeIgniter.php(475): CodeIgniter\Filters\Filters->run('get_data_chartInproj', 'before')
 3 SYSTEMPATH\CodeIgniter.php(361): CodeIgniter\CodeIgniter->handleRequest(null, Object(Config\Cache), false)
 4 FCPATH\index.php(79): CodeIgniter\CodeIgniter->run()
INFO - 2026-05-21 13:14:15 --> Session: Class initialized using 'CodeIgniter\Session\Handlers\FileHandler' driver.
WARNING - 2026-05-21 13:14:15 --> [DEPRECATED] Creation of dynamic property CodeIgniter\HTTP\IncomingRequest::$user is deprecated in APPPATH\Filters\JwtAuthWeb.php on line 32.
 1 SYSTEMPATH\Filters\Filters.php(182): App\Filters\JwtAuthWeb->before(Object(CodeIgniter\HTTP\IncomingRequest), null)
 2 SYSTEMPATH\CodeIgniter.php(475): CodeIgniter\Filters\Filters->run('get_risk_Chart_bf', 'before')
 3 SYSTEMPATH\CodeIgniter.php(361): CodeIgniter\CodeIgniter->handleRequest(null, Object(Config\Cache), false)
 4 FCPATH\index.php(79): CodeIgniter\CodeIgniter->run()
INFO - 2026-05-21 13:14:15 --> Session: Class initialized using 'CodeIgniter\Session\Handlers\FileHandler' driver.
WARNING - 2026-05-21 13:14:15 --> [DEPRECATED] Creation of dynamic property CodeIgniter\HTTP\IncomingRequest::$user is deprecated in APPPATH\Filters\JwtAuthWeb.php on line 32.
 1 SYSTEMPATH\Filters\Filters.php(182): App\Filters\JwtAuthWeb->before(Object(CodeIgniter\HTTP\IncomingRequest), null)
 2 SYSTEMPATH\CodeIgniter.php(475): CodeIgniter\Filters\Filters->run('get_risk_Chart_af', 'before')
 3 SYSTEMPATH\CodeIgniter.php(361): CodeIgniter\CodeIgniter->handleRequest(null, Object(Config\Cache), false)
 4 FCPATH\index.php(79): CodeIgniter\CodeIgniter->run()
INFO - 2026-05-21 13:14:16 --> Session: Class initialized using 'CodeIgniter\Session\Handlers\FileHandler' driver.
WARNING - 2026-05-21 13:14:16 --> [DEPRECATED] Creation of dynamic property CodeIgniter\HTTP\IncomingRequest::$user is deprecated in APPPATH\Filters\JwtAuthWeb.php on line 32.
 1 SYSTEMPATH\Filters\Filters.php(182): App\Filters\JwtAuthWeb->before(Object(CodeIgniter\HTTP\IncomingRequest), null)
 2 SYSTEMPATH\CodeIgniter.php(475): CodeIgniter\Filters\Filters->run('getChart_newcase', 'before')
 3 SYSTEMPATH\CodeIgniter.php(361): CodeIgniter\CodeIgniter->handleRequest(null, Object(Config\Cache), false)
 4 FCPATH\index.php(79): CodeIgniter\CodeIgniter->run()
INFO - 2026-05-21 13:14:16 --> Session: Class initialized using 'CodeIgniter\Session\Handlers\FileHandler' driver.
WARNING - 2026-05-21 13:14:16 --> [DEPRECATED] Creation of dynamic property CodeIgniter\HTTP\IncomingRequest::$user is deprecated in APPPATH\Filters\JwtAuthWeb.php on line 32.
 1 SYSTEMPATH\Filters\Filters.php(182): App\Filters\JwtAuthWeb->before(Object(CodeIgniter\HTTP\IncomingRequest), null)
 2 SYSTEMPATH\CodeIgniter.php(475): CodeIgniter\Filters\Filters->run('getChart_ckd', 'before')
 3 SYSTEMPATH\CodeIgniter.php(361): CodeIgniter\CodeIgniter->handleRequest(null, Object(Config\Cache), false)
 4 FCPATH\index.php(79): CodeIgniter\CodeIgniter->run()
INFO - 2026-05-21 13:14:16 --> Session: Class initialized using 'CodeIgniter\Session\Handlers\FileHandler' driver.
WARNING - 2026-05-21 13:14:16 --> [DEPRECATED] Creation of dynamic property CodeIgniter\HTTP\IncomingRequest::$user is deprecated in APPPATH\Filters\JwtAuthWeb.php on line 32.
 1 SYSTEMPATH\Filters\Filters.php(182): App\Filters\JwtAuthWeb->before(Object(CodeIgniter\HTTP\IncomingRequest), null)
 2 SYSTEMPATH\CodeIgniter.php(475): CodeIgniter\Filters\Filters->run('getChart_healthLit', 'before')
 3 SYSTEMPATH\CodeIgniter.php(361): CodeIgniter\CodeIgniter->handleRequest(null, Object(Config\Cache), false)
 4 FCPATH\index.php(79): CodeIgniter\CodeIgniter->run()
INFO - 2026-05-21 13:14:16 --> Session: Class initialized using 'CodeIgniter\Session\Handlers\FileHandler' driver.
WARNING - 2026-05-21 13:14:16 --> [DEPRECATED] Creation of dynamic property CodeIgniter\HTTP\IncomingRequest::$user is deprecated in APPPATH\Filters\JwtAuthWeb.php on line 32.
 1 SYSTEMPATH\Filters\Filters.php(182): App\Filters\JwtAuthWeb->before(Object(CodeIgniter\HTTP\IncomingRequest), null)
 2 SYSTEMPATH\CodeIgniter.php(475): CodeIgniter\Filters\Filters->run('getChart_result', 'before')
 3 SYSTEMPATH\CodeIgniter.php(361): CodeIgniter\CodeIgniter->handleRequest(null, Object(Config\Cache), false)
 4 FCPATH\index.php(79): CodeIgniter\CodeIgniter->run()
INFO - 2026-05-21 13:15:40 --> Session: Class initialized using 'CodeIgniter\Session\Handlers\FileHandler' driver.
WARNING - 2026-05-21 13:15:40 --> [DEPRECATED] Creation of dynamic property CodeIgniter\HTTP\IncomingRequest::$user is deprecated in APPPATH\Filters\JwtAuthWeb.php on line 32.
 1 SYSTEMPATH\Filters\Filters.php(182): App\Filters\JwtAuthWeb->before(Object(CodeIgniter\HTTP\IncomingRequest), null)
 2 SYSTEMPATH\CodeIgniter.php(475): CodeIgniter\Filters\Filters->run('importData/import43file', 'before')
 3 SYSTEMPATH\CodeIgniter.php(361): CodeIgniter\CodeIgniter->handleRequest(null, Object(Config\Cache), false)
 4 FCPATH\index.php(79): CodeIgniter\CodeIgniter->run()
WARNING - 2026-05-21 13:15:40 --> [DEPRECATED] Creation of dynamic property CodeIgniter\HTTP\IncomingRequest::$user is deprecated in APPPATH\Filters\JwtAuth.php on line 47.
 1 SYSTEMPATH\Filters\Filters.php(182): App\Filters\JwtAuth->before(Object(CodeIgniter\HTTP\IncomingRequest), null)
 2 SYSTEMPATH\CodeIgniter.php(475): CodeIgniter\Filters\Filters->run('api/profile', 'before')
 3 SYSTEMPATH\CodeIgniter.php(361): CodeIgniter\CodeIgniter->handleRequest(null, Object(Config\Cache), false)
 4 FCPATH\index.php(79): CodeIgniter\CodeIgniter->run()
INFO - 2026-05-21 13:19:35 --> Session: Class initialized using 'CodeIgniter\Session\Handlers\FileHandler' driver.
WARNING - 2026-05-21 13:19:35 --> [DEPRECATED] Creation of dynamic property CodeIgniter\HTTP\IncomingRequest::$user is deprecated in APPPATH\Filters\JwtAuthWeb.php on line 32.
 1 SYSTEMPATH\Filters\Filters.php(182): App\Filters\JwtAuthWeb->before(Object(CodeIgniter\HTTP\IncomingRequest), null)
 2 SYSTEMPATH\CodeIgniter.php(475): CodeIgniter\Filters\Filters->run('importData/importPersonData', 'before')
 3 SYSTEMPATH\CodeIgniter.php(361): CodeIgniter\CodeIgniter->handleRequest(null, Object(Config\Cache), false)
 4 FCPATH\index.php(79): CodeIgniter\CodeIgniter->run()
INFO - 2026-05-21 13:20:25 --> Session: Class initialized using 'CodeIgniter\Session\Handlers\FileHandler' driver.
WARNING - 2026-05-21 13:20:25 --> [DEPRECATED] Creation of dynamic property CodeIgniter\HTTP\IncomingRequest::$user is deprecated in APPPATH\Filters\JwtAuthWeb.php on line 32.
 1 SYSTEMPATH\Filters\Filters.php(182): App\Filters\JwtAuthWeb->before(Object(CodeIgniter\HTTP\IncomingRequest), null)
 2 SYSTEMPATH\CodeIgniter.php(475): CodeIgniter\Filters\Filters->run('importData/import43file', 'before')
 3 SYSTEMPATH\CodeIgniter.php(361): CodeIgniter\CodeIgniter->handleRequest(null, Object(Config\Cache), false)
 4 FCPATH\index.php(79): CodeIgniter\CodeIgniter->run()
WARNING - 2026-05-21 13:20:25 --> [DEPRECATED] Creation of dynamic property CodeIgniter\HTTP\IncomingRequest::$user is deprecated in APPPATH\Filters\JwtAuth.php on line 47.
 1 SYSTEMPATH\Filters\Filters.php(182): App\Filters\JwtAuth->before(Object(CodeIgniter\HTTP\IncomingRequest), null)
 2 SYSTEMPATH\CodeIgniter.php(475): CodeIgniter\Filters\Filters->run('api/profile', 'before')
 3 SYSTEMPATH\CodeIgniter.php(361): CodeIgniter\CodeIgniter->handleRequest(null, Object(Config\Cache), false)
 4 FCPATH\index.php(79): CodeIgniter\CodeIgniter->run()
INFO - 2026-05-21 13:20:33 --> Session: Class initialized using 'CodeIgniter\Session\Handlers\FileHandler' driver.
WARNING - 2026-05-21 13:20:33 --> [DEPRECATED] Creation of dynamic property CodeIgniter\HTTP\IncomingRequest::$user is deprecated in APPPATH\Filters\JwtAuthWeb.php on line 32.
 1 SYSTEMPATH\Filters\Filters.php(182): App\Filters\JwtAuthWeb->before(Object(CodeIgniter\HTTP\IncomingRequest), null)
 2 SYSTEMPATH\CodeIgniter.php(475): CodeIgniter\Filters\Filters->run('importData/importHomeData', 'before')
 3 SYSTEMPATH\CodeIgniter.php(361): CodeIgniter\CodeIgniter->handleRequest(null, Object(Config\Cache), false)
 4 FCPATH\index.php(79): CodeIgniter\CodeIgniter->run()
INFO - 2026-05-21 13:20:36 --> Session: Class initialized using 'CodeIgniter\Session\Handlers\FileHandler' driver.
WARNING - 2026-05-21 13:20:36 --> [DEPRECATED] Creation of dynamic property CodeIgniter\HTTP\IncomingRequest::$user is deprecated in APPPATH\Filters\JwtAuthWeb.php on line 32.
 1 SYSTEMPATH\Filters\Filters.php(182): App\Filters\JwtAuthWeb->before(Object(CodeIgniter\HTTP\IncomingRequest), null)
 2 SYSTEMPATH\CodeIgniter.php(475): CodeIgniter\Filters\Filters->run('importData/import43file', 'before')
 3 SYSTEMPATH\CodeIgniter.php(361): CodeIgniter\CodeIgniter->handleRequest(null, Object(Config\Cache), false)
 4 FCPATH\index.php(79): CodeIgniter\CodeIgniter->run()
WARNING - 2026-05-21 13:20:36 --> [DEPRECATED] Creation of dynamic property CodeIgniter\HTTP\IncomingRequest::$user is deprecated in APPPATH\Filters\JwtAuth.php on line 47.
 1 SYSTEMPATH\Filters\Filters.php(182): App\Filters\JwtAuth->before(Object(CodeIgniter\HTTP\IncomingRequest), null)
 2 SYSTEMPATH\CodeIgniter.php(475): CodeIgniter\Filters\Filters->run('api/profile', 'before')
 3 SYSTEMPATH\CodeIgniter.php(361): CodeIgniter\CodeIgniter->handleRequest(null, Object(Config\Cache), false)
 4 FCPATH\index.php(79): CodeIgniter\CodeIgniter->run()
INFO - 2026-05-21 13:20:58 --> Session: Class initialized using 'CodeIgniter\Session\Handlers\FileHandler' driver.
INFO - 2026-05-21 13:21:00 --> Session: Class initialized using 'CodeIgniter\Session\Handlers\FileHandler' driver.
WARNING - 2026-05-21 13:21:00 --> [DEPRECATED] Creation of dynamic property CodeIgniter\HTTP\IncomingRequest::$user is deprecated in APPPATH\Filters\JwtAuthWeb.php on line 32.
 1 SYSTEMPATH\Filters\Filters.php(182): App\Filters\JwtAuthWeb->before(Object(CodeIgniter\HTTP\IncomingRequest), null)
 2 SYSTEMPATH\CodeIgniter.php(475): CodeIgniter\Filters\Filters->run('dashboard', 'before')
 3 SYSTEMPATH\CodeIgniter.php(361): CodeIgniter\CodeIgniter->handleRequest(null, Object(Config\Cache), false)
 4 FCPATH\index.php(79): CodeIgniter\CodeIgniter->run()
WARNING - 2026-05-21 13:21:00 --> [DEPRECATED] Creation of dynamic property CodeIgniter\HTTP\IncomingRequest::$user is deprecated in APPPATH\Filters\JwtAuth.php on line 47.
 1 SYSTEMPATH\Filters\Filters.php(182): App\Filters\JwtAuth->before(Object(CodeIgniter\HTTP\IncomingRequest), null)
 2 SYSTEMPATH\CodeIgniter.php(475): CodeIgniter\Filters\Filters->run('api/profile', 'before')
 3 SYSTEMPATH\CodeIgniter.php(361): CodeIgniter\CodeIgniter->handleRequest(null, Object(Config\Cache), false)
 4 FCPATH\index.php(79): CodeIgniter\CodeIgniter->run()
INFO - 2026-05-21 13:21:00 --> Session: Class initialized using 'CodeIgniter\Session\Handlers\FileHandler' driver.
WARNING - 2026-05-21 13:21:00 --> [DEPRECATED] Creation of dynamic property CodeIgniter\HTTP\IncomingRequest::$user is deprecated in APPPATH\Filters\JwtAuthWeb.php on line 32.
 1 SYSTEMPATH\Filters\Filters.php(182): App\Filters\JwtAuthWeb->before(Object(CodeIgniter\HTTP\IncomingRequest), null)
 2 SYSTEMPATH\CodeIgniter.php(475): CodeIgniter\Filters\Filters->run('getChart_data', 'before')
 3 SYSTEMPATH\CodeIgniter.php(361): CodeIgniter\CodeIgniter->handleRequest(null, Object(Config\Cache), false)
 4 FCPATH\index.php(79): CodeIgniter\CodeIgniter->run()
INFO - 2026-05-21 13:21:01 --> Session: Class initialized using 'CodeIgniter\Session\Handlers\FileHandler' driver.
WARNING - 2026-05-21 13:21:01 --> [DEPRECATED] Creation of dynamic property CodeIgniter\HTTP\IncomingRequest::$user is deprecated in APPPATH\Filters\JwtAuthWeb.php on line 32.
 1 SYSTEMPATH\Filters\Filters.php(182): App\Filters\JwtAuthWeb->before(Object(CodeIgniter\HTTP\IncomingRequest), null)
 2 SYSTEMPATH\CodeIgniter.php(475): CodeIgniter\Filters\Filters->run('getChart_patient', 'before')
 3 SYSTEMPATH\CodeIgniter.php(361): CodeIgniter\CodeIgniter->handleRequest(null, Object(Config\Cache), false)
 4 FCPATH\index.php(79): CodeIgniter\CodeIgniter->run()
INFO - 2026-05-21 13:21:01 --> Session: Class initialized using 'CodeIgniter\Session\Handlers\FileHandler' driver.
WARNING - 2026-05-21 13:21:01 --> [DEPRECATED] Creation of dynamic property CodeIgniter\HTTP\IncomingRequest::$user is deprecated in APPPATH\Filters\JwtAuthWeb.php on line 32.
 1 SYSTEMPATH\Filters\Filters.php(182): App\Filters\JwtAuthWeb->before(Object(CodeIgniter\HTTP\IncomingRequest), null)
 2 SYSTEMPATH\CodeIgniter.php(475): CodeIgniter\Filters\Filters->run('getChart_All', 'before')
 3 SYSTEMPATH\CodeIgniter.php(361): CodeIgniter\CodeIgniter->handleRequest(null, Object(Config\Cache), false)
 4 FCPATH\index.php(79): CodeIgniter\CodeIgniter->run()
INFO - 2026-05-21 13:21:01 --> Session: Class initialized using 'CodeIgniter\Session\Handlers\FileHandler' driver.
WARNING - 2026-05-21 13:21:01 --> [DEPRECATED] Creation of dynamic property CodeIgniter\HTTP\IncomingRequest::$user is deprecated in APPPATH\Filters\JwtAuthWeb.php on line 32.
 1 SYSTEMPATH\Filters\Filters.php(182): App\Filters\JwtAuthWeb->before(Object(CodeIgniter\HTTP\IncomingRequest), null)
 2 SYSTEMPATH\CodeIgniter.php(475): CodeIgniter\Filters\Filters->run('get_data_chartInproj', 'before')
 3 SYSTEMPATH\CodeIgniter.php(361): CodeIgniter\CodeIgniter->handleRequest(null, Object(Config\Cache), false)
 4 FCPATH\index.php(79): CodeIgniter\CodeIgniter->run()
INFO - 2026-05-21 13:21:01 --> Session: Class initialized using 'CodeIgniter\Session\Handlers\FileHandler' driver.
WARNING - 2026-05-21 13:21:01 --> [DEPRECATED] Creation of dynamic property CodeIgniter\HTTP\IncomingRequest::$user is deprecated in APPPATH\Filters\JwtAuthWeb.php on line 32.
 1 SYSTEMPATH\Filters\Filters.php(182): App\Filters\JwtAuthWeb->before(Object(CodeIgniter\HTTP\IncomingRequest), null)
 2 SYSTEMPATH\CodeIgniter.php(475): CodeIgniter\Filters\Filters->run('get_risk_Chart_bf', 'before')
 3 SYSTEMPATH\CodeIgniter.php(361): CodeIgniter\CodeIgniter->handleRequest(null, Object(Config\Cache), false)
 4 FCPATH\index.php(79): CodeIgniter\CodeIgniter->run()
INFO - 2026-05-21 13:21:01 --> Session: Class initialized using 'CodeIgniter\Session\Handlers\FileHandler' driver.
WARNING - 2026-05-21 13:21:01 --> [DEPRECATED] Creation of dynamic property CodeIgniter\HTTP\IncomingRequest::$user is deprecated in APPPATH\Filters\JwtAuthWeb.php on line 32.
 1 SYSTEMPATH\Filters\Filters.php(182): App\Filters\JwtAuthWeb->before(Object(CodeIgniter\HTTP\IncomingRequest), null)
 2 SYSTEMPATH\CodeIgniter.php(475): CodeIgniter\Filters\Filters->run('get_risk_Chart_af', 'before')
 3 SYSTEMPATH\CodeIgniter.php(361): CodeIgniter\CodeIgniter->handleRequest(null, Object(Config\Cache), false)
 4 FCPATH\index.php(79): CodeIgniter\CodeIgniter->run()
INFO - 2026-05-21 13:21:01 --> Session: Class initialized using 'CodeIgniter\Session\Handlers\FileHandler' driver.
WARNING - 2026-05-21 13:21:01 --> [DEPRECATED] Creation of dynamic property CodeIgniter\HTTP\IncomingRequest::$user is deprecated in APPPATH\Filters\JwtAuthWeb.php on line 32.
 1 SYSTEMPATH\Filters\Filters.php(182): App\Filters\JwtAuthWeb->before(Object(CodeIgniter\HTTP\IncomingRequest), null)
 2 SYSTEMPATH\CodeIgniter.php(475): CodeIgniter\Filters\Filters->run('getChart_newcase', 'before')
 3 SYSTEMPATH\CodeIgniter.php(361): CodeIgniter\CodeIgniter->handleRequest(null, Object(Config\Cache), false)
 4 FCPATH\index.php(79): CodeIgniter\CodeIgniter->run()
INFO - 2026-05-21 13:21:01 --> Session: Class initialized using 'CodeIgniter\Session\Handlers\FileHandler' driver.
WARNING - 2026-05-21 13:21:01 --> [DEPRECATED] Creation of dynamic property CodeIgniter\HTTP\IncomingRequest::$user is deprecated in APPPATH\Filters\JwtAuthWeb.php on line 32.
 1 SYSTEMPATH\Filters\Filters.php(182): App\Filters\JwtAuthWeb->before(Object(CodeIgniter\HTTP\IncomingRequest), null)
 2 SYSTEMPATH\CodeIgniter.php(475): CodeIgniter\Filters\Filters->run('getChart_ckd', 'before')
 3 SYSTEMPATH\CodeIgniter.php(361): CodeIgniter\CodeIgniter->handleRequest(null, Object(Config\Cache), false)
 4 FCPATH\index.php(79): CodeIgniter\CodeIgniter->run()
INFO - 2026-05-21 13:21:02 --> Session: Class initialized using 'CodeIgniter\Session\Handlers\FileHandler' driver.
WARNING - 2026-05-21 13:21:02 --> [DEPRECATED] Creation of dynamic property CodeIgniter\HTTP\IncomingRequest::$user is deprecated in APPPATH\Filters\JwtAuthWeb.php on line 32.
 1 SYSTEMPATH\Filters\Filters.php(182): App\Filters\JwtAuthWeb->before(Object(CodeIgniter\HTTP\IncomingRequest), null)
 2 SYSTEMPATH\CodeIgniter.php(475): CodeIgniter\Filters\Filters->run('getChart_healthLit', 'before')
 3 SYSTEMPATH\CodeIgniter.php(361): CodeIgniter\CodeIgniter->handleRequest(null, Object(Config\Cache), false)
 4 FCPATH\index.php(79): CodeIgniter\CodeIgniter->run()
INFO - 2026-05-21 13:21:02 --> Session: Class initialized using 'CodeIgniter\Session\Handlers\FileHandler' driver.
WARNING - 2026-05-21 13:21:02 --> [DEPRECATED] Creation of dynamic property CodeIgniter\HTTP\IncomingRequest::$user is deprecated in APPPATH\Filters\JwtAuthWeb.php on line 32.
 1 SYSTEMPATH\Filters\Filters.php(182): App\Filters\JwtAuthWeb->before(Object(CodeIgniter\HTTP\IncomingRequest), null)
 2 SYSTEMPATH\CodeIgniter.php(475): CodeIgniter\Filters\Filters->run('getChart_result', 'before')
 3 SYSTEMPATH\CodeIgniter.php(361): CodeIgniter\CodeIgniter->handleRequest(null, Object(Config\Cache), false)
 4 FCPATH\index.php(79): CodeIgniter\CodeIgniter->run()
INFO - 2026-05-21 13:26:39 --> Session: Class initialized using 'CodeIgniter\Session\Handlers\FileHandler' driver.
WARNING - 2026-05-21 13:26:39 --> [DEPRECATED] Creation of dynamic property CodeIgniter\HTTP\IncomingRequest::$user is deprecated in APPPATH\Filters\JwtAuthWeb.php on line 32.
 1 SYSTEMPATH\Filters\Filters.php(182): App\Filters\JwtAuthWeb->before(Object(CodeIgniter\HTTP\IncomingRequest), null)
 2 SYSTEMPATH\CodeIgniter.php(475): CodeIgniter\Filters\Filters->run('fetchData/riskDm_HL', 'before')
 3 SYSTEMPATH\CodeIgniter.php(361): CodeIgniter\CodeIgniter->handleRequest(null, Object(Config\Cache), false)
 4 FCPATH\index.php(79): CodeIgniter\CodeIgniter->run()
WARNING - 2026-05-21 13:26:39 --> [DEPRECATED] Creation of dynamic property CodeIgniter\HTTP\IncomingRequest::$user is deprecated in APPPATH\Filters\JwtAuth.php on line 47.
 1 SYSTEMPATH\Filters\Filters.php(182): App\Filters\JwtAuth->before(Object(CodeIgniter\HTTP\IncomingRequest), null)
 2 SYSTEMPATH\CodeIgniter.php(475): CodeIgniter\Filters\Filters->run('api/profile', 'before')
 3 SYSTEMPATH\CodeIgniter.php(361): CodeIgniter\CodeIgniter->handleRequest(null, Object(Config\Cache), false)
 4 FCPATH\index.php(79): CodeIgniter\CodeIgniter->run()
INFO - 2026-05-21 13:26:39 --> Session: Class initialized using 'CodeIgniter\Session\Handlers\FileHandler' driver.
WARNING - 2026-05-21 13:26:39 --> [DEPRECATED] Creation of dynamic property CodeIgniter\HTTP\IncomingRequest::$user is deprecated in APPPATH\Filters\JwtAuthWeb.php on line 32.
 1 SYSTEMPATH\Filters\Filters.php(182): App\Filters\JwtAuthWeb->before(Object(CodeIgniter\HTTP\IncomingRequest), null)
 2 SYSTEMPATH\CodeIgniter.php(475): CodeIgniter\Filters\Filters->run('fetchRisk/fecth_dm_risk', 'before')
 3 SYSTEMPATH\CodeIgniter.php(361): CodeIgniter\CodeIgniter->handleRequest(null, Object(Config\Cache), false)
 4 FCPATH\index.php(79): CodeIgniter\CodeIgniter->run()
INFO - 2026-05-21 13:26:56 --> Session: Class initialized using 'CodeIgniter\Session\Handlers\FileHandler' driver.
WARNING - 2026-05-21 13:26:56 --> [DEPRECATED] Creation of dynamic property CodeIgniter\HTTP\IncomingRequest::$user is deprecated in APPPATH\Filters\JwtAuthWeb.php on line 32.
 1 SYSTEMPATH\Filters\Filters.php(182): App\Filters\JwtAuthWeb->before(Object(CodeIgniter\HTTP\IncomingRequest), null)
 2 SYSTEMPATH\CodeIgniter.php(475): CodeIgniter\Filters\Filters->run('fetchRisk/fecth_dm_risk', 'before')
 3 SYSTEMPATH\CodeIgniter.php(361): CodeIgniter\CodeIgniter->handleRequest(null, Object(Config\Cache), false)
 4 FCPATH\index.php(79): CodeIgniter\CodeIgniter->run()
INFO - 2026-05-21 13:26:59 --> Session: Class initialized using 'CodeIgniter\Session\Handlers\FileHandler' driver.
WARNING - 2026-05-21 13:26:59 --> [DEPRECATED] Creation of dynamic property CodeIgniter\HTTP\IncomingRequest::$user is deprecated in APPPATH\Filters\JwtAuthWeb.php on line 32.
 1 SYSTEMPATH\Filters\Filters.php(182): App\Filters\JwtAuthWeb->before(Object(CodeIgniter\HTTP\IncomingRequest), null)
 2 SYSTEMPATH\CodeIgniter.php(475): CodeIgniter\Filters\Filters->run('fetchRisk/fecth_dm_risk', 'before')
 3 SYSTEMPATH\CodeIgniter.php(361): CodeIgniter\CodeIgniter->handleRequest(null, Object(Config\Cache), false)
 4 FCPATH\index.php(79): CodeIgniter\CodeIgniter->run()
INFO - 2026-05-21 13:27:02 --> Session: Class initialized using 'CodeIgniter\Session\Handlers\FileHandler' driver.
WARNING - 2026-05-21 13:27:02 --> [DEPRECATED] Creation of dynamic property CodeIgniter\HTTP\IncomingRequest::$user is deprecated in APPPATH\Filters\JwtAuthWeb.php on line 32.
 1 SYSTEMPATH\Filters\Filters.php(182): App\Filters\JwtAuthWeb->before(Object(CodeIgniter\HTTP\IncomingRequest), null)
 2 SYSTEMPATH\CodeIgniter.php(475): CodeIgniter\Filters\Filters->run('fetchRisk/fecth_dm_risk', 'before')
 3 SYSTEMPATH\CodeIgniter.php(361): CodeIgniter\CodeIgniter->handleRequest(null, Object(Config\Cache), false)
 4 FCPATH\index.php(79): CodeIgniter\CodeIgniter->run()
INFO - 2026-05-21 13:27:02 --> Session: Class initialized using 'CodeIgniter\Session\Handlers\FileHandler' driver.
WARNING - 2026-05-21 13:27:02 --> [DEPRECATED] Creation of dynamic property CodeIgniter\HTTP\IncomingRequest::$user is deprecated in APPPATH\Filters\JwtAuthWeb.php on line 32.
 1 SYSTEMPATH\Filters\Filters.php(182): App\Filters\JwtAuthWeb->before(Object(CodeIgniter\HTTP\IncomingRequest), null)
 2 SYSTEMPATH\CodeIgniter.php(475): CodeIgniter\Filters\Filters->run('fetchRisk/get_village_by_hcode/03779', 'before')
 3 SYSTEMPATH\CodeIgniter.php(361): CodeIgniter\CodeIgniter->handleRequest(null, Object(Config\Cache), false)
 4 FCPATH\index.php(79): CodeIgniter\CodeIgniter->run()
INFO - 2026-05-21 13:27:43 --> Session: Class initialized using 'CodeIgniter\Session\Handlers\FileHandler' driver.
WARNING - 2026-05-21 13:27:43 --> [DEPRECATED] Creation of dynamic property CodeIgniter\HTTP\IncomingRequest::$user is deprecated in APPPATH\Filters\JwtAuthWeb.php on line 32.
 1 SYSTEMPATH\Filters\Filters.php(182): App\Filters\JwtAuthWeb->before(Object(CodeIgniter\HTTP\IncomingRequest), null)
 2 SYSTEMPATH\CodeIgniter.php(475): CodeIgniter\Filters\Filters->run('dashboard', 'before')
 3 SYSTEMPATH\CodeIgniter.php(361): CodeIgniter\CodeIgniter->handleRequest(null, Object(Config\Cache), false)
 4 FCPATH\index.php(79): CodeIgniter\CodeIgniter->run()
WARNING - 2026-05-21 13:27:43 --> [DEPRECATED] Creation of dynamic property CodeIgniter\HTTP\IncomingRequest::$user is deprecated in APPPATH\Filters\JwtAuth.php on line 47.
 1 SYSTEMPATH\Filters\Filters.php(182): App\Filters\JwtAuth->before(Object(CodeIgniter\HTTP\IncomingRequest), null)
 2 SYSTEMPATH\CodeIgniter.php(475): CodeIgniter\Filters\Filters->run('api/profile', 'before')
 3 SYSTEMPATH\CodeIgniter.php(361): CodeIgniter\CodeIgniter->handleRequest(null, Object(Config\Cache), false)
 4 FCPATH\index.php(79): CodeIgniter\CodeIgniter->run()
INFO - 2026-05-21 13:27:43 --> Session: Class initialized using 'CodeIgniter\Session\Handlers\FileHandler' driver.
WARNING - 2026-05-21 13:27:43 --> [DEPRECATED] Creation of dynamic property CodeIgniter\HTTP\IncomingRequest::$user is deprecated in APPPATH\Filters\JwtAuthWeb.php on line 32.
 1 SYSTEMPATH\Filters\Filters.php(182): App\Filters\JwtAuthWeb->before(Object(CodeIgniter\HTTP\IncomingRequest), null)
 2 SYSTEMPATH\CodeIgniter.php(475): CodeIgniter\Filters\Filters->run('getChart_data', 'before')
 3 SYSTEMPATH\CodeIgniter.php(361): CodeIgniter\CodeIgniter->handleRequest(null, Object(Config\Cache), false)
 4 FCPATH\index.php(79): CodeIgniter\CodeIgniter->run()
INFO - 2026-05-21 13:27:44 --> Session: Class initialized using 'CodeIgniter\Session\Handlers\FileHandler' driver.
WARNING - 2026-05-21 13:27:44 --> [DEPRECATED] Creation of dynamic property CodeIgniter\HTTP\IncomingRequest::$user is deprecated in APPPATH\Filters\JwtAuthWeb.php on line 32.
 1 SYSTEMPATH\Filters\Filters.php(182): App\Filters\JwtAuthWeb->before(Object(CodeIgniter\HTTP\IncomingRequest), null)
 2 SYSTEMPATH\CodeIgniter.php(475): CodeIgniter\Filters\Filters->run('getChart_patient', 'before')
 3 SYSTEMPATH\CodeIgniter.php(361): CodeIgniter\CodeIgniter->handleRequest(null, Object(Config\Cache), false)
 4 FCPATH\index.php(79): CodeIgniter\CodeIgniter->run()
INFO - 2026-05-21 13:27:44 --> Session: Class initialized using 'CodeIgniter\Session\Handlers\FileHandler' driver.
WARNING - 2026-05-21 13:27:44 --> [DEPRECATED] Creation of dynamic property CodeIgniter\HTTP\IncomingRequest::$user is deprecated in APPPATH\Filters\JwtAuthWeb.php on line 32.
 1 SYSTEMPATH\Filters\Filters.php(182): App\Filters\JwtAuthWeb->before(Object(CodeIgniter\HTTP\IncomingRequest), null)
 2 SYSTEMPATH\CodeIgniter.php(475): CodeIgniter\Filters\Filters->run('getChart_All', 'before')
 3 SYSTEMPATH\CodeIgniter.php(361): CodeIgniter\CodeIgniter->handleRequest(null, Object(Config\Cache), false)
 4 FCPATH\index.php(79): CodeIgniter\CodeIgniter->run()
INFO - 2026-05-21 13:27:44 --> Session: Class initialized using 'CodeIgniter\Session\Handlers\FileHandler' driver.
WARNING - 2026-05-21 13:27:44 --> [DEPRECATED] Creation of dynamic property CodeIgniter\HTTP\IncomingRequest::$user is deprecated in APPPATH\Filters\JwtAuthWeb.php on line 32.
 1 SYSTEMPATH\Filters\Filters.php(182): App\Filters\JwtAuthWeb->before(Object(CodeIgniter\HTTP\IncomingRequest), null)
 2 SYSTEMPATH\CodeIgniter.php(475): CodeIgniter\Filters\Filters->run('get_data_chartInproj', 'before')
 3 SYSTEMPATH\CodeIgniter.php(361): CodeIgniter\CodeIgniter->handleRequest(null, Object(Config\Cache), false)
 4 FCPATH\index.php(79): CodeIgniter\CodeIgniter->run()
INFO - 2026-05-21 13:27:44 --> Session: Class initialized using 'CodeIgniter\Session\Handlers\FileHandler' driver.
WARNING - 2026-05-21 13:27:44 --> [DEPRECATED] Creation of dynamic property CodeIgniter\HTTP\IncomingRequest::$user is deprecated in APPPATH\Filters\JwtAuthWeb.php on line 32.
 1 SYSTEMPATH\Filters\Filters.php(182): App\Filters\JwtAuthWeb->before(Object(CodeIgniter\HTTP\IncomingRequest), null)
 2 SYSTEMPATH\CodeIgniter.php(475): CodeIgniter\Filters\Filters->run('get_risk_Chart_bf', 'before')
 3 SYSTEMPATH\CodeIgniter.php(361): CodeIgniter\CodeIgniter->handleRequest(null, Object(Config\Cache), false)
 4 FCPATH\index.php(79): CodeIgniter\CodeIgniter->run()
INFO - 2026-05-21 13:27:44 --> Session: Class initialized using 'CodeIgniter\Session\Handlers\FileHandler' driver.
WARNING - 2026-05-21 13:27:44 --> [DEPRECATED] Creation of dynamic property CodeIgniter\HTTP\IncomingRequest::$user is deprecated in APPPATH\Filters\JwtAuthWeb.php on line 32.
 1 SYSTEMPATH\Filters\Filters.php(182): App\Filters\JwtAuthWeb->before(Object(CodeIgniter\HTTP\IncomingRequest), null)
 2 SYSTEMPATH\CodeIgniter.php(475): CodeIgniter\Filters\Filters->run('get_risk_Chart_af', 'before')
 3 SYSTEMPATH\CodeIgniter.php(361): CodeIgniter\CodeIgniter->handleRequest(null, Object(Config\Cache), false)
 4 FCPATH\index.php(79): CodeIgniter\CodeIgniter->run()
INFO - 2026-05-21 13:27:44 --> Session: Class initialized using 'CodeIgniter\Session\Handlers\FileHandler' driver.
WARNING - 2026-05-21 13:27:44 --> [DEPRECATED] Creation of dynamic property CodeIgniter\HTTP\IncomingRequest::$user is deprecated in APPPATH\Filters\JwtAuthWeb.php on line 32.
 1 SYSTEMPATH\Filters\Filters.php(182): App\Filters\JwtAuthWeb->before(Object(CodeIgniter\HTTP\IncomingRequest), null)
 2 SYSTEMPATH\CodeIgniter.php(475): CodeIgniter\Filters\Filters->run('getChart_newcase', 'before')
 3 SYSTEMPATH\CodeIgniter.php(361): CodeIgniter\CodeIgniter->handleRequest(null, Object(Config\Cache), false)
 4 FCPATH\index.php(79): CodeIgniter\CodeIgniter->run()
INFO - 2026-05-21 13:27:45 --> Session: Class initialized using 'CodeIgniter\Session\Handlers\FileHandler' driver.
WARNING - 2026-05-21 13:27:45 --> [DEPRECATED] Creation of dynamic property CodeIgniter\HTTP\IncomingRequest::$user is deprecated in APPPATH\Filters\JwtAuthWeb.php on line 32.
 1 SYSTEMPATH\Filters\Filters.php(182): App\Filters\JwtAuthWeb->before(Object(CodeIgniter\HTTP\IncomingRequest), null)
 2 SYSTEMPATH\CodeIgniter.php(475): CodeIgniter\Filters\Filters->run('getChart_ckd', 'before')
 3 SYSTEMPATH\CodeIgniter.php(361): CodeIgniter\CodeIgniter->handleRequest(null, Object(Config\Cache), false)
 4 FCPATH\index.php(79): CodeIgniter\CodeIgniter->run()
INFO - 2026-05-21 13:27:45 --> Session: Class initialized using 'CodeIgniter\Session\Handlers\FileHandler' driver.
WARNING - 2026-05-21 13:27:45 --> [DEPRECATED] Creation of dynamic property CodeIgniter\HTTP\IncomingRequest::$user is deprecated in APPPATH\Filters\JwtAuthWeb.php on line 32.
 1 SYSTEMPATH\Filters\Filters.php(182): App\Filters\JwtAuthWeb->before(Object(CodeIgniter\HTTP\IncomingRequest), null)
 2 SYSTEMPATH\CodeIgniter.php(475): CodeIgniter\Filters\Filters->run('getChart_healthLit', 'before')
 3 SYSTEMPATH\CodeIgniter.php(361): CodeIgniter\CodeIgniter->handleRequest(null, Object(Config\Cache), false)
 4 FCPATH\index.php(79): CodeIgniter\CodeIgniter->run()
INFO - 2026-05-21 13:27:45 --> Session: Class initialized using 'CodeIgniter\Session\Handlers\FileHandler' driver.
WARNING - 2026-05-21 13:27:45 --> [DEPRECATED] Creation of dynamic property CodeIgniter\HTTP\IncomingRequest::$user is deprecated in APPPATH\Filters\JwtAuthWeb.php on line 32.
 1 SYSTEMPATH\Filters\Filters.php(182): App\Filters\JwtAuthWeb->before(Object(CodeIgniter\HTTP\IncomingRequest), null)
 2 SYSTEMPATH\CodeIgniter.php(475): CodeIgniter\Filters\Filters->run('getChart_result', 'before')
 3 SYSTEMPATH\CodeIgniter.php(361): CodeIgniter\CodeIgniter->handleRequest(null, Object(Config\Cache), false)
 4 FCPATH\index.php(79): CodeIgniter\CodeIgniter->run()
INFO - 2026-05-21 13:27:50 --> Session: Class initialized using 'CodeIgniter\Session\Handlers\FileHandler' driver.
WARNING - 2026-05-21 13:27:50 --> [DEPRECATED] Creation of dynamic property CodeIgniter\HTTP\IncomingRequest::$user is deprecated in APPPATH\Filters\JwtAuthWeb.php on line 32.
 1 SYSTEMPATH\Filters\Filters.php(182): App\Filters\JwtAuthWeb->before(Object(CodeIgniter\HTTP\IncomingRequest), null)
 2 SYSTEMPATH\CodeIgniter.php(475): CodeIgniter\Filters\Filters->run('dashboard', 'before')
 3 SYSTEMPATH\CodeIgniter.php(361): CodeIgniter\CodeIgniter->handleRequest(null, Object(Config\Cache), false)
 4 FCPATH\index.php(79): CodeIgniter\CodeIgniter->run()
WARNING - 2026-05-21 13:27:51 --> [DEPRECATED] Creation of dynamic property CodeIgniter\HTTP\IncomingRequest::$user is deprecated in APPPATH\Filters\JwtAuth.php on line 47.
 1 SYSTEMPATH\Filters\Filters.php(182): App\Filters\JwtAuth->before(Object(CodeIgniter\HTTP\IncomingRequest), null)
 2 SYSTEMPATH\CodeIgniter.php(475): CodeIgniter\Filters\Filters->run('api/profile', 'before')
 3 SYSTEMPATH\CodeIgniter.php(361): CodeIgniter\CodeIgniter->handleRequest(null, Object(Config\Cache), false)
 4 FCPATH\index.php(79): CodeIgniter\CodeIgniter->run()
INFO - 2026-05-21 13:27:51 --> Session: Class initialized using 'CodeIgniter\Session\Handlers\FileHandler' driver.
WARNING - 2026-05-21 13:27:51 --> [DEPRECATED] Creation of dynamic property CodeIgniter\HTTP\IncomingRequest::$user is deprecated in APPPATH\Filters\JwtAuthWeb.php on line 32.
 1 SYSTEMPATH\Filters\Filters.php(182): App\Filters\JwtAuthWeb->before(Object(CodeIgniter\HTTP\IncomingRequest), null)
 2 SYSTEMPATH\CodeIgniter.php(475): CodeIgniter\Filters\Filters->run('getChart_data', 'before')
 3 SYSTEMPATH\CodeIgniter.php(361): CodeIgniter\CodeIgniter->handleRequest(null, Object(Config\Cache), false)
 4 FCPATH\index.php(79): CodeIgniter\CodeIgniter->run()
INFO - 2026-05-21 13:27:51 --> Session: Class initialized using 'CodeIgniter\Session\Handlers\FileHandler' driver.
WARNING - 2026-05-21 13:27:51 --> [DEPRECATED] Creation of dynamic property CodeIgniter\HTTP\IncomingRequest::$user is deprecated in APPPATH\Filters\JwtAuthWeb.php on line 32.
 1 SYSTEMPATH\Filters\Filters.php(182): App\Filters\JwtAuthWeb->before(Object(CodeIgniter\HTTP\IncomingRequest), null)
 2 SYSTEMPATH\CodeIgniter.php(475): CodeIgniter\Filters\Filters->run('getChart_patient', 'before')
 3 SYSTEMPATH\CodeIgniter.php(361): CodeIgniter\CodeIgniter->handleRequest(null, Object(Config\Cache), false)
 4 FCPATH\index.php(79): CodeIgniter\CodeIgniter->run()
INFO - 2026-05-21 13:27:51 --> Session: Class initialized using 'CodeIgniter\Session\Handlers\FileHandler' driver.
WARNING - 2026-05-21 13:27:51 --> [DEPRECATED] Creation of dynamic property CodeIgniter\HTTP\IncomingRequest::$user is deprecated in APPPATH\Filters\JwtAuthWeb.php on line 32.
 1 SYSTEMPATH\Filters\Filters.php(182): App\Filters\JwtAuthWeb->before(Object(CodeIgniter\HTTP\IncomingRequest), null)
 2 SYSTEMPATH\CodeIgniter.php(475): CodeIgniter\Filters\Filters->run('getChart_All', 'before')
 3 SYSTEMPATH\CodeIgniter.php(361): CodeIgniter\CodeIgniter->handleRequest(null, Object(Config\Cache), false)
 4 FCPATH\index.php(79): CodeIgniter\CodeIgniter->run()
INFO - 2026-05-21 13:27:51 --> Session: Class initialized using 'CodeIgniter\Session\Handlers\FileHandler' driver.
WARNING - 2026-05-21 13:27:51 --> [DEPRECATED] Creation of dynamic property CodeIgniter\HTTP\IncomingRequest::$user is deprecated in APPPATH\Filters\JwtAuthWeb.php on line 32.
 1 SYSTEMPATH\Filters\Filters.php(182): App\Filters\JwtAuthWeb->before(Object(CodeIgniter\HTTP\IncomingRequest), null)
 2 SYSTEMPATH\CodeIgniter.php(475): CodeIgniter\Filters\Filters->run('get_data_chartInproj', 'before')
 3 SYSTEMPATH\CodeIgniter.php(361): CodeIgniter\CodeIgniter->handleRequest(null, Object(Config\Cache), false)
 4 FCPATH\index.php(79): CodeIgniter\CodeIgniter->run()
INFO - 2026-05-21 13:27:51 --> Session: Class initialized using 'CodeIgniter\Session\Handlers\FileHandler' driver.
WARNING - 2026-05-21 13:27:51 --> [DEPRECATED] Creation of dynamic property CodeIgniter\HTTP\IncomingRequest::$user is deprecated in APPPATH\Filters\JwtAuthWeb.php on line 32.
 1 SYSTEMPATH\Filters\Filters.php(182): App\Filters\JwtAuthWeb->before(Object(CodeIgniter\HTTP\IncomingRequest), null)
 2 SYSTEMPATH\CodeIgniter.php(475): CodeIgniter\Filters\Filters->run('get_risk_Chart_bf', 'before')
 3 SYSTEMPATH\CodeIgniter.php(361): CodeIgniter\CodeIgniter->handleRequest(null, Object(Config\Cache), false)
 4 FCPATH\index.php(79): CodeIgniter\CodeIgniter->run()
INFO - 2026-05-21 13:27:51 --> Session: Class initialized using 'CodeIgniter\Session\Handlers\FileHandler' driver.
WARNING - 2026-05-21 13:27:51 --> [DEPRECATED] Creation of dynamic property CodeIgniter\HTTP\IncomingRequest::$user is deprecated in APPPATH\Filters\JwtAuthWeb.php on line 32.
 1 SYSTEMPATH\Filters\Filters.php(182): App\Filters\JwtAuthWeb->before(Object(CodeIgniter\HTTP\IncomingRequest), null)
 2 SYSTEMPATH\CodeIgniter.php(475): CodeIgniter\Filters\Filters->run('get_risk_Chart_af', 'before')
 3 SYSTEMPATH\CodeIgniter.php(361): CodeIgniter\CodeIgniter->handleRequest(null, Object(Config\Cache), false)
 4 FCPATH\index.php(79): CodeIgniter\CodeIgniter->run()
INFO - 2026-05-21 13:27:52 --> Session: Class initialized using 'CodeIgniter\Session\Handlers\FileHandler' driver.
WARNING - 2026-05-21 13:27:52 --> [DEPRECATED] Creation of dynamic property CodeIgniter\HTTP\IncomingRequest::$user is deprecated in APPPATH\Filters\JwtAuthWeb.php on line 32.
 1 SYSTEMPATH\Filters\Filters.php(182): App\Filters\JwtAuthWeb->before(Object(CodeIgniter\HTTP\IncomingRequest), null)
 2 SYSTEMPATH\CodeIgniter.php(475): CodeIgniter\Filters\Filters->run('getChart_newcase', 'before')
 3 SYSTEMPATH\CodeIgniter.php(361): CodeIgniter\CodeIgniter->handleRequest(null, Object(Config\Cache), false)
 4 FCPATH\index.php(79): CodeIgniter\CodeIgniter->run()
INFO - 2026-05-21 13:27:52 --> Session: Class initialized using 'CodeIgniter\Session\Handlers\FileHandler' driver.
WARNING - 2026-05-21 13:27:52 --> [DEPRECATED] Creation of dynamic property CodeIgniter\HTTP\IncomingRequest::$user is deprecated in APPPATH\Filters\JwtAuthWeb.php on line 32.
 1 SYSTEMPATH\Filters\Filters.php(182): App\Filters\JwtAuthWeb->before(Object(CodeIgniter\HTTP\IncomingRequest), null)
 2 SYSTEMPATH\CodeIgniter.php(475): CodeIgniter\Filters\Filters->run('getChart_ckd', 'before')
 3 SYSTEMPATH\CodeIgniter.php(361): CodeIgniter\CodeIgniter->handleRequest(null, Object(Config\Cache), false)
 4 FCPATH\index.php(79): CodeIgniter\CodeIgniter->run()
INFO - 2026-05-21 13:27:52 --> Session: Class initialized using 'CodeIgniter\Session\Handlers\FileHandler' driver.
WARNING - 2026-05-21 13:27:52 --> [DEPRECATED] Creation of dynamic property CodeIgniter\HTTP\IncomingRequest::$user is deprecated in APPPATH\Filters\JwtAuthWeb.php on line 32.
 1 SYSTEMPATH\Filters\Filters.php(182): App\Filters\JwtAuthWeb->before(Object(CodeIgniter\HTTP\IncomingRequest), null)
 2 SYSTEMPATH\CodeIgniter.php(475): CodeIgniter\Filters\Filters->run('getChart_healthLit', 'before')
 3 SYSTEMPATH\CodeIgniter.php(361): CodeIgniter\CodeIgniter->handleRequest(null, Object(Config\Cache), false)
 4 FCPATH\index.php(79): CodeIgniter\CodeIgniter->run()
INFO - 2026-05-21 13:27:52 --> Session: Class initialized using 'CodeIgniter\Session\Handlers\FileHandler' driver.
WARNING - 2026-05-21 13:27:52 --> [DEPRECATED] Creation of dynamic property CodeIgniter\HTTP\IncomingRequest::$user is deprecated in APPPATH\Filters\JwtAuthWeb.php on line 32.
 1 SYSTEMPATH\Filters\Filters.php(182): App\Filters\JwtAuthWeb->before(Object(CodeIgniter\HTTP\IncomingRequest), null)
 2 SYSTEMPATH\CodeIgniter.php(475): CodeIgniter\Filters\Filters->run('getChart_result', 'before')
 3 SYSTEMPATH\CodeIgniter.php(361): CodeIgniter\CodeIgniter->handleRequest(null, Object(Config\Cache), false)
 4 FCPATH\index.php(79): CodeIgniter\CodeIgniter->run()
INFO - 2026-05-21 13:27:53 --> Session: Class initialized using 'CodeIgniter\Session\Handlers\FileHandler' driver.
WARNING - 2026-05-21 13:27:53 --> [DEPRECATED] Creation of dynamic property CodeIgniter\HTTP\IncomingRequest::$user is deprecated in APPPATH\Filters\JwtAuthWeb.php on line 32.
 1 SYSTEMPATH\Filters\Filters.php(182): App\Filters\JwtAuthWeb->before(Object(CodeIgniter\HTTP\IncomingRequest), null)
 2 SYSTEMPATH\CodeIgniter.php(475): CodeIgniter\Filters\Filters->run('fetchData/riskDm_HL', 'before')
 3 SYSTEMPATH\CodeIgniter.php(361): CodeIgniter\CodeIgniter->handleRequest(null, Object(Config\Cache), false)
 4 FCPATH\index.php(79): CodeIgniter\CodeIgniter->run()
WARNING - 2026-05-21 13:27:54 --> [DEPRECATED] Creation of dynamic property CodeIgniter\HTTP\IncomingRequest::$user is deprecated in APPPATH\Filters\JwtAuth.php on line 47.
 1 SYSTEMPATH\Filters\Filters.php(182): App\Filters\JwtAuth->before(Object(CodeIgniter\HTTP\IncomingRequest), null)
 2 SYSTEMPATH\CodeIgniter.php(475): CodeIgniter\Filters\Filters->run('api/profile', 'before')
 3 SYSTEMPATH\CodeIgniter.php(361): CodeIgniter\CodeIgniter->handleRequest(null, Object(Config\Cache), false)
 4 FCPATH\index.php(79): CodeIgniter\CodeIgniter->run()
INFO - 2026-05-21 13:27:54 --> Session: Class initialized using 'CodeIgniter\Session\Handlers\FileHandler' driver.
WARNING - 2026-05-21 13:27:54 --> [DEPRECATED] Creation of dynamic property CodeIgniter\HTTP\IncomingRequest::$user is deprecated in APPPATH\Filters\JwtAuthWeb.php on line 32.
 1 SYSTEMPATH\Filters\Filters.php(182): App\Filters\JwtAuthWeb->before(Object(CodeIgniter\HTTP\IncomingRequest), null)
 2 SYSTEMPATH\CodeIgniter.php(475): CodeIgniter\Filters\Filters->run('fetchRisk/fecth_dm_risk', 'before')
 3 SYSTEMPATH\CodeIgniter.php(361): CodeIgniter\CodeIgniter->handleRequest(null, Object(Config\Cache), false)
 4 FCPATH\index.php(79): CodeIgniter\CodeIgniter->run()
INFO - 2026-05-21 13:28:03 --> Session: Class initialized using 'CodeIgniter\Session\Handlers\FileHandler' driver.
WARNING - 2026-05-21 13:28:03 --> [DEPRECATED] Creation of dynamic property CodeIgniter\HTTP\IncomingRequest::$user is deprecated in APPPATH\Filters\JwtAuthWeb.php on line 32.
 1 SYSTEMPATH\Filters\Filters.php(182): App\Filters\JwtAuthWeb->before(Object(CodeIgniter\HTTP\IncomingRequest), null)
 2 SYSTEMPATH\CodeIgniter.php(475): CodeIgniter\Filters\Filters->run('newcaseData/newDm_page', 'before')
 3 SYSTEMPATH\CodeIgniter.php(361): CodeIgniter\CodeIgniter->handleRequest(null, Object(Config\Cache), false)
 4 FCPATH\index.php(79): CodeIgniter\CodeIgniter->run()
WARNING - 2026-05-21 13:28:03 --> [DEPRECATED] Creation of dynamic property CodeIgniter\HTTP\IncomingRequest::$user is deprecated in APPPATH\Filters\JwtAuth.php on line 47.
 1 SYSTEMPATH\Filters\Filters.php(182): App\Filters\JwtAuth->before(Object(CodeIgniter\HTTP\IncomingRequest), null)
 2 SYSTEMPATH\CodeIgniter.php(475): CodeIgniter\Filters\Filters->run('api/profile', 'before')
 3 SYSTEMPATH\CodeIgniter.php(361): CodeIgniter\CodeIgniter->handleRequest(null, Object(Config\Cache), false)
 4 FCPATH\index.php(79): CodeIgniter\CodeIgniter->run()
INFO - 2026-05-21 13:28:07 --> Session: Class initialized using 'CodeIgniter\Session\Handlers\FileHandler' driver.
WARNING - 2026-05-21 13:28:07 --> [DEPRECATED] Creation of dynamic property CodeIgniter\HTTP\IncomingRequest::$user is deprecated in APPPATH\Filters\JwtAuthWeb.php on line 32.
 1 SYSTEMPATH\Filters\Filters.php(182): App\Filters\JwtAuthWeb->before(Object(CodeIgniter\HTTP\IncomingRequest), null)
 2 SYSTEMPATH\CodeIgniter.php(475): CodeIgniter\Filters\Filters->run('fetchData/riskHT_HL', 'before')
 3 SYSTEMPATH\CodeIgniter.php(361): CodeIgniter\CodeIgniter->handleRequest(null, Object(Config\Cache), false)
 4 FCPATH\index.php(79): CodeIgniter\CodeIgniter->run()
WARNING - 2026-05-21 13:28:07 --> [DEPRECATED] Creation of dynamic property CodeIgniter\HTTP\IncomingRequest::$user is deprecated in APPPATH\Filters\JwtAuth.php on line 47.
 1 SYSTEMPATH\Filters\Filters.php(182): App\Filters\JwtAuth->before(Object(CodeIgniter\HTTP\IncomingRequest), null)
 2 SYSTEMPATH\CodeIgniter.php(475): CodeIgniter\Filters\Filters->run('api/profile', 'before')
 3 SYSTEMPATH\CodeIgniter.php(361): CodeIgniter\CodeIgniter->handleRequest(null, Object(Config\Cache), false)
 4 FCPATH\index.php(79): CodeIgniter\CodeIgniter->run()
INFO - 2026-05-21 13:28:07 --> Session: Class initialized using 'CodeIgniter\Session\Handlers\FileHandler' driver.
WARNING - 2026-05-21 13:28:07 --> [DEPRECATED] Creation of dynamic property CodeIgniter\HTTP\IncomingRequest::$user is deprecated in APPPATH\Filters\JwtAuthWeb.php on line 32.
 1 SYSTEMPATH\Filters\Filters.php(182): App\Filters\JwtAuthWeb->before(Object(CodeIgniter\HTTP\IncomingRequest), null)
 2 SYSTEMPATH\CodeIgniter.php(475): CodeIgniter\Filters\Filters->run('fetchRisk/fecth_ht_risk', 'before')
 3 SYSTEMPATH\CodeIgniter.php(361): CodeIgniter\CodeIgniter->handleRequest(null, Object(Config\Cache), false)
 4 FCPATH\index.php(79): CodeIgniter\CodeIgniter->run()
INFO - 2026-05-21 13:28:11 --> Session: Class initialized using 'CodeIgniter\Session\Handlers\FileHandler' driver.
WARNING - 2026-05-21 13:28:11 --> [DEPRECATED] Creation of dynamic property CodeIgniter\HTTP\IncomingRequest::$user is deprecated in APPPATH\Filters\JwtAuthWeb.php on line 32.
 1 SYSTEMPATH\Filters\Filters.php(182): App\Filters\JwtAuthWeb->before(Object(CodeIgniter\HTTP\IncomingRequest), null)
 2 SYSTEMPATH\CodeIgniter.php(475): CodeIgniter\Filters\Filters->run('fetchData/riskDm_HL', 'before')
 3 SYSTEMPATH\CodeIgniter.php(361): CodeIgniter\CodeIgniter->handleRequest(null, Object(Config\Cache), false)
 4 FCPATH\index.php(79): CodeIgniter\CodeIgniter->run()
WARNING - 2026-05-21 13:28:12 --> [DEPRECATED] Creation of dynamic property CodeIgniter\HTTP\IncomingRequest::$user is deprecated in APPPATH\Filters\JwtAuth.php on line 47.
 1 SYSTEMPATH\Filters\Filters.php(182): App\Filters\JwtAuth->before(Object(CodeIgniter\HTTP\IncomingRequest), null)
 2 SYSTEMPATH\CodeIgniter.php(475): CodeIgniter\Filters\Filters->run('api/profile', 'before')
 3 SYSTEMPATH\CodeIgniter.php(361): CodeIgniter\CodeIgniter->handleRequest(null, Object(Config\Cache), false)
 4 FCPATH\index.php(79): CodeIgniter\CodeIgniter->run()
INFO - 2026-05-21 13:28:12 --> Session: Class initialized using 'CodeIgniter\Session\Handlers\FileHandler' driver.
WARNING - 2026-05-21 13:28:12 --> [DEPRECATED] Creation of dynamic property CodeIgniter\HTTP\IncomingRequest::$user is deprecated in APPPATH\Filters\JwtAuthWeb.php on line 32.
 1 SYSTEMPATH\Filters\Filters.php(182): App\Filters\JwtAuthWeb->before(Object(CodeIgniter\HTTP\IncomingRequest), null)
 2 SYSTEMPATH\CodeIgniter.php(475): CodeIgniter\Filters\Filters->run('fetchRisk/fecth_dm_risk', 'before')
 3 SYSTEMPATH\CodeIgniter.php(361): CodeIgniter\CodeIgniter->handleRequest(null, Object(Config\Cache), false)
 4 FCPATH\index.php(79): CodeIgniter\CodeIgniter->run()
INFO - 2026-05-21 13:28:33 --> Session: Class initialized using 'CodeIgniter\Session\Handlers\FileHandler' driver.
WARNING - 2026-05-21 13:28:33 --> [DEPRECATED] Creation of dynamic property CodeIgniter\HTTP\IncomingRequest::$user is deprecated in APPPATH\Filters\JwtAuthWeb.php on line 32.
 1 SYSTEMPATH\Filters\Filters.php(182): App\Filters\JwtAuthWeb->before(Object(CodeIgniter\HTTP\IncomingRequest), null)
 2 SYSTEMPATH\CodeIgniter.php(475): CodeIgniter\Filters\Filters->run('importData/importOSM', 'before')
 3 SYSTEMPATH\CodeIgniter.php(361): CodeIgniter\CodeIgniter->handleRequest(null, Object(Config\Cache), false)
 4 FCPATH\index.php(79): CodeIgniter\CodeIgniter->run()
WARNING - 2026-05-21 13:28:34 --> [DEPRECATED] Creation of dynamic property CodeIgniter\HTTP\IncomingRequest::$user is deprecated in APPPATH\Filters\JwtAuth.php on line 47.
 1 SYSTEMPATH\Filters\Filters.php(182): App\Filters\JwtAuth->before(Object(CodeIgniter\HTTP\IncomingRequest), null)
 2 SYSTEMPATH\CodeIgniter.php(475): CodeIgniter\Filters\Filters->run('api/profile', 'before')
 3 SYSTEMPATH\CodeIgniter.php(361): CodeIgniter\CodeIgniter->handleRequest(null, Object(Config\Cache), false)
 4 FCPATH\index.php(79): CodeIgniter\CodeIgniter->run()
INFO - 2026-05-21 13:28:45 --> Session: Class initialized using 'CodeIgniter\Session\Handlers\FileHandler' driver.
WARNING - 2026-05-21 13:28:45 --> [DEPRECATED] Creation of dynamic property CodeIgniter\HTTP\IncomingRequest::$user is deprecated in APPPATH\Filters\JwtAuthWeb.php on line 32.
 1 SYSTEMPATH\Filters\Filters.php(182): App\Filters\JwtAuthWeb->before(Object(CodeIgniter\HTTP\IncomingRequest), null)
 2 SYSTEMPATH\CodeIgniter.php(475): CodeIgniter\Filters\Filters->run('office-page', 'before')
 3 SYSTEMPATH\CodeIgniter.php(361): CodeIgniter\CodeIgniter->handleRequest(null, Object(Config\Cache), false)
 4 FCPATH\index.php(79): CodeIgniter\CodeIgniter->run()
WARNING - 2026-05-21 13:28:45 --> [DEPRECATED] Creation of dynamic property CodeIgniter\HTTP\IncomingRequest::$user is deprecated in APPPATH\Filters\JwtAuth.php on line 47.
 1 SYSTEMPATH\Filters\Filters.php(182): App\Filters\JwtAuth->before(Object(CodeIgniter\HTTP\IncomingRequest), null)
 2 SYSTEMPATH\CodeIgniter.php(475): CodeIgniter\Filters\Filters->run('api/profile', 'before')
 3 SYSTEMPATH\CodeIgniter.php(361): CodeIgniter\CodeIgniter->handleRequest(null, Object(Config\Cache), false)
 4 FCPATH\index.php(79): CodeIgniter\CodeIgniter->run()
INFO - 2026-05-21 13:28:52 --> Session: Class initialized using 'CodeIgniter\Session\Handlers\FileHandler' driver.
WARNING - 2026-05-21 13:28:52 --> [DEPRECATED] Creation of dynamic property CodeIgniter\HTTP\IncomingRequest::$user is deprecated in APPPATH\Filters\JwtAuthWeb.php on line 32.
 1 SYSTEMPATH\Filters\Filters.php(182): App\Filters\JwtAuthWeb->before(Object(CodeIgniter\HTTP\IncomingRequest), null)
 2 SYSTEMPATH\CodeIgniter.php(475): CodeIgniter\Filters\Filters->run('importData/importOSM', 'before')
 3 SYSTEMPATH\CodeIgniter.php(361): CodeIgniter\CodeIgniter->handleRequest(null, Object(Config\Cache), false)
 4 FCPATH\index.php(79): CodeIgniter\CodeIgniter->run()
WARNING - 2026-05-21 13:28:52 --> [DEPRECATED] Creation of dynamic property CodeIgniter\HTTP\IncomingRequest::$user is deprecated in APPPATH\Filters\JwtAuth.php on line 47.
 1 SYSTEMPATH\Filters\Filters.php(182): App\Filters\JwtAuth->before(Object(CodeIgniter\HTTP\IncomingRequest), null)
 2 SYSTEMPATH\CodeIgniter.php(475): CodeIgniter\Filters\Filters->run('api/profile', 'before')
 3 SYSTEMPATH\CodeIgniter.php(361): CodeIgniter\CodeIgniter->handleRequest(null, Object(Config\Cache), false)
 4 FCPATH\index.php(79): CodeIgniter\CodeIgniter->run()
INFO - 2026-05-21 13:34:53 --> Session: Class initialized using 'CodeIgniter\Session\Handlers\FileHandler' driver.
WARNING - 2026-05-21 13:34:53 --> [DEPRECATED] Creation of dynamic property CodeIgniter\HTTP\IncomingRequest::$user is deprecated in APPPATH\Filters\JwtAuthWeb.php on line 32.
 1 SYSTEMPATH\Filters\Filters.php(182): App\Filters\JwtAuthWeb->before(Object(CodeIgniter\HTTP\IncomingRequest), null)
 2 SYSTEMPATH\CodeIgniter.php(475): CodeIgniter\Filters\Filters->run('importData/importOSM', 'before')
 3 SYSTEMPATH\CodeIgniter.php(361): CodeIgniter\CodeIgniter->handleRequest(null, Object(Config\Cache), false)
 4 FCPATH\index.php(79): CodeIgniter\CodeIgniter->run()
WARNING - 2026-05-21 13:34:54 --> [DEPRECATED] Creation of dynamic property CodeIgniter\HTTP\IncomingRequest::$user is deprecated in APPPATH\Filters\JwtAuth.php on line 47.
 1 SYSTEMPATH\Filters\Filters.php(182): App\Filters\JwtAuth->before(Object(CodeIgniter\HTTP\IncomingRequest), null)
 2 SYSTEMPATH\CodeIgniter.php(475): CodeIgniter\Filters\Filters->run('api/profile', 'before')
 3 SYSTEMPATH\CodeIgniter.php(361): CodeIgniter\CodeIgniter->handleRequest(null, Object(Config\Cache), false)
 4 FCPATH\index.php(79): CodeIgniter\CodeIgniter->run()
INFO - 2026-05-21 13:34:55 --> Session: Class initialized using 'CodeIgniter\Session\Handlers\FileHandler' driver.
WARNING - 2026-05-21 13:34:55 --> [DEPRECATED] Creation of dynamic property CodeIgniter\HTTP\IncomingRequest::$user is deprecated in APPPATH\Filters\JwtAuthWeb.php on line 32.
 1 SYSTEMPATH\Filters\Filters.php(182): App\Filters\JwtAuthWeb->before(Object(CodeIgniter\HTTP\IncomingRequest), null)
 2 SYSTEMPATH\CodeIgniter.php(475): CodeIgniter\Filters\Filters->run('register', 'before')
 3 SYSTEMPATH\CodeIgniter.php(361): CodeIgniter\CodeIgniter->handleRequest(null, Object(Config\Cache), false)
 4 FCPATH\index.php(79): CodeIgniter\CodeIgniter->run()
INFO - 2026-05-21 13:34:57 --> Session: Class initialized using 'CodeIgniter\Session\Handlers\FileHandler' driver.
WARNING - 2026-05-21 13:34:57 --> [DEPRECATED] Creation of dynamic property CodeIgniter\HTTP\IncomingRequest::$user is deprecated in APPPATH\Filters\JwtAuthWeb.php on line 32.
 1 SYSTEMPATH\Filters\Filters.php(182): App\Filters\JwtAuthWeb->before(Object(CodeIgniter\HTTP\IncomingRequest), null)
 2 SYSTEMPATH\CodeIgniter.php(475): CodeIgniter\Filters\Filters->run('importData/importOSM', 'before')
 3 SYSTEMPATH\CodeIgniter.php(361): CodeIgniter\CodeIgniter->handleRequest(null, Object(Config\Cache), false)
 4 FCPATH\index.php(79): CodeIgniter\CodeIgniter->run()
WARNING - 2026-05-21 13:34:58 --> [DEPRECATED] Creation of dynamic property CodeIgniter\HTTP\IncomingRequest::$user is deprecated in APPPATH\Filters\JwtAuth.php on line 47.
 1 SYSTEMPATH\Filters\Filters.php(182): App\Filters\JwtAuth->before(Object(CodeIgniter\HTTP\IncomingRequest), null)
 2 SYSTEMPATH\CodeIgniter.php(475): CodeIgniter\Filters\Filters->run('api/profile', 'before')
 3 SYSTEMPATH\CodeIgniter.php(361): CodeIgniter\CodeIgniter->handleRequest(null, Object(Config\Cache), false)
 4 FCPATH\index.php(79): CodeIgniter\CodeIgniter->run()
INFO - 2026-05-21 13:34:59 --> Session: Class initialized using 'CodeIgniter\Session\Handlers\FileHandler' driver.
WARNING - 2026-05-21 13:34:59 --> [DEPRECATED] Creation of dynamic property CodeIgniter\HTTP\IncomingRequest::$user is deprecated in APPPATH\Filters\JwtAuthWeb.php on line 32.
 1 SYSTEMPATH\Filters\Filters.php(182): App\Filters\JwtAuthWeb->before(Object(CodeIgniter\HTTP\IncomingRequest), null)
 2 SYSTEMPATH\CodeIgniter.php(475): CodeIgniter\Filters\Filters->run('hcoach/hl-page', 'before')
 3 SYSTEMPATH\CodeIgniter.php(361): CodeIgniter\CodeIgniter->handleRequest(null, Object(Config\Cache), false)
 4 FCPATH\index.php(79): CodeIgniter\CodeIgniter->run()
WARNING - 2026-05-21 13:34:59 --> [DEPRECATED] Creation of dynamic property CodeIgniter\HTTP\IncomingRequest::$user is deprecated in APPPATH\Filters\JwtAuth.php on line 47.
 1 SYSTEMPATH\Filters\Filters.php(182): App\Filters\JwtAuth->before(Object(CodeIgniter\HTTP\IncomingRequest), null)
 2 SYSTEMPATH\CodeIgniter.php(475): CodeIgniter\Filters\Filters->run('api/profile', 'before')
 3 SYSTEMPATH\CodeIgniter.php(361): CodeIgniter\CodeIgniter->handleRequest(null, Object(Config\Cache), false)
 4 FCPATH\index.php(79): CodeIgniter\CodeIgniter->run()
INFO - 2026-05-21 13:34:59 --> Session: Class initialized using 'CodeIgniter\Session\Handlers\FileHandler' driver.
WARNING - 2026-05-21 13:34:59 --> [DEPRECATED] Creation of dynamic property CodeIgniter\HTTP\IncomingRequest::$user is deprecated in APPPATH\Filters\JwtAuthWeb.php on line 32.
 1 SYSTEMPATH\Filters\Filters.php(182): App\Filters\JwtAuthWeb->before(Object(CodeIgniter\HTTP\IncomingRequest), null)
 2 SYSTEMPATH\CodeIgniter.php(475): CodeIgniter\Filters\Filters->run('hcoach/fetch-hcoach', 'before')
 3 SYSTEMPATH\CodeIgniter.php(361): CodeIgniter\CodeIgniter->handleRequest(null, Object(Config\Cache), false)
 4 FCPATH\index.php(79): CodeIgniter\CodeIgniter->run()
INFO - 2026-05-21 13:35:05 --> Session: Class initialized using 'CodeIgniter\Session\Handlers\FileHandler' driver.
WARNING - 2026-05-21 13:35:05 --> [DEPRECATED] Creation of dynamic property CodeIgniter\HTTP\IncomingRequest::$user is deprecated in APPPATH\Filters\JwtAuthWeb.php on line 32.
 1 SYSTEMPATH\Filters\Filters.php(182): App\Filters\JwtAuthWeb->before(Object(CodeIgniter\HTTP\IncomingRequest), null)
 2 SYSTEMPATH\CodeIgniter.php(475): CodeIgniter\Filters\Filters->run('register', 'before')
 3 SYSTEMPATH\CodeIgniter.php(361): CodeIgniter\CodeIgniter->handleRequest(null, Object(Config\Cache), false)
 4 FCPATH\index.php(79): CodeIgniter\CodeIgniter->run()
