INFO - 2026-02-23 06:02:22 --> Session: Class initialized using 'CodeIgniter\Session\Handlers\FileHandler' driver.
INFO - 2026-02-23 06:02:25 --> Session: Class initialized using 'CodeIgniter\Session\Handlers\FileHandler' driver.
WARNING - 2026-02-23 06:02:25 --> [DEPRECATED] Creation of dynamic property CodeIgniter\HTTP\IncomingRequest::$user is deprecated in APPPATH\Filters\JwtAuthWeb.php on line 32.
 1 SYSTEMPATH\Filters\Filters.php(182): App\Filters\JwtAuthWeb->before(Object(CodeIgniter\HTTP\IncomingRequest), null)
 2 SYSTEMPATH\CodeIgniter.php(475): CodeIgniter\Filters\Filters->run('setting/dashboard-page', 'before')
 3 SYSTEMPATH\CodeIgniter.php(361): CodeIgniter\CodeIgniter->handleRequest(null, Object(Config\Cache), false)
 4 FCPATH\index.php(79): CodeIgniter\CodeIgniter->run()
WARNING - 2026-02-23 06:02:25 --> [DEPRECATED] Creation of dynamic property CodeIgniter\HTTP\IncomingRequest::$user is deprecated in APPPATH\Filters\JwtAuth.php on line 47.
 1 SYSTEMPATH\Filters\Filters.php(182): App\Filters\JwtAuth->before(Object(CodeIgniter\HTTP\IncomingRequest), null)
 2 SYSTEMPATH\CodeIgniter.php(475): CodeIgniter\Filters\Filters->run('api/profile', 'before')
 3 SYSTEMPATH\CodeIgniter.php(361): CodeIgniter\CodeIgniter->handleRequest(null, Object(Config\Cache), false)
 4 FCPATH\index.php(79): CodeIgniter\CodeIgniter->run()
INFO - 2026-02-23 06:02:28 --> Session: Class initialized using 'CodeIgniter\Session\Handlers\FileHandler' driver.
WARNING - 2026-02-23 06:02:28 --> [DEPRECATED] Creation of dynamic property CodeIgniter\HTTP\IncomingRequest::$user is deprecated in APPPATH\Filters\JwtAuthWeb.php on line 32.
 1 SYSTEMPATH\Filters\Filters.php(182): App\Filters\JwtAuthWeb->before(Object(CodeIgniter\HTTP\IncomingRequest), null)
 2 SYSTEMPATH\CodeIgniter.php(475): CodeIgniter\Filters\Filters->run('import-data', 'before')
 3 SYSTEMPATH\CodeIgniter.php(361): CodeIgniter\CodeIgniter->handleRequest(null, Object(Config\Cache), false)
 4 FCPATH\index.php(79): CodeIgniter\CodeIgniter->run()
INFO - 2026-02-23 06:02:29 --> Session: Class initialized using 'CodeIgniter\Session\Handlers\FileHandler' driver.
WARNING - 2026-02-23 06:02:29 --> [DEPRECATED] Creation of dynamic property CodeIgniter\HTTP\IncomingRequest::$user is deprecated in APPPATH\Filters\JwtAuthWeb.php on line 32.
 1 SYSTEMPATH\Filters\Filters.php(182): App\Filters\JwtAuthWeb->before(Object(CodeIgniter\HTTP\IncomingRequest), null)
 2 SYSTEMPATH\CodeIgniter.php(475): CodeIgniter\Filters\Filters->run('fetchData', 'before')
 3 SYSTEMPATH\CodeIgniter.php(361): CodeIgniter\CodeIgniter->handleRequest(null, Object(Config\Cache), false)
 4 FCPATH\index.php(79): CodeIgniter\CodeIgniter->run()
WARNING - 2026-02-23 06:02:29 --> [DEPRECATED] Creation of dynamic property CodeIgniter\HTTP\IncomingRequest::$user is deprecated in APPPATH\Filters\JwtAuth.php on line 47.
 1 SYSTEMPATH\Filters\Filters.php(182): App\Filters\JwtAuth->before(Object(CodeIgniter\HTTP\IncomingRequest), null)
 2 SYSTEMPATH\CodeIgniter.php(475): CodeIgniter\Filters\Filters->run('api/profile', 'before')
 3 SYSTEMPATH\CodeIgniter.php(361): CodeIgniter\CodeIgniter->handleRequest(null, Object(Config\Cache), false)
 4 FCPATH\index.php(79): CodeIgniter\CodeIgniter->run()
INFO - 2026-02-23 06:02:29 --> Session: Class initialized using 'CodeIgniter\Session\Handlers\FileHandler' driver.
WARNING - 2026-02-23 06:02:29 --> [DEPRECATED] Creation of dynamic property CodeIgniter\HTTP\IncomingRequest::$user is deprecated in APPPATH\Filters\JwtAuthWeb.php on line 32.
 1 SYSTEMPATH\Filters\Filters.php(182): App\Filters\JwtAuthWeb->before(Object(CodeIgniter\HTTP\IncomingRequest), null)
 2 SYSTEMPATH\CodeIgniter.php(475): CodeIgniter\Filters\Filters->run('getCaregiverData', 'before')
 3 SYSTEMPATH\CodeIgniter.php(361): CodeIgniter\CodeIgniter->handleRequest(null, Object(Config\Cache), false)
 4 FCPATH\index.php(79): CodeIgniter\CodeIgniter->run()
INFO - 2026-02-23 06:02:29 --> Session: Class initialized using 'CodeIgniter\Session\Handlers\FileHandler' driver.
WARNING - 2026-02-23 06:02:29 --> [DEPRECATED] Creation of dynamic property CodeIgniter\HTTP\IncomingRequest::$user is deprecated in APPPATH\Filters\JwtAuthWeb.php on line 32.
 1 SYSTEMPATH\Filters\Filters.php(182): App\Filters\JwtAuthWeb->before(Object(CodeIgniter\HTTP\IncomingRequest), null)
 2 SYSTEMPATH\CodeIgniter.php(475): CodeIgniter\Filters\Filters->run('fetchDataNCD', 'before')
 3 SYSTEMPATH\CodeIgniter.php(361): CodeIgniter\CodeIgniter->handleRequest(null, Object(Config\Cache), false)
 4 FCPATH\index.php(79): CodeIgniter\CodeIgniter->run()
INFO - 2026-02-23 06:02:29 --> Session: Class initialized using 'CodeIgniter\Session\Handlers\FileHandler' driver.
WARNING - 2026-02-23 06:02:29 --> [DEPRECATED] Creation of dynamic property CodeIgniter\HTTP\IncomingRequest::$user is deprecated in APPPATH\Filters\JwtAuthWeb.php on line 32.
 1 SYSTEMPATH\Filters\Filters.php(182): App\Filters\JwtAuthWeb->before(Object(CodeIgniter\HTTP\IncomingRequest), null)
 2 SYSTEMPATH\CodeIgniter.php(475): CodeIgniter\Filters\Filters->run('fetchDataPop', 'before')
 3 SYSTEMPATH\CodeIgniter.php(361): CodeIgniter\CodeIgniter->handleRequest(null, Object(Config\Cache), false)
 4 FCPATH\index.php(79): CodeIgniter\CodeIgniter->run()
INFO - 2026-02-23 06:04:18 --> Session: Class initialized using 'CodeIgniter\Session\Handlers\FileHandler' driver.
WARNING - 2026-02-23 06:04:18 --> [DEPRECATED] Creation of dynamic property CodeIgniter\HTTP\IncomingRequest::$user is deprecated in APPPATH\Filters\JwtAuthWeb.php on line 32.
 1 SYSTEMPATH\Filters\Filters.php(182): App\Filters\JwtAuthWeb->before(Object(CodeIgniter\HTTP\IncomingRequest), null)
 2 SYSTEMPATH\CodeIgniter.php(475): CodeIgniter\Filters\Filters->run('import-data', 'before')
 3 SYSTEMPATH\CodeIgniter.php(361): CodeIgniter\CodeIgniter->handleRequest(null, Object(Config\Cache), false)
 4 FCPATH\index.php(79): CodeIgniter\CodeIgniter->run()
INFO - 2026-02-23 06:04:18 --> Session: Class initialized using 'CodeIgniter\Session\Handlers\FileHandler' driver.
WARNING - 2026-02-23 06:04:18 --> [DEPRECATED] Creation of dynamic property CodeIgniter\HTTP\IncomingRequest::$user is deprecated in APPPATH\Filters\JwtAuthWeb.php on line 32.
 1 SYSTEMPATH\Filters\Filters.php(182): App\Filters\JwtAuthWeb->before(Object(CodeIgniter\HTTP\IncomingRequest), null)
 2 SYSTEMPATH\CodeIgniter.php(475): CodeIgniter\Filters\Filters->run('fetchData', 'before')
 3 SYSTEMPATH\CodeIgniter.php(361): CodeIgniter\CodeIgniter->handleRequest(null, Object(Config\Cache), false)
 4 FCPATH\index.php(79): CodeIgniter\CodeIgniter->run()
WARNING - 2026-02-23 06:04:18 --> [DEPRECATED] Creation of dynamic property CodeIgniter\HTTP\IncomingRequest::$user is deprecated in APPPATH\Filters\JwtAuth.php on line 47.
 1 SYSTEMPATH\Filters\Filters.php(182): App\Filters\JwtAuth->before(Object(CodeIgniter\HTTP\IncomingRequest), null)
 2 SYSTEMPATH\CodeIgniter.php(475): CodeIgniter\Filters\Filters->run('api/profile', 'before')
 3 SYSTEMPATH\CodeIgniter.php(361): CodeIgniter\CodeIgniter->handleRequest(null, Object(Config\Cache), false)
 4 FCPATH\index.php(79): CodeIgniter\CodeIgniter->run()
INFO - 2026-02-23 06:04:18 --> Session: Class initialized using 'CodeIgniter\Session\Handlers\FileHandler' driver.
WARNING - 2026-02-23 06:04:18 --> [DEPRECATED] Creation of dynamic property CodeIgniter\HTTP\IncomingRequest::$user is deprecated in APPPATH\Filters\JwtAuthWeb.php on line 32.
 1 SYSTEMPATH\Filters\Filters.php(182): App\Filters\JwtAuthWeb->before(Object(CodeIgniter\HTTP\IncomingRequest), null)
 2 SYSTEMPATH\CodeIgniter.php(475): CodeIgniter\Filters\Filters->run('getCaregiverData', 'before')
 3 SYSTEMPATH\CodeIgniter.php(361): CodeIgniter\CodeIgniter->handleRequest(null, Object(Config\Cache), false)
 4 FCPATH\index.php(79): CodeIgniter\CodeIgniter->run()
INFO - 2026-02-23 06:04:18 --> Session: Class initialized using 'CodeIgniter\Session\Handlers\FileHandler' driver.
WARNING - 2026-02-23 06:04:18 --> [DEPRECATED] Creation of dynamic property CodeIgniter\HTTP\IncomingRequest::$user is deprecated in APPPATH\Filters\JwtAuthWeb.php on line 32.
 1 SYSTEMPATH\Filters\Filters.php(182): App\Filters\JwtAuthWeb->before(Object(CodeIgniter\HTTP\IncomingRequest), null)
 2 SYSTEMPATH\CodeIgniter.php(475): CodeIgniter\Filters\Filters->run('fetchDataNCD', 'before')
 3 SYSTEMPATH\CodeIgniter.php(361): CodeIgniter\CodeIgniter->handleRequest(null, Object(Config\Cache), false)
 4 FCPATH\index.php(79): CodeIgniter\CodeIgniter->run()
INFO - 2026-02-23 06:04:18 --> Session: Class initialized using 'CodeIgniter\Session\Handlers\FileHandler' driver.
WARNING - 2026-02-23 06:04:18 --> [DEPRECATED] Creation of dynamic property CodeIgniter\HTTP\IncomingRequest::$user is deprecated in APPPATH\Filters\JwtAuthWeb.php on line 32.
 1 SYSTEMPATH\Filters\Filters.php(182): App\Filters\JwtAuthWeb->before(Object(CodeIgniter\HTTP\IncomingRequest), null)
 2 SYSTEMPATH\CodeIgniter.php(475): CodeIgniter\Filters\Filters->run('fetchDataPop', 'before')
 3 SYSTEMPATH\CodeIgniter.php(361): CodeIgniter\CodeIgniter->handleRequest(null, Object(Config\Cache), false)
 4 FCPATH\index.php(79): CodeIgniter\CodeIgniter->run()
INFO - 2026-02-23 06:04:40 --> Session: Class initialized using 'CodeIgniter\Session\Handlers\FileHandler' driver.
WARNING - 2026-02-23 06:04:40 --> [DEPRECATED] Creation of dynamic property CodeIgniter\HTTP\IncomingRequest::$user is deprecated in APPPATH\Filters\JwtAuthWeb.php on line 32.
 1 SYSTEMPATH\Filters\Filters.php(182): App\Filters\JwtAuthWeb->before(Object(CodeIgniter\HTTP\IncomingRequest), null)
 2 SYSTEMPATH\CodeIgniter.php(475): CodeIgniter\Filters\Filters->run('import-home', 'before')
 3 SYSTEMPATH\CodeIgniter.php(361): CodeIgniter\CodeIgniter->handleRequest(null, Object(Config\Cache), false)
 4 FCPATH\index.php(79): CodeIgniter\CodeIgniter->run()
CRITICAL - 2026-02-23 06:04:41 --> CodeIgniter\Security\Exceptions\SecurityException: The action you requested is not allowed.
in SYSTEMPATH\Security\Security.php on line 300.
 1 SYSTEMPATH\Security\Security.php(300): CodeIgniter\Security\Exceptions\SecurityException::forDisallowedAction()
 2 SYSTEMPATH\Filters\CSRF.php(56): CodeIgniter\Security\Security->verify(Object(CodeIgniter\HTTP\IncomingRequest))
 3 SYSTEMPATH\Filters\Filters.php(182): CodeIgniter\Filters\CSRF->before(Object(CodeIgniter\HTTP\IncomingRequest), null)
 4 SYSTEMPATH\CodeIgniter.php(475): CodeIgniter\Filters\Filters->run('import-home', 'before')
 5 SYSTEMPATH\CodeIgniter.php(361): CodeIgniter\CodeIgniter->handleRequest(null, Object(Config\Cache), false)
 6 FCPATH\index.php(79): CodeIgniter\CodeIgniter->run()
INFO - 2026-02-23 06:05:30 --> Session: Class initialized using 'CodeIgniter\Session\Handlers\FileHandler' driver.
WARNING - 2026-02-23 06:05:30 --> [DEPRECATED] Creation of dynamic property CodeIgniter\HTTP\IncomingRequest::$user is deprecated in APPPATH\Filters\JwtAuthWeb.php on line 32.
 1 SYSTEMPATH\Filters\Filters.php(182): App\Filters\JwtAuthWeb->before(Object(CodeIgniter\HTTP\IncomingRequest), null)
 2 SYSTEMPATH\CodeIgniter.php(475): CodeIgniter\Filters\Filters->run('import-home', 'before')
 3 SYSTEMPATH\CodeIgniter.php(361): CodeIgniter\CodeIgniter->handleRequest(null, Object(Config\Cache), false)
 4 FCPATH\index.php(79): CodeIgniter\CodeIgniter->run()
ERROR - 2026-02-23 06:05:30 --> mysqli_sql_exception: Table 'ltcbase.ltc_homes' doesn't exist in D:\xampp6\htdocs\project-jwt\vendor\codeigniter4\framework\system\Database\MySQLi\Connection.php:306
Stack trace:
#0 D:\xampp6\htdocs\project-jwt\vendor\codeigniter4\framework\system\Database\MySQLi\Connection.php(306): mysqli->query('SELECT *\nFROM `...', 0)
#1 D:\xampp6\htdocs\project-jwt\vendor\codeigniter4\framework\system\Database\BaseConnection.php(693): CodeIgniter\Database\MySQLi\Connection->execute('SELECT *\nFROM `...')
#2 D:\xampp6\htdocs\project-jwt\vendor\codeigniter4\framework\system\Database\BaseConnection.php(607): CodeIgniter\Database\BaseConnection->simpleQuery('SELECT *\nFROM `...')
#3 D:\xampp6\htdocs\project-jwt\vendor\codeigniter4\framework\system\Database\BaseBuilder.php(1616): CodeIgniter\Database\BaseConnection->query('SELECT *\nFROM `...', Array, false)
#4 D:\xampp6\htdocs\project-jwt\vendor\codeigniter4\framework\system\Model.php(271): CodeIgniter\Database\BaseBuilder->get()
#5 D:\xampp6\htdocs\project-jwt\vendor\codeigniter4\framework\system\BaseModel.php(679): CodeIgniter\Model->doFirst()
#6 D:\xampp6\htdocs\project-jwt\app\Models\HomeModel.php(50): CodeIgniter\BaseModel->first()
#7 D:\xampp6\htdocs\project-jwt\app\Controllers\ImportDataController.php(676): App\Models\HomeModel->getHomeByhid('03553', '768')
#8 D:\xampp6\htdocs\project-jwt\vendor\codeigniter4\framework\system\CodeIgniter.php(943): App\Controllers\ImportDataController->import_home()
#9 D:\xampp6\htdocs\project-jwt\vendor\codeigniter4\framework\system\CodeIgniter.php(503): CodeIgniter\CodeIgniter->runController(Object(App\Controllers\ImportDataController))
#10 D:\xampp6\htdocs\project-jwt\vendor\codeigniter4\framework\system\CodeIgniter.php(361): CodeIgniter\CodeIgniter->handleRequest(NULL, Object(Config\Cache), false)
#11 D:\xampp6\htdocs\project-jwt\public\index.php(79): CodeIgniter\CodeIgniter->run()
#12 {main}
CRITICAL - 2026-02-23 06:05:30 --> CodeIgniter\Database\Exceptions\DatabaseException: Table 'ltcbase.ltc_homes' doesn't exist
in SYSTEMPATH\Database\BaseConnection.php on line 647.
 1 SYSTEMPATH\Database\BaseBuilder.php(1616): CodeIgniter\Database\BaseConnection->query('SELECT *
FROM `ltc_homes`
WHERE `hospcode` = :hospcode:
AND `hid` = :hid:
 LIMIT 1', [...], false)
 2 SYSTEMPATH\Model.php(271): CodeIgniter\Database\BaseBuilder->get()
 3 SYSTEMPATH\BaseModel.php(679): CodeIgniter\Model->doFirst()
 4 APPPATH\Models\HomeModel.php(50): CodeIgniter\BaseModel->first()
 5 APPPATH\Controllers\ImportDataController.php(676): App\Models\HomeModel->getHomeByhid('03553', '768')
 6 SYSTEMPATH\CodeIgniter.php(943): App\Controllers\ImportDataController->import_home()
 7 SYSTEMPATH\CodeIgniter.php(503): CodeIgniter\CodeIgniter->runController(Object(App\Controllers\ImportDataController))
 8 SYSTEMPATH\CodeIgniter.php(361): CodeIgniter\CodeIgniter->handleRequest(null, Object(Config\Cache), false)
 9 FCPATH\index.php(79): CodeIgniter\CodeIgniter->run()
CRITICAL - 2026-02-23 06:05:30 --> [Caused by] CodeIgniter\Database\Exceptions\DatabaseException: Table 'ltcbase.ltc_homes' doesn't exist
in SYSTEMPATH\Database\MySQLi\Connection.php on line 311.
 1 SYSTEMPATH\Database\BaseConnection.php(693): CodeIgniter\Database\MySQLi\Connection->execute('SELECT *
FROM `ltc_homes`
WHERE `hospcode` = \'03553\'
AND `hid` = \'768\'
 LIMIT 1')
 2 SYSTEMPATH\Database\BaseConnection.php(607): CodeIgniter\Database\BaseConnection->simpleQuery('SELECT *
FROM `ltc_homes`
WHERE `hospcode` = \'03553\'
AND `hid` = \'768\'
 LIMIT 1')
 3 SYSTEMPATH\Database\BaseBuilder.php(1616): CodeIgniter\Database\BaseConnection->query('SELECT *
FROM `ltc_homes`
WHERE `hospcode` = :hospcode:
AND `hid` = :hid:
 LIMIT 1', [...], false)
 4 SYSTEMPATH\Model.php(271): CodeIgniter\Database\BaseBuilder->get()
 5 SYSTEMPATH\BaseModel.php(679): CodeIgniter\Model->doFirst()
 6 APPPATH\Models\HomeModel.php(50): CodeIgniter\BaseModel->first()
 7 APPPATH\Controllers\ImportDataController.php(676): App\Models\HomeModel->getHomeByhid('03553', '768')
 8 SYSTEMPATH\CodeIgniter.php(943): App\Controllers\ImportDataController->import_home()
 9 SYSTEMPATH\CodeIgniter.php(503): CodeIgniter\CodeIgniter->runController(Object(App\Controllers\ImportDataController))
10 SYSTEMPATH\CodeIgniter.php(361): CodeIgniter\CodeIgniter->handleRequest(null, Object(Config\Cache), false)
11 FCPATH\index.php(79): CodeIgniter\CodeIgniter->run()
CRITICAL - 2026-02-23 06:05:30 --> [Caused by] mysqli_sql_exception: Table 'ltcbase.ltc_homes' doesn't exist
in SYSTEMPATH\Database\MySQLi\Connection.php on line 306.
 1 SYSTEMPATH\Database\MySQLi\Connection.php(306): mysqli->query('SELECT *
FROM `ltc_homes`
WHERE `hospcode` = \'03553\'
AND `hid` = \'768\'
 LIMIT 1', 0)
 2 SYSTEMPATH\Database\BaseConnection.php(693): CodeIgniter\Database\MySQLi\Connection->execute('SELECT *
FROM `ltc_homes`
WHERE `hospcode` = \'03553\'
AND `hid` = \'768\'
 LIMIT 1')
 3 SYSTEMPATH\Database\BaseConnection.php(607): CodeIgniter\Database\BaseConnection->simpleQuery('SELECT *
FROM `ltc_homes`
WHERE `hospcode` = \'03553\'
AND `hid` = \'768\'
 LIMIT 1')
 4 SYSTEMPATH\Database\BaseBuilder.php(1616): CodeIgniter\Database\BaseConnection->query('SELECT *
FROM `ltc_homes`
WHERE `hospcode` = :hospcode:
AND `hid` = :hid:
 LIMIT 1', [...], false)
 5 SYSTEMPATH\Model.php(271): CodeIgniter\Database\BaseBuilder->get()
 6 SYSTEMPATH\BaseModel.php(679): CodeIgniter\Model->doFirst()
 7 APPPATH\Models\HomeModel.php(50): CodeIgniter\BaseModel->first()
 8 APPPATH\Controllers\ImportDataController.php(676): App\Models\HomeModel->getHomeByhid('03553', '768')
 9 SYSTEMPATH\CodeIgniter.php(943): App\Controllers\ImportDataController->import_home()
10 SYSTEMPATH\CodeIgniter.php(503): CodeIgniter\CodeIgniter->runController(Object(App\Controllers\ImportDataController))
11 SYSTEMPATH\CodeIgniter.php(361): CodeIgniter\CodeIgniter->handleRequest(null, Object(Config\Cache), false)
12 FCPATH\index.php(79): CodeIgniter\CodeIgniter->run()
INFO - 2026-02-23 06:06:05 --> Session: Class initialized using 'CodeIgniter\Session\Handlers\FileHandler' driver.
WARNING - 2026-02-23 06:06:05 --> [DEPRECATED] Creation of dynamic property CodeIgniter\HTTP\IncomingRequest::$user is deprecated in APPPATH\Filters\JwtAuthWeb.php on line 32.
 1 SYSTEMPATH\Filters\Filters.php(182): App\Filters\JwtAuthWeb->before(Object(CodeIgniter\HTTP\IncomingRequest), null)
 2 SYSTEMPATH\CodeIgniter.php(475): CodeIgniter\Filters\Filters->run('import-home', 'before')
 3 SYSTEMPATH\CodeIgniter.php(361): CodeIgniter\CodeIgniter->handleRequest(null, Object(Config\Cache), false)
 4 FCPATH\index.php(79): CodeIgniter\CodeIgniter->run()
CRITICAL - 2026-02-23 06:06:05 --> BadMethodCallException: Call to undefined method App\Models\HomeModel::BulkInsert
in SYSTEMPATH\Model.php on line 879.
 1 APPPATH\Controllers\ImportDataController.php(693): CodeIgniter\Model->__call('BulkInsert', [...])
 2 SYSTEMPATH\CodeIgniter.php(943): App\Controllers\ImportDataController->import_home()
 3 SYSTEMPATH\CodeIgniter.php(503): CodeIgniter\CodeIgniter->runController(Object(App\Controllers\ImportDataController))
 4 SYSTEMPATH\CodeIgniter.php(361): CodeIgniter\CodeIgniter->handleRequest(null, Object(Config\Cache), false)
 5 FCPATH\index.php(79): CodeIgniter\CodeIgniter->run()
INFO - 2026-02-23 06:06:42 --> Session: Class initialized using 'CodeIgniter\Session\Handlers\FileHandler' driver.
WARNING - 2026-02-23 06:06:42 --> [DEPRECATED] Creation of dynamic property CodeIgniter\HTTP\IncomingRequest::$user is deprecated in APPPATH\Filters\JwtAuthWeb.php on line 32.
 1 SYSTEMPATH\Filters\Filters.php(182): App\Filters\JwtAuthWeb->before(Object(CodeIgniter\HTTP\IncomingRequest), null)
 2 SYSTEMPATH\CodeIgniter.php(475): CodeIgniter\Filters\Filters->run('import-home', 'before')
 3 SYSTEMPATH\CodeIgniter.php(361): CodeIgniter\CodeIgniter->handleRequest(null, Object(Config\Cache), false)
 4 FCPATH\index.php(79): CodeIgniter\CodeIgniter->run()
INFO - 2026-02-23 06:06:42 --> Session: Class initialized using 'CodeIgniter\Session\Handlers\FileHandler' driver.
WARNING - 2026-02-23 06:06:42 --> [DEPRECATED] Creation of dynamic property CodeIgniter\HTTP\IncomingRequest::$user is deprecated in APPPATH\Filters\JwtAuthWeb.php on line 32.
 1 SYSTEMPATH\Filters\Filters.php(182): App\Filters\JwtAuthWeb->before(Object(CodeIgniter\HTTP\IncomingRequest), null)
 2 SYSTEMPATH\CodeIgniter.php(475): CodeIgniter\Filters\Filters->run('import-data', 'before')
 3 SYSTEMPATH\CodeIgniter.php(361): CodeIgniter\CodeIgniter->handleRequest(null, Object(Config\Cache), false)
 4 FCPATH\index.php(79): CodeIgniter\CodeIgniter->run()
INFO - 2026-02-23 06:06:43 --> Session: Class initialized using 'CodeIgniter\Session\Handlers\FileHandler' driver.
WARNING - 2026-02-23 06:06:43 --> [DEPRECATED] Creation of dynamic property CodeIgniter\HTTP\IncomingRequest::$user is deprecated in APPPATH\Filters\JwtAuthWeb.php on line 32.
 1 SYSTEMPATH\Filters\Filters.php(182): App\Filters\JwtAuthWeb->before(Object(CodeIgniter\HTTP\IncomingRequest), null)
 2 SYSTEMPATH\CodeIgniter.php(475): CodeIgniter\Filters\Filters->run('fetchData', 'before')
 3 SYSTEMPATH\CodeIgniter.php(361): CodeIgniter\CodeIgniter->handleRequest(null, Object(Config\Cache), false)
 4 FCPATH\index.php(79): CodeIgniter\CodeIgniter->run()
WARNING - 2026-02-23 06:06:43 --> [DEPRECATED] Creation of dynamic property CodeIgniter\HTTP\IncomingRequest::$user is deprecated in APPPATH\Filters\JwtAuth.php on line 47.
 1 SYSTEMPATH\Filters\Filters.php(182): App\Filters\JwtAuth->before(Object(CodeIgniter\HTTP\IncomingRequest), null)
 2 SYSTEMPATH\CodeIgniter.php(475): CodeIgniter\Filters\Filters->run('api/profile', 'before')
 3 SYSTEMPATH\CodeIgniter.php(361): CodeIgniter\CodeIgniter->handleRequest(null, Object(Config\Cache), false)
 4 FCPATH\index.php(79): CodeIgniter\CodeIgniter->run()
INFO - 2026-02-23 06:06:43 --> Session: Class initialized using 'CodeIgniter\Session\Handlers\FileHandler' driver.
WARNING - 2026-02-23 06:06:43 --> [DEPRECATED] Creation of dynamic property CodeIgniter\HTTP\IncomingRequest::$user is deprecated in APPPATH\Filters\JwtAuthWeb.php on line 32.
 1 SYSTEMPATH\Filters\Filters.php(182): App\Filters\JwtAuthWeb->before(Object(CodeIgniter\HTTP\IncomingRequest), null)
 2 SYSTEMPATH\CodeIgniter.php(475): CodeIgniter\Filters\Filters->run('getCaregiverData', 'before')
 3 SYSTEMPATH\CodeIgniter.php(361): CodeIgniter\CodeIgniter->handleRequest(null, Object(Config\Cache), false)
 4 FCPATH\index.php(79): CodeIgniter\CodeIgniter->run()
INFO - 2026-02-23 06:06:43 --> Session: Class initialized using 'CodeIgniter\Session\Handlers\FileHandler' driver.
WARNING - 2026-02-23 06:06:43 --> [DEPRECATED] Creation of dynamic property CodeIgniter\HTTP\IncomingRequest::$user is deprecated in APPPATH\Filters\JwtAuthWeb.php on line 32.
 1 SYSTEMPATH\Filters\Filters.php(182): App\Filters\JwtAuthWeb->before(Object(CodeIgniter\HTTP\IncomingRequest), null)
 2 SYSTEMPATH\CodeIgniter.php(475): CodeIgniter\Filters\Filters->run('fetchDataNCD', 'before')
 3 SYSTEMPATH\CodeIgniter.php(361): CodeIgniter\CodeIgniter->handleRequest(null, Object(Config\Cache), false)
 4 FCPATH\index.php(79): CodeIgniter\CodeIgniter->run()
INFO - 2026-02-23 06:06:43 --> Session: Class initialized using 'CodeIgniter\Session\Handlers\FileHandler' driver.
WARNING - 2026-02-23 06:06:43 --> [DEPRECATED] Creation of dynamic property CodeIgniter\HTTP\IncomingRequest::$user is deprecated in APPPATH\Filters\JwtAuthWeb.php on line 32.
 1 SYSTEMPATH\Filters\Filters.php(182): App\Filters\JwtAuthWeb->before(Object(CodeIgniter\HTTP\IncomingRequest), null)
 2 SYSTEMPATH\CodeIgniter.php(475): CodeIgniter\Filters\Filters->run('fetchDataPop', 'before')
 3 SYSTEMPATH\CodeIgniter.php(361): CodeIgniter\CodeIgniter->handleRequest(null, Object(Config\Cache), false)
 4 FCPATH\index.php(79): CodeIgniter\CodeIgniter->run()
INFO - 2026-02-23 06:11:19 --> Session: Class initialized using 'CodeIgniter\Session\Handlers\FileHandler' driver.
WARNING - 2026-02-23 06:11:19 --> [DEPRECATED] Creation of dynamic property CodeIgniter\HTTP\IncomingRequest::$user is deprecated in APPPATH\Filters\JwtAuthWeb.php on line 32.
 1 SYSTEMPATH\Filters\Filters.php(182): App\Filters\JwtAuthWeb->before(Object(CodeIgniter\HTTP\IncomingRequest), null)
 2 SYSTEMPATH\CodeIgniter.php(475): CodeIgniter\Filters\Filters->run('import-data', 'before')
 3 SYSTEMPATH\CodeIgniter.php(361): CodeIgniter\CodeIgniter->handleRequest(null, Object(Config\Cache), false)
 4 FCPATH\index.php(79): CodeIgniter\CodeIgniter->run()
INFO - 2026-02-23 06:11:19 --> Session: Class initialized using 'CodeIgniter\Session\Handlers\FileHandler' driver.
WARNING - 2026-02-23 06:11:19 --> [DEPRECATED] Creation of dynamic property CodeIgniter\HTTP\IncomingRequest::$user is deprecated in APPPATH\Filters\JwtAuthWeb.php on line 32.
 1 SYSTEMPATH\Filters\Filters.php(182): App\Filters\JwtAuthWeb->before(Object(CodeIgniter\HTTP\IncomingRequest), null)
 2 SYSTEMPATH\CodeIgniter.php(475): CodeIgniter\Filters\Filters->run('fetchData', 'before')
 3 SYSTEMPATH\CodeIgniter.php(361): CodeIgniter\CodeIgniter->handleRequest(null, Object(Config\Cache), false)
 4 FCPATH\index.php(79): CodeIgniter\CodeIgniter->run()
WARNING - 2026-02-23 06:11:19 --> [DEPRECATED] Creation of dynamic property CodeIgniter\HTTP\IncomingRequest::$user is deprecated in APPPATH\Filters\JwtAuth.php on line 47.
 1 SYSTEMPATH\Filters\Filters.php(182): App\Filters\JwtAuth->before(Object(CodeIgniter\HTTP\IncomingRequest), null)
 2 SYSTEMPATH\CodeIgniter.php(475): CodeIgniter\Filters\Filters->run('api/profile', 'before')
 3 SYSTEMPATH\CodeIgniter.php(361): CodeIgniter\CodeIgniter->handleRequest(null, Object(Config\Cache), false)
 4 FCPATH\index.php(79): CodeIgniter\CodeIgniter->run()
INFO - 2026-02-23 06:11:19 --> Session: Class initialized using 'CodeIgniter\Session\Handlers\FileHandler' driver.
WARNING - 2026-02-23 06:11:19 --> [DEPRECATED] Creation of dynamic property CodeIgniter\HTTP\IncomingRequest::$user is deprecated in APPPATH\Filters\JwtAuthWeb.php on line 32.
 1 SYSTEMPATH\Filters\Filters.php(182): App\Filters\JwtAuthWeb->before(Object(CodeIgniter\HTTP\IncomingRequest), null)
 2 SYSTEMPATH\CodeIgniter.php(475): CodeIgniter\Filters\Filters->run('getCaregiverData', 'before')
 3 SYSTEMPATH\CodeIgniter.php(361): CodeIgniter\CodeIgniter->handleRequest(null, Object(Config\Cache), false)
 4 FCPATH\index.php(79): CodeIgniter\CodeIgniter->run()
INFO - 2026-02-23 06:11:20 --> Session: Class initialized using 'CodeIgniter\Session\Handlers\FileHandler' driver.
WARNING - 2026-02-23 06:11:20 --> [DEPRECATED] Creation of dynamic property CodeIgniter\HTTP\IncomingRequest::$user is deprecated in APPPATH\Filters\JwtAuthWeb.php on line 32.
 1 SYSTEMPATH\Filters\Filters.php(182): App\Filters\JwtAuthWeb->before(Object(CodeIgniter\HTTP\IncomingRequest), null)
 2 SYSTEMPATH\CodeIgniter.php(475): CodeIgniter\Filters\Filters->run('fetchDataNCD', 'before')
 3 SYSTEMPATH\CodeIgniter.php(361): CodeIgniter\CodeIgniter->handleRequest(null, Object(Config\Cache), false)
 4 FCPATH\index.php(79): CodeIgniter\CodeIgniter->run()
INFO - 2026-02-23 06:11:20 --> Session: Class initialized using 'CodeIgniter\Session\Handlers\FileHandler' driver.
WARNING - 2026-02-23 06:11:20 --> [DEPRECATED] Creation of dynamic property CodeIgniter\HTTP\IncomingRequest::$user is deprecated in APPPATH\Filters\JwtAuthWeb.php on line 32.
 1 SYSTEMPATH\Filters\Filters.php(182): App\Filters\JwtAuthWeb->before(Object(CodeIgniter\HTTP\IncomingRequest), null)
 2 SYSTEMPATH\CodeIgniter.php(475): CodeIgniter\Filters\Filters->run('fetchDataPop', 'before')
 3 SYSTEMPATH\CodeIgniter.php(361): CodeIgniter\CodeIgniter->handleRequest(null, Object(Config\Cache), false)
 4 FCPATH\index.php(79): CodeIgniter\CodeIgniter->run()
INFO - 2026-02-23 06:11:34 --> Session: Class initialized using 'CodeIgniter\Session\Handlers\FileHandler' driver.
WARNING - 2026-02-23 06:11:34 --> [DEPRECATED] Creation of dynamic property CodeIgniter\HTTP\IncomingRequest::$user is deprecated in APPPATH\Filters\JwtAuthWeb.php on line 32.
 1 SYSTEMPATH\Filters\Filters.php(182): App\Filters\JwtAuthWeb->before(Object(CodeIgniter\HTTP\IncomingRequest), null)
 2 SYSTEMPATH\CodeIgniter.php(475): CodeIgniter\Filters\Filters->run('import-home', 'before')
 3 SYSTEMPATH\CodeIgniter.php(361): CodeIgniter\CodeIgniter->handleRequest(null, Object(Config\Cache), false)
 4 FCPATH\index.php(79): CodeIgniter\CodeIgniter->run()
INFO - 2026-02-23 06:11:35 --> Session: Class initialized using 'CodeIgniter\Session\Handlers\FileHandler' driver.
WARNING - 2026-02-23 06:11:35 --> [DEPRECATED] Creation of dynamic property CodeIgniter\HTTP\IncomingRequest::$user is deprecated in APPPATH\Filters\JwtAuthWeb.php on line 32.
 1 SYSTEMPATH\Filters\Filters.php(182): App\Filters\JwtAuthWeb->before(Object(CodeIgniter\HTTP\IncomingRequest), null)
 2 SYSTEMPATH\CodeIgniter.php(475): CodeIgniter\Filters\Filters->run('import-data', 'before')
 3 SYSTEMPATH\CodeIgniter.php(361): CodeIgniter\CodeIgniter->handleRequest(null, Object(Config\Cache), false)
 4 FCPATH\index.php(79): CodeIgniter\CodeIgniter->run()
INFO - 2026-02-23 06:11:35 --> Session: Class initialized using 'CodeIgniter\Session\Handlers\FileHandler' driver.
WARNING - 2026-02-23 06:11:35 --> [DEPRECATED] Creation of dynamic property CodeIgniter\HTTP\IncomingRequest::$user is deprecated in APPPATH\Filters\JwtAuthWeb.php on line 32.
 1 SYSTEMPATH\Filters\Filters.php(182): App\Filters\JwtAuthWeb->before(Object(CodeIgniter\HTTP\IncomingRequest), null)
 2 SYSTEMPATH\CodeIgniter.php(475): CodeIgniter\Filters\Filters->run('fetchData', 'before')
 3 SYSTEMPATH\CodeIgniter.php(361): CodeIgniter\CodeIgniter->handleRequest(null, Object(Config\Cache), false)
 4 FCPATH\index.php(79): CodeIgniter\CodeIgniter->run()
WARNING - 2026-02-23 06:11:35 --> [DEPRECATED] Creation of dynamic property CodeIgniter\HTTP\IncomingRequest::$user is deprecated in APPPATH\Filters\JwtAuth.php on line 47.
 1 SYSTEMPATH\Filters\Filters.php(182): App\Filters\JwtAuth->before(Object(CodeIgniter\HTTP\IncomingRequest), null)
 2 SYSTEMPATH\CodeIgniter.php(475): CodeIgniter\Filters\Filters->run('api/profile', 'before')
 3 SYSTEMPATH\CodeIgniter.php(361): CodeIgniter\CodeIgniter->handleRequest(null, Object(Config\Cache), false)
 4 FCPATH\index.php(79): CodeIgniter\CodeIgniter->run()
INFO - 2026-02-23 06:11:35 --> Session: Class initialized using 'CodeIgniter\Session\Handlers\FileHandler' driver.
WARNING - 2026-02-23 06:11:35 --> [DEPRECATED] Creation of dynamic property CodeIgniter\HTTP\IncomingRequest::$user is deprecated in APPPATH\Filters\JwtAuthWeb.php on line 32.
 1 SYSTEMPATH\Filters\Filters.php(182): App\Filters\JwtAuthWeb->before(Object(CodeIgniter\HTTP\IncomingRequest), null)
 2 SYSTEMPATH\CodeIgniter.php(475): CodeIgniter\Filters\Filters->run('getCaregiverData', 'before')
 3 SYSTEMPATH\CodeIgniter.php(361): CodeIgniter\CodeIgniter->handleRequest(null, Object(Config\Cache), false)
 4 FCPATH\index.php(79): CodeIgniter\CodeIgniter->run()
INFO - 2026-02-23 06:11:35 --> Session: Class initialized using 'CodeIgniter\Session\Handlers\FileHandler' driver.
WARNING - 2026-02-23 06:11:35 --> [DEPRECATED] Creation of dynamic property CodeIgniter\HTTP\IncomingRequest::$user is deprecated in APPPATH\Filters\JwtAuthWeb.php on line 32.
 1 SYSTEMPATH\Filters\Filters.php(182): App\Filters\JwtAuthWeb->before(Object(CodeIgniter\HTTP\IncomingRequest), null)
 2 SYSTEMPATH\CodeIgniter.php(475): CodeIgniter\Filters\Filters->run('fetchDataNCD', 'before')
 3 SYSTEMPATH\CodeIgniter.php(361): CodeIgniter\CodeIgniter->handleRequest(null, Object(Config\Cache), false)
 4 FCPATH\index.php(79): CodeIgniter\CodeIgniter->run()
INFO - 2026-02-23 06:11:35 --> Session: Class initialized using 'CodeIgniter\Session\Handlers\FileHandler' driver.
WARNING - 2026-02-23 06:11:35 --> [DEPRECATED] Creation of dynamic property CodeIgniter\HTTP\IncomingRequest::$user is deprecated in APPPATH\Filters\JwtAuthWeb.php on line 32.
 1 SYSTEMPATH\Filters\Filters.php(182): App\Filters\JwtAuthWeb->before(Object(CodeIgniter\HTTP\IncomingRequest), null)
 2 SYSTEMPATH\CodeIgniter.php(475): CodeIgniter\Filters\Filters->run('fetchDataPop', 'before')
 3 SYSTEMPATH\CodeIgniter.php(361): CodeIgniter\CodeIgniter->handleRequest(null, Object(Config\Cache), false)
 4 FCPATH\index.php(79): CodeIgniter\CodeIgniter->run()
INFO - 2026-02-23 06:12:32 --> Session: Class initialized using 'CodeIgniter\Session\Handlers\FileHandler' driver.
WARNING - 2026-02-23 06:12:32 --> [DEPRECATED] Creation of dynamic property CodeIgniter\HTTP\IncomingRequest::$user is deprecated in APPPATH\Filters\JwtAuthWeb.php on line 32.
 1 SYSTEMPATH\Filters\Filters.php(182): App\Filters\JwtAuthWeb->before(Object(CodeIgniter\HTTP\IncomingRequest), null)
 2 SYSTEMPATH\CodeIgniter.php(475): CodeIgniter\Filters\Filters->run('import-data', 'before')
 3 SYSTEMPATH\CodeIgniter.php(361): CodeIgniter\CodeIgniter->handleRequest(null, Object(Config\Cache), false)
 4 FCPATH\index.php(79): CodeIgniter\CodeIgniter->run()
INFO - 2026-02-23 06:12:32 --> Session: Class initialized using 'CodeIgniter\Session\Handlers\FileHandler' driver.
WARNING - 2026-02-23 06:12:32 --> [DEPRECATED] Creation of dynamic property CodeIgniter\HTTP\IncomingRequest::$user is deprecated in APPPATH\Filters\JwtAuthWeb.php on line 32.
 1 SYSTEMPATH\Filters\Filters.php(182): App\Filters\JwtAuthWeb->before(Object(CodeIgniter\HTTP\IncomingRequest), null)
 2 SYSTEMPATH\CodeIgniter.php(475): CodeIgniter\Filters\Filters->run('fetchData', 'before')
 3 SYSTEMPATH\CodeIgniter.php(361): CodeIgniter\CodeIgniter->handleRequest(null, Object(Config\Cache), false)
 4 FCPATH\index.php(79): CodeIgniter\CodeIgniter->run()
WARNING - 2026-02-23 06:12:32 --> [DEPRECATED] Creation of dynamic property CodeIgniter\HTTP\IncomingRequest::$user is deprecated in APPPATH\Filters\JwtAuth.php on line 47.
 1 SYSTEMPATH\Filters\Filters.php(182): App\Filters\JwtAuth->before(Object(CodeIgniter\HTTP\IncomingRequest), null)
 2 SYSTEMPATH\CodeIgniter.php(475): CodeIgniter\Filters\Filters->run('api/profile', 'before')
 3 SYSTEMPATH\CodeIgniter.php(361): CodeIgniter\CodeIgniter->handleRequest(null, Object(Config\Cache), false)
 4 FCPATH\index.php(79): CodeIgniter\CodeIgniter->run()
INFO - 2026-02-23 06:12:32 --> Session: Class initialized using 'CodeIgniter\Session\Handlers\FileHandler' driver.
WARNING - 2026-02-23 06:12:32 --> [DEPRECATED] Creation of dynamic property CodeIgniter\HTTP\IncomingRequest::$user is deprecated in APPPATH\Filters\JwtAuthWeb.php on line 32.
 1 SYSTEMPATH\Filters\Filters.php(182): App\Filters\JwtAuthWeb->before(Object(CodeIgniter\HTTP\IncomingRequest), null)
 2 SYSTEMPATH\CodeIgniter.php(475): CodeIgniter\Filters\Filters->run('getCaregiverData', 'before')
 3 SYSTEMPATH\CodeIgniter.php(361): CodeIgniter\CodeIgniter->handleRequest(null, Object(Config\Cache), false)
 4 FCPATH\index.php(79): CodeIgniter\CodeIgniter->run()
INFO - 2026-02-23 06:12:32 --> Session: Class initialized using 'CodeIgniter\Session\Handlers\FileHandler' driver.
WARNING - 2026-02-23 06:12:32 --> [DEPRECATED] Creation of dynamic property CodeIgniter\HTTP\IncomingRequest::$user is deprecated in APPPATH\Filters\JwtAuthWeb.php on line 32.
 1 SYSTEMPATH\Filters\Filters.php(182): App\Filters\JwtAuthWeb->before(Object(CodeIgniter\HTTP\IncomingRequest), null)
 2 SYSTEMPATH\CodeIgniter.php(475): CodeIgniter\Filters\Filters->run('fetchDataNCD', 'before')
 3 SYSTEMPATH\CodeIgniter.php(361): CodeIgniter\CodeIgniter->handleRequest(null, Object(Config\Cache), false)
 4 FCPATH\index.php(79): CodeIgniter\CodeIgniter->run()
INFO - 2026-02-23 06:12:32 --> Session: Class initialized using 'CodeIgniter\Session\Handlers\FileHandler' driver.
WARNING - 2026-02-23 06:12:32 --> [DEPRECATED] Creation of dynamic property CodeIgniter\HTTP\IncomingRequest::$user is deprecated in APPPATH\Filters\JwtAuthWeb.php on line 32.
 1 SYSTEMPATH\Filters\Filters.php(182): App\Filters\JwtAuthWeb->before(Object(CodeIgniter\HTTP\IncomingRequest), null)
 2 SYSTEMPATH\CodeIgniter.php(475): CodeIgniter\Filters\Filters->run('fetchDataPop', 'before')
 3 SYSTEMPATH\CodeIgniter.php(361): CodeIgniter\CodeIgniter->handleRequest(null, Object(Config\Cache), false)
 4 FCPATH\index.php(79): CodeIgniter\CodeIgniter->run()
INFO - 2026-02-23 06:12:43 --> Session: Class initialized using 'CodeIgniter\Session\Handlers\FileHandler' driver.
WARNING - 2026-02-23 06:12:43 --> [DEPRECATED] Creation of dynamic property CodeIgniter\HTTP\IncomingRequest::$user is deprecated in APPPATH\Filters\JwtAuthWeb.php on line 32.
 1 SYSTEMPATH\Filters\Filters.php(182): App\Filters\JwtAuthWeb->before(Object(CodeIgniter\HTTP\IncomingRequest), null)
 2 SYSTEMPATH\CodeIgniter.php(475): CodeIgniter\Filters\Filters->run('import-home', 'before')
 3 SYSTEMPATH\CodeIgniter.php(361): CodeIgniter\CodeIgniter->handleRequest(null, Object(Config\Cache), false)
 4 FCPATH\index.php(79): CodeIgniter\CodeIgniter->run()
INFO - 2026-02-23 06:12:43 --> Session: Class initialized using 'CodeIgniter\Session\Handlers\FileHandler' driver.
WARNING - 2026-02-23 06:12:43 --> [DEPRECATED] Creation of dynamic property CodeIgniter\HTTP\IncomingRequest::$user is deprecated in APPPATH\Filters\JwtAuthWeb.php on line 32.
 1 SYSTEMPATH\Filters\Filters.php(182): App\Filters\JwtAuthWeb->before(Object(CodeIgniter\HTTP\IncomingRequest), null)
 2 SYSTEMPATH\CodeIgniter.php(475): CodeIgniter\Filters\Filters->run('import-data', 'before')
 3 SYSTEMPATH\CodeIgniter.php(361): CodeIgniter\CodeIgniter->handleRequest(null, Object(Config\Cache), false)
 4 FCPATH\index.php(79): CodeIgniter\CodeIgniter->run()
INFO - 2026-02-23 06:12:44 --> Session: Class initialized using 'CodeIgniter\Session\Handlers\FileHandler' driver.
WARNING - 2026-02-23 06:12:44 --> [DEPRECATED] Creation of dynamic property CodeIgniter\HTTP\IncomingRequest::$user is deprecated in APPPATH\Filters\JwtAuthWeb.php on line 32.
 1 SYSTEMPATH\Filters\Filters.php(182): App\Filters\JwtAuthWeb->before(Object(CodeIgniter\HTTP\IncomingRequest), null)
 2 SYSTEMPATH\CodeIgniter.php(475): CodeIgniter\Filters\Filters->run('fetchData', 'before')
 3 SYSTEMPATH\CodeIgniter.php(361): CodeIgniter\CodeIgniter->handleRequest(null, Object(Config\Cache), false)
 4 FCPATH\index.php(79): CodeIgniter\CodeIgniter->run()
WARNING - 2026-02-23 06:12:44 --> [DEPRECATED] Creation of dynamic property CodeIgniter\HTTP\IncomingRequest::$user is deprecated in APPPATH\Filters\JwtAuth.php on line 47.
 1 SYSTEMPATH\Filters\Filters.php(182): App\Filters\JwtAuth->before(Object(CodeIgniter\HTTP\IncomingRequest), null)
 2 SYSTEMPATH\CodeIgniter.php(475): CodeIgniter\Filters\Filters->run('api/profile', 'before')
 3 SYSTEMPATH\CodeIgniter.php(361): CodeIgniter\CodeIgniter->handleRequest(null, Object(Config\Cache), false)
 4 FCPATH\index.php(79): CodeIgniter\CodeIgniter->run()
INFO - 2026-02-23 06:12:44 --> Session: Class initialized using 'CodeIgniter\Session\Handlers\FileHandler' driver.
WARNING - 2026-02-23 06:12:44 --> [DEPRECATED] Creation of dynamic property CodeIgniter\HTTP\IncomingRequest::$user is deprecated in APPPATH\Filters\JwtAuthWeb.php on line 32.
 1 SYSTEMPATH\Filters\Filters.php(182): App\Filters\JwtAuthWeb->before(Object(CodeIgniter\HTTP\IncomingRequest), null)
 2 SYSTEMPATH\CodeIgniter.php(475): CodeIgniter\Filters\Filters->run('fetchDataPop', 'before')
 3 SYSTEMPATH\CodeIgniter.php(361): CodeIgniter\CodeIgniter->handleRequest(null, Object(Config\Cache), false)
 4 FCPATH\index.php(79): CodeIgniter\CodeIgniter->run()
INFO - 2026-02-23 06:12:44 --> Session: Class initialized using 'CodeIgniter\Session\Handlers\FileHandler' driver.
WARNING - 2026-02-23 06:12:44 --> [DEPRECATED] Creation of dynamic property CodeIgniter\HTTP\IncomingRequest::$user is deprecated in APPPATH\Filters\JwtAuthWeb.php on line 32.
 1 SYSTEMPATH\Filters\Filters.php(182): App\Filters\JwtAuthWeb->before(Object(CodeIgniter\HTTP\IncomingRequest), null)
 2 SYSTEMPATH\CodeIgniter.php(475): CodeIgniter\Filters\Filters->run('getCaregiverData', 'before')
 3 SYSTEMPATH\CodeIgniter.php(361): CodeIgniter\CodeIgniter->handleRequest(null, Object(Config\Cache), false)
 4 FCPATH\index.php(79): CodeIgniter\CodeIgniter->run()
INFO - 2026-02-23 06:12:44 --> Session: Class initialized using 'CodeIgniter\Session\Handlers\FileHandler' driver.
WARNING - 2026-02-23 06:12:44 --> [DEPRECATED] Creation of dynamic property CodeIgniter\HTTP\IncomingRequest::$user is deprecated in APPPATH\Filters\JwtAuthWeb.php on line 32.
 1 SYSTEMPATH\Filters\Filters.php(182): App\Filters\JwtAuthWeb->before(Object(CodeIgniter\HTTP\IncomingRequest), null)
 2 SYSTEMPATH\CodeIgniter.php(475): CodeIgniter\Filters\Filters->run('fetchDataNCD', 'before')
 3 SYSTEMPATH\CodeIgniter.php(361): CodeIgniter\CodeIgniter->handleRequest(null, Object(Config\Cache), false)
 4 FCPATH\index.php(79): CodeIgniter\CodeIgniter->run()
INFO - 2026-02-23 06:18:49 --> Session: Class initialized using 'CodeIgniter\Session\Handlers\FileHandler' driver.
WARNING - 2026-02-23 06:18:49 --> [DEPRECATED] Creation of dynamic property CodeIgniter\HTTP\IncomingRequest::$user is deprecated in APPPATH\Filters\JwtAuthWeb.php on line 32.
 1 SYSTEMPATH\Filters\Filters.php(182): App\Filters\JwtAuthWeb->before(Object(CodeIgniter\HTTP\IncomingRequest), null)
 2 SYSTEMPATH\CodeIgniter.php(475): CodeIgniter\Filters\Filters->run('ltc-all', 'before')
 3 SYSTEMPATH\CodeIgniter.php(361): CodeIgniter\CodeIgniter->handleRequest(null, Object(Config\Cache), false)
 4 FCPATH\index.php(79): CodeIgniter\CodeIgniter->run()
WARNING - 2026-02-23 06:18:50 --> [DEPRECATED] Creation of dynamic property CodeIgniter\HTTP\IncomingRequest::$user is deprecated in APPPATH\Filters\JwtAuth.php on line 47.
 1 SYSTEMPATH\Filters\Filters.php(182): App\Filters\JwtAuth->before(Object(CodeIgniter\HTTP\IncomingRequest), null)
 2 SYSTEMPATH\CodeIgniter.php(475): CodeIgniter\Filters\Filters->run('api/profile', 'before')
 3 SYSTEMPATH\CodeIgniter.php(361): CodeIgniter\CodeIgniter->handleRequest(null, Object(Config\Cache), false)
 4 FCPATH\index.php(79): CodeIgniter\CodeIgniter->run()
INFO - 2026-02-23 06:18:50 --> Session: Class initialized using 'CodeIgniter\Session\Handlers\FileHandler' driver.
WARNING - 2026-02-23 06:18:50 --> [DEPRECATED] Creation of dynamic property CodeIgniter\HTTP\IncomingRequest::$user is deprecated in APPPATH\Filters\JwtAuthWeb.php on line 32.
 1 SYSTEMPATH\Filters\Filters.php(182): App\Filters\JwtAuthWeb->before(Object(CodeIgniter\HTTP\IncomingRequest), null)
 2 SYSTEMPATH\CodeIgniter.php(475): CodeIgniter\Filters\Filters->run('getLtcData', 'before')
 3 SYSTEMPATH\CodeIgniter.php(361): CodeIgniter\CodeIgniter->handleRequest(null, Object(Config\Cache), false)
 4 FCPATH\index.php(79): CodeIgniter\CodeIgniter->run()
INFO - 2026-02-23 06:19:00 --> Session: Class initialized using 'CodeIgniter\Session\Handlers\FileHandler' driver.
INFO - 2026-02-23 06:19:02 --> Session: Class initialized using 'CodeIgniter\Session\Handlers\FileHandler' driver.
WARNING - 2026-02-23 06:19:02 --> [DEPRECATED] Creation of dynamic property CodeIgniter\HTTP\IncomingRequest::$user is deprecated in APPPATH\Filters\JwtAuthWeb.php on line 32.
 1 SYSTEMPATH\Filters\Filters.php(182): App\Filters\JwtAuthWeb->before(Object(CodeIgniter\HTTP\IncomingRequest), null)
 2 SYSTEMPATH\CodeIgniter.php(475): CodeIgniter\Filters\Filters->run('setting/dashboard-page', 'before')
 3 SYSTEMPATH\CodeIgniter.php(361): CodeIgniter\CodeIgniter->handleRequest(null, Object(Config\Cache), false)
 4 FCPATH\index.php(79): CodeIgniter\CodeIgniter->run()
WARNING - 2026-02-23 06:19:03 --> [DEPRECATED] Creation of dynamic property CodeIgniter\HTTP\IncomingRequest::$user is deprecated in APPPATH\Filters\JwtAuth.php on line 47.
 1 SYSTEMPATH\Filters\Filters.php(182): App\Filters\JwtAuth->before(Object(CodeIgniter\HTTP\IncomingRequest), null)
 2 SYSTEMPATH\CodeIgniter.php(475): CodeIgniter\Filters\Filters->run('api/profile', 'before')
 3 SYSTEMPATH\CodeIgniter.php(361): CodeIgniter\CodeIgniter->handleRequest(null, Object(Config\Cache), false)
 4 FCPATH\index.php(79): CodeIgniter\CodeIgniter->run()
INFO - 2026-02-23 06:19:05 --> Session: Class initialized using 'CodeIgniter\Session\Handlers\FileHandler' driver.
WARNING - 2026-02-23 06:19:05 --> [DEPRECATED] Creation of dynamic property CodeIgniter\HTTP\IncomingRequest::$user is deprecated in APPPATH\Filters\JwtAuthWeb.php on line 32.
 1 SYSTEMPATH\Filters\Filters.php(182): App\Filters\JwtAuthWeb->before(Object(CodeIgniter\HTTP\IncomingRequest), null)
 2 SYSTEMPATH\CodeIgniter.php(475): CodeIgniter\Filters\Filters->run('ltc-all', 'before')
 3 SYSTEMPATH\CodeIgniter.php(361): CodeIgniter\CodeIgniter->handleRequest(null, Object(Config\Cache), false)
 4 FCPATH\index.php(79): CodeIgniter\CodeIgniter->run()
WARNING - 2026-02-23 06:19:06 --> [DEPRECATED] Creation of dynamic property CodeIgniter\HTTP\IncomingRequest::$user is deprecated in APPPATH\Filters\JwtAuth.php on line 47.
 1 SYSTEMPATH\Filters\Filters.php(182): App\Filters\JwtAuth->before(Object(CodeIgniter\HTTP\IncomingRequest), null)
 2 SYSTEMPATH\CodeIgniter.php(475): CodeIgniter\Filters\Filters->run('api/profile', 'before')
 3 SYSTEMPATH\CodeIgniter.php(361): CodeIgniter\CodeIgniter->handleRequest(null, Object(Config\Cache), false)
 4 FCPATH\index.php(79): CodeIgniter\CodeIgniter->run()
INFO - 2026-02-23 06:19:06 --> Session: Class initialized using 'CodeIgniter\Session\Handlers\FileHandler' driver.
WARNING - 2026-02-23 06:19:06 --> [DEPRECATED] Creation of dynamic property CodeIgniter\HTTP\IncomingRequest::$user is deprecated in APPPATH\Filters\JwtAuthWeb.php on line 32.
 1 SYSTEMPATH\Filters\Filters.php(182): App\Filters\JwtAuthWeb->before(Object(CodeIgniter\HTTP\IncomingRequest), null)
 2 SYSTEMPATH\CodeIgniter.php(475): CodeIgniter\Filters\Filters->run('getLtcData', 'before')
 3 SYSTEMPATH\CodeIgniter.php(361): CodeIgniter\CodeIgniter->handleRequest(null, Object(Config\Cache), false)
 4 FCPATH\index.php(79): CodeIgniter\CodeIgniter->run()
INFO - 2026-02-23 06:19:07 --> Session: Class initialized using 'CodeIgniter\Session\Handlers\FileHandler' driver.
WARNING - 2026-02-23 06:19:07 --> [DEPRECATED] Creation of dynamic property CodeIgniter\HTTP\IncomingRequest::$user is deprecated in APPPATH\Filters\JwtAuthWeb.php on line 32.
 1 SYSTEMPATH\Filters\Filters.php(182): App\Filters\JwtAuthWeb->before(Object(CodeIgniter\HTTP\IncomingRequest), null)
 2 SYSTEMPATH\CodeIgniter.php(475): CodeIgniter\Filters\Filters->run('getLtc', 'before')
 3 SYSTEMPATH\CodeIgniter.php(361): CodeIgniter\CodeIgniter->handleRequest(null, Object(Config\Cache), false)
 4 FCPATH\index.php(79): CodeIgniter\CodeIgniter->run()
INFO - 2026-02-23 06:21:42 --> Session: Class initialized using 'CodeIgniter\Session\Handlers\FileHandler' driver.
WARNING - 2026-02-23 06:21:42 --> [DEPRECATED] Creation of dynamic property CodeIgniter\HTTP\IncomingRequest::$user is deprecated in APPPATH\Filters\JwtAuthWeb.php on line 32.
 1 SYSTEMPATH\Filters\Filters.php(182): App\Filters\JwtAuthWeb->before(Object(CodeIgniter\HTTP\IncomingRequest), null)
 2 SYSTEMPATH\CodeIgniter.php(475): CodeIgniter\Filters\Filters->run('ltc-all', 'before')
 3 SYSTEMPATH\CodeIgniter.php(361): CodeIgniter\CodeIgniter->handleRequest(null, Object(Config\Cache), false)
 4 FCPATH\index.php(79): CodeIgniter\CodeIgniter->run()
WARNING - 2026-02-23 06:21:42 --> [DEPRECATED] Creation of dynamic property CodeIgniter\HTTP\IncomingRequest::$user is deprecated in APPPATH\Filters\JwtAuth.php on line 47.
 1 SYSTEMPATH\Filters\Filters.php(182): App\Filters\JwtAuth->before(Object(CodeIgniter\HTTP\IncomingRequest), null)
 2 SYSTEMPATH\CodeIgniter.php(475): CodeIgniter\Filters\Filters->run('api/profile', 'before')
 3 SYSTEMPATH\CodeIgniter.php(361): CodeIgniter\CodeIgniter->handleRequest(null, Object(Config\Cache), false)
 4 FCPATH\index.php(79): CodeIgniter\CodeIgniter->run()
INFO - 2026-02-23 06:21:42 --> Session: Class initialized using 'CodeIgniter\Session\Handlers\FileHandler' driver.
WARNING - 2026-02-23 06:21:42 --> [DEPRECATED] Creation of dynamic property CodeIgniter\HTTP\IncomingRequest::$user is deprecated in APPPATH\Filters\JwtAuthWeb.php on line 32.
 1 SYSTEMPATH\Filters\Filters.php(182): App\Filters\JwtAuthWeb->before(Object(CodeIgniter\HTTP\IncomingRequest), null)
 2 SYSTEMPATH\CodeIgniter.php(475): CodeIgniter\Filters\Filters->run('getLtcData', 'before')
 3 SYSTEMPATH\CodeIgniter.php(361): CodeIgniter\CodeIgniter->handleRequest(null, Object(Config\Cache), false)
 4 FCPATH\index.php(79): CodeIgniter\CodeIgniter->run()
INFO - 2026-02-23 06:21:43 --> Session: Class initialized using 'CodeIgniter\Session\Handlers\FileHandler' driver.
WARNING - 2026-02-23 06:21:43 --> [DEPRECATED] Creation of dynamic property CodeIgniter\HTTP\IncomingRequest::$user is deprecated in APPPATH\Filters\JwtAuthWeb.php on line 32.
 1 SYSTEMPATH\Filters\Filters.php(182): App\Filters\JwtAuthWeb->before(Object(CodeIgniter\HTTP\IncomingRequest), null)
 2 SYSTEMPATH\CodeIgniter.php(475): CodeIgniter\Filters\Filters->run('getLtc', 'before')
 3 SYSTEMPATH\CodeIgniter.php(361): CodeIgniter\CodeIgniter->handleRequest(null, Object(Config\Cache), false)
 4 FCPATH\index.php(79): CodeIgniter\CodeIgniter->run()
INFO - 2026-02-23 06:23:19 --> Session: Class initialized using 'CodeIgniter\Session\Handlers\FileHandler' driver.
WARNING - 2026-02-23 06:23:19 --> [DEPRECATED] Creation of dynamic property CodeIgniter\HTTP\IncomingRequest::$user is deprecated in APPPATH\Filters\JwtAuthWeb.php on line 32.
 1 SYSTEMPATH\Filters\Filters.php(182): App\Filters\JwtAuthWeb->before(Object(CodeIgniter\HTTP\IncomingRequest), null)
 2 SYSTEMPATH\CodeIgniter.php(475): CodeIgniter\Filters\Filters->run('ltc-all', 'before')
 3 SYSTEMPATH\CodeIgniter.php(361): CodeIgniter\CodeIgniter->handleRequest(null, Object(Config\Cache), false)
 4 FCPATH\index.php(79): CodeIgniter\CodeIgniter->run()
WARNING - 2026-02-23 06:23:19 --> [DEPRECATED] Creation of dynamic property CodeIgniter\HTTP\IncomingRequest::$user is deprecated in APPPATH\Filters\JwtAuth.php on line 47.
 1 SYSTEMPATH\Filters\Filters.php(182): App\Filters\JwtAuth->before(Object(CodeIgniter\HTTP\IncomingRequest), null)
 2 SYSTEMPATH\CodeIgniter.php(475): CodeIgniter\Filters\Filters->run('api/profile', 'before')
 3 SYSTEMPATH\CodeIgniter.php(361): CodeIgniter\CodeIgniter->handleRequest(null, Object(Config\Cache), false)
 4 FCPATH\index.php(79): CodeIgniter\CodeIgniter->run()
INFO - 2026-02-23 06:23:19 --> Session: Class initialized using 'CodeIgniter\Session\Handlers\FileHandler' driver.
WARNING - 2026-02-23 06:23:19 --> [DEPRECATED] Creation of dynamic property CodeIgniter\HTTP\IncomingRequest::$user is deprecated in APPPATH\Filters\JwtAuthWeb.php on line 32.
 1 SYSTEMPATH\Filters\Filters.php(182): App\Filters\JwtAuthWeb->before(Object(CodeIgniter\HTTP\IncomingRequest), null)
 2 SYSTEMPATH\CodeIgniter.php(475): CodeIgniter\Filters\Filters->run('getLtcData', 'before')
 3 SYSTEMPATH\CodeIgniter.php(361): CodeIgniter\CodeIgniter->handleRequest(null, Object(Config\Cache), false)
 4 FCPATH\index.php(79): CodeIgniter\CodeIgniter->run()
INFO - 2026-02-23 06:23:20 --> Session: Class initialized using 'CodeIgniter\Session\Handlers\FileHandler' driver.
WARNING - 2026-02-23 06:23:20 --> [DEPRECATED] Creation of dynamic property CodeIgniter\HTTP\IncomingRequest::$user is deprecated in APPPATH\Filters\JwtAuthWeb.php on line 32.
 1 SYSTEMPATH\Filters\Filters.php(182): App\Filters\JwtAuthWeb->before(Object(CodeIgniter\HTTP\IncomingRequest), null)
 2 SYSTEMPATH\CodeIgniter.php(475): CodeIgniter\Filters\Filters->run('getLtc', 'before')
 3 SYSTEMPATH\CodeIgniter.php(361): CodeIgniter\CodeIgniter->handleRequest(null, Object(Config\Cache), false)
 4 FCPATH\index.php(79): CodeIgniter\CodeIgniter->run()
INFO - 2026-02-23 06:24:18 --> Session: Class initialized using 'CodeIgniter\Session\Handlers\FileHandler' driver.
WARNING - 2026-02-23 06:24:18 --> [DEPRECATED] Creation of dynamic property CodeIgniter\HTTP\IncomingRequest::$user is deprecated in APPPATH\Filters\JwtAuthWeb.php on line 32.
 1 SYSTEMPATH\Filters\Filters.php(182): App\Filters\JwtAuthWeb->before(Object(CodeIgniter\HTTP\IncomingRequest), null)
 2 SYSTEMPATH\CodeIgniter.php(475): CodeIgniter\Filters\Filters->run('ltc-all', 'before')
 3 SYSTEMPATH\CodeIgniter.php(361): CodeIgniter\CodeIgniter->handleRequest(null, Object(Config\Cache), false)
 4 FCPATH\index.php(79): CodeIgniter\CodeIgniter->run()
WARNING - 2026-02-23 06:24:18 --> [DEPRECATED] Creation of dynamic property CodeIgniter\HTTP\IncomingRequest::$user is deprecated in APPPATH\Filters\JwtAuth.php on line 47.
 1 SYSTEMPATH\Filters\Filters.php(182): App\Filters\JwtAuth->before(Object(CodeIgniter\HTTP\IncomingRequest), null)
 2 SYSTEMPATH\CodeIgniter.php(475): CodeIgniter\Filters\Filters->run('api/profile', 'before')
 3 SYSTEMPATH\CodeIgniter.php(361): CodeIgniter\CodeIgniter->handleRequest(null, Object(Config\Cache), false)
 4 FCPATH\index.php(79): CodeIgniter\CodeIgniter->run()
INFO - 2026-02-23 06:24:18 --> Session: Class initialized using 'CodeIgniter\Session\Handlers\FileHandler' driver.
WARNING - 2026-02-23 06:24:18 --> [DEPRECATED] Creation of dynamic property CodeIgniter\HTTP\IncomingRequest::$user is deprecated in APPPATH\Filters\JwtAuthWeb.php on line 32.
 1 SYSTEMPATH\Filters\Filters.php(182): App\Filters\JwtAuthWeb->before(Object(CodeIgniter\HTTP\IncomingRequest), null)
 2 SYSTEMPATH\CodeIgniter.php(475): CodeIgniter\Filters\Filters->run('getLtcData', 'before')
 3 SYSTEMPATH\CodeIgniter.php(361): CodeIgniter\CodeIgniter->handleRequest(null, Object(Config\Cache), false)
 4 FCPATH\index.php(79): CodeIgniter\CodeIgniter->run()
INFO - 2026-02-23 06:24:20 --> Session: Class initialized using 'CodeIgniter\Session\Handlers\FileHandler' driver.
WARNING - 2026-02-23 06:24:20 --> [DEPRECATED] Creation of dynamic property CodeIgniter\HTTP\IncomingRequest::$user is deprecated in APPPATH\Filters\JwtAuthWeb.php on line 32.
 1 SYSTEMPATH\Filters\Filters.php(182): App\Filters\JwtAuthWeb->before(Object(CodeIgniter\HTTP\IncomingRequest), null)
 2 SYSTEMPATH\CodeIgniter.php(475): CodeIgniter\Filters\Filters->run('getLtc', 'before')
 3 SYSTEMPATH\CodeIgniter.php(361): CodeIgniter\CodeIgniter->handleRequest(null, Object(Config\Cache), false)
 4 FCPATH\index.php(79): CodeIgniter\CodeIgniter->run()
INFO - 2026-02-23 06:24:36 --> Session: Class initialized using 'CodeIgniter\Session\Handlers\FileHandler' driver.
WARNING - 2026-02-23 06:24:36 --> [DEPRECATED] Creation of dynamic property CodeIgniter\HTTP\IncomingRequest::$user is deprecated in APPPATH\Filters\JwtAuthWeb.php on line 32.
 1 SYSTEMPATH\Filters\Filters.php(182): App\Filters\JwtAuthWeb->before(Object(CodeIgniter\HTTP\IncomingRequest), null)
 2 SYSTEMPATH\CodeIgniter.php(475): CodeIgniter\Filters\Filters->run('ltc-all', 'before')
 3 SYSTEMPATH\CodeIgniter.php(361): CodeIgniter\CodeIgniter->handleRequest(null, Object(Config\Cache), false)
 4 FCPATH\index.php(79): CodeIgniter\CodeIgniter->run()
WARNING - 2026-02-23 06:24:36 --> [DEPRECATED] Creation of dynamic property CodeIgniter\HTTP\IncomingRequest::$user is deprecated in APPPATH\Filters\JwtAuth.php on line 47.
 1 SYSTEMPATH\Filters\Filters.php(182): App\Filters\JwtAuth->before(Object(CodeIgniter\HTTP\IncomingRequest), null)
 2 SYSTEMPATH\CodeIgniter.php(475): CodeIgniter\Filters\Filters->run('api/profile', 'before')
 3 SYSTEMPATH\CodeIgniter.php(361): CodeIgniter\CodeIgniter->handleRequest(null, Object(Config\Cache), false)
 4 FCPATH\index.php(79): CodeIgniter\CodeIgniter->run()
INFO - 2026-02-23 06:24:36 --> Session: Class initialized using 'CodeIgniter\Session\Handlers\FileHandler' driver.
WARNING - 2026-02-23 06:24:36 --> [DEPRECATED] Creation of dynamic property CodeIgniter\HTTP\IncomingRequest::$user is deprecated in APPPATH\Filters\JwtAuthWeb.php on line 32.
 1 SYSTEMPATH\Filters\Filters.php(182): App\Filters\JwtAuthWeb->before(Object(CodeIgniter\HTTP\IncomingRequest), null)
 2 SYSTEMPATH\CodeIgniter.php(475): CodeIgniter\Filters\Filters->run('getLtcData', 'before')
 3 SYSTEMPATH\CodeIgniter.php(361): CodeIgniter\CodeIgniter->handleRequest(null, Object(Config\Cache), false)
 4 FCPATH\index.php(79): CodeIgniter\CodeIgniter->run()
INFO - 2026-02-23 06:24:37 --> Session: Class initialized using 'CodeIgniter\Session\Handlers\FileHandler' driver.
WARNING - 2026-02-23 06:24:37 --> [DEPRECATED] Creation of dynamic property CodeIgniter\HTTP\IncomingRequest::$user is deprecated in APPPATH\Filters\JwtAuthWeb.php on line 32.
 1 SYSTEMPATH\Filters\Filters.php(182): App\Filters\JwtAuthWeb->before(Object(CodeIgniter\HTTP\IncomingRequest), null)
 2 SYSTEMPATH\CodeIgniter.php(475): CodeIgniter\Filters\Filters->run('getLtc', 'before')
 3 SYSTEMPATH\CodeIgniter.php(361): CodeIgniter\CodeIgniter->handleRequest(null, Object(Config\Cache), false)
 4 FCPATH\index.php(79): CodeIgniter\CodeIgniter->run()
INFO - 2026-02-23 06:26:08 --> Session: Class initialized using 'CodeIgniter\Session\Handlers\FileHandler' driver.
WARNING - 2026-02-23 06:26:08 --> [DEPRECATED] Creation of dynamic property CodeIgniter\HTTP\IncomingRequest::$user is deprecated in APPPATH\Filters\JwtAuthWeb.php on line 32.
 1 SYSTEMPATH\Filters\Filters.php(182): App\Filters\JwtAuthWeb->before(Object(CodeIgniter\HTTP\IncomingRequest), null)
 2 SYSTEMPATH\CodeIgniter.php(475): CodeIgniter\Filters\Filters->run('ltc-all', 'before')
 3 SYSTEMPATH\CodeIgniter.php(361): CodeIgniter\CodeIgniter->handleRequest(null, Object(Config\Cache), false)
 4 FCPATH\index.php(79): CodeIgniter\CodeIgniter->run()
WARNING - 2026-02-23 06:26:08 --> [DEPRECATED] Creation of dynamic property CodeIgniter\HTTP\IncomingRequest::$user is deprecated in APPPATH\Filters\JwtAuth.php on line 47.
 1 SYSTEMPATH\Filters\Filters.php(182): App\Filters\JwtAuth->before(Object(CodeIgniter\HTTP\IncomingRequest), null)
 2 SYSTEMPATH\CodeIgniter.php(475): CodeIgniter\Filters\Filters->run('api/profile', 'before')
 3 SYSTEMPATH\CodeIgniter.php(361): CodeIgniter\CodeIgniter->handleRequest(null, Object(Config\Cache), false)
 4 FCPATH\index.php(79): CodeIgniter\CodeIgniter->run()
INFO - 2026-02-23 06:26:08 --> Session: Class initialized using 'CodeIgniter\Session\Handlers\FileHandler' driver.
WARNING - 2026-02-23 06:26:08 --> [DEPRECATED] Creation of dynamic property CodeIgniter\HTTP\IncomingRequest::$user is deprecated in APPPATH\Filters\JwtAuthWeb.php on line 32.
 1 SYSTEMPATH\Filters\Filters.php(182): App\Filters\JwtAuthWeb->before(Object(CodeIgniter\HTTP\IncomingRequest), null)
 2 SYSTEMPATH\CodeIgniter.php(475): CodeIgniter\Filters\Filters->run('getLtcData', 'before')
 3 SYSTEMPATH\CodeIgniter.php(361): CodeIgniter\CodeIgniter->handleRequest(null, Object(Config\Cache), false)
 4 FCPATH\index.php(79): CodeIgniter\CodeIgniter->run()
INFO - 2026-02-23 06:26:09 --> Session: Class initialized using 'CodeIgniter\Session\Handlers\FileHandler' driver.
WARNING - 2026-02-23 06:26:09 --> [DEPRECATED] Creation of dynamic property CodeIgniter\HTTP\IncomingRequest::$user is deprecated in APPPATH\Filters\JwtAuthWeb.php on line 32.
 1 SYSTEMPATH\Filters\Filters.php(182): App\Filters\JwtAuthWeb->before(Object(CodeIgniter\HTTP\IncomingRequest), null)
 2 SYSTEMPATH\CodeIgniter.php(475): CodeIgniter\Filters\Filters->run('getLtc', 'before')
 3 SYSTEMPATH\CodeIgniter.php(361): CodeIgniter\CodeIgniter->handleRequest(null, Object(Config\Cache), false)
 4 FCPATH\index.php(79): CodeIgniter\CodeIgniter->run()
INFO - 2026-02-23 06:28:17 --> Session: Class initialized using 'CodeIgniter\Session\Handlers\FileHandler' driver.
WARNING - 2026-02-23 06:28:17 --> [DEPRECATED] Creation of dynamic property CodeIgniter\HTTP\IncomingRequest::$user is deprecated in APPPATH\Filters\JwtAuthWeb.php on line 32.
 1 SYSTEMPATH\Filters\Filters.php(182): App\Filters\JwtAuthWeb->before(Object(CodeIgniter\HTTP\IncomingRequest), null)
 2 SYSTEMPATH\CodeIgniter.php(475): CodeIgniter\Filters\Filters->run('ltc-all', 'before')
 3 SYSTEMPATH\CodeIgniter.php(361): CodeIgniter\CodeIgniter->handleRequest(null, Object(Config\Cache), false)
 4 FCPATH\index.php(79): CodeIgniter\CodeIgniter->run()
WARNING - 2026-02-23 06:28:17 --> [DEPRECATED] Creation of dynamic property CodeIgniter\HTTP\IncomingRequest::$user is deprecated in APPPATH\Filters\JwtAuth.php on line 47.
 1 SYSTEMPATH\Filters\Filters.php(182): App\Filters\JwtAuth->before(Object(CodeIgniter\HTTP\IncomingRequest), null)
 2 SYSTEMPATH\CodeIgniter.php(475): CodeIgniter\Filters\Filters->run('api/profile', 'before')
 3 SYSTEMPATH\CodeIgniter.php(361): CodeIgniter\CodeIgniter->handleRequest(null, Object(Config\Cache), false)
 4 FCPATH\index.php(79): CodeIgniter\CodeIgniter->run()
INFO - 2026-02-23 06:28:17 --> Session: Class initialized using 'CodeIgniter\Session\Handlers\FileHandler' driver.
WARNING - 2026-02-23 06:28:17 --> [DEPRECATED] Creation of dynamic property CodeIgniter\HTTP\IncomingRequest::$user is deprecated in APPPATH\Filters\JwtAuthWeb.php on line 32.
 1 SYSTEMPATH\Filters\Filters.php(182): App\Filters\JwtAuthWeb->before(Object(CodeIgniter\HTTP\IncomingRequest), null)
 2 SYSTEMPATH\CodeIgniter.php(475): CodeIgniter\Filters\Filters->run('getLtcData', 'before')
 3 SYSTEMPATH\CodeIgniter.php(361): CodeIgniter\CodeIgniter->handleRequest(null, Object(Config\Cache), false)
 4 FCPATH\index.php(79): CodeIgniter\CodeIgniter->run()
INFO - 2026-02-23 06:28:18 --> Session: Class initialized using 'CodeIgniter\Session\Handlers\FileHandler' driver.
WARNING - 2026-02-23 06:28:18 --> [DEPRECATED] Creation of dynamic property CodeIgniter\HTTP\IncomingRequest::$user is deprecated in APPPATH\Filters\JwtAuthWeb.php on line 32.
 1 SYSTEMPATH\Filters\Filters.php(182): App\Filters\JwtAuthWeb->before(Object(CodeIgniter\HTTP\IncomingRequest), null)
 2 SYSTEMPATH\CodeIgniter.php(475): CodeIgniter\Filters\Filters->run('getLtc', 'before')
 3 SYSTEMPATH\CodeIgniter.php(361): CodeIgniter\CodeIgniter->handleRequest(null, Object(Config\Cache), false)
 4 FCPATH\index.php(79): CodeIgniter\CodeIgniter->run()
INFO - 2026-02-23 06:28:33 --> Session: Class initialized using 'CodeIgniter\Session\Handlers\FileHandler' driver.
WARNING - 2026-02-23 06:28:33 --> [DEPRECATED] Creation of dynamic property CodeIgniter\HTTP\IncomingRequest::$user is deprecated in APPPATH\Filters\JwtAuthWeb.php on line 32.
 1 SYSTEMPATH\Filters\Filters.php(182): App\Filters\JwtAuthWeb->before(Object(CodeIgniter\HTTP\IncomingRequest), null)
 2 SYSTEMPATH\CodeIgniter.php(475): CodeIgniter\Filters\Filters->run('getLtc', 'before')
 3 SYSTEMPATH\CodeIgniter.php(361): CodeIgniter\CodeIgniter->handleRequest(null, Object(Config\Cache), false)
 4 FCPATH\index.php(79): CodeIgniter\CodeIgniter->run()
INFO - 2026-02-23 06:28:39 --> Session: Class initialized using 'CodeIgniter\Session\Handlers\FileHandler' driver.
WARNING - 2026-02-23 06:28:39 --> [DEPRECATED] Creation of dynamic property CodeIgniter\HTTP\IncomingRequest::$user is deprecated in APPPATH\Filters\JwtAuthWeb.php on line 32.
 1 SYSTEMPATH\Filters\Filters.php(182): App\Filters\JwtAuthWeb->before(Object(CodeIgniter\HTTP\IncomingRequest), null)
 2 SYSTEMPATH\CodeIgniter.php(475): CodeIgniter\Filters\Filters->run('getLtc', 'before')
 3 SYSTEMPATH\CodeIgniter.php(361): CodeIgniter\CodeIgniter->handleRequest(null, Object(Config\Cache), false)
 4 FCPATH\index.php(79): CodeIgniter\CodeIgniter->run()
INFO - 2026-02-23 06:28:44 --> Session: Class initialized using 'CodeIgniter\Session\Handlers\FileHandler' driver.
WARNING - 2026-02-23 06:28:44 --> [DEPRECATED] Creation of dynamic property CodeIgniter\HTTP\IncomingRequest::$user is deprecated in APPPATH\Filters\JwtAuthWeb.php on line 32.
 1 SYSTEMPATH\Filters\Filters.php(182): App\Filters\JwtAuthWeb->before(Object(CodeIgniter\HTTP\IncomingRequest), null)
 2 SYSTEMPATH\CodeIgniter.php(475): CodeIgniter\Filters\Filters->run('getLtc', 'before')
 3 SYSTEMPATH\CodeIgniter.php(361): CodeIgniter\CodeIgniter->handleRequest(null, Object(Config\Cache), false)
 4 FCPATH\index.php(79): CodeIgniter\CodeIgniter->run()
INFO - 2026-02-23 06:28:52 --> Session: Class initialized using 'CodeIgniter\Session\Handlers\FileHandler' driver.
WARNING - 2026-02-23 06:28:52 --> [DEPRECATED] Creation of dynamic property CodeIgniter\HTTP\IncomingRequest::$user is deprecated in APPPATH\Filters\JwtAuthWeb.php on line 32.
 1 SYSTEMPATH\Filters\Filters.php(182): App\Filters\JwtAuthWeb->before(Object(CodeIgniter\HTTP\IncomingRequest), null)
 2 SYSTEMPATH\CodeIgniter.php(475): CodeIgniter\Filters\Filters->run('updateLtcCaregiver', 'before')
 3 SYSTEMPATH\CodeIgniter.php(361): CodeIgniter\CodeIgniter->handleRequest(null, Object(Config\Cache), false)
 4 FCPATH\index.php(79): CodeIgniter\CodeIgniter->run()
INFO - 2026-02-23 06:28:52 --> Session: Class initialized using 'CodeIgniter\Session\Handlers\FileHandler' driver.
WARNING - 2026-02-23 06:28:52 --> [DEPRECATED] Creation of dynamic property CodeIgniter\HTTP\IncomingRequest::$user is deprecated in APPPATH\Filters\JwtAuthWeb.php on line 32.
 1 SYSTEMPATH\Filters\Filters.php(182): App\Filters\JwtAuthWeb->before(Object(CodeIgniter\HTTP\IncomingRequest), null)
 2 SYSTEMPATH\CodeIgniter.php(475): CodeIgniter\Filters\Filters->run('getLtcData', 'before')
 3 SYSTEMPATH\CodeIgniter.php(361): CodeIgniter\CodeIgniter->handleRequest(null, Object(Config\Cache), false)
 4 FCPATH\index.php(79): CodeIgniter\CodeIgniter->run()
INFO - 2026-02-23 06:28:56 --> Session: Class initialized using 'CodeIgniter\Session\Handlers\FileHandler' driver.
WARNING - 2026-02-23 06:28:56 --> [DEPRECATED] Creation of dynamic property CodeIgniter\HTTP\IncomingRequest::$user is deprecated in APPPATH\Filters\JwtAuthWeb.php on line 32.
 1 SYSTEMPATH\Filters\Filters.php(182): App\Filters\JwtAuthWeb->before(Object(CodeIgniter\HTTP\IncomingRequest), null)
 2 SYSTEMPATH\CodeIgniter.php(475): CodeIgniter\Filters\Filters->run('getLtc', 'before')
 3 SYSTEMPATH\CodeIgniter.php(361): CodeIgniter\CodeIgniter->handleRequest(null, Object(Config\Cache), false)
 4 FCPATH\index.php(79): CodeIgniter\CodeIgniter->run()
INFO - 2026-02-23 06:29:06 --> Session: Class initialized using 'CodeIgniter\Session\Handlers\FileHandler' driver.
WARNING - 2026-02-23 06:29:06 --> [DEPRECATED] Creation of dynamic property CodeIgniter\HTTP\IncomingRequest::$user is deprecated in APPPATH\Filters\JwtAuthWeb.php on line 32.
 1 SYSTEMPATH\Filters\Filters.php(182): App\Filters\JwtAuthWeb->before(Object(CodeIgniter\HTTP\IncomingRequest), null)
 2 SYSTEMPATH\CodeIgniter.php(475): CodeIgniter\Filters\Filters->run('updateLtcCaregiver', 'before')
 3 SYSTEMPATH\CodeIgniter.php(361): CodeIgniter\CodeIgniter->handleRequest(null, Object(Config\Cache), false)
 4 FCPATH\index.php(79): CodeIgniter\CodeIgniter->run()
INFO - 2026-02-23 06:29:07 --> Session: Class initialized using 'CodeIgniter\Session\Handlers\FileHandler' driver.
WARNING - 2026-02-23 06:29:07 --> [DEPRECATED] Creation of dynamic property CodeIgniter\HTTP\IncomingRequest::$user is deprecated in APPPATH\Filters\JwtAuthWeb.php on line 32.
 1 SYSTEMPATH\Filters\Filters.php(182): App\Filters\JwtAuthWeb->before(Object(CodeIgniter\HTTP\IncomingRequest), null)
 2 SYSTEMPATH\CodeIgniter.php(475): CodeIgniter\Filters\Filters->run('getLtcData', 'before')
 3 SYSTEMPATH\CodeIgniter.php(361): CodeIgniter\CodeIgniter->handleRequest(null, Object(Config\Cache), false)
 4 FCPATH\index.php(79): CodeIgniter\CodeIgniter->run()
INFO - 2026-02-23 13:02:13 --> Session: Class initialized using 'CodeIgniter\Session\Handlers\FileHandler' driver.
INFO - 2026-02-23 13:02:15 --> Session: Class initialized using 'CodeIgniter\Session\Handlers\FileHandler' driver.
WARNING - 2026-02-23 13:02:15 --> [DEPRECATED] Creation of dynamic property CodeIgniter\HTTP\IncomingRequest::$user is deprecated in APPPATH\Filters\JwtAuthWeb.php on line 32.
 1 SYSTEMPATH\Filters\Filters.php(182): App\Filters\JwtAuthWeb->before(Object(CodeIgniter\HTTP\IncomingRequest), null)
 2 SYSTEMPATH\CodeIgniter.php(475): CodeIgniter\Filters\Filters->run('setting/dashboard-page', 'before')
 3 SYSTEMPATH\CodeIgniter.php(361): CodeIgniter\CodeIgniter->handleRequest(null, Object(Config\Cache), false)
 4 FCPATH\index.php(79): CodeIgniter\CodeIgniter->run()
WARNING - 2026-02-23 13:02:16 --> [DEPRECATED] Creation of dynamic property CodeIgniter\HTTP\IncomingRequest::$user is deprecated in APPPATH\Filters\JwtAuth.php on line 47.
 1 SYSTEMPATH\Filters\Filters.php(182): App\Filters\JwtAuth->before(Object(CodeIgniter\HTTP\IncomingRequest), null)
 2 SYSTEMPATH\CodeIgniter.php(475): CodeIgniter\Filters\Filters->run('api/profile', 'before')
 3 SYSTEMPATH\CodeIgniter.php(361): CodeIgniter\CodeIgniter->handleRequest(null, Object(Config\Cache), false)
 4 FCPATH\index.php(79): CodeIgniter\CodeIgniter->run()
INFO - 2026-02-23 13:17:30 --> Session: Class initialized using 'CodeIgniter\Session\Handlers\FileHandler' driver.
WARNING - 2026-02-23 13:17:30 --> [DEPRECATED] Creation of dynamic property CodeIgniter\HTTP\IncomingRequest::$user is deprecated in APPPATH\Filters\JwtAuthWeb.php on line 32.
 1 SYSTEMPATH\Filters\Filters.php(182): App\Filters\JwtAuthWeb->before(Object(CodeIgniter\HTTP\IncomingRequest), null)
 2 SYSTEMPATH\CodeIgniter.php(475): CodeIgniter\Filters\Filters->run('setting/dashboard-page', 'before')
 3 SYSTEMPATH\CodeIgniter.php(361): CodeIgniter\CodeIgniter->handleRequest(null, Object(Config\Cache), false)
 4 FCPATH\index.php(79): CodeIgniter\CodeIgniter->run()
WARNING - 2026-02-23 13:17:31 --> [DEPRECATED] Creation of dynamic property CodeIgniter\HTTP\IncomingRequest::$user is deprecated in APPPATH\Filters\JwtAuth.php on line 47.
 1 SYSTEMPATH\Filters\Filters.php(182): App\Filters\JwtAuth->before(Object(CodeIgniter\HTTP\IncomingRequest), null)
 2 SYSTEMPATH\CodeIgniter.php(475): CodeIgniter\Filters\Filters->run('api/profile', 'before')
 3 SYSTEMPATH\CodeIgniter.php(361): CodeIgniter\CodeIgniter->handleRequest(null, Object(Config\Cache), false)
 4 FCPATH\index.php(79): CodeIgniter\CodeIgniter->run()
INFO - 2026-02-23 13:17:33 --> Session: Class initialized using 'CodeIgniter\Session\Handlers\FileHandler' driver.
WARNING - 2026-02-23 13:17:33 --> [DEPRECATED] Creation of dynamic property CodeIgniter\HTTP\IncomingRequest::$user is deprecated in APPPATH\Filters\JwtAuthWeb.php on line 32.
 1 SYSTEMPATH\Filters\Filters.php(182): App\Filters\JwtAuthWeb->before(Object(CodeIgniter\HTTP\IncomingRequest), null)
 2 SYSTEMPATH\CodeIgniter.php(475): CodeIgniter\Filters\Filters->run('import-data', 'before')
 3 SYSTEMPATH\CodeIgniter.php(361): CodeIgniter\CodeIgniter->handleRequest(null, Object(Config\Cache), false)
 4 FCPATH\index.php(79): CodeIgniter\CodeIgniter->run()
INFO - 2026-02-23 13:17:34 --> Session: Class initialized using 'CodeIgniter\Session\Handlers\FileHandler' driver.
WARNING - 2026-02-23 13:17:34 --> [DEPRECATED] Creation of dynamic property CodeIgniter\HTTP\IncomingRequest::$user is deprecated in APPPATH\Filters\JwtAuthWeb.php on line 32.
 1 SYSTEMPATH\Filters\Filters.php(182): App\Filters\JwtAuthWeb->before(Object(CodeIgniter\HTTP\IncomingRequest), null)
 2 SYSTEMPATH\CodeIgniter.php(475): CodeIgniter\Filters\Filters->run('fetchData', 'before')
 3 SYSTEMPATH\CodeIgniter.php(361): CodeIgniter\CodeIgniter->handleRequest(null, Object(Config\Cache), false)
 4 FCPATH\index.php(79): CodeIgniter\CodeIgniter->run()
WARNING - 2026-02-23 13:17:34 --> [DEPRECATED] Creation of dynamic property CodeIgniter\HTTP\IncomingRequest::$user is deprecated in APPPATH\Filters\JwtAuth.php on line 47.
 1 SYSTEMPATH\Filters\Filters.php(182): App\Filters\JwtAuth->before(Object(CodeIgniter\HTTP\IncomingRequest), null)
 2 SYSTEMPATH\CodeIgniter.php(475): CodeIgniter\Filters\Filters->run('api/profile', 'before')
 3 SYSTEMPATH\CodeIgniter.php(361): CodeIgniter\CodeIgniter->handleRequest(null, Object(Config\Cache), false)
 4 FCPATH\index.php(79): CodeIgniter\CodeIgniter->run()
INFO - 2026-02-23 13:17:34 --> Session: Class initialized using 'CodeIgniter\Session\Handlers\FileHandler' driver.
WARNING - 2026-02-23 13:17:34 --> [DEPRECATED] Creation of dynamic property CodeIgniter\HTTP\IncomingRequest::$user is deprecated in APPPATH\Filters\JwtAuthWeb.php on line 32.
 1 SYSTEMPATH\Filters\Filters.php(182): App\Filters\JwtAuthWeb->before(Object(CodeIgniter\HTTP\IncomingRequest), null)
 2 SYSTEMPATH\CodeIgniter.php(475): CodeIgniter\Filters\Filters->run('getCaregiverData', 'before')
 3 SYSTEMPATH\CodeIgniter.php(361): CodeIgniter\CodeIgniter->handleRequest(null, Object(Config\Cache), false)
 4 FCPATH\index.php(79): CodeIgniter\CodeIgniter->run()
INFO - 2026-02-23 13:17:34 --> Session: Class initialized using 'CodeIgniter\Session\Handlers\FileHandler' driver.
WARNING - 2026-02-23 13:17:34 --> [DEPRECATED] Creation of dynamic property CodeIgniter\HTTP\IncomingRequest::$user is deprecated in APPPATH\Filters\JwtAuthWeb.php on line 32.
 1 SYSTEMPATH\Filters\Filters.php(182): App\Filters\JwtAuthWeb->before(Object(CodeIgniter\HTTP\IncomingRequest), null)
 2 SYSTEMPATH\CodeIgniter.php(475): CodeIgniter\Filters\Filters->run('fetchDataNCD', 'before')
 3 SYSTEMPATH\CodeIgniter.php(361): CodeIgniter\CodeIgniter->handleRequest(null, Object(Config\Cache), false)
 4 FCPATH\index.php(79): CodeIgniter\CodeIgniter->run()
INFO - 2026-02-23 13:17:34 --> Session: Class initialized using 'CodeIgniter\Session\Handlers\FileHandler' driver.
WARNING - 2026-02-23 13:17:34 --> [DEPRECATED] Creation of dynamic property CodeIgniter\HTTP\IncomingRequest::$user is deprecated in APPPATH\Filters\JwtAuthWeb.php on line 32.
 1 SYSTEMPATH\Filters\Filters.php(182): App\Filters\JwtAuthWeb->before(Object(CodeIgniter\HTTP\IncomingRequest), null)
 2 SYSTEMPATH\CodeIgniter.php(475): CodeIgniter\Filters\Filters->run('fetchDataPop', 'before')
 3 SYSTEMPATH\CodeIgniter.php(361): CodeIgniter\CodeIgniter->handleRequest(null, Object(Config\Cache), false)
 4 FCPATH\index.php(79): CodeIgniter\CodeIgniter->run()
INFO - 2026-02-23 13:22:23 --> Session: Class initialized using 'CodeIgniter\Session\Handlers\FileHandler' driver.
WARNING - 2026-02-23 13:22:23 --> [DEPRECATED] Creation of dynamic property CodeIgniter\HTTP\IncomingRequest::$user is deprecated in APPPATH\Filters\JwtAuthWeb.php on line 32.
 1 SYSTEMPATH\Filters\Filters.php(182): App\Filters\JwtAuthWeb->before(Object(CodeIgniter\HTTP\IncomingRequest), null)
 2 SYSTEMPATH\CodeIgniter.php(475): CodeIgniter\Filters\Filters->run('ltc-all', 'before')
 3 SYSTEMPATH\CodeIgniter.php(361): CodeIgniter\CodeIgniter->handleRequest(null, Object(Config\Cache), false)
 4 FCPATH\index.php(79): CodeIgniter\CodeIgniter->run()
WARNING - 2026-02-23 13:22:24 --> [DEPRECATED] Creation of dynamic property CodeIgniter\HTTP\IncomingRequest::$user is deprecated in APPPATH\Filters\JwtAuth.php on line 47.
 1 SYSTEMPATH\Filters\Filters.php(182): App\Filters\JwtAuth->before(Object(CodeIgniter\HTTP\IncomingRequest), null)
 2 SYSTEMPATH\CodeIgniter.php(475): CodeIgniter\Filters\Filters->run('api/profile', 'before')
 3 SYSTEMPATH\CodeIgniter.php(361): CodeIgniter\CodeIgniter->handleRequest(null, Object(Config\Cache), false)
 4 FCPATH\index.php(79): CodeIgniter\CodeIgniter->run()
INFO - 2026-02-23 13:22:24 --> Session: Class initialized using 'CodeIgniter\Session\Handlers\FileHandler' driver.
WARNING - 2026-02-23 13:22:24 --> [DEPRECATED] Creation of dynamic property CodeIgniter\HTTP\IncomingRequest::$user is deprecated in APPPATH\Filters\JwtAuthWeb.php on line 32.
 1 SYSTEMPATH\Filters\Filters.php(182): App\Filters\JwtAuthWeb->before(Object(CodeIgniter\HTTP\IncomingRequest), null)
 2 SYSTEMPATH\CodeIgniter.php(475): CodeIgniter\Filters\Filters->run('getLtcData', 'before')
 3 SYSTEMPATH\CodeIgniter.php(361): CodeIgniter\CodeIgniter->handleRequest(null, Object(Config\Cache), false)
 4 FCPATH\index.php(79): CodeIgniter\CodeIgniter->run()
INFO - 2026-02-23 14:57:21 --> Session: Class initialized using 'CodeIgniter\Session\Handlers\FileHandler' driver.
WARNING - 2026-02-23 14:57:21 --> [DEPRECATED] Creation of dynamic property CodeIgniter\HTTP\IncomingRequest::$user is deprecated in APPPATH\Filters\JwtAuthWeb.php on line 32.
 1 SYSTEMPATH\Filters\Filters.php(182): App\Filters\JwtAuthWeb->before(Object(CodeIgniter\HTTP\IncomingRequest), null)
 2 SYSTEMPATH\CodeIgniter.php(475): CodeIgniter\Filters\Filters->run('ltc-all', 'before')
 3 SYSTEMPATH\CodeIgniter.php(361): CodeIgniter\CodeIgniter->handleRequest(null, Object(Config\Cache), false)
 4 FCPATH\index.php(79): CodeIgniter\CodeIgniter->run()
INFO - 2026-02-23 14:57:22 --> Session: Class initialized using 'CodeIgniter\Session\Handlers\FileHandler' driver.
WARNING - 2026-02-23 14:57:22 --> [DEPRECATED] Creation of dynamic property CodeIgniter\HTTP\IncomingRequest::$user is deprecated in APPPATH\Filters\JwtAuthWeb.php on line 32.
 1 SYSTEMPATH\Filters\Filters.php(182): App\Filters\JwtAuthWeb->before(Object(CodeIgniter\HTTP\IncomingRequest), null)
 2 SYSTEMPATH\CodeIgniter.php(475): CodeIgniter\Filters\Filters->run('getLtcData', 'before')
 3 SYSTEMPATH\CodeIgniter.php(361): CodeIgniter\CodeIgniter->handleRequest(null, Object(Config\Cache), false)
 4 FCPATH\index.php(79): CodeIgniter\CodeIgniter->run()
WARNING - 2026-02-23 14:57:22 --> [DEPRECATED] Creation of dynamic property CodeIgniter\HTTP\IncomingRequest::$user is deprecated in APPPATH\Filters\JwtAuth.php on line 47.
 1 SYSTEMPATH\Filters\Filters.php(182): App\Filters\JwtAuth->before(Object(CodeIgniter\HTTP\IncomingRequest), null)
 2 SYSTEMPATH\CodeIgniter.php(475): CodeIgniter\Filters\Filters->run('api/profile', 'before')
 3 SYSTEMPATH\CodeIgniter.php(361): CodeIgniter\CodeIgniter->handleRequest(null, Object(Config\Cache), false)
 4 FCPATH\index.php(79): CodeIgniter\CodeIgniter->run()
INFO - 2026-02-23 14:57:25 --> Session: Class initialized using 'CodeIgniter\Session\Handlers\FileHandler' driver.
WARNING - 2026-02-23 14:57:25 --> [DEPRECATED] Creation of dynamic property CodeIgniter\HTTP\IncomingRequest::$user is deprecated in APPPATH\Filters\JwtAuthWeb.php on line 32.
 1 SYSTEMPATH\Filters\Filters.php(182): App\Filters\JwtAuthWeb->before(Object(CodeIgniter\HTTP\IncomingRequest), null)
 2 SYSTEMPATH\CodeIgniter.php(475): CodeIgniter\Filters\Filters->run('import-data', 'before')
 3 SYSTEMPATH\CodeIgniter.php(361): CodeIgniter\CodeIgniter->handleRequest(null, Object(Config\Cache), false)
 4 FCPATH\index.php(79): CodeIgniter\CodeIgniter->run()
INFO - 2026-02-23 14:57:26 --> Session: Class initialized using 'CodeIgniter\Session\Handlers\FileHandler' driver.
WARNING - 2026-02-23 14:57:26 --> [DEPRECATED] Creation of dynamic property CodeIgniter\HTTP\IncomingRequest::$user is deprecated in APPPATH\Filters\JwtAuthWeb.php on line 32.
 1 SYSTEMPATH\Filters\Filters.php(182): App\Filters\JwtAuthWeb->before(Object(CodeIgniter\HTTP\IncomingRequest), null)
 2 SYSTEMPATH\CodeIgniter.php(475): CodeIgniter\Filters\Filters->run('getCaregiverData', 'before')
 3 SYSTEMPATH\CodeIgniter.php(361): CodeIgniter\CodeIgniter->handleRequest(null, Object(Config\Cache), false)
 4 FCPATH\index.php(79): CodeIgniter\CodeIgniter->run()
INFO - 2026-02-23 14:57:26 --> Session: Class initialized using 'CodeIgniter\Session\Handlers\FileHandler' driver.
WARNING - 2026-02-23 14:57:26 --> [DEPRECATED] Creation of dynamic property CodeIgniter\HTTP\IncomingRequest::$user is deprecated in APPPATH\Filters\JwtAuthWeb.php on line 32.
 1 SYSTEMPATH\Filters\Filters.php(182): App\Filters\JwtAuthWeb->before(Object(CodeIgniter\HTTP\IncomingRequest), null)
 2 SYSTEMPATH\CodeIgniter.php(475): CodeIgniter\Filters\Filters->run('fetchDataNCD', 'before')
 3 SYSTEMPATH\CodeIgniter.php(361): CodeIgniter\CodeIgniter->handleRequest(null, Object(Config\Cache), false)
 4 FCPATH\index.php(79): CodeIgniter\CodeIgniter->run()
CRITICAL - 2026-02-23 14:57:26 --> TypeError: Key material must be a string, resource, or OpenSSLAsymmetricKey
in VENDORPATH\firebase\php-jwt\src\Key.php on line 31.
 1 APPPATH\Filters\JwtAuth.php(43): Firebase\JWT\Key->__construct(false, '')
 2 SYSTEMPATH\Filters\Filters.php(182): App\Filters\JwtAuth->before(Object(CodeIgniter\HTTP\IncomingRequest), null)
 3 SYSTEMPATH\CodeIgniter.php(475): CodeIgniter\Filters\Filters->run('api/profile', 'before')
 4 SYSTEMPATH\CodeIgniter.php(361): CodeIgniter\CodeIgniter->handleRequest(null, Object(Config\Cache), false)
 5 FCPATH\index.php(79): CodeIgniter\CodeIgniter->run()
INFO - 2026-02-23 14:57:26 --> Session: Class initialized using 'CodeIgniter\Session\Handlers\FileHandler' driver.
CRITICAL - 2026-02-23 14:57:26 --> TypeError: Key material must be a string, resource, or OpenSSLAsymmetricKey
in VENDORPATH\firebase\php-jwt\src\Key.php on line 31.
 1 APPPATH\Filters\JwtAuthWeb.php(29): Firebase\JWT\Key->__construct(false, '')
 2 SYSTEMPATH\Filters\Filters.php(182): App\Filters\JwtAuthWeb->before(Object(CodeIgniter\HTTP\IncomingRequest), null)
 3 SYSTEMPATH\CodeIgniter.php(475): CodeIgniter\Filters\Filters->run('fetchDataPop', 'before')
 4 SYSTEMPATH\CodeIgniter.php(361): CodeIgniter\CodeIgniter->handleRequest(null, Object(Config\Cache), false)
 5 FCPATH\index.php(79): CodeIgniter\CodeIgniter->run()
INFO - 2026-02-23 14:57:31 --> Session: Class initialized using 'CodeIgniter\Session\Handlers\FileHandler' driver.
INFO - 2026-02-23 14:57:33 --> Session: Class initialized using 'CodeIgniter\Session\Handlers\FileHandler' driver.
WARNING - 2026-02-23 14:57:33 --> [DEPRECATED] Creation of dynamic property CodeIgniter\HTTP\IncomingRequest::$user is deprecated in APPPATH\Filters\JwtAuthWeb.php on line 32.
 1 SYSTEMPATH\Filters\Filters.php(182): App\Filters\JwtAuthWeb->before(Object(CodeIgniter\HTTP\IncomingRequest), null)
 2 SYSTEMPATH\CodeIgniter.php(475): CodeIgniter\Filters\Filters->run('setting/dashboard-page', 'before')
 3 SYSTEMPATH\CodeIgniter.php(361): CodeIgniter\CodeIgniter->handleRequest(null, Object(Config\Cache), false)
 4 FCPATH\index.php(79): CodeIgniter\CodeIgniter->run()
WARNING - 2026-02-23 14:57:34 --> [DEPRECATED] Creation of dynamic property CodeIgniter\HTTP\IncomingRequest::$user is deprecated in APPPATH\Filters\JwtAuth.php on line 47.
 1 SYSTEMPATH\Filters\Filters.php(182): App\Filters\JwtAuth->before(Object(CodeIgniter\HTTP\IncomingRequest), null)
 2 SYSTEMPATH\CodeIgniter.php(475): CodeIgniter\Filters\Filters->run('api/profile', 'before')
 3 SYSTEMPATH\CodeIgniter.php(361): CodeIgniter\CodeIgniter->handleRequest(null, Object(Config\Cache), false)
 4 FCPATH\index.php(79): CodeIgniter\CodeIgniter->run()
INFO - 2026-02-23 14:57:38 --> Session: Class initialized using 'CodeIgniter\Session\Handlers\FileHandler' driver.
WARNING - 2026-02-23 14:57:38 --> [DEPRECATED] Creation of dynamic property CodeIgniter\HTTP\IncomingRequest::$user is deprecated in APPPATH\Filters\JwtAuthWeb.php on line 32.
 1 SYSTEMPATH\Filters\Filters.php(182): App\Filters\JwtAuthWeb->before(Object(CodeIgniter\HTTP\IncomingRequest), null)
 2 SYSTEMPATH\CodeIgniter.php(475): CodeIgniter\Filters\Filters->run('import-data', 'before')
 3 SYSTEMPATH\CodeIgniter.php(361): CodeIgniter\CodeIgniter->handleRequest(null, Object(Config\Cache), false)
 4 FCPATH\index.php(79): CodeIgniter\CodeIgniter->run()
INFO - 2026-02-23 14:57:39 --> Session: Class initialized using 'CodeIgniter\Session\Handlers\FileHandler' driver.
WARNING - 2026-02-23 14:57:39 --> [DEPRECATED] Creation of dynamic property CodeIgniter\HTTP\IncomingRequest::$user is deprecated in APPPATH\Filters\JwtAuthWeb.php on line 32.
 1 SYSTEMPATH\Filters\Filters.php(182): App\Filters\JwtAuthWeb->before(Object(CodeIgniter\HTTP\IncomingRequest), null)
 2 SYSTEMPATH\CodeIgniter.php(475): CodeIgniter\Filters\Filters->run('getCaregiverData', 'before')
 3 SYSTEMPATH\CodeIgniter.php(361): CodeIgniter\CodeIgniter->handleRequest(null, Object(Config\Cache), false)
 4 FCPATH\index.php(79): CodeIgniter\CodeIgniter->run()
WARNING - 2026-02-23 14:57:39 --> [DEPRECATED] Creation of dynamic property CodeIgniter\HTTP\IncomingRequest::$user is deprecated in APPPATH\Filters\JwtAuth.php on line 47.
 1 SYSTEMPATH\Filters\Filters.php(182): App\Filters\JwtAuth->before(Object(CodeIgniter\HTTP\IncomingRequest), null)
 2 SYSTEMPATH\CodeIgniter.php(475): CodeIgniter\Filters\Filters->run('api/profile', 'before')
 3 SYSTEMPATH\CodeIgniter.php(361): CodeIgniter\CodeIgniter->handleRequest(null, Object(Config\Cache), false)
 4 FCPATH\index.php(79): CodeIgniter\CodeIgniter->run()
INFO - 2026-02-23 14:57:39 --> Session: Class initialized using 'CodeIgniter\Session\Handlers\FileHandler' driver.
WARNING - 2026-02-23 14:57:39 --> [DEPRECATED] Creation of dynamic property CodeIgniter\HTTP\IncomingRequest::$user is deprecated in APPPATH\Filters\JwtAuthWeb.php on line 32.
 1 SYSTEMPATH\Filters\Filters.php(182): App\Filters\JwtAuthWeb->before(Object(CodeIgniter\HTTP\IncomingRequest), null)
 2 SYSTEMPATH\CodeIgniter.php(475): CodeIgniter\Filters\Filters->run('fetchDataNCD', 'before')
 3 SYSTEMPATH\CodeIgniter.php(361): CodeIgniter\CodeIgniter->handleRequest(null, Object(Config\Cache), false)
 4 FCPATH\index.php(79): CodeIgniter\CodeIgniter->run()
INFO - 2026-02-23 14:57:39 --> Session: Class initialized using 'CodeIgniter\Session\Handlers\FileHandler' driver.
WARNING - 2026-02-23 14:57:39 --> [DEPRECATED] Creation of dynamic property CodeIgniter\HTTP\IncomingRequest::$user is deprecated in APPPATH\Filters\JwtAuthWeb.php on line 32.
 1 SYSTEMPATH\Filters\Filters.php(182): App\Filters\JwtAuthWeb->before(Object(CodeIgniter\HTTP\IncomingRequest), null)
 2 SYSTEMPATH\CodeIgniter.php(475): CodeIgniter\Filters\Filters->run('fetchDataPop', 'before')
 3 SYSTEMPATH\CodeIgniter.php(361): CodeIgniter\CodeIgniter->handleRequest(null, Object(Config\Cache), false)
 4 FCPATH\index.php(79): CodeIgniter\CodeIgniter->run()
INFO - 2026-02-23 14:58:04 --> Session: Class initialized using 'CodeIgniter\Session\Handlers\FileHandler' driver.
WARNING - 2026-02-23 14:58:04 --> [DEPRECATED] Creation of dynamic property CodeIgniter\HTTP\IncomingRequest::$user is deprecated in APPPATH\Filters\JwtAuthWeb.php on line 32.
 1 SYSTEMPATH\Filters\Filters.php(182): App\Filters\JwtAuthWeb->before(Object(CodeIgniter\HTTP\IncomingRequest), null)
 2 SYSTEMPATH\CodeIgniter.php(475): CodeIgniter\Filters\Filters->run('import-ltc', 'before')
 3 SYSTEMPATH\CodeIgniter.php(361): CodeIgniter\CodeIgniter->handleRequest(null, Object(Config\Cache), false)
 4 FCPATH\index.php(79): CodeIgniter\CodeIgniter->run()
INFO - 2026-02-23 14:58:31 --> Session: Class initialized using 'CodeIgniter\Session\Handlers\FileHandler' driver.
WARNING - 2026-02-23 14:58:31 --> [DEPRECATED] Creation of dynamic property CodeIgniter\HTTP\IncomingRequest::$user is deprecated in APPPATH\Filters\JwtAuthWeb.php on line 32.
 1 SYSTEMPATH\Filters\Filters.php(182): App\Filters\JwtAuthWeb->before(Object(CodeIgniter\HTTP\IncomingRequest), null)
 2 SYSTEMPATH\CodeIgniter.php(475): CodeIgniter\Filters\Filters->run('import-ltc', 'before')
 3 SYSTEMPATH\CodeIgniter.php(361): CodeIgniter\CodeIgniter->handleRequest(null, Object(Config\Cache), false)
 4 FCPATH\index.php(79): CodeIgniter\CodeIgniter->run()
CRITICAL - 2026-02-23 14:58:31 --> TypeError: Unsupported operand types: string + int
in APPPATH\Controllers\ImportDataController.php on line 126.
 1 SYSTEMPATH\CodeIgniter.php(943): App\Controllers\ImportDataController->importLTCfromExcel()
 2 SYSTEMPATH\CodeIgniter.php(503): CodeIgniter\CodeIgniter->runController(Object(App\Controllers\ImportDataController))
 3 SYSTEMPATH\CodeIgniter.php(361): CodeIgniter\CodeIgniter->handleRequest(null, Object(Config\Cache), false)
 4 FCPATH\index.php(79): CodeIgniter\CodeIgniter->run()
INFO - 2026-02-23 14:58:57 --> Session: Class initialized using 'CodeIgniter\Session\Handlers\FileHandler' driver.
WARNING - 2026-02-23 14:58:57 --> [DEPRECATED] Creation of dynamic property CodeIgniter\HTTP\IncomingRequest::$user is deprecated in APPPATH\Filters\JwtAuthWeb.php on line 32.
 1 SYSTEMPATH\Filters\Filters.php(182): App\Filters\JwtAuthWeb->before(Object(CodeIgniter\HTTP\IncomingRequest), null)
 2 SYSTEMPATH\CodeIgniter.php(475): CodeIgniter\Filters\Filters->run('import-data', 'before')
 3 SYSTEMPATH\CodeIgniter.php(361): CodeIgniter\CodeIgniter->handleRequest(null, Object(Config\Cache), false)
 4 FCPATH\index.php(79): CodeIgniter\CodeIgniter->run()
INFO - 2026-02-23 14:58:58 --> Session: Class initialized using 'CodeIgniter\Session\Handlers\FileHandler' driver.
WARNING - 2026-02-23 14:58:58 --> [DEPRECATED] Creation of dynamic property CodeIgniter\HTTP\IncomingRequest::$user is deprecated in APPPATH\Filters\JwtAuthWeb.php on line 32.
 1 SYSTEMPATH\Filters\Filters.php(182): App\Filters\JwtAuthWeb->before(Object(CodeIgniter\HTTP\IncomingRequest), null)
 2 SYSTEMPATH\CodeIgniter.php(475): CodeIgniter\Filters\Filters->run('getCaregiverData', 'before')
 3 SYSTEMPATH\CodeIgniter.php(361): CodeIgniter\CodeIgniter->handleRequest(null, Object(Config\Cache), false)
 4 FCPATH\index.php(79): CodeIgniter\CodeIgniter->run()
WARNING - 2026-02-23 14:58:58 --> [DEPRECATED] Creation of dynamic property CodeIgniter\HTTP\IncomingRequest::$user is deprecated in APPPATH\Filters\JwtAuth.php on line 47.
 1 SYSTEMPATH\Filters\Filters.php(182): App\Filters\JwtAuth->before(Object(CodeIgniter\HTTP\IncomingRequest), null)
 2 SYSTEMPATH\CodeIgniter.php(475): CodeIgniter\Filters\Filters->run('api/profile', 'before')
 3 SYSTEMPATH\CodeIgniter.php(361): CodeIgniter\CodeIgniter->handleRequest(null, Object(Config\Cache), false)
 4 FCPATH\index.php(79): CodeIgniter\CodeIgniter->run()
INFO - 2026-02-23 14:58:58 --> Session: Class initialized using 'CodeIgniter\Session\Handlers\FileHandler' driver.
WARNING - 2026-02-23 14:58:58 --> [DEPRECATED] Creation of dynamic property CodeIgniter\HTTP\IncomingRequest::$user is deprecated in APPPATH\Filters\JwtAuthWeb.php on line 32.
 1 SYSTEMPATH\Filters\Filters.php(182): App\Filters\JwtAuthWeb->before(Object(CodeIgniter\HTTP\IncomingRequest), null)
 2 SYSTEMPATH\CodeIgniter.php(475): CodeIgniter\Filters\Filters->run('fetchDataNCD', 'before')
 3 SYSTEMPATH\CodeIgniter.php(361): CodeIgniter\CodeIgniter->handleRequest(null, Object(Config\Cache), false)
 4 FCPATH\index.php(79): CodeIgniter\CodeIgniter->run()
INFO - 2026-02-23 14:58:58 --> Session: Class initialized using 'CodeIgniter\Session\Handlers\FileHandler' driver.
WARNING - 2026-02-23 14:58:58 --> [DEPRECATED] Creation of dynamic property CodeIgniter\HTTP\IncomingRequest::$user is deprecated in APPPATH\Filters\JwtAuthWeb.php on line 32.
 1 SYSTEMPATH\Filters\Filters.php(182): App\Filters\JwtAuthWeb->before(Object(CodeIgniter\HTTP\IncomingRequest), null)
 2 SYSTEMPATH\CodeIgniter.php(475): CodeIgniter\Filters\Filters->run('fetchDataPop', 'before')
 3 SYSTEMPATH\CodeIgniter.php(361): CodeIgniter\CodeIgniter->handleRequest(null, Object(Config\Cache), false)
 4 FCPATH\index.php(79): CodeIgniter\CodeIgniter->run()
INFO - 2026-02-23 14:59:04 --> Session: Class initialized using 'CodeIgniter\Session\Handlers\FileHandler' driver.
WARNING - 2026-02-23 14:59:04 --> [DEPRECATED] Creation of dynamic property CodeIgniter\HTTP\IncomingRequest::$user is deprecated in APPPATH\Filters\JwtAuthWeb.php on line 32.
 1 SYSTEMPATH\Filters\Filters.php(182): App\Filters\JwtAuthWeb->before(Object(CodeIgniter\HTTP\IncomingRequest), null)
 2 SYSTEMPATH\CodeIgniter.php(475): CodeIgniter\Filters\Filters->run('import-ltc', 'before')
 3 SYSTEMPATH\CodeIgniter.php(361): CodeIgniter\CodeIgniter->handleRequest(null, Object(Config\Cache), false)
 4 FCPATH\index.php(79): CodeIgniter\CodeIgniter->run()
INFO - 2026-02-23 15:04:30 --> Session: Class initialized using 'CodeIgniter\Session\Handlers\FileHandler' driver.
WARNING - 2026-02-23 15:04:30 --> [DEPRECATED] Creation of dynamic property CodeIgniter\HTTP\IncomingRequest::$user is deprecated in APPPATH\Filters\JwtAuthWeb.php on line 32.
 1 SYSTEMPATH\Filters\Filters.php(182): App\Filters\JwtAuthWeb->before(Object(CodeIgniter\HTTP\IncomingRequest), null)
 2 SYSTEMPATH\CodeIgniter.php(475): CodeIgniter\Filters\Filters->run('import-data', 'before')
 3 SYSTEMPATH\CodeIgniter.php(361): CodeIgniter\CodeIgniter->handleRequest(null, Object(Config\Cache), false)
 4 FCPATH\index.php(79): CodeIgniter\CodeIgniter->run()
INFO - 2026-02-23 15:04:31 --> Session: Class initialized using 'CodeIgniter\Session\Handlers\FileHandler' driver.
WARNING - 2026-02-23 15:04:31 --> [DEPRECATED] Creation of dynamic property CodeIgniter\HTTP\IncomingRequest::$user is deprecated in APPPATH\Filters\JwtAuthWeb.php on line 32.
 1 SYSTEMPATH\Filters\Filters.php(182): App\Filters\JwtAuthWeb->before(Object(CodeIgniter\HTTP\IncomingRequest), null)
 2 SYSTEMPATH\CodeIgniter.php(475): CodeIgniter\Filters\Filters->run('getCaregiverData', 'before')
 3 SYSTEMPATH\CodeIgniter.php(361): CodeIgniter\CodeIgniter->handleRequest(null, Object(Config\Cache), false)
 4 FCPATH\index.php(79): CodeIgniter\CodeIgniter->run()
WARNING - 2026-02-23 15:04:31 --> [DEPRECATED] Creation of dynamic property CodeIgniter\HTTP\IncomingRequest::$user is deprecated in APPPATH\Filters\JwtAuth.php on line 47.
 1 SYSTEMPATH\Filters\Filters.php(182): App\Filters\JwtAuth->before(Object(CodeIgniter\HTTP\IncomingRequest), null)
 2 SYSTEMPATH\CodeIgniter.php(475): CodeIgniter\Filters\Filters->run('api/profile', 'before')
 3 SYSTEMPATH\CodeIgniter.php(361): CodeIgniter\CodeIgniter->handleRequest(null, Object(Config\Cache), false)
 4 FCPATH\index.php(79): CodeIgniter\CodeIgniter->run()
INFO - 2026-02-23 15:04:31 --> Session: Class initialized using 'CodeIgniter\Session\Handlers\FileHandler' driver.
WARNING - 2026-02-23 15:04:31 --> [DEPRECATED] Creation of dynamic property CodeIgniter\HTTP\IncomingRequest::$user is deprecated in APPPATH\Filters\JwtAuthWeb.php on line 32.
 1 SYSTEMPATH\Filters\Filters.php(182): App\Filters\JwtAuthWeb->before(Object(CodeIgniter\HTTP\IncomingRequest), null)
 2 SYSTEMPATH\CodeIgniter.php(475): CodeIgniter\Filters\Filters->run('fetchDataNCD', 'before')
 3 SYSTEMPATH\CodeIgniter.php(361): CodeIgniter\CodeIgniter->handleRequest(null, Object(Config\Cache), false)
 4 FCPATH\index.php(79): CodeIgniter\CodeIgniter->run()
INFO - 2026-02-23 15:04:31 --> Session: Class initialized using 'CodeIgniter\Session\Handlers\FileHandler' driver.
WARNING - 2026-02-23 15:04:31 --> [DEPRECATED] Creation of dynamic property CodeIgniter\HTTP\IncomingRequest::$user is deprecated in APPPATH\Filters\JwtAuthWeb.php on line 32.
 1 SYSTEMPATH\Filters\Filters.php(182): App\Filters\JwtAuthWeb->before(Object(CodeIgniter\HTTP\IncomingRequest), null)
 2 SYSTEMPATH\CodeIgniter.php(475): CodeIgniter\Filters\Filters->run('fetchDataPop', 'before')
 3 SYSTEMPATH\CodeIgniter.php(361): CodeIgniter\CodeIgniter->handleRequest(null, Object(Config\Cache), false)
 4 FCPATH\index.php(79): CodeIgniter\CodeIgniter->run()
INFO - 2026-02-23 15:04:39 --> Session: Class initialized using 'CodeIgniter\Session\Handlers\FileHandler' driver.
WARNING - 2026-02-23 15:04:39 --> [DEPRECATED] Creation of dynamic property CodeIgniter\HTTP\IncomingRequest::$user is deprecated in APPPATH\Filters\JwtAuthWeb.php on line 32.
 1 SYSTEMPATH\Filters\Filters.php(182): App\Filters\JwtAuthWeb->before(Object(CodeIgniter\HTTP\IncomingRequest), null)
 2 SYSTEMPATH\CodeIgniter.php(475): CodeIgniter\Filters\Filters->run('import-ltc', 'before')
 3 SYSTEMPATH\CodeIgniter.php(361): CodeIgniter\CodeIgniter->handleRequest(null, Object(Config\Cache), false)
 4 FCPATH\index.php(79): CodeIgniter\CodeIgniter->run()
INFO - 2026-02-23 15:06:50 --> Session: Class initialized using 'CodeIgniter\Session\Handlers\FileHandler' driver.
WARNING - 2026-02-23 15:06:50 --> [DEPRECATED] Creation of dynamic property CodeIgniter\HTTP\IncomingRequest::$user is deprecated in APPPATH\Filters\JwtAuthWeb.php on line 32.
 1 SYSTEMPATH\Filters\Filters.php(182): App\Filters\JwtAuthWeb->before(Object(CodeIgniter\HTTP\IncomingRequest), null)
 2 SYSTEMPATH\CodeIgniter.php(475): CodeIgniter\Filters\Filters->run('import-data', 'before')
 3 SYSTEMPATH\CodeIgniter.php(361): CodeIgniter\CodeIgniter->handleRequest(null, Object(Config\Cache), false)
 4 FCPATH\index.php(79): CodeIgniter\CodeIgniter->run()
INFO - 2026-02-23 15:06:51 --> Session: Class initialized using 'CodeIgniter\Session\Handlers\FileHandler' driver.
WARNING - 2026-02-23 15:06:51 --> [DEPRECATED] Creation of dynamic property CodeIgniter\HTTP\IncomingRequest::$user is deprecated in APPPATH\Filters\JwtAuthWeb.php on line 32.
 1 SYSTEMPATH\Filters\Filters.php(182): App\Filters\JwtAuthWeb->before(Object(CodeIgniter\HTTP\IncomingRequest), null)
 2 SYSTEMPATH\CodeIgniter.php(475): CodeIgniter\Filters\Filters->run('getCaregiverData', 'before')
 3 SYSTEMPATH\CodeIgniter.php(361): CodeIgniter\CodeIgniter->handleRequest(null, Object(Config\Cache), false)
 4 FCPATH\index.php(79): CodeIgniter\CodeIgniter->run()
WARNING - 2026-02-23 15:06:51 --> [DEPRECATED] Creation of dynamic property CodeIgniter\HTTP\IncomingRequest::$user is deprecated in APPPATH\Filters\JwtAuth.php on line 47.
 1 SYSTEMPATH\Filters\Filters.php(182): App\Filters\JwtAuth->before(Object(CodeIgniter\HTTP\IncomingRequest), null)
 2 SYSTEMPATH\CodeIgniter.php(475): CodeIgniter\Filters\Filters->run('api/profile', 'before')
 3 SYSTEMPATH\CodeIgniter.php(361): CodeIgniter\CodeIgniter->handleRequest(null, Object(Config\Cache), false)
 4 FCPATH\index.php(79): CodeIgniter\CodeIgniter->run()
INFO - 2026-02-23 15:06:51 --> Session: Class initialized using 'CodeIgniter\Session\Handlers\FileHandler' driver.
WARNING - 2026-02-23 15:06:51 --> [DEPRECATED] Creation of dynamic property CodeIgniter\HTTP\IncomingRequest::$user is deprecated in APPPATH\Filters\JwtAuthWeb.php on line 32.
 1 SYSTEMPATH\Filters\Filters.php(182): App\Filters\JwtAuthWeb->before(Object(CodeIgniter\HTTP\IncomingRequest), null)
 2 SYSTEMPATH\CodeIgniter.php(475): CodeIgniter\Filters\Filters->run('fetchDataNCD', 'before')
 3 SYSTEMPATH\CodeIgniter.php(361): CodeIgniter\CodeIgniter->handleRequest(null, Object(Config\Cache), false)
 4 FCPATH\index.php(79): CodeIgniter\CodeIgniter->run()
INFO - 2026-02-23 15:06:51 --> Session: Class initialized using 'CodeIgniter\Session\Handlers\FileHandler' driver.
WARNING - 2026-02-23 15:06:51 --> [DEPRECATED] Creation of dynamic property CodeIgniter\HTTP\IncomingRequest::$user is deprecated in APPPATH\Filters\JwtAuthWeb.php on line 32.
 1 SYSTEMPATH\Filters\Filters.php(182): App\Filters\JwtAuthWeb->before(Object(CodeIgniter\HTTP\IncomingRequest), null)
 2 SYSTEMPATH\CodeIgniter.php(475): CodeIgniter\Filters\Filters->run('fetchDataPop', 'before')
 3 SYSTEMPATH\CodeIgniter.php(361): CodeIgniter\CodeIgniter->handleRequest(null, Object(Config\Cache), false)
 4 FCPATH\index.php(79): CodeIgniter\CodeIgniter->run()
INFO - 2026-02-23 15:07:01 --> Session: Class initialized using 'CodeIgniter\Session\Handlers\FileHandler' driver.
WARNING - 2026-02-23 15:07:01 --> [DEPRECATED] Creation of dynamic property CodeIgniter\HTTP\IncomingRequest::$user is deprecated in APPPATH\Filters\JwtAuthWeb.php on line 32.
 1 SYSTEMPATH\Filters\Filters.php(182): App\Filters\JwtAuthWeb->before(Object(CodeIgniter\HTTP\IncomingRequest), null)
 2 SYSTEMPATH\CodeIgniter.php(475): CodeIgniter\Filters\Filters->run('import-ltc', 'before')
 3 SYSTEMPATH\CodeIgniter.php(361): CodeIgniter\CodeIgniter->handleRequest(null, Object(Config\Cache), false)
 4 FCPATH\index.php(79): CodeIgniter\CodeIgniter->run()
INFO - 2026-02-23 15:08:38 --> Session: Class initialized using 'CodeIgniter\Session\Handlers\FileHandler' driver.
WARNING - 2026-02-23 15:08:38 --> [DEPRECATED] Creation of dynamic property CodeIgniter\HTTP\IncomingRequest::$user is deprecated in APPPATH\Filters\JwtAuthWeb.php on line 32.
 1 SYSTEMPATH\Filters\Filters.php(182): App\Filters\JwtAuthWeb->before(Object(CodeIgniter\HTTP\IncomingRequest), null)
 2 SYSTEMPATH\CodeIgniter.php(475): CodeIgniter\Filters\Filters->run('import-data', 'before')
 3 SYSTEMPATH\CodeIgniter.php(361): CodeIgniter\CodeIgniter->handleRequest(null, Object(Config\Cache), false)
 4 FCPATH\index.php(79): CodeIgniter\CodeIgniter->run()
INFO - 2026-02-23 15:08:38 --> Session: Class initialized using 'CodeIgniter\Session\Handlers\FileHandler' driver.
WARNING - 2026-02-23 15:08:38 --> [DEPRECATED] Creation of dynamic property CodeIgniter\HTTP\IncomingRequest::$user is deprecated in APPPATH\Filters\JwtAuthWeb.php on line 32.
 1 SYSTEMPATH\Filters\Filters.php(182): App\Filters\JwtAuthWeb->before(Object(CodeIgniter\HTTP\IncomingRequest), null)
 2 SYSTEMPATH\CodeIgniter.php(475): CodeIgniter\Filters\Filters->run('getCaregiverData', 'before')
 3 SYSTEMPATH\CodeIgniter.php(361): CodeIgniter\CodeIgniter->handleRequest(null, Object(Config\Cache), false)
 4 FCPATH\index.php(79): CodeIgniter\CodeIgniter->run()
WARNING - 2026-02-23 15:08:38 --> [DEPRECATED] Creation of dynamic property CodeIgniter\HTTP\IncomingRequest::$user is deprecated in APPPATH\Filters\JwtAuth.php on line 47.
 1 SYSTEMPATH\Filters\Filters.php(182): App\Filters\JwtAuth->before(Object(CodeIgniter\HTTP\IncomingRequest), null)
 2 SYSTEMPATH\CodeIgniter.php(475): CodeIgniter\Filters\Filters->run('api/profile', 'before')
 3 SYSTEMPATH\CodeIgniter.php(361): CodeIgniter\CodeIgniter->handleRequest(null, Object(Config\Cache), false)
 4 FCPATH\index.php(79): CodeIgniter\CodeIgniter->run()
INFO - 2026-02-23 15:08:39 --> Session: Class initialized using 'CodeIgniter\Session\Handlers\FileHandler' driver.
WARNING - 2026-02-23 15:08:39 --> [DEPRECATED] Creation of dynamic property CodeIgniter\HTTP\IncomingRequest::$user is deprecated in APPPATH\Filters\JwtAuthWeb.php on line 32.
 1 SYSTEMPATH\Filters\Filters.php(182): App\Filters\JwtAuthWeb->before(Object(CodeIgniter\HTTP\IncomingRequest), null)
 2 SYSTEMPATH\CodeIgniter.php(475): CodeIgniter\Filters\Filters->run('fetchDataNCD', 'before')
 3 SYSTEMPATH\CodeIgniter.php(361): CodeIgniter\CodeIgniter->handleRequest(null, Object(Config\Cache), false)
 4 FCPATH\index.php(79): CodeIgniter\CodeIgniter->run()
INFO - 2026-02-23 15:08:39 --> Session: Class initialized using 'CodeIgniter\Session\Handlers\FileHandler' driver.
WARNING - 2026-02-23 15:08:39 --> [DEPRECATED] Creation of dynamic property CodeIgniter\HTTP\IncomingRequest::$user is deprecated in APPPATH\Filters\JwtAuthWeb.php on line 32.
 1 SYSTEMPATH\Filters\Filters.php(182): App\Filters\JwtAuthWeb->before(Object(CodeIgniter\HTTP\IncomingRequest), null)
 2 SYSTEMPATH\CodeIgniter.php(475): CodeIgniter\Filters\Filters->run('fetchDataPop', 'before')
 3 SYSTEMPATH\CodeIgniter.php(361): CodeIgniter\CodeIgniter->handleRequest(null, Object(Config\Cache), false)
 4 FCPATH\index.php(79): CodeIgniter\CodeIgniter->run()
INFO - 2026-02-23 15:08:44 --> Session: Class initialized using 'CodeIgniter\Session\Handlers\FileHandler' driver.
WARNING - 2026-02-23 15:08:44 --> [DEPRECATED] Creation of dynamic property CodeIgniter\HTTP\IncomingRequest::$user is deprecated in APPPATH\Filters\JwtAuthWeb.php on line 32.
 1 SYSTEMPATH\Filters\Filters.php(182): App\Filters\JwtAuthWeb->before(Object(CodeIgniter\HTTP\IncomingRequest), null)
 2 SYSTEMPATH\CodeIgniter.php(475): CodeIgniter\Filters\Filters->run('import-ltc', 'before')
 3 SYSTEMPATH\CodeIgniter.php(361): CodeIgniter\CodeIgniter->handleRequest(null, Object(Config\Cache), false)
 4 FCPATH\index.php(79): CodeIgniter\CodeIgniter->run()
INFO - 2026-02-23 15:09:07 --> Session: Class initialized using 'CodeIgniter\Session\Handlers\FileHandler' driver.
WARNING - 2026-02-23 15:09:07 --> [DEPRECATED] Creation of dynamic property CodeIgniter\HTTP\IncomingRequest::$user is deprecated in APPPATH\Filters\JwtAuthWeb.php on line 32.
 1 SYSTEMPATH\Filters\Filters.php(182): App\Filters\JwtAuthWeb->before(Object(CodeIgniter\HTTP\IncomingRequest), null)
 2 SYSTEMPATH\CodeIgniter.php(475): CodeIgniter\Filters\Filters->run('import-data', 'before')
 3 SYSTEMPATH\CodeIgniter.php(361): CodeIgniter\CodeIgniter->handleRequest(null, Object(Config\Cache), false)
 4 FCPATH\index.php(79): CodeIgniter\CodeIgniter->run()
INFO - 2026-02-23 15:09:07 --> Session: Class initialized using 'CodeIgniter\Session\Handlers\FileHandler' driver.
WARNING - 2026-02-23 15:09:07 --> [DEPRECATED] Creation of dynamic property CodeIgniter\HTTP\IncomingRequest::$user is deprecated in APPPATH\Filters\JwtAuthWeb.php on line 32.
 1 SYSTEMPATH\Filters\Filters.php(182): App\Filters\JwtAuthWeb->before(Object(CodeIgniter\HTTP\IncomingRequest), null)
 2 SYSTEMPATH\CodeIgniter.php(475): CodeIgniter\Filters\Filters->run('getCaregiverData', 'before')
 3 SYSTEMPATH\CodeIgniter.php(361): CodeIgniter\CodeIgniter->handleRequest(null, Object(Config\Cache), false)
 4 FCPATH\index.php(79): CodeIgniter\CodeIgniter->run()
WARNING - 2026-02-23 15:09:07 --> [DEPRECATED] Creation of dynamic property CodeIgniter\HTTP\IncomingRequest::$user is deprecated in APPPATH\Filters\JwtAuth.php on line 47.
 1 SYSTEMPATH\Filters\Filters.php(182): App\Filters\JwtAuth->before(Object(CodeIgniter\HTTP\IncomingRequest), null)
 2 SYSTEMPATH\CodeIgniter.php(475): CodeIgniter\Filters\Filters->run('api/profile', 'before')
 3 SYSTEMPATH\CodeIgniter.php(361): CodeIgniter\CodeIgniter->handleRequest(null, Object(Config\Cache), false)
 4 FCPATH\index.php(79): CodeIgniter\CodeIgniter->run()
INFO - 2026-02-23 15:09:07 --> Session: Class initialized using 'CodeIgniter\Session\Handlers\FileHandler' driver.
WARNING - 2026-02-23 15:09:07 --> [DEPRECATED] Creation of dynamic property CodeIgniter\HTTP\IncomingRequest::$user is deprecated in APPPATH\Filters\JwtAuthWeb.php on line 32.
 1 SYSTEMPATH\Filters\Filters.php(182): App\Filters\JwtAuthWeb->before(Object(CodeIgniter\HTTP\IncomingRequest), null)
 2 SYSTEMPATH\CodeIgniter.php(475): CodeIgniter\Filters\Filters->run('fetchDataNCD', 'before')
 3 SYSTEMPATH\CodeIgniter.php(361): CodeIgniter\CodeIgniter->handleRequest(null, Object(Config\Cache), false)
 4 FCPATH\index.php(79): CodeIgniter\CodeIgniter->run()
INFO - 2026-02-23 15:09:08 --> Session: Class initialized using 'CodeIgniter\Session\Handlers\FileHandler' driver.
WARNING - 2026-02-23 15:09:08 --> [DEPRECATED] Creation of dynamic property CodeIgniter\HTTP\IncomingRequest::$user is deprecated in APPPATH\Filters\JwtAuthWeb.php on line 32.
 1 SYSTEMPATH\Filters\Filters.php(182): App\Filters\JwtAuthWeb->before(Object(CodeIgniter\HTTP\IncomingRequest), null)
 2 SYSTEMPATH\CodeIgniter.php(475): CodeIgniter\Filters\Filters->run('fetchDataPop', 'before')
 3 SYSTEMPATH\CodeIgniter.php(361): CodeIgniter\CodeIgniter->handleRequest(null, Object(Config\Cache), false)
 4 FCPATH\index.php(79): CodeIgniter\CodeIgniter->run()
INFO - 2026-02-23 15:09:13 --> Session: Class initialized using 'CodeIgniter\Session\Handlers\FileHandler' driver.
WARNING - 2026-02-23 15:09:13 --> [DEPRECATED] Creation of dynamic property CodeIgniter\HTTP\IncomingRequest::$user is deprecated in APPPATH\Filters\JwtAuthWeb.php on line 32.
 1 SYSTEMPATH\Filters\Filters.php(182): App\Filters\JwtAuthWeb->before(Object(CodeIgniter\HTTP\IncomingRequest), null)
 2 SYSTEMPATH\CodeIgniter.php(475): CodeIgniter\Filters\Filters->run('import-ltc', 'before')
 3 SYSTEMPATH\CodeIgniter.php(361): CodeIgniter\CodeIgniter->handleRequest(null, Object(Config\Cache), false)
 4 FCPATH\index.php(79): CodeIgniter\CodeIgniter->run()
WARNING - 2026-02-23 15:09:13 --> [DEPRECATED] explode(): Passing null to parameter #2 ($string) of type string is deprecated in APPPATH\Controllers\ImportDataController.php on line 79.
 1 APPPATH\Controllers\ImportDataController.php(79): explode('.', null)
 2 SYSTEMPATH\CodeIgniter.php(943): App\Controllers\ImportDataController->importLTCfromExcel()
 3 SYSTEMPATH\CodeIgniter.php(503): CodeIgniter\CodeIgniter->runController(Object(App\Controllers\ImportDataController))
 4 SYSTEMPATH\CodeIgniter.php(361): CodeIgniter\CodeIgniter->handleRequest(null, Object(Config\Cache), false)
 5 FCPATH\index.php(79): CodeIgniter\CodeIgniter->run()
CRITICAL - 2026-02-23 15:09:13 --> TypeError: PhpOffice\PhpSpreadsheet\Reader\BaseReader::load(): Argument #1 ($filename) must be of type string, null given, called in D:\xampp6\htdocs\project-jwt\app\Controllers\ImportDataController.php on line 86
in VENDORPATH\phpoffice\phpspreadsheet\src\PhpSpreadsheet\Reader\BaseReader.php on line 244.
 1 APPPATH\Controllers\ImportDataController.php(86): PhpOffice\PhpSpreadsheet\Reader\BaseReader->load(null)
 2 SYSTEMPATH\CodeIgniter.php(943): App\Controllers\ImportDataController->importLTCfromExcel()
 3 SYSTEMPATH\CodeIgniter.php(503): CodeIgniter\CodeIgniter->runController(Object(App\Controllers\ImportDataController))
 4 SYSTEMPATH\CodeIgniter.php(361): CodeIgniter\CodeIgniter->handleRequest(null, Object(Config\Cache), false)
 5 FCPATH\index.php(79): CodeIgniter\CodeIgniter->run()
INFO - 2026-02-23 15:10:12 --> Session: Class initialized using 'CodeIgniter\Session\Handlers\FileHandler' driver.
WARNING - 2026-02-23 15:10:12 --> [DEPRECATED] Creation of dynamic property CodeIgniter\HTTP\IncomingRequest::$user is deprecated in APPPATH\Filters\JwtAuthWeb.php on line 32.
 1 SYSTEMPATH\Filters\Filters.php(182): App\Filters\JwtAuthWeb->before(Object(CodeIgniter\HTTP\IncomingRequest), null)
 2 SYSTEMPATH\CodeIgniter.php(475): CodeIgniter\Filters\Filters->run('import-ltc', 'before')
 3 SYSTEMPATH\CodeIgniter.php(361): CodeIgniter\CodeIgniter->handleRequest(null, Object(Config\Cache), false)
 4 FCPATH\index.php(79): CodeIgniter\CodeIgniter->run()
WARNING - 2026-02-23 15:10:12 --> [DEPRECATED] explode(): Passing null to parameter #2 ($string) of type string is deprecated in APPPATH\Controllers\ImportDataController.php on line 79.
 1 APPPATH\Controllers\ImportDataController.php(79): explode('.', null)
 2 SYSTEMPATH\CodeIgniter.php(943): App\Controllers\ImportDataController->importLTCfromExcel()
 3 SYSTEMPATH\CodeIgniter.php(503): CodeIgniter\CodeIgniter->runController(Object(App\Controllers\ImportDataController))
 4 SYSTEMPATH\CodeIgniter.php(361): CodeIgniter\CodeIgniter->handleRequest(null, Object(Config\Cache), false)
 5 FCPATH\index.php(79): CodeIgniter\CodeIgniter->run()
CRITICAL - 2026-02-23 15:10:12 --> TypeError: PhpOffice\PhpSpreadsheet\Reader\BaseReader::load(): Argument #1 ($filename) must be of type string, null given, called in D:\xampp6\htdocs\project-jwt\app\Controllers\ImportDataController.php on line 86
in VENDORPATH\phpoffice\phpspreadsheet\src\PhpSpreadsheet\Reader\BaseReader.php on line 244.
 1 APPPATH\Controllers\ImportDataController.php(86): PhpOffice\PhpSpreadsheet\Reader\BaseReader->load(null)
 2 SYSTEMPATH\CodeIgniter.php(943): App\Controllers\ImportDataController->importLTCfromExcel()
 3 SYSTEMPATH\CodeIgniter.php(503): CodeIgniter\CodeIgniter->runController(Object(App\Controllers\ImportDataController))
 4 SYSTEMPATH\CodeIgniter.php(361): CodeIgniter\CodeIgniter->handleRequest(null, Object(Config\Cache), false)
 5 FCPATH\index.php(79): CodeIgniter\CodeIgniter->run()
INFO - 2026-02-23 15:11:49 --> Session: Class initialized using 'CodeIgniter\Session\Handlers\FileHandler' driver.
WARNING - 2026-02-23 15:11:49 --> [DEPRECATED] Creation of dynamic property CodeIgniter\HTTP\IncomingRequest::$user is deprecated in APPPATH\Filters\JwtAuthWeb.php on line 32.
 1 SYSTEMPATH\Filters\Filters.php(182): App\Filters\JwtAuthWeb->before(Object(CodeIgniter\HTTP\IncomingRequest), null)
 2 SYSTEMPATH\CodeIgniter.php(475): CodeIgniter\Filters\Filters->run('import-data', 'before')
 3 SYSTEMPATH\CodeIgniter.php(361): CodeIgniter\CodeIgniter->handleRequest(null, Object(Config\Cache), false)
 4 FCPATH\index.php(79): CodeIgniter\CodeIgniter->run()
INFO - 2026-02-23 15:11:50 --> Session: Class initialized using 'CodeIgniter\Session\Handlers\FileHandler' driver.
WARNING - 2026-02-23 15:11:50 --> [DEPRECATED] Creation of dynamic property CodeIgniter\HTTP\IncomingRequest::$user is deprecated in APPPATH\Filters\JwtAuthWeb.php on line 32.
 1 SYSTEMPATH\Filters\Filters.php(182): App\Filters\JwtAuthWeb->before(Object(CodeIgniter\HTTP\IncomingRequest), null)
 2 SYSTEMPATH\CodeIgniter.php(475): CodeIgniter\Filters\Filters->run('getCaregiverData', 'before')
 3 SYSTEMPATH\CodeIgniter.php(361): CodeIgniter\CodeIgniter->handleRequest(null, Object(Config\Cache), false)
 4 FCPATH\index.php(79): CodeIgniter\CodeIgniter->run()
WARNING - 2026-02-23 15:11:50 --> [DEPRECATED] Creation of dynamic property CodeIgniter\HTTP\IncomingRequest::$user is deprecated in APPPATH\Filters\JwtAuth.php on line 47.
 1 SYSTEMPATH\Filters\Filters.php(182): App\Filters\JwtAuth->before(Object(CodeIgniter\HTTP\IncomingRequest), null)
 2 SYSTEMPATH\CodeIgniter.php(475): CodeIgniter\Filters\Filters->run('api/profile', 'before')
 3 SYSTEMPATH\CodeIgniter.php(361): CodeIgniter\CodeIgniter->handleRequest(null, Object(Config\Cache), false)
 4 FCPATH\index.php(79): CodeIgniter\CodeIgniter->run()
INFO - 2026-02-23 15:11:50 --> Session: Class initialized using 'CodeIgniter\Session\Handlers\FileHandler' driver.
WARNING - 2026-02-23 15:11:50 --> [DEPRECATED] Creation of dynamic property CodeIgniter\HTTP\IncomingRequest::$user is deprecated in APPPATH\Filters\JwtAuthWeb.php on line 32.
 1 SYSTEMPATH\Filters\Filters.php(182): App\Filters\JwtAuthWeb->before(Object(CodeIgniter\HTTP\IncomingRequest), null)
 2 SYSTEMPATH\CodeIgniter.php(475): CodeIgniter\Filters\Filters->run('fetchDataNCD', 'before')
 3 SYSTEMPATH\CodeIgniter.php(361): CodeIgniter\CodeIgniter->handleRequest(null, Object(Config\Cache), false)
 4 FCPATH\index.php(79): CodeIgniter\CodeIgniter->run()
INFO - 2026-02-23 15:11:50 --> Session: Class initialized using 'CodeIgniter\Session\Handlers\FileHandler' driver.
WARNING - 2026-02-23 15:11:50 --> [DEPRECATED] Creation of dynamic property CodeIgniter\HTTP\IncomingRequest::$user is deprecated in APPPATH\Filters\JwtAuthWeb.php on line 32.
 1 SYSTEMPATH\Filters\Filters.php(182): App\Filters\JwtAuthWeb->before(Object(CodeIgniter\HTTP\IncomingRequest), null)
 2 SYSTEMPATH\CodeIgniter.php(475): CodeIgniter\Filters\Filters->run('fetchDataPop', 'before')
 3 SYSTEMPATH\CodeIgniter.php(361): CodeIgniter\CodeIgniter->handleRequest(null, Object(Config\Cache), false)
 4 FCPATH\index.php(79): CodeIgniter\CodeIgniter->run()
INFO - 2026-02-23 15:12:56 --> Session: Class initialized using 'CodeIgniter\Session\Handlers\FileHandler' driver.
WARNING - 2026-02-23 15:12:56 --> [DEPRECATED] Creation of dynamic property CodeIgniter\HTTP\IncomingRequest::$user is deprecated in APPPATH\Filters\JwtAuthWeb.php on line 32.
 1 SYSTEMPATH\Filters\Filters.php(182): App\Filters\JwtAuthWeb->before(Object(CodeIgniter\HTTP\IncomingRequest), null)
 2 SYSTEMPATH\CodeIgniter.php(475): CodeIgniter\Filters\Filters->run('import-data', 'before')
 3 SYSTEMPATH\CodeIgniter.php(361): CodeIgniter\CodeIgniter->handleRequest(null, Object(Config\Cache), false)
 4 FCPATH\index.php(79): CodeIgniter\CodeIgniter->run()
INFO - 2026-02-23 15:12:57 --> Session: Class initialized using 'CodeIgniter\Session\Handlers\FileHandler' driver.
WARNING - 2026-02-23 15:12:57 --> [DEPRECATED] Creation of dynamic property CodeIgniter\HTTP\IncomingRequest::$user is deprecated in APPPATH\Filters\JwtAuthWeb.php on line 32.
 1 SYSTEMPATH\Filters\Filters.php(182): App\Filters\JwtAuthWeb->before(Object(CodeIgniter\HTTP\IncomingRequest), null)
 2 SYSTEMPATH\CodeIgniter.php(475): CodeIgniter\Filters\Filters->run('getCaregiverData', 'before')
 3 SYSTEMPATH\CodeIgniter.php(361): CodeIgniter\CodeIgniter->handleRequest(null, Object(Config\Cache), false)
 4 FCPATH\index.php(79): CodeIgniter\CodeIgniter->run()
WARNING - 2026-02-23 15:12:57 --> [DEPRECATED] Creation of dynamic property CodeIgniter\HTTP\IncomingRequest::$user is deprecated in APPPATH\Filters\JwtAuth.php on line 47.
 1 SYSTEMPATH\Filters\Filters.php(182): App\Filters\JwtAuth->before(Object(CodeIgniter\HTTP\IncomingRequest), null)
 2 SYSTEMPATH\CodeIgniter.php(475): CodeIgniter\Filters\Filters->run('api/profile', 'before')
 3 SYSTEMPATH\CodeIgniter.php(361): CodeIgniter\CodeIgniter->handleRequest(null, Object(Config\Cache), false)
 4 FCPATH\index.php(79): CodeIgniter\CodeIgniter->run()
INFO - 2026-02-23 15:12:57 --> Session: Class initialized using 'CodeIgniter\Session\Handlers\FileHandler' driver.
WARNING - 2026-02-23 15:12:57 --> [DEPRECATED] Creation of dynamic property CodeIgniter\HTTP\IncomingRequest::$user is deprecated in APPPATH\Filters\JwtAuthWeb.php on line 32.
 1 SYSTEMPATH\Filters\Filters.php(182): App\Filters\JwtAuthWeb->before(Object(CodeIgniter\HTTP\IncomingRequest), null)
 2 SYSTEMPATH\CodeIgniter.php(475): CodeIgniter\Filters\Filters->run('fetchDataNCD', 'before')
 3 SYSTEMPATH\CodeIgniter.php(361): CodeIgniter\CodeIgniter->handleRequest(null, Object(Config\Cache), false)
 4 FCPATH\index.php(79): CodeIgniter\CodeIgniter->run()
INFO - 2026-02-23 15:12:57 --> Session: Class initialized using 'CodeIgniter\Session\Handlers\FileHandler' driver.
WARNING - 2026-02-23 15:12:57 --> [DEPRECATED] Creation of dynamic property CodeIgniter\HTTP\IncomingRequest::$user is deprecated in APPPATH\Filters\JwtAuthWeb.php on line 32.
 1 SYSTEMPATH\Filters\Filters.php(182): App\Filters\JwtAuthWeb->before(Object(CodeIgniter\HTTP\IncomingRequest), null)
 2 SYSTEMPATH\CodeIgniter.php(475): CodeIgniter\Filters\Filters->run('fetchDataPop', 'before')
 3 SYSTEMPATH\CodeIgniter.php(361): CodeIgniter\CodeIgniter->handleRequest(null, Object(Config\Cache), false)
 4 FCPATH\index.php(79): CodeIgniter\CodeIgniter->run()
INFO - 2026-02-23 15:13:02 --> Session: Class initialized using 'CodeIgniter\Session\Handlers\FileHandler' driver.
WARNING - 2026-02-23 15:13:02 --> [DEPRECATED] Creation of dynamic property CodeIgniter\HTTP\IncomingRequest::$user is deprecated in APPPATH\Filters\JwtAuthWeb.php on line 32.
 1 SYSTEMPATH\Filters\Filters.php(182): App\Filters\JwtAuthWeb->before(Object(CodeIgniter\HTTP\IncomingRequest), null)
 2 SYSTEMPATH\CodeIgniter.php(475): CodeIgniter\Filters\Filters->run('import-ltc', 'before')
 3 SYSTEMPATH\CodeIgniter.php(361): CodeIgniter\CodeIgniter->handleRequest(null, Object(Config\Cache), false)
 4 FCPATH\index.php(79): CodeIgniter\CodeIgniter->run()
INFO - 2026-02-23 15:15:24 --> Session: Class initialized using 'CodeIgniter\Session\Handlers\FileHandler' driver.
WARNING - 2026-02-23 15:15:24 --> [DEPRECATED] Creation of dynamic property CodeIgniter\HTTP\IncomingRequest::$user is deprecated in APPPATH\Filters\JwtAuthWeb.php on line 32.
 1 SYSTEMPATH\Filters\Filters.php(182): App\Filters\JwtAuthWeb->before(Object(CodeIgniter\HTTP\IncomingRequest), null)
 2 SYSTEMPATH\CodeIgniter.php(475): CodeIgniter\Filters\Filters->run('import-data', 'before')
 3 SYSTEMPATH\CodeIgniter.php(361): CodeIgniter\CodeIgniter->handleRequest(null, Object(Config\Cache), false)
 4 FCPATH\index.php(79): CodeIgniter\CodeIgniter->run()
INFO - 2026-02-23 15:15:25 --> Session: Class initialized using 'CodeIgniter\Session\Handlers\FileHandler' driver.
WARNING - 2026-02-23 15:15:25 --> [DEPRECATED] Creation of dynamic property CodeIgniter\HTTP\IncomingRequest::$user is deprecated in APPPATH\Filters\JwtAuthWeb.php on line 32.
 1 SYSTEMPATH\Filters\Filters.php(182): App\Filters\JwtAuthWeb->before(Object(CodeIgniter\HTTP\IncomingRequest), null)
 2 SYSTEMPATH\CodeIgniter.php(475): CodeIgniter\Filters\Filters->run('getCaregiverData', 'before')
 3 SYSTEMPATH\CodeIgniter.php(361): CodeIgniter\CodeIgniter->handleRequest(null, Object(Config\Cache), false)
 4 FCPATH\index.php(79): CodeIgniter\CodeIgniter->run()
WARNING - 2026-02-23 15:15:25 --> [DEPRECATED] Creation of dynamic property CodeIgniter\HTTP\IncomingRequest::$user is deprecated in APPPATH\Filters\JwtAuth.php on line 47.
 1 SYSTEMPATH\Filters\Filters.php(182): App\Filters\JwtAuth->before(Object(CodeIgniter\HTTP\IncomingRequest), null)
 2 SYSTEMPATH\CodeIgniter.php(475): CodeIgniter\Filters\Filters->run('api/profile', 'before')
 3 SYSTEMPATH\CodeIgniter.php(361): CodeIgniter\CodeIgniter->handleRequest(null, Object(Config\Cache), false)
 4 FCPATH\index.php(79): CodeIgniter\CodeIgniter->run()
INFO - 2026-02-23 15:15:25 --> Session: Class initialized using 'CodeIgniter\Session\Handlers\FileHandler' driver.
WARNING - 2026-02-23 15:15:25 --> [DEPRECATED] Creation of dynamic property CodeIgniter\HTTP\IncomingRequest::$user is deprecated in APPPATH\Filters\JwtAuthWeb.php on line 32.
 1 SYSTEMPATH\Filters\Filters.php(182): App\Filters\JwtAuthWeb->before(Object(CodeIgniter\HTTP\IncomingRequest), null)
 2 SYSTEMPATH\CodeIgniter.php(475): CodeIgniter\Filters\Filters->run('fetchDataNCD', 'before')
 3 SYSTEMPATH\CodeIgniter.php(361): CodeIgniter\CodeIgniter->handleRequest(null, Object(Config\Cache), false)
 4 FCPATH\index.php(79): CodeIgniter\CodeIgniter->run()
INFO - 2026-02-23 15:15:25 --> Session: Class initialized using 'CodeIgniter\Session\Handlers\FileHandler' driver.
WARNING - 2026-02-23 15:15:25 --> [DEPRECATED] Creation of dynamic property CodeIgniter\HTTP\IncomingRequest::$user is deprecated in APPPATH\Filters\JwtAuthWeb.php on line 32.
 1 SYSTEMPATH\Filters\Filters.php(182): App\Filters\JwtAuthWeb->before(Object(CodeIgniter\HTTP\IncomingRequest), null)
 2 SYSTEMPATH\CodeIgniter.php(475): CodeIgniter\Filters\Filters->run('fetchDataPop', 'before')
 3 SYSTEMPATH\CodeIgniter.php(361): CodeIgniter\CodeIgniter->handleRequest(null, Object(Config\Cache), false)
 4 FCPATH\index.php(79): CodeIgniter\CodeIgniter->run()
INFO - 2026-02-23 15:15:31 --> Session: Class initialized using 'CodeIgniter\Session\Handlers\FileHandler' driver.
WARNING - 2026-02-23 15:15:31 --> [DEPRECATED] Creation of dynamic property CodeIgniter\HTTP\IncomingRequest::$user is deprecated in APPPATH\Filters\JwtAuthWeb.php on line 32.
 1 SYSTEMPATH\Filters\Filters.php(182): App\Filters\JwtAuthWeb->before(Object(CodeIgniter\HTTP\IncomingRequest), null)
 2 SYSTEMPATH\CodeIgniter.php(475): CodeIgniter\Filters\Filters->run('import-ltc', 'before')
 3 SYSTEMPATH\CodeIgniter.php(361): CodeIgniter\CodeIgniter->handleRequest(null, Object(Config\Cache), false)
 4 FCPATH\index.php(79): CodeIgniter\CodeIgniter->run()
INFO - 2026-02-23 15:16:24 --> Session: Class initialized using 'CodeIgniter\Session\Handlers\FileHandler' driver.
WARNING - 2026-02-23 15:16:24 --> [DEPRECATED] Creation of dynamic property CodeIgniter\HTTP\IncomingRequest::$user is deprecated in APPPATH\Filters\JwtAuthWeb.php on line 32.
 1 SYSTEMPATH\Filters\Filters.php(182): App\Filters\JwtAuthWeb->before(Object(CodeIgniter\HTTP\IncomingRequest), null)
 2 SYSTEMPATH\CodeIgniter.php(475): CodeIgniter\Filters\Filters->run('import-data', 'before')
 3 SYSTEMPATH\CodeIgniter.php(361): CodeIgniter\CodeIgniter->handleRequest(null, Object(Config\Cache), false)
 4 FCPATH\index.php(79): CodeIgniter\CodeIgniter->run()
INFO - 2026-02-23 15:16:25 --> Session: Class initialized using 'CodeIgniter\Session\Handlers\FileHandler' driver.
WARNING - 2026-02-23 15:16:25 --> [DEPRECATED] Creation of dynamic property CodeIgniter\HTTP\IncomingRequest::$user is deprecated in APPPATH\Filters\JwtAuthWeb.php on line 32.
 1 SYSTEMPATH\Filters\Filters.php(182): App\Filters\JwtAuthWeb->before(Object(CodeIgniter\HTTP\IncomingRequest), null)
 2 SYSTEMPATH\CodeIgniter.php(475): CodeIgniter\Filters\Filters->run('getCaregiverData', 'before')
 3 SYSTEMPATH\CodeIgniter.php(361): CodeIgniter\CodeIgniter->handleRequest(null, Object(Config\Cache), false)
 4 FCPATH\index.php(79): CodeIgniter\CodeIgniter->run()
WARNING - 2026-02-23 15:16:25 --> [DEPRECATED] Creation of dynamic property CodeIgniter\HTTP\IncomingRequest::$user is deprecated in APPPATH\Filters\JwtAuth.php on line 47.
 1 SYSTEMPATH\Filters\Filters.php(182): App\Filters\JwtAuth->before(Object(CodeIgniter\HTTP\IncomingRequest), null)
 2 SYSTEMPATH\CodeIgniter.php(475): CodeIgniter\Filters\Filters->run('api/profile', 'before')
 3 SYSTEMPATH\CodeIgniter.php(361): CodeIgniter\CodeIgniter->handleRequest(null, Object(Config\Cache), false)
 4 FCPATH\index.php(79): CodeIgniter\CodeIgniter->run()
INFO - 2026-02-23 15:16:25 --> Session: Class initialized using 'CodeIgniter\Session\Handlers\FileHandler' driver.
WARNING - 2026-02-23 15:16:25 --> [DEPRECATED] Creation of dynamic property CodeIgniter\HTTP\IncomingRequest::$user is deprecated in APPPATH\Filters\JwtAuthWeb.php on line 32.
 1 SYSTEMPATH\Filters\Filters.php(182): App\Filters\JwtAuthWeb->before(Object(CodeIgniter\HTTP\IncomingRequest), null)
 2 SYSTEMPATH\CodeIgniter.php(475): CodeIgniter\Filters\Filters->run('fetchDataNCD', 'before')
 3 SYSTEMPATH\CodeIgniter.php(361): CodeIgniter\CodeIgniter->handleRequest(null, Object(Config\Cache), false)
 4 FCPATH\index.php(79): CodeIgniter\CodeIgniter->run()
INFO - 2026-02-23 15:16:25 --> Session: Class initialized using 'CodeIgniter\Session\Handlers\FileHandler' driver.
WARNING - 2026-02-23 15:16:25 --> [DEPRECATED] Creation of dynamic property CodeIgniter\HTTP\IncomingRequest::$user is deprecated in APPPATH\Filters\JwtAuthWeb.php on line 32.
 1 SYSTEMPATH\Filters\Filters.php(182): App\Filters\JwtAuthWeb->before(Object(CodeIgniter\HTTP\IncomingRequest), null)
 2 SYSTEMPATH\CodeIgniter.php(475): CodeIgniter\Filters\Filters->run('fetchDataPop', 'before')
 3 SYSTEMPATH\CodeIgniter.php(361): CodeIgniter\CodeIgniter->handleRequest(null, Object(Config\Cache), false)
 4 FCPATH\index.php(79): CodeIgniter\CodeIgniter->run()
INFO - 2026-02-23 15:16:39 --> Session: Class initialized using 'CodeIgniter\Session\Handlers\FileHandler' driver.
WARNING - 2026-02-23 15:16:39 --> [DEPRECATED] Creation of dynamic property CodeIgniter\HTTP\IncomingRequest::$user is deprecated in APPPATH\Filters\JwtAuthWeb.php on line 32.
 1 SYSTEMPATH\Filters\Filters.php(182): App\Filters\JwtAuthWeb->before(Object(CodeIgniter\HTTP\IncomingRequest), null)
 2 SYSTEMPATH\CodeIgniter.php(475): CodeIgniter\Filters\Filters->run('import-data', 'before')
 3 SYSTEMPATH\CodeIgniter.php(361): CodeIgniter\CodeIgniter->handleRequest(null, Object(Config\Cache), false)
 4 FCPATH\index.php(79): CodeIgniter\CodeIgniter->run()
INFO - 2026-02-23 15:16:40 --> Session: Class initialized using 'CodeIgniter\Session\Handlers\FileHandler' driver.
WARNING - 2026-02-23 15:16:40 --> [DEPRECATED] Creation of dynamic property CodeIgniter\HTTP\IncomingRequest::$user is deprecated in APPPATH\Filters\JwtAuthWeb.php on line 32.
 1 SYSTEMPATH\Filters\Filters.php(182): App\Filters\JwtAuthWeb->before(Object(CodeIgniter\HTTP\IncomingRequest), null)
 2 SYSTEMPATH\CodeIgniter.php(475): CodeIgniter\Filters\Filters->run('getCaregiverData', 'before')
 3 SYSTEMPATH\CodeIgniter.php(361): CodeIgniter\CodeIgniter->handleRequest(null, Object(Config\Cache), false)
 4 FCPATH\index.php(79): CodeIgniter\CodeIgniter->run()
WARNING - 2026-02-23 15:16:40 --> [DEPRECATED] Creation of dynamic property CodeIgniter\HTTP\IncomingRequest::$user is deprecated in APPPATH\Filters\JwtAuth.php on line 47.
 1 SYSTEMPATH\Filters\Filters.php(182): App\Filters\JwtAuth->before(Object(CodeIgniter\HTTP\IncomingRequest), null)
 2 SYSTEMPATH\CodeIgniter.php(475): CodeIgniter\Filters\Filters->run('api/profile', 'before')
 3 SYSTEMPATH\CodeIgniter.php(361): CodeIgniter\CodeIgniter->handleRequest(null, Object(Config\Cache), false)
 4 FCPATH\index.php(79): CodeIgniter\CodeIgniter->run()
INFO - 2026-02-23 15:16:40 --> Session: Class initialized using 'CodeIgniter\Session\Handlers\FileHandler' driver.
WARNING - 2026-02-23 15:16:40 --> [DEPRECATED] Creation of dynamic property CodeIgniter\HTTP\IncomingRequest::$user is deprecated in APPPATH\Filters\JwtAuthWeb.php on line 32.
 1 SYSTEMPATH\Filters\Filters.php(182): App\Filters\JwtAuthWeb->before(Object(CodeIgniter\HTTP\IncomingRequest), null)
 2 SYSTEMPATH\CodeIgniter.php(475): CodeIgniter\Filters\Filters->run('fetchDataNCD', 'before')
 3 SYSTEMPATH\CodeIgniter.php(361): CodeIgniter\CodeIgniter->handleRequest(null, Object(Config\Cache), false)
 4 FCPATH\index.php(79): CodeIgniter\CodeIgniter->run()
INFO - 2026-02-23 15:16:40 --> Session: Class initialized using 'CodeIgniter\Session\Handlers\FileHandler' driver.
WARNING - 2026-02-23 15:16:40 --> [DEPRECATED] Creation of dynamic property CodeIgniter\HTTP\IncomingRequest::$user is deprecated in APPPATH\Filters\JwtAuthWeb.php on line 32.
 1 SYSTEMPATH\Filters\Filters.php(182): App\Filters\JwtAuthWeb->before(Object(CodeIgniter\HTTP\IncomingRequest), null)
 2 SYSTEMPATH\CodeIgniter.php(475): CodeIgniter\Filters\Filters->run('fetchDataPop', 'before')
 3 SYSTEMPATH\CodeIgniter.php(361): CodeIgniter\CodeIgniter->handleRequest(null, Object(Config\Cache), false)
 4 FCPATH\index.php(79): CodeIgniter\CodeIgniter->run()
INFO - 2026-02-23 15:17:06 --> Session: Class initialized using 'CodeIgniter\Session\Handlers\FileHandler' driver.
WARNING - 2026-02-23 15:17:06 --> [DEPRECATED] Creation of dynamic property CodeIgniter\HTTP\IncomingRequest::$user is deprecated in APPPATH\Filters\JwtAuthWeb.php on line 32.
 1 SYSTEMPATH\Filters\Filters.php(182): App\Filters\JwtAuthWeb->before(Object(CodeIgniter\HTTP\IncomingRequest), null)
 2 SYSTEMPATH\CodeIgniter.php(475): CodeIgniter\Filters\Filters->run('import-data', 'before')
 3 SYSTEMPATH\CodeIgniter.php(361): CodeIgniter\CodeIgniter->handleRequest(null, Object(Config\Cache), false)
 4 FCPATH\index.php(79): CodeIgniter\CodeIgniter->run()
INFO - 2026-02-23 15:17:07 --> Session: Class initialized using 'CodeIgniter\Session\Handlers\FileHandler' driver.
WARNING - 2026-02-23 15:17:07 --> [DEPRECATED] Creation of dynamic property CodeIgniter\HTTP\IncomingRequest::$user is deprecated in APPPATH\Filters\JwtAuthWeb.php on line 32.
 1 SYSTEMPATH\Filters\Filters.php(182): App\Filters\JwtAuthWeb->before(Object(CodeIgniter\HTTP\IncomingRequest), null)
 2 SYSTEMPATH\CodeIgniter.php(475): CodeIgniter\Filters\Filters->run('getCaregiverData', 'before')
 3 SYSTEMPATH\CodeIgniter.php(361): CodeIgniter\CodeIgniter->handleRequest(null, Object(Config\Cache), false)
 4 FCPATH\index.php(79): CodeIgniter\CodeIgniter->run()
INFO - 2026-02-23 15:17:07 --> Session: Class initialized using 'CodeIgniter\Session\Handlers\FileHandler' driver.
WARNING - 2026-02-23 15:17:07 --> [DEPRECATED] Creation of dynamic property CodeIgniter\HTTP\IncomingRequest::$user is deprecated in APPPATH\Filters\JwtAuth.php on line 47.
 1 SYSTEMPATH\Filters\Filters.php(182): App\Filters\JwtAuth->before(Object(CodeIgniter\HTTP\IncomingRequest), null)
 2 SYSTEMPATH\CodeIgniter.php(475): CodeIgniter\Filters\Filters->run('api/profile', 'before')
 3 SYSTEMPATH\CodeIgniter.php(361): CodeIgniter\CodeIgniter->handleRequest(null, Object(Config\Cache), false)
 4 FCPATH\index.php(79): CodeIgniter\CodeIgniter->run()
WARNING - 2026-02-23 15:17:07 --> [DEPRECATED] Creation of dynamic property CodeIgniter\HTTP\IncomingRequest::$user is deprecated in APPPATH\Filters\JwtAuthWeb.php on line 32.
 1 SYSTEMPATH\Filters\Filters.php(182): App\Filters\JwtAuthWeb->before(Object(CodeIgniter\HTTP\IncomingRequest), null)
 2 SYSTEMPATH\CodeIgniter.php(475): CodeIgniter\Filters\Filters->run('fetchDataNCD', 'before')
 3 SYSTEMPATH\CodeIgniter.php(361): CodeIgniter\CodeIgniter->handleRequest(null, Object(Config\Cache), false)
 4 FCPATH\index.php(79): CodeIgniter\CodeIgniter->run()
INFO - 2026-02-23 15:17:07 --> Session: Class initialized using 'CodeIgniter\Session\Handlers\FileHandler' driver.
WARNING - 2026-02-23 15:17:07 --> [DEPRECATED] Creation of dynamic property CodeIgniter\HTTP\IncomingRequest::$user is deprecated in APPPATH\Filters\JwtAuthWeb.php on line 32.
 1 SYSTEMPATH\Filters\Filters.php(182): App\Filters\JwtAuthWeb->before(Object(CodeIgniter\HTTP\IncomingRequest), null)
 2 SYSTEMPATH\CodeIgniter.php(475): CodeIgniter\Filters\Filters->run('fetchDataPop', 'before')
 3 SYSTEMPATH\CodeIgniter.php(361): CodeIgniter\CodeIgniter->handleRequest(null, Object(Config\Cache), false)
 4 FCPATH\index.php(79): CodeIgniter\CodeIgniter->run()
INFO - 2026-02-23 15:17:21 --> Session: Class initialized using 'CodeIgniter\Session\Handlers\FileHandler' driver.
WARNING - 2026-02-23 15:17:21 --> [DEPRECATED] Creation of dynamic property CodeIgniter\HTTP\IncomingRequest::$user is deprecated in APPPATH\Filters\JwtAuthWeb.php on line 32.
 1 SYSTEMPATH\Filters\Filters.php(182): App\Filters\JwtAuthWeb->before(Object(CodeIgniter\HTTP\IncomingRequest), null)
 2 SYSTEMPATH\CodeIgniter.php(475): CodeIgniter\Filters\Filters->run('import-data', 'before')
 3 SYSTEMPATH\CodeIgniter.php(361): CodeIgniter\CodeIgniter->handleRequest(null, Object(Config\Cache), false)
 4 FCPATH\index.php(79): CodeIgniter\CodeIgniter->run()
INFO - 2026-02-23 15:17:22 --> Session: Class initialized using 'CodeIgniter\Session\Handlers\FileHandler' driver.
WARNING - 2026-02-23 15:17:22 --> [DEPRECATED] Creation of dynamic property CodeIgniter\HTTP\IncomingRequest::$user is deprecated in APPPATH\Filters\JwtAuth.php on line 47.
 1 SYSTEMPATH\Filters\Filters.php(182): App\Filters\JwtAuth->before(Object(CodeIgniter\HTTP\IncomingRequest), null)
 2 SYSTEMPATH\CodeIgniter.php(475): CodeIgniter\Filters\Filters->run('api/profile', 'before')
 3 SYSTEMPATH\CodeIgniter.php(361): CodeIgniter\CodeIgniter->handleRequest(null, Object(Config\Cache), false)
 4 FCPATH\index.php(79): CodeIgniter\CodeIgniter->run()
WARNING - 2026-02-23 15:17:22 --> [DEPRECATED] Creation of dynamic property CodeIgniter\HTTP\IncomingRequest::$user is deprecated in APPPATH\Filters\JwtAuthWeb.php on line 32.
 1 SYSTEMPATH\Filters\Filters.php(182): App\Filters\JwtAuthWeb->before(Object(CodeIgniter\HTTP\IncomingRequest), null)
 2 SYSTEMPATH\CodeIgniter.php(475): CodeIgniter\Filters\Filters->run('fetchDataNCD', 'before')
 3 SYSTEMPATH\CodeIgniter.php(361): CodeIgniter\CodeIgniter->handleRequest(null, Object(Config\Cache), false)
 4 FCPATH\index.php(79): CodeIgniter\CodeIgniter->run()
INFO - 2026-02-23 15:17:22 --> Session: Class initialized using 'CodeIgniter\Session\Handlers\FileHandler' driver.
WARNING - 2026-02-23 15:17:22 --> [DEPRECATED] Creation of dynamic property CodeIgniter\HTTP\IncomingRequest::$user is deprecated in APPPATH\Filters\JwtAuthWeb.php on line 32.
 1 SYSTEMPATH\Filters\Filters.php(182): App\Filters\JwtAuthWeb->before(Object(CodeIgniter\HTTP\IncomingRequest), null)
 2 SYSTEMPATH\CodeIgniter.php(475): CodeIgniter\Filters\Filters->run('getCaregiverData', 'before')
 3 SYSTEMPATH\CodeIgniter.php(361): CodeIgniter\CodeIgniter->handleRequest(null, Object(Config\Cache), false)
 4 FCPATH\index.php(79): CodeIgniter\CodeIgniter->run()
INFO - 2026-02-23 15:17:22 --> Session: Class initialized using 'CodeIgniter\Session\Handlers\FileHandler' driver.
WARNING - 2026-02-23 15:17:22 --> [DEPRECATED] Creation of dynamic property CodeIgniter\HTTP\IncomingRequest::$user is deprecated in APPPATH\Filters\JwtAuthWeb.php on line 32.
 1 SYSTEMPATH\Filters\Filters.php(182): App\Filters\JwtAuthWeb->before(Object(CodeIgniter\HTTP\IncomingRequest), null)
 2 SYSTEMPATH\CodeIgniter.php(475): CodeIgniter\Filters\Filters->run('fetchDataPop', 'before')
 3 SYSTEMPATH\CodeIgniter.php(361): CodeIgniter\CodeIgniter->handleRequest(null, Object(Config\Cache), false)
 4 FCPATH\index.php(79): CodeIgniter\CodeIgniter->run()
INFO - 2026-02-23 15:18:00 --> Session: Class initialized using 'CodeIgniter\Session\Handlers\FileHandler' driver.
WARNING - 2026-02-23 15:18:00 --> [DEPRECATED] Creation of dynamic property CodeIgniter\HTTP\IncomingRequest::$user is deprecated in APPPATH\Filters\JwtAuthWeb.php on line 32.
 1 SYSTEMPATH\Filters\Filters.php(182): App\Filters\JwtAuthWeb->before(Object(CodeIgniter\HTTP\IncomingRequest), null)
 2 SYSTEMPATH\CodeIgniter.php(475): CodeIgniter\Filters\Filters->run('import-data', 'before')
 3 SYSTEMPATH\CodeIgniter.php(361): CodeIgniter\CodeIgniter->handleRequest(null, Object(Config\Cache), false)
 4 FCPATH\index.php(79): CodeIgniter\CodeIgniter->run()
INFO - 2026-02-23 15:18:00 --> Session: Class initialized using 'CodeIgniter\Session\Handlers\FileHandler' driver.
WARNING - 2026-02-23 15:18:00 --> [DEPRECATED] Creation of dynamic property CodeIgniter\HTTP\IncomingRequest::$user is deprecated in APPPATH\Filters\JwtAuth.php on line 47.
 1 SYSTEMPATH\Filters\Filters.php(182): App\Filters\JwtAuth->before(Object(CodeIgniter\HTTP\IncomingRequest), null)
 2 SYSTEMPATH\CodeIgniter.php(475): CodeIgniter\Filters\Filters->run('api/profile', 'before')
 3 SYSTEMPATH\CodeIgniter.php(361): CodeIgniter\CodeIgniter->handleRequest(null, Object(Config\Cache), false)
 4 FCPATH\index.php(79): CodeIgniter\CodeIgniter->run()
WARNING - 2026-02-23 15:18:00 --> [DEPRECATED] Creation of dynamic property CodeIgniter\HTTP\IncomingRequest::$user is deprecated in APPPATH\Filters\JwtAuthWeb.php on line 32.
 1 SYSTEMPATH\Filters\Filters.php(182): App\Filters\JwtAuthWeb->before(Object(CodeIgniter\HTTP\IncomingRequest), null)
 2 SYSTEMPATH\CodeIgniter.php(475): CodeIgniter\Filters\Filters->run('fetchDataNCD', 'before')
 3 SYSTEMPATH\CodeIgniter.php(361): CodeIgniter\CodeIgniter->handleRequest(null, Object(Config\Cache), false)
 4 FCPATH\index.php(79): CodeIgniter\CodeIgniter->run()
INFO - 2026-02-23 15:18:00 --> Session: Class initialized using 'CodeIgniter\Session\Handlers\FileHandler' driver.
WARNING - 2026-02-23 15:18:00 --> [DEPRECATED] Creation of dynamic property CodeIgniter\HTTP\IncomingRequest::$user is deprecated in APPPATH\Filters\JwtAuthWeb.php on line 32.
 1 SYSTEMPATH\Filters\Filters.php(182): App\Filters\JwtAuthWeb->before(Object(CodeIgniter\HTTP\IncomingRequest), null)
 2 SYSTEMPATH\CodeIgniter.php(475): CodeIgniter\Filters\Filters->run('getCaregiverData', 'before')
 3 SYSTEMPATH\CodeIgniter.php(361): CodeIgniter\CodeIgniter->handleRequest(null, Object(Config\Cache), false)
 4 FCPATH\index.php(79): CodeIgniter\CodeIgniter->run()
INFO - 2026-02-23 15:18:00 --> Session: Class initialized using 'CodeIgniter\Session\Handlers\FileHandler' driver.
WARNING - 2026-02-23 15:18:00 --> [DEPRECATED] Creation of dynamic property CodeIgniter\HTTP\IncomingRequest::$user is deprecated in APPPATH\Filters\JwtAuthWeb.php on line 32.
 1 SYSTEMPATH\Filters\Filters.php(182): App\Filters\JwtAuthWeb->before(Object(CodeIgniter\HTTP\IncomingRequest), null)
 2 SYSTEMPATH\CodeIgniter.php(475): CodeIgniter\Filters\Filters->run('fetchDataPop', 'before')
 3 SYSTEMPATH\CodeIgniter.php(361): CodeIgniter\CodeIgniter->handleRequest(null, Object(Config\Cache), false)
 4 FCPATH\index.php(79): CodeIgniter\CodeIgniter->run()
INFO - 2026-02-23 15:18:07 --> Session: Class initialized using 'CodeIgniter\Session\Handlers\FileHandler' driver.
WARNING - 2026-02-23 15:18:07 --> [DEPRECATED] Creation of dynamic property CodeIgniter\HTTP\IncomingRequest::$user is deprecated in APPPATH\Filters\JwtAuthWeb.php on line 32.
 1 SYSTEMPATH\Filters\Filters.php(182): App\Filters\JwtAuthWeb->before(Object(CodeIgniter\HTTP\IncomingRequest), null)
 2 SYSTEMPATH\CodeIgniter.php(475): CodeIgniter\Filters\Filters->run('import-ltc', 'before')
 3 SYSTEMPATH\CodeIgniter.php(361): CodeIgniter\CodeIgniter->handleRequest(null, Object(Config\Cache), false)
 4 FCPATH\index.php(79): CodeIgniter\CodeIgniter->run()
CRITICAL - 2026-02-23 15:18:07 --> TypeError: Unsupported operand types: string + int
in APPPATH\Controllers\ImportDataController.php on line 126.
 1 SYSTEMPATH\CodeIgniter.php(943): App\Controllers\ImportDataController->importLTCfromExcel()
 2 SYSTEMPATH\CodeIgniter.php(503): CodeIgniter\CodeIgniter->runController(Object(App\Controllers\ImportDataController))
 3 SYSTEMPATH\CodeIgniter.php(361): CodeIgniter\CodeIgniter->handleRequest(null, Object(Config\Cache), false)
 4 FCPATH\index.php(79): CodeIgniter\CodeIgniter->run()
INFO - 2026-02-23 15:19:10 --> Session: Class initialized using 'CodeIgniter\Session\Handlers\FileHandler' driver.
WARNING - 2026-02-23 15:19:10 --> [DEPRECATED] Creation of dynamic property CodeIgniter\HTTP\IncomingRequest::$user is deprecated in APPPATH\Filters\JwtAuthWeb.php on line 32.
 1 SYSTEMPATH\Filters\Filters.php(182): App\Filters\JwtAuthWeb->before(Object(CodeIgniter\HTTP\IncomingRequest), null)
 2 SYSTEMPATH\CodeIgniter.php(475): CodeIgniter\Filters\Filters->run('import-data', 'before')
 3 SYSTEMPATH\CodeIgniter.php(361): CodeIgniter\CodeIgniter->handleRequest(null, Object(Config\Cache), false)
 4 FCPATH\index.php(79): CodeIgniter\CodeIgniter->run()
INFO - 2026-02-23 15:19:11 --> Session: Class initialized using 'CodeIgniter\Session\Handlers\FileHandler' driver.
WARNING - 2026-02-23 15:19:11 --> [DEPRECATED] Creation of dynamic property CodeIgniter\HTTP\IncomingRequest::$user is deprecated in APPPATH\Filters\JwtAuthWeb.php on line 32.
 1 SYSTEMPATH\Filters\Filters.php(182): App\Filters\JwtAuthWeb->before(Object(CodeIgniter\HTTP\IncomingRequest), null)
 2 SYSTEMPATH\CodeIgniter.php(475): CodeIgniter\Filters\Filters->run('getCaregiverData', 'before')
 3 SYSTEMPATH\CodeIgniter.php(361): CodeIgniter\CodeIgniter->handleRequest(null, Object(Config\Cache), false)
 4 FCPATH\index.php(79): CodeIgniter\CodeIgniter->run()
WARNING - 2026-02-23 15:19:11 --> [DEPRECATED] Creation of dynamic property CodeIgniter\HTTP\IncomingRequest::$user is deprecated in APPPATH\Filters\JwtAuth.php on line 47.
 1 SYSTEMPATH\Filters\Filters.php(182): App\Filters\JwtAuth->before(Object(CodeIgniter\HTTP\IncomingRequest), null)
 2 SYSTEMPATH\CodeIgniter.php(475): CodeIgniter\Filters\Filters->run('api/profile', 'before')
 3 SYSTEMPATH\CodeIgniter.php(361): CodeIgniter\CodeIgniter->handleRequest(null, Object(Config\Cache), false)
 4 FCPATH\index.php(79): CodeIgniter\CodeIgniter->run()
INFO - 2026-02-23 15:19:11 --> Session: Class initialized using 'CodeIgniter\Session\Handlers\FileHandler' driver.
WARNING - 2026-02-23 15:19:11 --> [DEPRECATED] Creation of dynamic property CodeIgniter\HTTP\IncomingRequest::$user is deprecated in APPPATH\Filters\JwtAuthWeb.php on line 32.
 1 SYSTEMPATH\Filters\Filters.php(182): App\Filters\JwtAuthWeb->before(Object(CodeIgniter\HTTP\IncomingRequest), null)
 2 SYSTEMPATH\CodeIgniter.php(475): CodeIgniter\Filters\Filters->run('fetchDataNCD', 'before')
 3 SYSTEMPATH\CodeIgniter.php(361): CodeIgniter\CodeIgniter->handleRequest(null, Object(Config\Cache), false)
 4 FCPATH\index.php(79): CodeIgniter\CodeIgniter->run()
INFO - 2026-02-23 15:19:11 --> Session: Class initialized using 'CodeIgniter\Session\Handlers\FileHandler' driver.
WARNING - 2026-02-23 15:19:11 --> [DEPRECATED] Creation of dynamic property CodeIgniter\HTTP\IncomingRequest::$user is deprecated in APPPATH\Filters\JwtAuthWeb.php on line 32.
 1 SYSTEMPATH\Filters\Filters.php(182): App\Filters\JwtAuthWeb->before(Object(CodeIgniter\HTTP\IncomingRequest), null)
 2 SYSTEMPATH\CodeIgniter.php(475): CodeIgniter\Filters\Filters->run('fetchDataPop', 'before')
 3 SYSTEMPATH\CodeIgniter.php(361): CodeIgniter\CodeIgniter->handleRequest(null, Object(Config\Cache), false)
 4 FCPATH\index.php(79): CodeIgniter\CodeIgniter->run()
INFO - 2026-02-23 15:20:53 --> Session: Class initialized using 'CodeIgniter\Session\Handlers\FileHandler' driver.
WARNING - 2026-02-23 15:20:53 --> [DEPRECATED] Creation of dynamic property CodeIgniter\HTTP\IncomingRequest::$user is deprecated in APPPATH\Filters\JwtAuthWeb.php on line 32.
 1 SYSTEMPATH\Filters\Filters.php(182): App\Filters\JwtAuthWeb->before(Object(CodeIgniter\HTTP\IncomingRequest), null)
 2 SYSTEMPATH\CodeIgniter.php(475): CodeIgniter\Filters\Filters->run('import-data', 'before')
 3 SYSTEMPATH\CodeIgniter.php(361): CodeIgniter\CodeIgniter->handleRequest(null, Object(Config\Cache), false)
 4 FCPATH\index.php(79): CodeIgniter\CodeIgniter->run()
INFO - 2026-02-23 15:20:53 --> Session: Class initialized using 'CodeIgniter\Session\Handlers\FileHandler' driver.
WARNING - 2026-02-23 15:20:53 --> [DEPRECATED] Creation of dynamic property CodeIgniter\HTTP\IncomingRequest::$user is deprecated in APPPATH\Filters\JwtAuthWeb.php on line 32.
 1 SYSTEMPATH\Filters\Filters.php(182): App\Filters\JwtAuthWeb->before(Object(CodeIgniter\HTTP\IncomingRequest), null)
 2 SYSTEMPATH\CodeIgniter.php(475): CodeIgniter\Filters\Filters->run('getCaregiverData', 'before')
 3 SYSTEMPATH\CodeIgniter.php(361): CodeIgniter\CodeIgniter->handleRequest(null, Object(Config\Cache), false)
 4 FCPATH\index.php(79): CodeIgniter\CodeIgniter->run()
WARNING - 2026-02-23 15:20:53 --> [DEPRECATED] Creation of dynamic property CodeIgniter\HTTP\IncomingRequest::$user is deprecated in APPPATH\Filters\JwtAuth.php on line 47.
 1 SYSTEMPATH\Filters\Filters.php(182): App\Filters\JwtAuth->before(Object(CodeIgniter\HTTP\IncomingRequest), null)
 2 SYSTEMPATH\CodeIgniter.php(475): CodeIgniter\Filters\Filters->run('api/profile', 'before')
 3 SYSTEMPATH\CodeIgniter.php(361): CodeIgniter\CodeIgniter->handleRequest(null, Object(Config\Cache), false)
 4 FCPATH\index.php(79): CodeIgniter\CodeIgniter->run()
INFO - 2026-02-23 15:20:53 --> Session: Class initialized using 'CodeIgniter\Session\Handlers\FileHandler' driver.
WARNING - 2026-02-23 15:20:53 --> [DEPRECATED] Creation of dynamic property CodeIgniter\HTTP\IncomingRequest::$user is deprecated in APPPATH\Filters\JwtAuthWeb.php on line 32.
 1 SYSTEMPATH\Filters\Filters.php(182): App\Filters\JwtAuthWeb->before(Object(CodeIgniter\HTTP\IncomingRequest), null)
 2 SYSTEMPATH\CodeIgniter.php(475): CodeIgniter\Filters\Filters->run('fetchDataPop', 'before')
 3 SYSTEMPATH\CodeIgniter.php(361): CodeIgniter\CodeIgniter->handleRequest(null, Object(Config\Cache), false)
 4 FCPATH\index.php(79): CodeIgniter\CodeIgniter->run()
INFO - 2026-02-23 15:20:54 --> Session: Class initialized using 'CodeIgniter\Session\Handlers\FileHandler' driver.
WARNING - 2026-02-23 15:20:54 --> [DEPRECATED] Creation of dynamic property CodeIgniter\HTTP\IncomingRequest::$user is deprecated in APPPATH\Filters\JwtAuthWeb.php on line 32.
 1 SYSTEMPATH\Filters\Filters.php(182): App\Filters\JwtAuthWeb->before(Object(CodeIgniter\HTTP\IncomingRequest), null)
 2 SYSTEMPATH\CodeIgniter.php(475): CodeIgniter\Filters\Filters->run('fetchDataNCD', 'before')
 3 SYSTEMPATH\CodeIgniter.php(361): CodeIgniter\CodeIgniter->handleRequest(null, Object(Config\Cache), false)
 4 FCPATH\index.php(79): CodeIgniter\CodeIgniter->run()
INFO - 2026-02-23 15:21:30 --> Session: Class initialized using 'CodeIgniter\Session\Handlers\FileHandler' driver.
WARNING - 2026-02-23 15:21:30 --> [DEPRECATED] Creation of dynamic property CodeIgniter\HTTP\IncomingRequest::$user is deprecated in APPPATH\Filters\JwtAuthWeb.php on line 32.
 1 SYSTEMPATH\Filters\Filters.php(182): App\Filters\JwtAuthWeb->before(Object(CodeIgniter\HTTP\IncomingRequest), null)
 2 SYSTEMPATH\CodeIgniter.php(475): CodeIgniter\Filters\Filters->run('import-ltc', 'before')
 3 SYSTEMPATH\CodeIgniter.php(361): CodeIgniter\CodeIgniter->handleRequest(null, Object(Config\Cache), false)
 4 FCPATH\index.php(79): CodeIgniter\CodeIgniter->run()
INFO - 2026-02-23 15:22:26 --> Session: Class initialized using 'CodeIgniter\Session\Handlers\FileHandler' driver.
WARNING - 2026-02-23 15:22:26 --> [DEPRECATED] Creation of dynamic property CodeIgniter\HTTP\IncomingRequest::$user is deprecated in APPPATH\Filters\JwtAuthWeb.php on line 32.
 1 SYSTEMPATH\Filters\Filters.php(182): App\Filters\JwtAuthWeb->before(Object(CodeIgniter\HTTP\IncomingRequest), null)
 2 SYSTEMPATH\CodeIgniter.php(475): CodeIgniter\Filters\Filters->run('import-data', 'before')
 3 SYSTEMPATH\CodeIgniter.php(361): CodeIgniter\CodeIgniter->handleRequest(null, Object(Config\Cache), false)
 4 FCPATH\index.php(79): CodeIgniter\CodeIgniter->run()
INFO - 2026-02-23 15:22:26 --> Session: Class initialized using 'CodeIgniter\Session\Handlers\FileHandler' driver.
WARNING - 2026-02-23 15:22:26 --> [DEPRECATED] Creation of dynamic property CodeIgniter\HTTP\IncomingRequest::$user is deprecated in APPPATH\Filters\JwtAuthWeb.php on line 32.
 1 SYSTEMPATH\Filters\Filters.php(182): App\Filters\JwtAuthWeb->before(Object(CodeIgniter\HTTP\IncomingRequest), null)
 2 SYSTEMPATH\CodeIgniter.php(475): CodeIgniter\Filters\Filters->run('getCaregiverData', 'before')
 3 SYSTEMPATH\CodeIgniter.php(361): CodeIgniter\CodeIgniter->handleRequest(null, Object(Config\Cache), false)
 4 FCPATH\index.php(79): CodeIgniter\CodeIgniter->run()
WARNING - 2026-02-23 15:22:26 --> [DEPRECATED] Creation of dynamic property CodeIgniter\HTTP\IncomingRequest::$user is deprecated in APPPATH\Filters\JwtAuth.php on line 47.
 1 SYSTEMPATH\Filters\Filters.php(182): App\Filters\JwtAuth->before(Object(CodeIgniter\HTTP\IncomingRequest), null)
 2 SYSTEMPATH\CodeIgniter.php(475): CodeIgniter\Filters\Filters->run('api/profile', 'before')
 3 SYSTEMPATH\CodeIgniter.php(361): CodeIgniter\CodeIgniter->handleRequest(null, Object(Config\Cache), false)
 4 FCPATH\index.php(79): CodeIgniter\CodeIgniter->run()
INFO - 2026-02-23 15:22:26 --> Session: Class initialized using 'CodeIgniter\Session\Handlers\FileHandler' driver.
WARNING - 2026-02-23 15:22:26 --> [DEPRECATED] Creation of dynamic property CodeIgniter\HTTP\IncomingRequest::$user is deprecated in APPPATH\Filters\JwtAuthWeb.php on line 32.
 1 SYSTEMPATH\Filters\Filters.php(182): App\Filters\JwtAuthWeb->before(Object(CodeIgniter\HTTP\IncomingRequest), null)
 2 SYSTEMPATH\CodeIgniter.php(475): CodeIgniter\Filters\Filters->run('fetchDataNCD', 'before')
 3 SYSTEMPATH\CodeIgniter.php(361): CodeIgniter\CodeIgniter->handleRequest(null, Object(Config\Cache), false)
 4 FCPATH\index.php(79): CodeIgniter\CodeIgniter->run()
INFO - 2026-02-23 15:22:27 --> Session: Class initialized using 'CodeIgniter\Session\Handlers\FileHandler' driver.
WARNING - 2026-02-23 15:22:27 --> [DEPRECATED] Creation of dynamic property CodeIgniter\HTTP\IncomingRequest::$user is deprecated in APPPATH\Filters\JwtAuthWeb.php on line 32.
 1 SYSTEMPATH\Filters\Filters.php(182): App\Filters\JwtAuthWeb->before(Object(CodeIgniter\HTTP\IncomingRequest), null)
 2 SYSTEMPATH\CodeIgniter.php(475): CodeIgniter\Filters\Filters->run('fetchDataPop', 'before')
 3 SYSTEMPATH\CodeIgniter.php(361): CodeIgniter\CodeIgniter->handleRequest(null, Object(Config\Cache), false)
 4 FCPATH\index.php(79): CodeIgniter\CodeIgniter->run()
INFO - 2026-02-23 15:22:35 --> Session: Class initialized using 'CodeIgniter\Session\Handlers\FileHandler' driver.
WARNING - 2026-02-23 15:22:35 --> [DEPRECATED] Creation of dynamic property CodeIgniter\HTTP\IncomingRequest::$user is deprecated in APPPATH\Filters\JwtAuthWeb.php on line 32.
 1 SYSTEMPATH\Filters\Filters.php(182): App\Filters\JwtAuthWeb->before(Object(CodeIgniter\HTTP\IncomingRequest), null)
 2 SYSTEMPATH\CodeIgniter.php(475): CodeIgniter\Filters\Filters->run('import-data', 'before')
 3 SYSTEMPATH\CodeIgniter.php(361): CodeIgniter\CodeIgniter->handleRequest(null, Object(Config\Cache), false)
 4 FCPATH\index.php(79): CodeIgniter\CodeIgniter->run()
INFO - 2026-02-23 15:22:36 --> Session: Class initialized using 'CodeIgniter\Session\Handlers\FileHandler' driver.
WARNING - 2026-02-23 15:22:36 --> [DEPRECATED] Creation of dynamic property CodeIgniter\HTTP\IncomingRequest::$user is deprecated in APPPATH\Filters\JwtAuthWeb.php on line 32.
 1 SYSTEMPATH\Filters\Filters.php(182): App\Filters\JwtAuthWeb->before(Object(CodeIgniter\HTTP\IncomingRequest), null)
 2 SYSTEMPATH\CodeIgniter.php(475): CodeIgniter\Filters\Filters->run('getCaregiverData', 'before')
 3 SYSTEMPATH\CodeIgniter.php(361): CodeIgniter\CodeIgniter->handleRequest(null, Object(Config\Cache), false)
 4 FCPATH\index.php(79): CodeIgniter\CodeIgniter->run()
WARNING - 2026-02-23 15:22:36 --> [DEPRECATED] Creation of dynamic property CodeIgniter\HTTP\IncomingRequest::$user is deprecated in APPPATH\Filters\JwtAuth.php on line 47.
 1 SYSTEMPATH\Filters\Filters.php(182): App\Filters\JwtAuth->before(Object(CodeIgniter\HTTP\IncomingRequest), null)
 2 SYSTEMPATH\CodeIgniter.php(475): CodeIgniter\Filters\Filters->run('api/profile', 'before')
 3 SYSTEMPATH\CodeIgniter.php(361): CodeIgniter\CodeIgniter->handleRequest(null, Object(Config\Cache), false)
 4 FCPATH\index.php(79): CodeIgniter\CodeIgniter->run()
INFO - 2026-02-23 15:22:36 --> Session: Class initialized using 'CodeIgniter\Session\Handlers\FileHandler' driver.
WARNING - 2026-02-23 15:22:36 --> [DEPRECATED] Creation of dynamic property CodeIgniter\HTTP\IncomingRequest::$user is deprecated in APPPATH\Filters\JwtAuthWeb.php on line 32.
 1 SYSTEMPATH\Filters\Filters.php(182): App\Filters\JwtAuthWeb->before(Object(CodeIgniter\HTTP\IncomingRequest), null)
 2 SYSTEMPATH\CodeIgniter.php(475): CodeIgniter\Filters\Filters->run('fetchDataNCD', 'before')
 3 SYSTEMPATH\CodeIgniter.php(361): CodeIgniter\CodeIgniter->handleRequest(null, Object(Config\Cache), false)
 4 FCPATH\index.php(79): CodeIgniter\CodeIgniter->run()
INFO - 2026-02-23 15:22:36 --> Session: Class initialized using 'CodeIgniter\Session\Handlers\FileHandler' driver.
WARNING - 2026-02-23 15:22:36 --> [DEPRECATED] Creation of dynamic property CodeIgniter\HTTP\IncomingRequest::$user is deprecated in APPPATH\Filters\JwtAuthWeb.php on line 32.
 1 SYSTEMPATH\Filters\Filters.php(182): App\Filters\JwtAuthWeb->before(Object(CodeIgniter\HTTP\IncomingRequest), null)
 2 SYSTEMPATH\CodeIgniter.php(475): CodeIgniter\Filters\Filters->run('fetchDataPop', 'before')
 3 SYSTEMPATH\CodeIgniter.php(361): CodeIgniter\CodeIgniter->handleRequest(null, Object(Config\Cache), false)
 4 FCPATH\index.php(79): CodeIgniter\CodeIgniter->run()
INFO - 2026-02-23 15:22:41 --> Session: Class initialized using 'CodeIgniter\Session\Handlers\FileHandler' driver.
WARNING - 2026-02-23 15:22:41 --> [DEPRECATED] Creation of dynamic property CodeIgniter\HTTP\IncomingRequest::$user is deprecated in APPPATH\Filters\JwtAuthWeb.php on line 32.
 1 SYSTEMPATH\Filters\Filters.php(182): App\Filters\JwtAuthWeb->before(Object(CodeIgniter\HTTP\IncomingRequest), null)
 2 SYSTEMPATH\CodeIgniter.php(475): CodeIgniter\Filters\Filters->run('import-ltc', 'before')
 3 SYSTEMPATH\CodeIgniter.php(361): CodeIgniter\CodeIgniter->handleRequest(null, Object(Config\Cache), false)
 4 FCPATH\index.php(79): CodeIgniter\CodeIgniter->run()
CRITICAL - 2026-02-23 15:22:42 --> TypeError: Unsupported operand types: string + int
in APPPATH\Controllers\ImportDataController.php on line 126.
 1 SYSTEMPATH\CodeIgniter.php(943): App\Controllers\ImportDataController->importLTCfromExcel()
 2 SYSTEMPATH\CodeIgniter.php(503): CodeIgniter\CodeIgniter->runController(Object(App\Controllers\ImportDataController))
 3 SYSTEMPATH\CodeIgniter.php(361): CodeIgniter\CodeIgniter->handleRequest(null, Object(Config\Cache), false)
 4 FCPATH\index.php(79): CodeIgniter\CodeIgniter->run()
INFO - 2026-02-23 15:22:50 --> Session: Class initialized using 'CodeIgniter\Session\Handlers\FileHandler' driver.
WARNING - 2026-02-23 15:22:50 --> [DEPRECATED] Creation of dynamic property CodeIgniter\HTTP\IncomingRequest::$user is deprecated in APPPATH\Filters\JwtAuthWeb.php on line 32.
 1 SYSTEMPATH\Filters\Filters.php(182): App\Filters\JwtAuthWeb->before(Object(CodeIgniter\HTTP\IncomingRequest), null)
 2 SYSTEMPATH\CodeIgniter.php(475): CodeIgniter\Filters\Filters->run('import-ltc', 'before')
 3 SYSTEMPATH\CodeIgniter.php(361): CodeIgniter\CodeIgniter->handleRequest(null, Object(Config\Cache), false)
 4 FCPATH\index.php(79): CodeIgniter\CodeIgniter->run()
WARNING - 2026-02-23 15:22:51 --> [DEPRECATED] explode(): Passing null to parameter #2 ($string) of type string is deprecated in APPPATH\Controllers\ImportDataController.php on line 79.
 1 APPPATH\Controllers\ImportDataController.php(79): explode('.', null)
 2 SYSTEMPATH\CodeIgniter.php(943): App\Controllers\ImportDataController->importLTCfromExcel()
 3 SYSTEMPATH\CodeIgniter.php(503): CodeIgniter\CodeIgniter->runController(Object(App\Controllers\ImportDataController))
 4 SYSTEMPATH\CodeIgniter.php(361): CodeIgniter\CodeIgniter->handleRequest(null, Object(Config\Cache), false)
 5 FCPATH\index.php(79): CodeIgniter\CodeIgniter->run()
CRITICAL - 2026-02-23 15:22:51 --> TypeError: PhpOffice\PhpSpreadsheet\Reader\BaseReader::load(): Argument #1 ($filename) must be of type string, null given, called in D:\xampp6\htdocs\project-jwt\app\Controllers\ImportDataController.php on line 86
in VENDORPATH\phpoffice\phpspreadsheet\src\PhpSpreadsheet\Reader\BaseReader.php on line 244.
 1 APPPATH\Controllers\ImportDataController.php(86): PhpOffice\PhpSpreadsheet\Reader\BaseReader->load(null)
 2 SYSTEMPATH\CodeIgniter.php(943): App\Controllers\ImportDataController->importLTCfromExcel()
 3 SYSTEMPATH\CodeIgniter.php(503): CodeIgniter\CodeIgniter->runController(Object(App\Controllers\ImportDataController))
 4 SYSTEMPATH\CodeIgniter.php(361): CodeIgniter\CodeIgniter->handleRequest(null, Object(Config\Cache), false)
 5 FCPATH\index.php(79): CodeIgniter\CodeIgniter->run()
INFO - 2026-02-23 15:26:25 --> Session: Class initialized using 'CodeIgniter\Session\Handlers\FileHandler' driver.
WARNING - 2026-02-23 15:26:25 --> [DEPRECATED] Creation of dynamic property CodeIgniter\HTTP\IncomingRequest::$user is deprecated in APPPATH\Filters\JwtAuthWeb.php on line 32.
 1 SYSTEMPATH\Filters\Filters.php(182): App\Filters\JwtAuthWeb->before(Object(CodeIgniter\HTTP\IncomingRequest), null)
 2 SYSTEMPATH\CodeIgniter.php(475): CodeIgniter\Filters\Filters->run('import-data', 'before')
 3 SYSTEMPATH\CodeIgniter.php(361): CodeIgniter\CodeIgniter->handleRequest(null, Object(Config\Cache), false)
 4 FCPATH\index.php(79): CodeIgniter\CodeIgniter->run()
INFO - 2026-02-23 15:26:26 --> Session: Class initialized using 'CodeIgniter\Session\Handlers\FileHandler' driver.
WARNING - 2026-02-23 15:26:26 --> [DEPRECATED] Creation of dynamic property CodeIgniter\HTTP\IncomingRequest::$user is deprecated in APPPATH\Filters\JwtAuthWeb.php on line 32.
 1 SYSTEMPATH\Filters\Filters.php(182): App\Filters\JwtAuthWeb->before(Object(CodeIgniter\HTTP\IncomingRequest), null)
 2 SYSTEMPATH\CodeIgniter.php(475): CodeIgniter\Filters\Filters->run('getCaregiverData', 'before')
 3 SYSTEMPATH\CodeIgniter.php(361): CodeIgniter\CodeIgniter->handleRequest(null, Object(Config\Cache), false)
 4 FCPATH\index.php(79): CodeIgniter\CodeIgniter->run()
WARNING - 2026-02-23 15:26:26 --> [DEPRECATED] Creation of dynamic property CodeIgniter\HTTP\IncomingRequest::$user is deprecated in APPPATH\Filters\JwtAuth.php on line 47.
 1 SYSTEMPATH\Filters\Filters.php(182): App\Filters\JwtAuth->before(Object(CodeIgniter\HTTP\IncomingRequest), null)
 2 SYSTEMPATH\CodeIgniter.php(475): CodeIgniter\Filters\Filters->run('api/profile', 'before')
 3 SYSTEMPATH\CodeIgniter.php(361): CodeIgniter\CodeIgniter->handleRequest(null, Object(Config\Cache), false)
 4 FCPATH\index.php(79): CodeIgniter\CodeIgniter->run()
INFO - 2026-02-23 15:26:26 --> Session: Class initialized using 'CodeIgniter\Session\Handlers\FileHandler' driver.
WARNING - 2026-02-23 15:26:26 --> [DEPRECATED] Creation of dynamic property CodeIgniter\HTTP\IncomingRequest::$user is deprecated in APPPATH\Filters\JwtAuthWeb.php on line 32.
 1 SYSTEMPATH\Filters\Filters.php(182): App\Filters\JwtAuthWeb->before(Object(CodeIgniter\HTTP\IncomingRequest), null)
 2 SYSTEMPATH\CodeIgniter.php(475): CodeIgniter\Filters\Filters->run('fetchDataNCD', 'before')
 3 SYSTEMPATH\CodeIgniter.php(361): CodeIgniter\CodeIgniter->handleRequest(null, Object(Config\Cache), false)
 4 FCPATH\index.php(79): CodeIgniter\CodeIgniter->run()
INFO - 2026-02-23 15:26:26 --> Session: Class initialized using 'CodeIgniter\Session\Handlers\FileHandler' driver.
WARNING - 2026-02-23 15:26:26 --> [DEPRECATED] Creation of dynamic property CodeIgniter\HTTP\IncomingRequest::$user is deprecated in APPPATH\Filters\JwtAuthWeb.php on line 32.
 1 SYSTEMPATH\Filters\Filters.php(182): App\Filters\JwtAuthWeb->before(Object(CodeIgniter\HTTP\IncomingRequest), null)
 2 SYSTEMPATH\CodeIgniter.php(475): CodeIgniter\Filters\Filters->run('fetchDataPop', 'before')
 3 SYSTEMPATH\CodeIgniter.php(361): CodeIgniter\CodeIgniter->handleRequest(null, Object(Config\Cache), false)
 4 FCPATH\index.php(79): CodeIgniter\CodeIgniter->run()
INFO - 2026-02-23 15:26:31 --> Session: Class initialized using 'CodeIgniter\Session\Handlers\FileHandler' driver.
WARNING - 2026-02-23 15:26:31 --> [DEPRECATED] Creation of dynamic property CodeIgniter\HTTP\IncomingRequest::$user is deprecated in APPPATH\Filters\JwtAuthWeb.php on line 32.
 1 SYSTEMPATH\Filters\Filters.php(182): App\Filters\JwtAuthWeb->before(Object(CodeIgniter\HTTP\IncomingRequest), null)
 2 SYSTEMPATH\CodeIgniter.php(475): CodeIgniter\Filters\Filters->run('import-ltc', 'before')
 3 SYSTEMPATH\CodeIgniter.php(361): CodeIgniter\CodeIgniter->handleRequest(null, Object(Config\Cache), false)
 4 FCPATH\index.php(79): CodeIgniter\CodeIgniter->run()
INFO - 2026-02-23 15:26:48 --> Session: Class initialized using 'CodeIgniter\Session\Handlers\FileHandler' driver.
WARNING - 2026-02-23 15:26:48 --> [DEPRECATED] Creation of dynamic property CodeIgniter\HTTP\IncomingRequest::$user is deprecated in APPPATH\Filters\JwtAuthWeb.php on line 32.
 1 SYSTEMPATH\Filters\Filters.php(182): App\Filters\JwtAuthWeb->before(Object(CodeIgniter\HTTP\IncomingRequest), null)
 2 SYSTEMPATH\CodeIgniter.php(475): CodeIgniter\Filters\Filters->run('import-ltc', 'before')
 3 SYSTEMPATH\CodeIgniter.php(361): CodeIgniter\CodeIgniter->handleRequest(null, Object(Config\Cache), false)
 4 FCPATH\index.php(79): CodeIgniter\CodeIgniter->run()
CRITICAL - 2026-02-23 15:26:48 --> TypeError: Unsupported operand types: string + int
in APPPATH\Controllers\ImportDataController.php on line 126.
 1 SYSTEMPATH\CodeIgniter.php(943): App\Controllers\ImportDataController->importLTCfromExcel()
 2 SYSTEMPATH\CodeIgniter.php(503): CodeIgniter\CodeIgniter->runController(Object(App\Controllers\ImportDataController))
 3 SYSTEMPATH\CodeIgniter.php(361): CodeIgniter\CodeIgniter->handleRequest(null, Object(Config\Cache), false)
 4 FCPATH\index.php(79): CodeIgniter\CodeIgniter->run()
INFO - 2026-02-23 15:27:10 --> Session: Class initialized using 'CodeIgniter\Session\Handlers\FileHandler' driver.
WARNING - 2026-02-23 15:27:10 --> [DEPRECATED] Creation of dynamic property CodeIgniter\HTTP\IncomingRequest::$user is deprecated in APPPATH\Filters\JwtAuthWeb.php on line 32.
 1 SYSTEMPATH\Filters\Filters.php(182): App\Filters\JwtAuthWeb->before(Object(CodeIgniter\HTTP\IncomingRequest), null)
 2 SYSTEMPATH\CodeIgniter.php(475): CodeIgniter\Filters\Filters->run('import-ltc', 'before')
 3 SYSTEMPATH\CodeIgniter.php(361): CodeIgniter\CodeIgniter->handleRequest(null, Object(Config\Cache), false)
 4 FCPATH\index.php(79): CodeIgniter\CodeIgniter->run()
WARNING - 2026-02-23 15:27:10 --> [DEPRECATED] explode(): Passing null to parameter #2 ($string) of type string is deprecated in APPPATH\Controllers\ImportDataController.php on line 79.
 1 APPPATH\Controllers\ImportDataController.php(79): explode('.', null)
 2 SYSTEMPATH\CodeIgniter.php(943): App\Controllers\ImportDataController->importLTCfromExcel()
 3 SYSTEMPATH\CodeIgniter.php(503): CodeIgniter\CodeIgniter->runController(Object(App\Controllers\ImportDataController))
 4 SYSTEMPATH\CodeIgniter.php(361): CodeIgniter\CodeIgniter->handleRequest(null, Object(Config\Cache), false)
 5 FCPATH\index.php(79): CodeIgniter\CodeIgniter->run()
CRITICAL - 2026-02-23 15:27:10 --> TypeError: PhpOffice\PhpSpreadsheet\Reader\BaseReader::load(): Argument #1 ($filename) must be of type string, null given, called in D:\xampp6\htdocs\project-jwt\app\Controllers\ImportDataController.php on line 86
in VENDORPATH\phpoffice\phpspreadsheet\src\PhpSpreadsheet\Reader\BaseReader.php on line 244.
 1 APPPATH\Controllers\ImportDataController.php(86): PhpOffice\PhpSpreadsheet\Reader\BaseReader->load(null)
 2 SYSTEMPATH\CodeIgniter.php(943): App\Controllers\ImportDataController->importLTCfromExcel()
 3 SYSTEMPATH\CodeIgniter.php(503): CodeIgniter\CodeIgniter->runController(Object(App\Controllers\ImportDataController))
 4 SYSTEMPATH\CodeIgniter.php(361): CodeIgniter\CodeIgniter->handleRequest(null, Object(Config\Cache), false)
 5 FCPATH\index.php(79): CodeIgniter\CodeIgniter->run()
INFO - 2026-02-23 15:28:50 --> Session: Class initialized using 'CodeIgniter\Session\Handlers\FileHandler' driver.
WARNING - 2026-02-23 15:28:50 --> [DEPRECATED] Creation of dynamic property CodeIgniter\HTTP\IncomingRequest::$user is deprecated in APPPATH\Filters\JwtAuthWeb.php on line 32.
 1 SYSTEMPATH\Filters\Filters.php(182): App\Filters\JwtAuthWeb->before(Object(CodeIgniter\HTTP\IncomingRequest), null)
 2 SYSTEMPATH\CodeIgniter.php(475): CodeIgniter\Filters\Filters->run('import-data', 'before')
 3 SYSTEMPATH\CodeIgniter.php(361): CodeIgniter\CodeIgniter->handleRequest(null, Object(Config\Cache), false)
 4 FCPATH\index.php(79): CodeIgniter\CodeIgniter->run()
INFO - 2026-02-23 15:28:51 --> Session: Class initialized using 'CodeIgniter\Session\Handlers\FileHandler' driver.
WARNING - 2026-02-23 15:28:51 --> [DEPRECATED] Creation of dynamic property CodeIgniter\HTTP\IncomingRequest::$user is deprecated in APPPATH\Filters\JwtAuthWeb.php on line 32.
 1 SYSTEMPATH\Filters\Filters.php(182): App\Filters\JwtAuthWeb->before(Object(CodeIgniter\HTTP\IncomingRequest), null)
 2 SYSTEMPATH\CodeIgniter.php(475): CodeIgniter\Filters\Filters->run('getCaregiverData', 'before')
 3 SYSTEMPATH\CodeIgniter.php(361): CodeIgniter\CodeIgniter->handleRequest(null, Object(Config\Cache), false)
 4 FCPATH\index.php(79): CodeIgniter\CodeIgniter->run()
WARNING - 2026-02-23 15:28:51 --> [DEPRECATED] Creation of dynamic property CodeIgniter\HTTP\IncomingRequest::$user is deprecated in APPPATH\Filters\JwtAuth.php on line 47.
 1 SYSTEMPATH\Filters\Filters.php(182): App\Filters\JwtAuth->before(Object(CodeIgniter\HTTP\IncomingRequest), null)
 2 SYSTEMPATH\CodeIgniter.php(475): CodeIgniter\Filters\Filters->run('api/profile', 'before')
 3 SYSTEMPATH\CodeIgniter.php(361): CodeIgniter\CodeIgniter->handleRequest(null, Object(Config\Cache), false)
 4 FCPATH\index.php(79): CodeIgniter\CodeIgniter->run()
INFO - 2026-02-23 15:28:51 --> Session: Class initialized using 'CodeIgniter\Session\Handlers\FileHandler' driver.
WARNING - 2026-02-23 15:28:51 --> [DEPRECATED] Creation of dynamic property CodeIgniter\HTTP\IncomingRequest::$user is deprecated in APPPATH\Filters\JwtAuthWeb.php on line 32.
 1 SYSTEMPATH\Filters\Filters.php(182): App\Filters\JwtAuthWeb->before(Object(CodeIgniter\HTTP\IncomingRequest), null)
 2 SYSTEMPATH\CodeIgniter.php(475): CodeIgniter\Filters\Filters->run('fetchDataNCD', 'before')
 3 SYSTEMPATH\CodeIgniter.php(361): CodeIgniter\CodeIgniter->handleRequest(null, Object(Config\Cache), false)
 4 FCPATH\index.php(79): CodeIgniter\CodeIgniter->run()
INFO - 2026-02-23 15:28:51 --> Session: Class initialized using 'CodeIgniter\Session\Handlers\FileHandler' driver.
WARNING - 2026-02-23 15:28:51 --> [DEPRECATED] Creation of dynamic property CodeIgniter\HTTP\IncomingRequest::$user is deprecated in APPPATH\Filters\JwtAuthWeb.php on line 32.
 1 SYSTEMPATH\Filters\Filters.php(182): App\Filters\JwtAuthWeb->before(Object(CodeIgniter\HTTP\IncomingRequest), null)
 2 SYSTEMPATH\CodeIgniter.php(475): CodeIgniter\Filters\Filters->run('fetchDataPop', 'before')
 3 SYSTEMPATH\CodeIgniter.php(361): CodeIgniter\CodeIgniter->handleRequest(null, Object(Config\Cache), false)
 4 FCPATH\index.php(79): CodeIgniter\CodeIgniter->run()
INFO - 2026-02-23 15:28:56 --> Session: Class initialized using 'CodeIgniter\Session\Handlers\FileHandler' driver.
WARNING - 2026-02-23 15:28:56 --> [DEPRECATED] Creation of dynamic property CodeIgniter\HTTP\IncomingRequest::$user is deprecated in APPPATH\Filters\JwtAuthWeb.php on line 32.
 1 SYSTEMPATH\Filters\Filters.php(182): App\Filters\JwtAuthWeb->before(Object(CodeIgniter\HTTP\IncomingRequest), null)
 2 SYSTEMPATH\CodeIgniter.php(475): CodeIgniter\Filters\Filters->run('import-ltc', 'before')
 3 SYSTEMPATH\CodeIgniter.php(361): CodeIgniter\CodeIgniter->handleRequest(null, Object(Config\Cache), false)
 4 FCPATH\index.php(79): CodeIgniter\CodeIgniter->run()
CRITICAL - 2026-02-23 15:28:56 --> TypeError: Unsupported operand types: string + int
in APPPATH\Controllers\ImportDataController.php on line 126.
 1 SYSTEMPATH\CodeIgniter.php(943): App\Controllers\ImportDataController->importLTCfromExcel()
 2 SYSTEMPATH\CodeIgniter.php(503): CodeIgniter\CodeIgniter->runController(Object(App\Controllers\ImportDataController))
 3 SYSTEMPATH\CodeIgniter.php(361): CodeIgniter\CodeIgniter->handleRequest(null, Object(Config\Cache), false)
 4 FCPATH\index.php(79): CodeIgniter\CodeIgniter->run()
INFO - 2026-02-23 15:32:27 --> Session: Class initialized using 'CodeIgniter\Session\Handlers\FileHandler' driver.
WARNING - 2026-02-23 15:32:27 --> [DEPRECATED] Creation of dynamic property CodeIgniter\HTTP\IncomingRequest::$user is deprecated in APPPATH\Filters\JwtAuthWeb.php on line 32.
 1 SYSTEMPATH\Filters\Filters.php(182): App\Filters\JwtAuthWeb->before(Object(CodeIgniter\HTTP\IncomingRequest), null)
 2 SYSTEMPATH\CodeIgniter.php(475): CodeIgniter\Filters\Filters->run('import-data', 'before')
 3 SYSTEMPATH\CodeIgniter.php(361): CodeIgniter\CodeIgniter->handleRequest(null, Object(Config\Cache), false)
 4 FCPATH\index.php(79): CodeIgniter\CodeIgniter->run()
INFO - 2026-02-23 15:32:28 --> Session: Class initialized using 'CodeIgniter\Session\Handlers\FileHandler' driver.
WARNING - 2026-02-23 15:32:28 --> [DEPRECATED] Creation of dynamic property CodeIgniter\HTTP\IncomingRequest::$user is deprecated in APPPATH\Filters\JwtAuthWeb.php on line 32.
 1 SYSTEMPATH\Filters\Filters.php(182): App\Filters\JwtAuthWeb->before(Object(CodeIgniter\HTTP\IncomingRequest), null)
 2 SYSTEMPATH\CodeIgniter.php(475): CodeIgniter\Filters\Filters->run('getCaregiverData', 'before')
 3 SYSTEMPATH\CodeIgniter.php(361): CodeIgniter\CodeIgniter->handleRequest(null, Object(Config\Cache), false)
 4 FCPATH\index.php(79): CodeIgniter\CodeIgniter->run()
WARNING - 2026-02-23 15:32:28 --> [DEPRECATED] Creation of dynamic property CodeIgniter\HTTP\IncomingRequest::$user is deprecated in APPPATH\Filters\JwtAuth.php on line 47.
 1 SYSTEMPATH\Filters\Filters.php(182): App\Filters\JwtAuth->before(Object(CodeIgniter\HTTP\IncomingRequest), null)
 2 SYSTEMPATH\CodeIgniter.php(475): CodeIgniter\Filters\Filters->run('api/profile', 'before')
 3 SYSTEMPATH\CodeIgniter.php(361): CodeIgniter\CodeIgniter->handleRequest(null, Object(Config\Cache), false)
 4 FCPATH\index.php(79): CodeIgniter\CodeIgniter->run()
INFO - 2026-02-23 15:32:28 --> Session: Class initialized using 'CodeIgniter\Session\Handlers\FileHandler' driver.
WARNING - 2026-02-23 15:32:28 --> [DEPRECATED] Creation of dynamic property CodeIgniter\HTTP\IncomingRequest::$user is deprecated in APPPATH\Filters\JwtAuthWeb.php on line 32.
 1 SYSTEMPATH\Filters\Filters.php(182): App\Filters\JwtAuthWeb->before(Object(CodeIgniter\HTTP\IncomingRequest), null)
 2 SYSTEMPATH\CodeIgniter.php(475): CodeIgniter\Filters\Filters->run('fetchDataNCD', 'before')
 3 SYSTEMPATH\CodeIgniter.php(361): CodeIgniter\CodeIgniter->handleRequest(null, Object(Config\Cache), false)
 4 FCPATH\index.php(79): CodeIgniter\CodeIgniter->run()
INFO - 2026-02-23 15:32:28 --> Session: Class initialized using 'CodeIgniter\Session\Handlers\FileHandler' driver.
WARNING - 2026-02-23 15:32:28 --> [DEPRECATED] Creation of dynamic property CodeIgniter\HTTP\IncomingRequest::$user is deprecated in APPPATH\Filters\JwtAuthWeb.php on line 32.
 1 SYSTEMPATH\Filters\Filters.php(182): App\Filters\JwtAuthWeb->before(Object(CodeIgniter\HTTP\IncomingRequest), null)
 2 SYSTEMPATH\CodeIgniter.php(475): CodeIgniter\Filters\Filters->run('fetchDataPop', 'before')
 3 SYSTEMPATH\CodeIgniter.php(361): CodeIgniter\CodeIgniter->handleRequest(null, Object(Config\Cache), false)
 4 FCPATH\index.php(79): CodeIgniter\CodeIgniter->run()
INFO - 2026-02-23 15:32:42 --> Session: Class initialized using 'CodeIgniter\Session\Handlers\FileHandler' driver.
WARNING - 2026-02-23 15:32:42 --> [DEPRECATED] Creation of dynamic property CodeIgniter\HTTP\IncomingRequest::$user is deprecated in APPPATH\Filters\JwtAuthWeb.php on line 32.
 1 SYSTEMPATH\Filters\Filters.php(182): App\Filters\JwtAuthWeb->before(Object(CodeIgniter\HTTP\IncomingRequest), null)
 2 SYSTEMPATH\CodeIgniter.php(475): CodeIgniter\Filters\Filters->run('import-data', 'before')
 3 SYSTEMPATH\CodeIgniter.php(361): CodeIgniter\CodeIgniter->handleRequest(null, Object(Config\Cache), false)
 4 FCPATH\index.php(79): CodeIgniter\CodeIgniter->run()
INFO - 2026-02-23 15:32:42 --> Session: Class initialized using 'CodeIgniter\Session\Handlers\FileHandler' driver.
WARNING - 2026-02-23 15:32:42 --> [DEPRECATED] Creation of dynamic property CodeIgniter\HTTP\IncomingRequest::$user is deprecated in APPPATH\Filters\JwtAuthWeb.php on line 32.
 1 SYSTEMPATH\Filters\Filters.php(182): App\Filters\JwtAuthWeb->before(Object(CodeIgniter\HTTP\IncomingRequest), null)
 2 SYSTEMPATH\CodeIgniter.php(475): CodeIgniter\Filters\Filters->run('getCaregiverData', 'before')
 3 SYSTEMPATH\CodeIgniter.php(361): CodeIgniter\CodeIgniter->handleRequest(null, Object(Config\Cache), false)
 4 FCPATH\index.php(79): CodeIgniter\CodeIgniter->run()
WARNING - 2026-02-23 15:32:42 --> [DEPRECATED] Creation of dynamic property CodeIgniter\HTTP\IncomingRequest::$user is deprecated in APPPATH\Filters\JwtAuth.php on line 47.
 1 SYSTEMPATH\Filters\Filters.php(182): App\Filters\JwtAuth->before(Object(CodeIgniter\HTTP\IncomingRequest), null)
 2 SYSTEMPATH\CodeIgniter.php(475): CodeIgniter\Filters\Filters->run('api/profile', 'before')
 3 SYSTEMPATH\CodeIgniter.php(361): CodeIgniter\CodeIgniter->handleRequest(null, Object(Config\Cache), false)
 4 FCPATH\index.php(79): CodeIgniter\CodeIgniter->run()
INFO - 2026-02-23 15:32:42 --> Session: Class initialized using 'CodeIgniter\Session\Handlers\FileHandler' driver.
WARNING - 2026-02-23 15:32:42 --> [DEPRECATED] Creation of dynamic property CodeIgniter\HTTP\IncomingRequest::$user is deprecated in APPPATH\Filters\JwtAuthWeb.php on line 32.
 1 SYSTEMPATH\Filters\Filters.php(182): App\Filters\JwtAuthWeb->before(Object(CodeIgniter\HTTP\IncomingRequest), null)
 2 SYSTEMPATH\CodeIgniter.php(475): CodeIgniter\Filters\Filters->run('fetchDataNCD', 'before')
 3 SYSTEMPATH\CodeIgniter.php(361): CodeIgniter\CodeIgniter->handleRequest(null, Object(Config\Cache), false)
 4 FCPATH\index.php(79): CodeIgniter\CodeIgniter->run()
INFO - 2026-02-23 15:32:43 --> Session: Class initialized using 'CodeIgniter\Session\Handlers\FileHandler' driver.
WARNING - 2026-02-23 15:32:43 --> [DEPRECATED] Creation of dynamic property CodeIgniter\HTTP\IncomingRequest::$user is deprecated in APPPATH\Filters\JwtAuthWeb.php on line 32.
 1 SYSTEMPATH\Filters\Filters.php(182): App\Filters\JwtAuthWeb->before(Object(CodeIgniter\HTTP\IncomingRequest), null)
 2 SYSTEMPATH\CodeIgniter.php(475): CodeIgniter\Filters\Filters->run('fetchDataPop', 'before')
 3 SYSTEMPATH\CodeIgniter.php(361): CodeIgniter\CodeIgniter->handleRequest(null, Object(Config\Cache), false)
 4 FCPATH\index.php(79): CodeIgniter\CodeIgniter->run()
INFO - 2026-02-23 15:32:49 --> Session: Class initialized using 'CodeIgniter\Session\Handlers\FileHandler' driver.
WARNING - 2026-02-23 15:32:49 --> [DEPRECATED] Creation of dynamic property CodeIgniter\HTTP\IncomingRequest::$user is deprecated in APPPATH\Filters\JwtAuthWeb.php on line 32.
 1 SYSTEMPATH\Filters\Filters.php(182): App\Filters\JwtAuthWeb->before(Object(CodeIgniter\HTTP\IncomingRequest), null)
 2 SYSTEMPATH\CodeIgniter.php(475): CodeIgniter\Filters\Filters->run('import-ltc', 'before')
 3 SYSTEMPATH\CodeIgniter.php(361): CodeIgniter\CodeIgniter->handleRequest(null, Object(Config\Cache), false)
 4 FCPATH\index.php(79): CodeIgniter\CodeIgniter->run()
CRITICAL - 2026-02-23 15:32:50 --> TypeError: Unsupported operand types: string + int
in APPPATH\Controllers\ImportDataController.php on line 127.
 1 SYSTEMPATH\CodeIgniter.php(943): App\Controllers\ImportDataController->importLTCfromExcel()
 2 SYSTEMPATH\CodeIgniter.php(503): CodeIgniter\CodeIgniter->runController(Object(App\Controllers\ImportDataController))
 3 SYSTEMPATH\CodeIgniter.php(361): CodeIgniter\CodeIgniter->handleRequest(null, Object(Config\Cache), false)
 4 FCPATH\index.php(79): CodeIgniter\CodeIgniter->run()
INFO - 2026-02-23 15:33:07 --> Session: Class initialized using 'CodeIgniter\Session\Handlers\FileHandler' driver.
WARNING - 2026-02-23 15:33:07 --> [DEPRECATED] Creation of dynamic property CodeIgniter\HTTP\IncomingRequest::$user is deprecated in APPPATH\Filters\JwtAuthWeb.php on line 32.
 1 SYSTEMPATH\Filters\Filters.php(182): App\Filters\JwtAuthWeb->before(Object(CodeIgniter\HTTP\IncomingRequest), null)
 2 SYSTEMPATH\CodeIgniter.php(475): CodeIgniter\Filters\Filters->run('import-ltc', 'before')
 3 SYSTEMPATH\CodeIgniter.php(361): CodeIgniter\CodeIgniter->handleRequest(null, Object(Config\Cache), false)
 4 FCPATH\index.php(79): CodeIgniter\CodeIgniter->run()
WARNING - 2026-02-23 15:33:07 --> [DEPRECATED] explode(): Passing null to parameter #2 ($string) of type string is deprecated in APPPATH\Controllers\ImportDataController.php on line 79.
 1 APPPATH\Controllers\ImportDataController.php(79): explode('.', null)
 2 SYSTEMPATH\CodeIgniter.php(943): App\Controllers\ImportDataController->importLTCfromExcel()
 3 SYSTEMPATH\CodeIgniter.php(503): CodeIgniter\CodeIgniter->runController(Object(App\Controllers\ImportDataController))
 4 SYSTEMPATH\CodeIgniter.php(361): CodeIgniter\CodeIgniter->handleRequest(null, Object(Config\Cache), false)
 5 FCPATH\index.php(79): CodeIgniter\CodeIgniter->run()
CRITICAL - 2026-02-23 15:33:07 --> Error: Call to a member function getTempName() on null
in APPPATH\Controllers\ImportDataController.php on line 86.
 1 SYSTEMPATH\CodeIgniter.php(943): App\Controllers\ImportDataController->importLTCfromExcel()
 2 SYSTEMPATH\CodeIgniter.php(503): CodeIgniter\CodeIgniter->runController(Object(App\Controllers\ImportDataController))
 3 SYSTEMPATH\CodeIgniter.php(361): CodeIgniter\CodeIgniter->handleRequest(null, Object(Config\Cache), false)
 4 FCPATH\index.php(79): CodeIgniter\CodeIgniter->run()
INFO - 2026-02-23 15:36:35 --> Session: Class initialized using 'CodeIgniter\Session\Handlers\FileHandler' driver.
WARNING - 2026-02-23 15:36:35 --> [DEPRECATED] Creation of dynamic property CodeIgniter\HTTP\IncomingRequest::$user is deprecated in APPPATH\Filters\JwtAuthWeb.php on line 32.
 1 SYSTEMPATH\Filters\Filters.php(182): App\Filters\JwtAuthWeb->before(Object(CodeIgniter\HTTP\IncomingRequest), null)
 2 SYSTEMPATH\CodeIgniter.php(475): CodeIgniter\Filters\Filters->run('import-data', 'before')
 3 SYSTEMPATH\CodeIgniter.php(361): CodeIgniter\CodeIgniter->handleRequest(null, Object(Config\Cache), false)
 4 FCPATH\index.php(79): CodeIgniter\CodeIgniter->run()
INFO - 2026-02-23 15:36:36 --> Session: Class initialized using 'CodeIgniter\Session\Handlers\FileHandler' driver.
WARNING - 2026-02-23 15:36:36 --> [DEPRECATED] Creation of dynamic property CodeIgniter\HTTP\IncomingRequest::$user is deprecated in APPPATH\Filters\JwtAuthWeb.php on line 32.
 1 SYSTEMPATH\Filters\Filters.php(182): App\Filters\JwtAuthWeb->before(Object(CodeIgniter\HTTP\IncomingRequest), null)
 2 SYSTEMPATH\CodeIgniter.php(475): CodeIgniter\Filters\Filters->run('fetchData', 'before')
 3 SYSTEMPATH\CodeIgniter.php(361): CodeIgniter\CodeIgniter->handleRequest(null, Object(Config\Cache), false)
 4 FCPATH\index.php(79): CodeIgniter\CodeIgniter->run()
WARNING - 2026-02-23 15:36:36 --> [DEPRECATED] Creation of dynamic property CodeIgniter\HTTP\IncomingRequest::$user is deprecated in APPPATH\Filters\JwtAuth.php on line 47.
 1 SYSTEMPATH\Filters\Filters.php(182): App\Filters\JwtAuth->before(Object(CodeIgniter\HTTP\IncomingRequest), null)
 2 SYSTEMPATH\CodeIgniter.php(475): CodeIgniter\Filters\Filters->run('api/profile', 'before')
 3 SYSTEMPATH\CodeIgniter.php(361): CodeIgniter\CodeIgniter->handleRequest(null, Object(Config\Cache), false)
 4 FCPATH\index.php(79): CodeIgniter\CodeIgniter->run()
INFO - 2026-02-23 15:36:37 --> Session: Class initialized using 'CodeIgniter\Session\Handlers\FileHandler' driver.
WARNING - 2026-02-23 15:36:37 --> [DEPRECATED] Creation of dynamic property CodeIgniter\HTTP\IncomingRequest::$user is deprecated in APPPATH\Filters\JwtAuthWeb.php on line 32.
 1 SYSTEMPATH\Filters\Filters.php(182): App\Filters\JwtAuthWeb->before(Object(CodeIgniter\HTTP\IncomingRequest), null)
 2 SYSTEMPATH\CodeIgniter.php(475): CodeIgniter\Filters\Filters->run('getCaregiverData', 'before')
 3 SYSTEMPATH\CodeIgniter.php(361): CodeIgniter\CodeIgniter->handleRequest(null, Object(Config\Cache), false)
 4 FCPATH\index.php(79): CodeIgniter\CodeIgniter->run()
INFO - 2026-02-23 15:36:37 --> Session: Class initialized using 'CodeIgniter\Session\Handlers\FileHandler' driver.
WARNING - 2026-02-23 15:36:37 --> [DEPRECATED] Creation of dynamic property CodeIgniter\HTTP\IncomingRequest::$user is deprecated in APPPATH\Filters\JwtAuthWeb.php on line 32.
 1 SYSTEMPATH\Filters\Filters.php(182): App\Filters\JwtAuthWeb->before(Object(CodeIgniter\HTTP\IncomingRequest), null)
 2 SYSTEMPATH\CodeIgniter.php(475): CodeIgniter\Filters\Filters->run('fetchDataNCD', 'before')
 3 SYSTEMPATH\CodeIgniter.php(361): CodeIgniter\CodeIgniter->handleRequest(null, Object(Config\Cache), false)
 4 FCPATH\index.php(79): CodeIgniter\CodeIgniter->run()
INFO - 2026-02-23 15:36:37 --> Session: Class initialized using 'CodeIgniter\Session\Handlers\FileHandler' driver.
WARNING - 2026-02-23 15:36:37 --> [DEPRECATED] Creation of dynamic property CodeIgniter\HTTP\IncomingRequest::$user is deprecated in APPPATH\Filters\JwtAuthWeb.php on line 32.
 1 SYSTEMPATH\Filters\Filters.php(182): App\Filters\JwtAuthWeb->before(Object(CodeIgniter\HTTP\IncomingRequest), null)
 2 SYSTEMPATH\CodeIgniter.php(475): CodeIgniter\Filters\Filters->run('fetchDataPop', 'before')
 3 SYSTEMPATH\CodeIgniter.php(361): CodeIgniter\CodeIgniter->handleRequest(null, Object(Config\Cache), false)
 4 FCPATH\index.php(79): CodeIgniter\CodeIgniter->run()
INFO - 2026-02-23 15:36:56 --> Session: Class initialized using 'CodeIgniter\Session\Handlers\FileHandler' driver.
WARNING - 2026-02-23 15:36:56 --> [DEPRECATED] Creation of dynamic property CodeIgniter\HTTP\IncomingRequest::$user is deprecated in APPPATH\Filters\JwtAuthWeb.php on line 32.
 1 SYSTEMPATH\Filters\Filters.php(182): App\Filters\JwtAuthWeb->before(Object(CodeIgniter\HTTP\IncomingRequest), null)
 2 SYSTEMPATH\CodeIgniter.php(475): CodeIgniter\Filters\Filters->run('import-data', 'before')
 3 SYSTEMPATH\CodeIgniter.php(361): CodeIgniter\CodeIgniter->handleRequest(null, Object(Config\Cache), false)
 4 FCPATH\index.php(79): CodeIgniter\CodeIgniter->run()
INFO - 2026-02-23 15:36:57 --> Session: Class initialized using 'CodeIgniter\Session\Handlers\FileHandler' driver.
WARNING - 2026-02-23 15:36:57 --> [DEPRECATED] Creation of dynamic property CodeIgniter\HTTP\IncomingRequest::$user is deprecated in APPPATH\Filters\JwtAuthWeb.php on line 32.
 1 SYSTEMPATH\Filters\Filters.php(182): App\Filters\JwtAuthWeb->before(Object(CodeIgniter\HTTP\IncomingRequest), null)
 2 SYSTEMPATH\CodeIgniter.php(475): CodeIgniter\Filters\Filters->run('fetchData', 'before')
 3 SYSTEMPATH\CodeIgniter.php(361): CodeIgniter\CodeIgniter->handleRequest(null, Object(Config\Cache), false)
 4 FCPATH\index.php(79): CodeIgniter\CodeIgniter->run()
WARNING - 2026-02-23 15:36:57 --> [DEPRECATED] Creation of dynamic property CodeIgniter\HTTP\IncomingRequest::$user is deprecated in APPPATH\Filters\JwtAuth.php on line 47.
 1 SYSTEMPATH\Filters\Filters.php(182): App\Filters\JwtAuth->before(Object(CodeIgniter\HTTP\IncomingRequest), null)
 2 SYSTEMPATH\CodeIgniter.php(475): CodeIgniter\Filters\Filters->run('api/profile', 'before')
 3 SYSTEMPATH\CodeIgniter.php(361): CodeIgniter\CodeIgniter->handleRequest(null, Object(Config\Cache), false)
 4 FCPATH\index.php(79): CodeIgniter\CodeIgniter->run()
INFO - 2026-02-23 15:36:57 --> Session: Class initialized using 'CodeIgniter\Session\Handlers\FileHandler' driver.
WARNING - 2026-02-23 15:36:57 --> [DEPRECATED] Creation of dynamic property CodeIgniter\HTTP\IncomingRequest::$user is deprecated in APPPATH\Filters\JwtAuthWeb.php on line 32.
 1 SYSTEMPATH\Filters\Filters.php(182): App\Filters\JwtAuthWeb->before(Object(CodeIgniter\HTTP\IncomingRequest), null)
 2 SYSTEMPATH\CodeIgniter.php(475): CodeIgniter\Filters\Filters->run('getCaregiverData', 'before')
 3 SYSTEMPATH\CodeIgniter.php(361): CodeIgniter\CodeIgniter->handleRequest(null, Object(Config\Cache), false)
 4 FCPATH\index.php(79): CodeIgniter\CodeIgniter->run()
INFO - 2026-02-23 15:36:57 --> Session: Class initialized using 'CodeIgniter\Session\Handlers\FileHandler' driver.
WARNING - 2026-02-23 15:36:57 --> [DEPRECATED] Creation of dynamic property CodeIgniter\HTTP\IncomingRequest::$user is deprecated in APPPATH\Filters\JwtAuthWeb.php on line 32.
 1 SYSTEMPATH\Filters\Filters.php(182): App\Filters\JwtAuthWeb->before(Object(CodeIgniter\HTTP\IncomingRequest), null)
 2 SYSTEMPATH\CodeIgniter.php(475): CodeIgniter\Filters\Filters->run('fetchDataNCD', 'before')
 3 SYSTEMPATH\CodeIgniter.php(361): CodeIgniter\CodeIgniter->handleRequest(null, Object(Config\Cache), false)
 4 FCPATH\index.php(79): CodeIgniter\CodeIgniter->run()
INFO - 2026-02-23 15:36:57 --> Session: Class initialized using 'CodeIgniter\Session\Handlers\FileHandler' driver.
WARNING - 2026-02-23 15:36:57 --> [DEPRECATED] Creation of dynamic property CodeIgniter\HTTP\IncomingRequest::$user is deprecated in APPPATH\Filters\JwtAuthWeb.php on line 32.
 1 SYSTEMPATH\Filters\Filters.php(182): App\Filters\JwtAuthWeb->before(Object(CodeIgniter\HTTP\IncomingRequest), null)
 2 SYSTEMPATH\CodeIgniter.php(475): CodeIgniter\Filters\Filters->run('fetchDataPop', 'before')
 3 SYSTEMPATH\CodeIgniter.php(361): CodeIgniter\CodeIgniter->handleRequest(null, Object(Config\Cache), false)
 4 FCPATH\index.php(79): CodeIgniter\CodeIgniter->run()
INFO - 2026-02-23 15:37:03 --> Session: Class initialized using 'CodeIgniter\Session\Handlers\FileHandler' driver.
WARNING - 2026-02-23 15:37:03 --> [DEPRECATED] Creation of dynamic property CodeIgniter\HTTP\IncomingRequest::$user is deprecated in APPPATH\Filters\JwtAuthWeb.php on line 32.
 1 SYSTEMPATH\Filters\Filters.php(182): App\Filters\JwtAuthWeb->before(Object(CodeIgniter\HTTP\IncomingRequest), null)
 2 SYSTEMPATH\CodeIgniter.php(475): CodeIgniter\Filters\Filters->run('import-ltc', 'before')
 3 SYSTEMPATH\CodeIgniter.php(361): CodeIgniter\CodeIgniter->handleRequest(null, Object(Config\Cache), false)
 4 FCPATH\index.php(79): CodeIgniter\CodeIgniter->run()
CRITICAL - 2026-02-23 15:37:04 --> TypeError: Unsupported operand types: string + int
in APPPATH\Controllers\ImportDataController.php on line 127.
 1 SYSTEMPATH\CodeIgniter.php(943): App\Controllers\ImportDataController->importLTCfromExcel()
 2 SYSTEMPATH\CodeIgniter.php(503): CodeIgniter\CodeIgniter->runController(Object(App\Controllers\ImportDataController))
 3 SYSTEMPATH\CodeIgniter.php(361): CodeIgniter\CodeIgniter->handleRequest(null, Object(Config\Cache), false)
 4 FCPATH\index.php(79): CodeIgniter\CodeIgniter->run()
INFO - 2026-02-23 15:37:56 --> Session: Class initialized using 'CodeIgniter\Session\Handlers\FileHandler' driver.
WARNING - 2026-02-23 15:37:56 --> [DEPRECATED] Creation of dynamic property CodeIgniter\HTTP\IncomingRequest::$user is deprecated in APPPATH\Filters\JwtAuthWeb.php on line 32.
 1 SYSTEMPATH\Filters\Filters.php(182): App\Filters\JwtAuthWeb->before(Object(CodeIgniter\HTTP\IncomingRequest), null)
 2 SYSTEMPATH\CodeIgniter.php(475): CodeIgniter\Filters\Filters->run('import-ltc', 'before')
 3 SYSTEMPATH\CodeIgniter.php(361): CodeIgniter\CodeIgniter->handleRequest(null, Object(Config\Cache), false)
 4 FCPATH\index.php(79): CodeIgniter\CodeIgniter->run()
INFO - 2026-02-23 15:38:01 --> Session: Class initialized using 'CodeIgniter\Session\Handlers\FileHandler' driver.
WARNING - 2026-02-23 15:38:01 --> [DEPRECATED] Creation of dynamic property CodeIgniter\HTTP\IncomingRequest::$user is deprecated in APPPATH\Filters\JwtAuthWeb.php on line 32.
 1 SYSTEMPATH\Filters\Filters.php(182): App\Filters\JwtAuthWeb->before(Object(CodeIgniter\HTTP\IncomingRequest), null)
 2 SYSTEMPATH\CodeIgniter.php(475): CodeIgniter\Filters\Filters->run('import-data', 'before')
 3 SYSTEMPATH\CodeIgniter.php(361): CodeIgniter\CodeIgniter->handleRequest(null, Object(Config\Cache), false)
 4 FCPATH\index.php(79): CodeIgniter\CodeIgniter->run()
INFO - 2026-02-23 15:38:01 --> Session: Class initialized using 'CodeIgniter\Session\Handlers\FileHandler' driver.
WARNING - 2026-02-23 15:38:01 --> [DEPRECATED] Creation of dynamic property CodeIgniter\HTTP\IncomingRequest::$user is deprecated in APPPATH\Filters\JwtAuthWeb.php on line 32.
 1 SYSTEMPATH\Filters\Filters.php(182): App\Filters\JwtAuthWeb->before(Object(CodeIgniter\HTTP\IncomingRequest), null)
 2 SYSTEMPATH\CodeIgniter.php(475): CodeIgniter\Filters\Filters->run('fetchData', 'before')
 3 SYSTEMPATH\CodeIgniter.php(361): CodeIgniter\CodeIgniter->handleRequest(null, Object(Config\Cache), false)
 4 FCPATH\index.php(79): CodeIgniter\CodeIgniter->run()
WARNING - 2026-02-23 15:38:01 --> [DEPRECATED] Creation of dynamic property CodeIgniter\HTTP\IncomingRequest::$user is deprecated in APPPATH\Filters\JwtAuth.php on line 47.
 1 SYSTEMPATH\Filters\Filters.php(182): App\Filters\JwtAuth->before(Object(CodeIgniter\HTTP\IncomingRequest), null)
 2 SYSTEMPATH\CodeIgniter.php(475): CodeIgniter\Filters\Filters->run('api/profile', 'before')
 3 SYSTEMPATH\CodeIgniter.php(361): CodeIgniter\CodeIgniter->handleRequest(null, Object(Config\Cache), false)
 4 FCPATH\index.php(79): CodeIgniter\CodeIgniter->run()
INFO - 2026-02-23 15:38:02 --> Session: Class initialized using 'CodeIgniter\Session\Handlers\FileHandler' driver.
WARNING - 2026-02-23 15:38:02 --> [DEPRECATED] Creation of dynamic property CodeIgniter\HTTP\IncomingRequest::$user is deprecated in APPPATH\Filters\JwtAuthWeb.php on line 32.
 1 SYSTEMPATH\Filters\Filters.php(182): App\Filters\JwtAuthWeb->before(Object(CodeIgniter\HTTP\IncomingRequest), null)
 2 SYSTEMPATH\CodeIgniter.php(475): CodeIgniter\Filters\Filters->run('getCaregiverData', 'before')
 3 SYSTEMPATH\CodeIgniter.php(361): CodeIgniter\CodeIgniter->handleRequest(null, Object(Config\Cache), false)
 4 FCPATH\index.php(79): CodeIgniter\CodeIgniter->run()
INFO - 2026-02-23 15:38:02 --> Session: Class initialized using 'CodeIgniter\Session\Handlers\FileHandler' driver.
WARNING - 2026-02-23 15:38:02 --> [DEPRECATED] Creation of dynamic property CodeIgniter\HTTP\IncomingRequest::$user is deprecated in APPPATH\Filters\JwtAuthWeb.php on line 32.
 1 SYSTEMPATH\Filters\Filters.php(182): App\Filters\JwtAuthWeb->before(Object(CodeIgniter\HTTP\IncomingRequest), null)
 2 SYSTEMPATH\CodeIgniter.php(475): CodeIgniter\Filters\Filters->run('fetchDataNCD', 'before')
 3 SYSTEMPATH\CodeIgniter.php(361): CodeIgniter\CodeIgniter->handleRequest(null, Object(Config\Cache), false)
 4 FCPATH\index.php(79): CodeIgniter\CodeIgniter->run()
INFO - 2026-02-23 15:38:02 --> Session: Class initialized using 'CodeIgniter\Session\Handlers\FileHandler' driver.
WARNING - 2026-02-23 15:38:02 --> [DEPRECATED] Creation of dynamic property CodeIgniter\HTTP\IncomingRequest::$user is deprecated in APPPATH\Filters\JwtAuthWeb.php on line 32.
 1 SYSTEMPATH\Filters\Filters.php(182): App\Filters\JwtAuthWeb->before(Object(CodeIgniter\HTTP\IncomingRequest), null)
 2 SYSTEMPATH\CodeIgniter.php(475): CodeIgniter\Filters\Filters->run('fetchDataPop', 'before')
 3 SYSTEMPATH\CodeIgniter.php(361): CodeIgniter\CodeIgniter->handleRequest(null, Object(Config\Cache), false)
 4 FCPATH\index.php(79): CodeIgniter\CodeIgniter->run()
INFO - 2026-02-23 15:38:43 --> Session: Class initialized using 'CodeIgniter\Session\Handlers\FileHandler' driver.
WARNING - 2026-02-23 15:38:43 --> [DEPRECATED] Creation of dynamic property CodeIgniter\HTTP\IncomingRequest::$user is deprecated in APPPATH\Filters\JwtAuthWeb.php on line 32.
 1 SYSTEMPATH\Filters\Filters.php(182): App\Filters\JwtAuthWeb->before(Object(CodeIgniter\HTTP\IncomingRequest), null)
 2 SYSTEMPATH\CodeIgniter.php(475): CodeIgniter\Filters\Filters->run('import-data', 'before')
 3 SYSTEMPATH\CodeIgniter.php(361): CodeIgniter\CodeIgniter->handleRequest(null, Object(Config\Cache), false)
 4 FCPATH\index.php(79): CodeIgniter\CodeIgniter->run()
INFO - 2026-02-23 15:38:44 --> Session: Class initialized using 'CodeIgniter\Session\Handlers\FileHandler' driver.
WARNING - 2026-02-23 15:38:44 --> [DEPRECATED] Creation of dynamic property CodeIgniter\HTTP\IncomingRequest::$user is deprecated in APPPATH\Filters\JwtAuthWeb.php on line 32.
 1 SYSTEMPATH\Filters\Filters.php(182): App\Filters\JwtAuthWeb->before(Object(CodeIgniter\HTTP\IncomingRequest), null)
 2 SYSTEMPATH\CodeIgniter.php(475): CodeIgniter\Filters\Filters->run('getCaregiverData', 'before')
 3 SYSTEMPATH\CodeIgniter.php(361): CodeIgniter\CodeIgniter->handleRequest(null, Object(Config\Cache), false)
 4 FCPATH\index.php(79): CodeIgniter\CodeIgniter->run()
WARNING - 2026-02-23 15:38:44 --> [DEPRECATED] Creation of dynamic property CodeIgniter\HTTP\IncomingRequest::$user is deprecated in APPPATH\Filters\JwtAuth.php on line 47.
 1 SYSTEMPATH\Filters\Filters.php(182): App\Filters\JwtAuth->before(Object(CodeIgniter\HTTP\IncomingRequest), null)
 2 SYSTEMPATH\CodeIgniter.php(475): CodeIgniter\Filters\Filters->run('api/profile', 'before')
 3 SYSTEMPATH\CodeIgniter.php(361): CodeIgniter\CodeIgniter->handleRequest(null, Object(Config\Cache), false)
 4 FCPATH\index.php(79): CodeIgniter\CodeIgniter->run()
INFO - 2026-02-23 15:38:44 --> Session: Class initialized using 'CodeIgniter\Session\Handlers\FileHandler' driver.
WARNING - 2026-02-23 15:38:44 --> [DEPRECATED] Creation of dynamic property CodeIgniter\HTTP\IncomingRequest::$user is deprecated in APPPATH\Filters\JwtAuthWeb.php on line 32.
 1 SYSTEMPATH\Filters\Filters.php(182): App\Filters\JwtAuthWeb->before(Object(CodeIgniter\HTTP\IncomingRequest), null)
 2 SYSTEMPATH\CodeIgniter.php(475): CodeIgniter\Filters\Filters->run('fetchData', 'before')
 3 SYSTEMPATH\CodeIgniter.php(361): CodeIgniter\CodeIgniter->handleRequest(null, Object(Config\Cache), false)
 4 FCPATH\index.php(79): CodeIgniter\CodeIgniter->run()
INFO - 2026-02-23 15:38:44 --> Session: Class initialized using 'CodeIgniter\Session\Handlers\FileHandler' driver.
WARNING - 2026-02-23 15:38:44 --> [DEPRECATED] Creation of dynamic property CodeIgniter\HTTP\IncomingRequest::$user is deprecated in APPPATH\Filters\JwtAuthWeb.php on line 32.
 1 SYSTEMPATH\Filters\Filters.php(182): App\Filters\JwtAuthWeb->before(Object(CodeIgniter\HTTP\IncomingRequest), null)
 2 SYSTEMPATH\CodeIgniter.php(475): CodeIgniter\Filters\Filters->run('fetchDataNCD', 'before')
 3 SYSTEMPATH\CodeIgniter.php(361): CodeIgniter\CodeIgniter->handleRequest(null, Object(Config\Cache), false)
 4 FCPATH\index.php(79): CodeIgniter\CodeIgniter->run()
INFO - 2026-02-23 15:38:44 --> Session: Class initialized using 'CodeIgniter\Session\Handlers\FileHandler' driver.
WARNING - 2026-02-23 15:38:44 --> [DEPRECATED] Creation of dynamic property CodeIgniter\HTTP\IncomingRequest::$user is deprecated in APPPATH\Filters\JwtAuthWeb.php on line 32.
 1 SYSTEMPATH\Filters\Filters.php(182): App\Filters\JwtAuthWeb->before(Object(CodeIgniter\HTTP\IncomingRequest), null)
 2 SYSTEMPATH\CodeIgniter.php(475): CodeIgniter\Filters\Filters->run('fetchDataPop', 'before')
 3 SYSTEMPATH\CodeIgniter.php(361): CodeIgniter\CodeIgniter->handleRequest(null, Object(Config\Cache), false)
 4 FCPATH\index.php(79): CodeIgniter\CodeIgniter->run()
INFO - 2026-02-23 15:38:50 --> Session: Class initialized using 'CodeIgniter\Session\Handlers\FileHandler' driver.
WARNING - 2026-02-23 15:38:50 --> [DEPRECATED] Creation of dynamic property CodeIgniter\HTTP\IncomingRequest::$user is deprecated in APPPATH\Filters\JwtAuthWeb.php on line 32.
 1 SYSTEMPATH\Filters\Filters.php(182): App\Filters\JwtAuthWeb->before(Object(CodeIgniter\HTTP\IncomingRequest), null)
 2 SYSTEMPATH\CodeIgniter.php(475): CodeIgniter\Filters\Filters->run('import-ltc', 'before')
 3 SYSTEMPATH\CodeIgniter.php(361): CodeIgniter\CodeIgniter->handleRequest(null, Object(Config\Cache), false)
 4 FCPATH\index.php(79): CodeIgniter\CodeIgniter->run()
INFO - 2026-02-23 15:39:14 --> Session: Class initialized using 'CodeIgniter\Session\Handlers\FileHandler' driver.
WARNING - 2026-02-23 15:39:14 --> [DEPRECATED] Creation of dynamic property CodeIgniter\HTTP\IncomingRequest::$user is deprecated in APPPATH\Filters\JwtAuthWeb.php on line 32.
 1 SYSTEMPATH\Filters\Filters.php(182): App\Filters\JwtAuthWeb->before(Object(CodeIgniter\HTTP\IncomingRequest), null)
 2 SYSTEMPATH\CodeIgniter.php(475): CodeIgniter\Filters\Filters->run('import-ltc', 'before')
 3 SYSTEMPATH\CodeIgniter.php(361): CodeIgniter\CodeIgniter->handleRequest(null, Object(Config\Cache), false)
 4 FCPATH\index.php(79): CodeIgniter\CodeIgniter->run()
INFO - 2026-02-23 15:39:15 --> Session: Class initialized using 'CodeIgniter\Session\Handlers\FileHandler' driver.
WARNING - 2026-02-23 15:39:15 --> [DEPRECATED] Creation of dynamic property CodeIgniter\HTTP\IncomingRequest::$user is deprecated in APPPATH\Filters\JwtAuthWeb.php on line 32.
 1 SYSTEMPATH\Filters\Filters.php(182): App\Filters\JwtAuthWeb->before(Object(CodeIgniter\HTTP\IncomingRequest), null)
 2 SYSTEMPATH\CodeIgniter.php(475): CodeIgniter\Filters\Filters->run('import-data', 'before')
 3 SYSTEMPATH\CodeIgniter.php(361): CodeIgniter\CodeIgniter->handleRequest(null, Object(Config\Cache), false)
 4 FCPATH\index.php(79): CodeIgniter\CodeIgniter->run()
INFO - 2026-02-23 15:39:16 --> Session: Class initialized using 'CodeIgniter\Session\Handlers\FileHandler' driver.
WARNING - 2026-02-23 15:39:16 --> [DEPRECATED] Creation of dynamic property CodeIgniter\HTTP\IncomingRequest::$user is deprecated in APPPATH\Filters\JwtAuthWeb.php on line 32.
 1 SYSTEMPATH\Filters\Filters.php(182): App\Filters\JwtAuthWeb->before(Object(CodeIgniter\HTTP\IncomingRequest), null)
 2 SYSTEMPATH\CodeIgniter.php(475): CodeIgniter\Filters\Filters->run('fetchData', 'before')
 3 SYSTEMPATH\CodeIgniter.php(361): CodeIgniter\CodeIgniter->handleRequest(null, Object(Config\Cache), false)
 4 FCPATH\index.php(79): CodeIgniter\CodeIgniter->run()
WARNING - 2026-02-23 15:39:16 --> [DEPRECATED] Creation of dynamic property CodeIgniter\HTTP\IncomingRequest::$user is deprecated in APPPATH\Filters\JwtAuth.php on line 47.
 1 SYSTEMPATH\Filters\Filters.php(182): App\Filters\JwtAuth->before(Object(CodeIgniter\HTTP\IncomingRequest), null)
 2 SYSTEMPATH\CodeIgniter.php(475): CodeIgniter\Filters\Filters->run('api/profile', 'before')
 3 SYSTEMPATH\CodeIgniter.php(361): CodeIgniter\CodeIgniter->handleRequest(null, Object(Config\Cache), false)
 4 FCPATH\index.php(79): CodeIgniter\CodeIgniter->run()
INFO - 2026-02-23 15:39:16 --> Session: Class initialized using 'CodeIgniter\Session\Handlers\FileHandler' driver.
WARNING - 2026-02-23 15:39:16 --> [DEPRECATED] Creation of dynamic property CodeIgniter\HTTP\IncomingRequest::$user is deprecated in APPPATH\Filters\JwtAuthWeb.php on line 32.
 1 SYSTEMPATH\Filters\Filters.php(182): App\Filters\JwtAuthWeb->before(Object(CodeIgniter\HTTP\IncomingRequest), null)
 2 SYSTEMPATH\CodeIgniter.php(475): CodeIgniter\Filters\Filters->run('getCaregiverData', 'before')
 3 SYSTEMPATH\CodeIgniter.php(361): CodeIgniter\CodeIgniter->handleRequest(null, Object(Config\Cache), false)
 4 FCPATH\index.php(79): CodeIgniter\CodeIgniter->run()
INFO - 2026-02-23 15:39:16 --> Session: Class initialized using 'CodeIgniter\Session\Handlers\FileHandler' driver.
WARNING - 2026-02-23 15:39:16 --> [DEPRECATED] Creation of dynamic property CodeIgniter\HTTP\IncomingRequest::$user is deprecated in APPPATH\Filters\JwtAuthWeb.php on line 32.
 1 SYSTEMPATH\Filters\Filters.php(182): App\Filters\JwtAuthWeb->before(Object(CodeIgniter\HTTP\IncomingRequest), null)
 2 SYSTEMPATH\CodeIgniter.php(475): CodeIgniter\Filters\Filters->run('fetchDataNCD', 'before')
 3 SYSTEMPATH\CodeIgniter.php(361): CodeIgniter\CodeIgniter->handleRequest(null, Object(Config\Cache), false)
 4 FCPATH\index.php(79): CodeIgniter\CodeIgniter->run()
INFO - 2026-02-23 15:39:16 --> Session: Class initialized using 'CodeIgniter\Session\Handlers\FileHandler' driver.
WARNING - 2026-02-23 15:39:16 --> [DEPRECATED] Creation of dynamic property CodeIgniter\HTTP\IncomingRequest::$user is deprecated in APPPATH\Filters\JwtAuthWeb.php on line 32.
 1 SYSTEMPATH\Filters\Filters.php(182): App\Filters\JwtAuthWeb->before(Object(CodeIgniter\HTTP\IncomingRequest), null)
 2 SYSTEMPATH\CodeIgniter.php(475): CodeIgniter\Filters\Filters->run('fetchDataPop', 'before')
 3 SYSTEMPATH\CodeIgniter.php(361): CodeIgniter\CodeIgniter->handleRequest(null, Object(Config\Cache), false)
 4 FCPATH\index.php(79): CodeIgniter\CodeIgniter->run()
INFO - 2026-02-23 18:50:20 --> Session: Class initialized using 'CodeIgniter\Session\Handlers\FileHandler' driver.
INFO - 2026-02-23 18:50:23 --> Session: Class initialized using 'CodeIgniter\Session\Handlers\FileHandler' driver.
INFO - 2026-02-23 18:50:25 --> Session: Class initialized using 'CodeIgniter\Session\Handlers\FileHandler' driver.
WARNING - 2026-02-23 18:50:25 --> [DEPRECATED] Creation of dynamic property CodeIgniter\HTTP\IncomingRequest::$user is deprecated in APPPATH\Filters\JwtAuthWeb.php on line 32.
 1 SYSTEMPATH\Filters\Filters.php(182): App\Filters\JwtAuthWeb->before(Object(CodeIgniter\HTTP\IncomingRequest), null)
 2 SYSTEMPATH\CodeIgniter.php(475): CodeIgniter\Filters\Filters->run('setting/dashboard-page', 'before')
 3 SYSTEMPATH\CodeIgniter.php(361): CodeIgniter\CodeIgniter->handleRequest(null, Object(Config\Cache), false)
 4 FCPATH\index.php(79): CodeIgniter\CodeIgniter->run()
WARNING - 2026-02-23 18:50:26 --> [DEPRECATED] Creation of dynamic property CodeIgniter\HTTP\IncomingRequest::$user is deprecated in APPPATH\Filters\JwtAuth.php on line 47.
 1 SYSTEMPATH\Filters\Filters.php(182): App\Filters\JwtAuth->before(Object(CodeIgniter\HTTP\IncomingRequest), null)
 2 SYSTEMPATH\CodeIgniter.php(475): CodeIgniter\Filters\Filters->run('api/profile', 'before')
 3 SYSTEMPATH\CodeIgniter.php(361): CodeIgniter\CodeIgniter->handleRequest(null, Object(Config\Cache), false)
 4 FCPATH\index.php(79): CodeIgniter\CodeIgniter->run()
INFO - 2026-02-23 18:50:29 --> Session: Class initialized using 'CodeIgniter\Session\Handlers\FileHandler' driver.
WARNING - 2026-02-23 18:50:29 --> [DEPRECATED] Creation of dynamic property CodeIgniter\HTTP\IncomingRequest::$user is deprecated in APPPATH\Filters\JwtAuthWeb.php on line 32.
 1 SYSTEMPATH\Filters\Filters.php(182): App\Filters\JwtAuthWeb->before(Object(CodeIgniter\HTTP\IncomingRequest), null)
 2 SYSTEMPATH\CodeIgniter.php(475): CodeIgniter\Filters\Filters->run('import-data', 'before')
 3 SYSTEMPATH\CodeIgniter.php(361): CodeIgniter\CodeIgniter->handleRequest(null, Object(Config\Cache), false)
 4 FCPATH\index.php(79): CodeIgniter\CodeIgniter->run()
INFO - 2026-02-23 18:50:30 --> Session: Class initialized using 'CodeIgniter\Session\Handlers\FileHandler' driver.
WARNING - 2026-02-23 18:50:30 --> [DEPRECATED] Creation of dynamic property CodeIgniter\HTTP\IncomingRequest::$user is deprecated in APPPATH\Filters\JwtAuthWeb.php on line 32.
 1 SYSTEMPATH\Filters\Filters.php(182): App\Filters\JwtAuthWeb->before(Object(CodeIgniter\HTTP\IncomingRequest), null)
 2 SYSTEMPATH\CodeIgniter.php(475): CodeIgniter\Filters\Filters->run('fetchData', 'before')
 3 SYSTEMPATH\CodeIgniter.php(361): CodeIgniter\CodeIgniter->handleRequest(null, Object(Config\Cache), false)
 4 FCPATH\index.php(79): CodeIgniter\CodeIgniter->run()
WARNING - 2026-02-23 18:50:30 --> [DEPRECATED] Creation of dynamic property CodeIgniter\HTTP\IncomingRequest::$user is deprecated in APPPATH\Filters\JwtAuth.php on line 47.
 1 SYSTEMPATH\Filters\Filters.php(182): App\Filters\JwtAuth->before(Object(CodeIgniter\HTTP\IncomingRequest), null)
 2 SYSTEMPATH\CodeIgniter.php(475): CodeIgniter\Filters\Filters->run('api/profile', 'before')
 3 SYSTEMPATH\CodeIgniter.php(361): CodeIgniter\CodeIgniter->handleRequest(null, Object(Config\Cache), false)
 4 FCPATH\index.php(79): CodeIgniter\CodeIgniter->run()
INFO - 2026-02-23 18:50:30 --> Session: Class initialized using 'CodeIgniter\Session\Handlers\FileHandler' driver.
WARNING - 2026-02-23 18:50:30 --> [DEPRECATED] Creation of dynamic property CodeIgniter\HTTP\IncomingRequest::$user is deprecated in APPPATH\Filters\JwtAuthWeb.php on line 32.
 1 SYSTEMPATH\Filters\Filters.php(182): App\Filters\JwtAuthWeb->before(Object(CodeIgniter\HTTP\IncomingRequest), null)
 2 SYSTEMPATH\CodeIgniter.php(475): CodeIgniter\Filters\Filters->run('getCaregiverData', 'before')
 3 SYSTEMPATH\CodeIgniter.php(361): CodeIgniter\CodeIgniter->handleRequest(null, Object(Config\Cache), false)
 4 FCPATH\index.php(79): CodeIgniter\CodeIgniter->run()
INFO - 2026-02-23 18:50:30 --> Session: Class initialized using 'CodeIgniter\Session\Handlers\FileHandler' driver.
WARNING - 2026-02-23 18:50:30 --> [DEPRECATED] Creation of dynamic property CodeIgniter\HTTP\IncomingRequest::$user is deprecated in APPPATH\Filters\JwtAuthWeb.php on line 32.
 1 SYSTEMPATH\Filters\Filters.php(182): App\Filters\JwtAuthWeb->before(Object(CodeIgniter\HTTP\IncomingRequest), null)
 2 SYSTEMPATH\CodeIgniter.php(475): CodeIgniter\Filters\Filters->run('fetchDataNCD', 'before')
 3 SYSTEMPATH\CodeIgniter.php(361): CodeIgniter\CodeIgniter->handleRequest(null, Object(Config\Cache), false)
 4 FCPATH\index.php(79): CodeIgniter\CodeIgniter->run()
INFO - 2026-02-23 18:50:30 --> Session: Class initialized using 'CodeIgniter\Session\Handlers\FileHandler' driver.
WARNING - 2026-02-23 18:50:30 --> [DEPRECATED] Creation of dynamic property CodeIgniter\HTTP\IncomingRequest::$user is deprecated in APPPATH\Filters\JwtAuthWeb.php on line 32.
 1 SYSTEMPATH\Filters\Filters.php(182): App\Filters\JwtAuthWeb->before(Object(CodeIgniter\HTTP\IncomingRequest), null)
 2 SYSTEMPATH\CodeIgniter.php(475): CodeIgniter\Filters\Filters->run('fetchDataPop', 'before')
 3 SYSTEMPATH\CodeIgniter.php(361): CodeIgniter\CodeIgniter->handleRequest(null, Object(Config\Cache), false)
 4 FCPATH\index.php(79): CodeIgniter\CodeIgniter->run()
INFO - 2026-02-23 18:52:16 --> Session: Class initialized using 'CodeIgniter\Session\Handlers\FileHandler' driver.
WARNING - 2026-02-23 18:52:16 --> [DEPRECATED] Creation of dynamic property CodeIgniter\HTTP\IncomingRequest::$user is deprecated in APPPATH\Filters\JwtAuthWeb.php on line 32.
 1 SYSTEMPATH\Filters\Filters.php(182): App\Filters\JwtAuthWeb->before(Object(CodeIgniter\HTTP\IncomingRequest), null)
 2 SYSTEMPATH\CodeIgniter.php(475): CodeIgniter\Filters\Filters->run('import-data', 'before')
 3 SYSTEMPATH\CodeIgniter.php(361): CodeIgniter\CodeIgniter->handleRequest(null, Object(Config\Cache), false)
 4 FCPATH\index.php(79): CodeIgniter\CodeIgniter->run()
INFO - 2026-02-23 18:52:16 --> Session: Class initialized using 'CodeIgniter\Session\Handlers\FileHandler' driver.
WARNING - 2026-02-23 18:52:16 --> [DEPRECATED] Creation of dynamic property CodeIgniter\HTTP\IncomingRequest::$user is deprecated in APPPATH\Filters\JwtAuthWeb.php on line 32.
 1 SYSTEMPATH\Filters\Filters.php(182): App\Filters\JwtAuthWeb->before(Object(CodeIgniter\HTTP\IncomingRequest), null)
 2 SYSTEMPATH\CodeIgniter.php(475): CodeIgniter\Filters\Filters->run('fetchData', 'before')
 3 SYSTEMPATH\CodeIgniter.php(361): CodeIgniter\CodeIgniter->handleRequest(null, Object(Config\Cache), false)
 4 FCPATH\index.php(79): CodeIgniter\CodeIgniter->run()
WARNING - 2026-02-23 18:52:16 --> [DEPRECATED] Creation of dynamic property CodeIgniter\HTTP\IncomingRequest::$user is deprecated in APPPATH\Filters\JwtAuth.php on line 47.
 1 SYSTEMPATH\Filters\Filters.php(182): App\Filters\JwtAuth->before(Object(CodeIgniter\HTTP\IncomingRequest), null)
 2 SYSTEMPATH\CodeIgniter.php(475): CodeIgniter\Filters\Filters->run('api/profile', 'before')
 3 SYSTEMPATH\CodeIgniter.php(361): CodeIgniter\CodeIgniter->handleRequest(null, Object(Config\Cache), false)
 4 FCPATH\index.php(79): CodeIgniter\CodeIgniter->run()
INFO - 2026-02-23 18:52:17 --> Session: Class initialized using 'CodeIgniter\Session\Handlers\FileHandler' driver.
WARNING - 2026-02-23 18:52:17 --> [DEPRECATED] Creation of dynamic property CodeIgniter\HTTP\IncomingRequest::$user is deprecated in APPPATH\Filters\JwtAuthWeb.php on line 32.
 1 SYSTEMPATH\Filters\Filters.php(182): App\Filters\JwtAuthWeb->before(Object(CodeIgniter\HTTP\IncomingRequest), null)
 2 SYSTEMPATH\CodeIgniter.php(475): CodeIgniter\Filters\Filters->run('getCaregiverData', 'before')
 3 SYSTEMPATH\CodeIgniter.php(361): CodeIgniter\CodeIgniter->handleRequest(null, Object(Config\Cache), false)
 4 FCPATH\index.php(79): CodeIgniter\CodeIgniter->run()
INFO - 2026-02-23 18:52:17 --> Session: Class initialized using 'CodeIgniter\Session\Handlers\FileHandler' driver.
WARNING - 2026-02-23 18:52:17 --> [DEPRECATED] Creation of dynamic property CodeIgniter\HTTP\IncomingRequest::$user is deprecated in APPPATH\Filters\JwtAuthWeb.php on line 32.
 1 SYSTEMPATH\Filters\Filters.php(182): App\Filters\JwtAuthWeb->before(Object(CodeIgniter\HTTP\IncomingRequest), null)
 2 SYSTEMPATH\CodeIgniter.php(475): CodeIgniter\Filters\Filters->run('fetchDataNCD', 'before')
 3 SYSTEMPATH\CodeIgniter.php(361): CodeIgniter\CodeIgniter->handleRequest(null, Object(Config\Cache), false)
 4 FCPATH\index.php(79): CodeIgniter\CodeIgniter->run()
INFO - 2026-02-23 18:52:17 --> Session: Class initialized using 'CodeIgniter\Session\Handlers\FileHandler' driver.
WARNING - 2026-02-23 18:52:17 --> [DEPRECATED] Creation of dynamic property CodeIgniter\HTTP\IncomingRequest::$user is deprecated in APPPATH\Filters\JwtAuthWeb.php on line 32.
 1 SYSTEMPATH\Filters\Filters.php(182): App\Filters\JwtAuthWeb->before(Object(CodeIgniter\HTTP\IncomingRequest), null)
 2 SYSTEMPATH\CodeIgniter.php(475): CodeIgniter\Filters\Filters->run('fetchDataPop', 'before')
 3 SYSTEMPATH\CodeIgniter.php(361): CodeIgniter\CodeIgniter->handleRequest(null, Object(Config\Cache), false)
 4 FCPATH\index.php(79): CodeIgniter\CodeIgniter->run()
INFO - 2026-02-23 18:56:47 --> Session: Class initialized using 'CodeIgniter\Session\Handlers\FileHandler' driver.
WARNING - 2026-02-23 18:56:47 --> [DEPRECATED] Creation of dynamic property CodeIgniter\HTTP\IncomingRequest::$user is deprecated in APPPATH\Filters\JwtAuthWeb.php on line 32.
 1 SYSTEMPATH\Filters\Filters.php(182): App\Filters\JwtAuthWeb->before(Object(CodeIgniter\HTTP\IncomingRequest), null)
 2 SYSTEMPATH\CodeIgniter.php(475): CodeIgniter\Filters\Filters->run('import-data', 'before')
 3 SYSTEMPATH\CodeIgniter.php(361): CodeIgniter\CodeIgniter->handleRequest(null, Object(Config\Cache), false)
 4 FCPATH\index.php(79): CodeIgniter\CodeIgniter->run()
INFO - 2026-02-23 18:56:48 --> Session: Class initialized using 'CodeIgniter\Session\Handlers\FileHandler' driver.
WARNING - 2026-02-23 18:56:48 --> [DEPRECATED] Creation of dynamic property CodeIgniter\HTTP\IncomingRequest::$user is deprecated in APPPATH\Filters\JwtAuthWeb.php on line 32.
 1 SYSTEMPATH\Filters\Filters.php(182): App\Filters\JwtAuthWeb->before(Object(CodeIgniter\HTTP\IncomingRequest), null)
 2 SYSTEMPATH\CodeIgniter.php(475): CodeIgniter\Filters\Filters->run('fetchData', 'before')
 3 SYSTEMPATH\CodeIgniter.php(361): CodeIgniter\CodeIgniter->handleRequest(null, Object(Config\Cache), false)
 4 FCPATH\index.php(79): CodeIgniter\CodeIgniter->run()
WARNING - 2026-02-23 18:56:48 --> [DEPRECATED] Creation of dynamic property CodeIgniter\HTTP\IncomingRequest::$user is deprecated in APPPATH\Filters\JwtAuth.php on line 47.
 1 SYSTEMPATH\Filters\Filters.php(182): App\Filters\JwtAuth->before(Object(CodeIgniter\HTTP\IncomingRequest), null)
 2 SYSTEMPATH\CodeIgniter.php(475): CodeIgniter\Filters\Filters->run('api/profile', 'before')
 3 SYSTEMPATH\CodeIgniter.php(361): CodeIgniter\CodeIgniter->handleRequest(null, Object(Config\Cache), false)
 4 FCPATH\index.php(79): CodeIgniter\CodeIgniter->run()
INFO - 2026-02-23 18:56:48 --> Session: Class initialized using 'CodeIgniter\Session\Handlers\FileHandler' driver.
WARNING - 2026-02-23 18:56:48 --> [DEPRECATED] Creation of dynamic property CodeIgniter\HTTP\IncomingRequest::$user is deprecated in APPPATH\Filters\JwtAuthWeb.php on line 32.
 1 SYSTEMPATH\Filters\Filters.php(182): App\Filters\JwtAuthWeb->before(Object(CodeIgniter\HTTP\IncomingRequest), null)
 2 SYSTEMPATH\CodeIgniter.php(475): CodeIgniter\Filters\Filters->run('getCaregiverData', 'before')
 3 SYSTEMPATH\CodeIgniter.php(361): CodeIgniter\CodeIgniter->handleRequest(null, Object(Config\Cache), false)
 4 FCPATH\index.php(79): CodeIgniter\CodeIgniter->run()
INFO - 2026-02-23 18:56:48 --> Session: Class initialized using 'CodeIgniter\Session\Handlers\FileHandler' driver.
WARNING - 2026-02-23 18:56:48 --> [DEPRECATED] Creation of dynamic property CodeIgniter\HTTP\IncomingRequest::$user is deprecated in APPPATH\Filters\JwtAuthWeb.php on line 32.
 1 SYSTEMPATH\Filters\Filters.php(182): App\Filters\JwtAuthWeb->before(Object(CodeIgniter\HTTP\IncomingRequest), null)
 2 SYSTEMPATH\CodeIgniter.php(475): CodeIgniter\Filters\Filters->run('fetchDataNCD', 'before')
 3 SYSTEMPATH\CodeIgniter.php(361): CodeIgniter\CodeIgniter->handleRequest(null, Object(Config\Cache), false)
 4 FCPATH\index.php(79): CodeIgniter\CodeIgniter->run()
INFO - 2026-02-23 18:56:48 --> Session: Class initialized using 'CodeIgniter\Session\Handlers\FileHandler' driver.
WARNING - 2026-02-23 18:56:48 --> [DEPRECATED] Creation of dynamic property CodeIgniter\HTTP\IncomingRequest::$user is deprecated in APPPATH\Filters\JwtAuthWeb.php on line 32.
 1 SYSTEMPATH\Filters\Filters.php(182): App\Filters\JwtAuthWeb->before(Object(CodeIgniter\HTTP\IncomingRequest), null)
 2 SYSTEMPATH\CodeIgniter.php(475): CodeIgniter\Filters\Filters->run('fetchDataPop', 'before')
 3 SYSTEMPATH\CodeIgniter.php(361): CodeIgniter\CodeIgniter->handleRequest(null, Object(Config\Cache), false)
 4 FCPATH\index.php(79): CodeIgniter\CodeIgniter->run()
INFO - 2026-02-23 18:56:59 --> Session: Class initialized using 'CodeIgniter\Session\Handlers\FileHandler' driver.
WARNING - 2026-02-23 18:56:59 --> [DEPRECATED] Creation of dynamic property CodeIgniter\HTTP\IncomingRequest::$user is deprecated in APPPATH\Filters\JwtAuthWeb.php on line 32.
 1 SYSTEMPATH\Filters\Filters.php(182): App\Filters\JwtAuthWeb->before(Object(CodeIgniter\HTTP\IncomingRequest), null)
 2 SYSTEMPATH\CodeIgniter.php(475): CodeIgniter\Filters\Filters->run('deleteLTC', 'before')
 3 SYSTEMPATH\CodeIgniter.php(361): CodeIgniter\CodeIgniter->handleRequest(null, Object(Config\Cache), false)
 4 FCPATH\index.php(79): CodeIgniter\CodeIgniter->run()
CRITICAL - 2026-02-23 18:56:59 --> TypeError: Unsupported operand types: string + null
in APPPATH\Controllers\ImportDataController.php on line 824.
 1 SYSTEMPATH\CodeIgniter.php(943): App\Controllers\ImportDataController->delete_Ltc()
 2 SYSTEMPATH\CodeIgniter.php(503): CodeIgniter\CodeIgniter->runController(Object(App\Controllers\ImportDataController))
 3 SYSTEMPATH\CodeIgniter.php(361): CodeIgniter\CodeIgniter->handleRequest(null, Object(Config\Cache), false)
 4 FCPATH\index.php(79): CodeIgniter\CodeIgniter->run()
INFO - 2026-02-23 18:57:43 --> Session: Class initialized using 'CodeIgniter\Session\Handlers\FileHandler' driver.
WARNING - 2026-02-23 18:57:43 --> [DEPRECATED] Creation of dynamic property CodeIgniter\HTTP\IncomingRequest::$user is deprecated in APPPATH\Filters\JwtAuthWeb.php on line 32.
 1 SYSTEMPATH\Filters\Filters.php(182): App\Filters\JwtAuthWeb->before(Object(CodeIgniter\HTTP\IncomingRequest), null)
 2 SYSTEMPATH\CodeIgniter.php(475): CodeIgniter\Filters\Filters->run('deleteLTC', 'before')
 3 SYSTEMPATH\CodeIgniter.php(361): CodeIgniter\CodeIgniter->handleRequest(null, Object(Config\Cache), false)
 4 FCPATH\index.php(79): CodeIgniter\CodeIgniter->run()
CRITICAL - 2026-02-23 18:57:43 --> TypeError: Unsupported operand types: string + string
in APPPATH\Controllers\ImportDataController.php on line 824.
 1 SYSTEMPATH\CodeIgniter.php(943): App\Controllers\ImportDataController->delete_Ltc()
 2 SYSTEMPATH\CodeIgniter.php(503): CodeIgniter\CodeIgniter->runController(Object(App\Controllers\ImportDataController))
 3 SYSTEMPATH\CodeIgniter.php(361): CodeIgniter\CodeIgniter->handleRequest(null, Object(Config\Cache), false)
 4 FCPATH\index.php(79): CodeIgniter\CodeIgniter->run()
INFO - 2026-02-23 18:58:10 --> Session: Class initialized using 'CodeIgniter\Session\Handlers\FileHandler' driver.
WARNING - 2026-02-23 18:58:10 --> [DEPRECATED] Creation of dynamic property CodeIgniter\HTTP\IncomingRequest::$user is deprecated in APPPATH\Filters\JwtAuthWeb.php on line 32.
 1 SYSTEMPATH\Filters\Filters.php(182): App\Filters\JwtAuthWeb->before(Object(CodeIgniter\HTTP\IncomingRequest), null)
 2 SYSTEMPATH\CodeIgniter.php(475): CodeIgniter\Filters\Filters->run('deleteLTC', 'before')
 3 SYSTEMPATH\CodeIgniter.php(361): CodeIgniter\CodeIgniter->handleRequest(null, Object(Config\Cache), false)
 4 FCPATH\index.php(79): CodeIgniter\CodeIgniter->run()
INFO - 2026-02-23 18:58:15 --> Session: Class initialized using 'CodeIgniter\Session\Handlers\FileHandler' driver.
WARNING - 2026-02-23 18:58:15 --> [DEPRECATED] Creation of dynamic property CodeIgniter\HTTP\IncomingRequest::$user is deprecated in APPPATH\Filters\JwtAuthWeb.php on line 32.
 1 SYSTEMPATH\Filters\Filters.php(182): App\Filters\JwtAuthWeb->before(Object(CodeIgniter\HTTP\IncomingRequest), null)
 2 SYSTEMPATH\CodeIgniter.php(475): CodeIgniter\Filters\Filters->run('import-data', 'before')
 3 SYSTEMPATH\CodeIgniter.php(361): CodeIgniter\CodeIgniter->handleRequest(null, Object(Config\Cache), false)
 4 FCPATH\index.php(79): CodeIgniter\CodeIgniter->run()
INFO - 2026-02-23 18:58:16 --> Session: Class initialized using 'CodeIgniter\Session\Handlers\FileHandler' driver.
WARNING - 2026-02-23 18:58:16 --> [DEPRECATED] Creation of dynamic property CodeIgniter\HTTP\IncomingRequest::$user is deprecated in APPPATH\Filters\JwtAuthWeb.php on line 32.
 1 SYSTEMPATH\Filters\Filters.php(182): App\Filters\JwtAuthWeb->before(Object(CodeIgniter\HTTP\IncomingRequest), null)
 2 SYSTEMPATH\CodeIgniter.php(475): CodeIgniter\Filters\Filters->run('fetchData', 'before')
 3 SYSTEMPATH\CodeIgniter.php(361): CodeIgniter\CodeIgniter->handleRequest(null, Object(Config\Cache), false)
 4 FCPATH\index.php(79): CodeIgniter\CodeIgniter->run()
WARNING - 2026-02-23 18:58:16 --> [DEPRECATED] Creation of dynamic property CodeIgniter\HTTP\IncomingRequest::$user is deprecated in APPPATH\Filters\JwtAuth.php on line 47.
 1 SYSTEMPATH\Filters\Filters.php(182): App\Filters\JwtAuth->before(Object(CodeIgniter\HTTP\IncomingRequest), null)
 2 SYSTEMPATH\CodeIgniter.php(475): CodeIgniter\Filters\Filters->run('api/profile', 'before')
 3 SYSTEMPATH\CodeIgniter.php(361): CodeIgniter\CodeIgniter->handleRequest(null, Object(Config\Cache), false)
 4 FCPATH\index.php(79): CodeIgniter\CodeIgniter->run()
INFO - 2026-02-23 18:58:16 --> Session: Class initialized using 'CodeIgniter\Session\Handlers\FileHandler' driver.
WARNING - 2026-02-23 18:58:16 --> [DEPRECATED] Creation of dynamic property CodeIgniter\HTTP\IncomingRequest::$user is deprecated in APPPATH\Filters\JwtAuthWeb.php on line 32.
 1 SYSTEMPATH\Filters\Filters.php(182): App\Filters\JwtAuthWeb->before(Object(CodeIgniter\HTTP\IncomingRequest), null)
 2 SYSTEMPATH\CodeIgniter.php(475): CodeIgniter\Filters\Filters->run('getCaregiverData', 'before')
 3 SYSTEMPATH\CodeIgniter.php(361): CodeIgniter\CodeIgniter->handleRequest(null, Object(Config\Cache), false)
 4 FCPATH\index.php(79): CodeIgniter\CodeIgniter->run()
INFO - 2026-02-23 18:58:16 --> Session: Class initialized using 'CodeIgniter\Session\Handlers\FileHandler' driver.
WARNING - 2026-02-23 18:58:16 --> [DEPRECATED] Creation of dynamic property CodeIgniter\HTTP\IncomingRequest::$user is deprecated in APPPATH\Filters\JwtAuthWeb.php on line 32.
 1 SYSTEMPATH\Filters\Filters.php(182): App\Filters\JwtAuthWeb->before(Object(CodeIgniter\HTTP\IncomingRequest), null)
 2 SYSTEMPATH\CodeIgniter.php(475): CodeIgniter\Filters\Filters->run('fetchDataNCD', 'before')
 3 SYSTEMPATH\CodeIgniter.php(361): CodeIgniter\CodeIgniter->handleRequest(null, Object(Config\Cache), false)
 4 FCPATH\index.php(79): CodeIgniter\CodeIgniter->run()
INFO - 2026-02-23 18:58:16 --> Session: Class initialized using 'CodeIgniter\Session\Handlers\FileHandler' driver.
WARNING - 2026-02-23 18:58:16 --> [DEPRECATED] Creation of dynamic property CodeIgniter\HTTP\IncomingRequest::$user is deprecated in APPPATH\Filters\JwtAuthWeb.php on line 32.
 1 SYSTEMPATH\Filters\Filters.php(182): App\Filters\JwtAuthWeb->before(Object(CodeIgniter\HTTP\IncomingRequest), null)
 2 SYSTEMPATH\CodeIgniter.php(475): CodeIgniter\Filters\Filters->run('fetchDataPop', 'before')
 3 SYSTEMPATH\CodeIgniter.php(361): CodeIgniter\CodeIgniter->handleRequest(null, Object(Config\Cache), false)
 4 FCPATH\index.php(79): CodeIgniter\CodeIgniter->run()
INFO - 2026-02-23 18:58:28 --> Session: Class initialized using 'CodeIgniter\Session\Handlers\FileHandler' driver.
WARNING - 2026-02-23 18:58:28 --> [DEPRECATED] Creation of dynamic property CodeIgniter\HTTP\IncomingRequest::$user is deprecated in APPPATH\Filters\JwtAuthWeb.php on line 32.
 1 SYSTEMPATH\Filters\Filters.php(182): App\Filters\JwtAuthWeb->before(Object(CodeIgniter\HTTP\IncomingRequest), null)
 2 SYSTEMPATH\CodeIgniter.php(475): CodeIgniter\Filters\Filters->run('deleteLTC', 'before')
 3 SYSTEMPATH\CodeIgniter.php(361): CodeIgniter\CodeIgniter->handleRequest(null, Object(Config\Cache), false)
 4 FCPATH\index.php(79): CodeIgniter\CodeIgniter->run()
INFO - 2026-02-23 18:59:48 --> Session: Class initialized using 'CodeIgniter\Session\Handlers\FileHandler' driver.
WARNING - 2026-02-23 18:59:48 --> [DEPRECATED] Creation of dynamic property CodeIgniter\HTTP\IncomingRequest::$user is deprecated in APPPATH\Filters\JwtAuthWeb.php on line 32.
 1 SYSTEMPATH\Filters\Filters.php(182): App\Filters\JwtAuthWeb->before(Object(CodeIgniter\HTTP\IncomingRequest), null)
 2 SYSTEMPATH\CodeIgniter.php(475): CodeIgniter\Filters\Filters->run('import-data', 'before')
 3 SYSTEMPATH\CodeIgniter.php(361): CodeIgniter\CodeIgniter->handleRequest(null, Object(Config\Cache), false)
 4 FCPATH\index.php(79): CodeIgniter\CodeIgniter->run()
INFO - 2026-02-23 18:59:49 --> Session: Class initialized using 'CodeIgniter\Session\Handlers\FileHandler' driver.
WARNING - 2026-02-23 18:59:49 --> [DEPRECATED] Creation of dynamic property CodeIgniter\HTTP\IncomingRequest::$user is deprecated in APPPATH\Filters\JwtAuthWeb.php on line 32.
 1 SYSTEMPATH\Filters\Filters.php(182): App\Filters\JwtAuthWeb->before(Object(CodeIgniter\HTTP\IncomingRequest), null)
 2 SYSTEMPATH\CodeIgniter.php(475): CodeIgniter\Filters\Filters->run('fetchData', 'before')
 3 SYSTEMPATH\CodeIgniter.php(361): CodeIgniter\CodeIgniter->handleRequest(null, Object(Config\Cache), false)
 4 FCPATH\index.php(79): CodeIgniter\CodeIgniter->run()
WARNING - 2026-02-23 18:59:49 --> [DEPRECATED] Creation of dynamic property CodeIgniter\HTTP\IncomingRequest::$user is deprecated in APPPATH\Filters\JwtAuth.php on line 47.
 1 SYSTEMPATH\Filters\Filters.php(182): App\Filters\JwtAuth->before(Object(CodeIgniter\HTTP\IncomingRequest), null)
 2 SYSTEMPATH\CodeIgniter.php(475): CodeIgniter\Filters\Filters->run('api/profile', 'before')
 3 SYSTEMPATH\CodeIgniter.php(361): CodeIgniter\CodeIgniter->handleRequest(null, Object(Config\Cache), false)
 4 FCPATH\index.php(79): CodeIgniter\CodeIgniter->run()
INFO - 2026-02-23 18:59:49 --> Session: Class initialized using 'CodeIgniter\Session\Handlers\FileHandler' driver.
WARNING - 2026-02-23 18:59:49 --> [DEPRECATED] Creation of dynamic property CodeIgniter\HTTP\IncomingRequest::$user is deprecated in APPPATH\Filters\JwtAuthWeb.php on line 32.
 1 SYSTEMPATH\Filters\Filters.php(182): App\Filters\JwtAuthWeb->before(Object(CodeIgniter\HTTP\IncomingRequest), null)
 2 SYSTEMPATH\CodeIgniter.php(475): CodeIgniter\Filters\Filters->run('getCaregiverData', 'before')
 3 SYSTEMPATH\CodeIgniter.php(361): CodeIgniter\CodeIgniter->handleRequest(null, Object(Config\Cache), false)
 4 FCPATH\index.php(79): CodeIgniter\CodeIgniter->run()
INFO - 2026-02-23 18:59:49 --> Session: Class initialized using 'CodeIgniter\Session\Handlers\FileHandler' driver.
WARNING - 2026-02-23 18:59:49 --> [DEPRECATED] Creation of dynamic property CodeIgniter\HTTP\IncomingRequest::$user is deprecated in APPPATH\Filters\JwtAuthWeb.php on line 32.
 1 SYSTEMPATH\Filters\Filters.php(182): App\Filters\JwtAuthWeb->before(Object(CodeIgniter\HTTP\IncomingRequest), null)
 2 SYSTEMPATH\CodeIgniter.php(475): CodeIgniter\Filters\Filters->run('fetchDataNCD', 'before')
 3 SYSTEMPATH\CodeIgniter.php(361): CodeIgniter\CodeIgniter->handleRequest(null, Object(Config\Cache), false)
 4 FCPATH\index.php(79): CodeIgniter\CodeIgniter->run()
INFO - 2026-02-23 18:59:49 --> Session: Class initialized using 'CodeIgniter\Session\Handlers\FileHandler' driver.
WARNING - 2026-02-23 18:59:49 --> [DEPRECATED] Creation of dynamic property CodeIgniter\HTTP\IncomingRequest::$user is deprecated in APPPATH\Filters\JwtAuthWeb.php on line 32.
 1 SYSTEMPATH\Filters\Filters.php(182): App\Filters\JwtAuthWeb->before(Object(CodeIgniter\HTTP\IncomingRequest), null)
 2 SYSTEMPATH\CodeIgniter.php(475): CodeIgniter\Filters\Filters->run('fetchDataPop', 'before')
 3 SYSTEMPATH\CodeIgniter.php(361): CodeIgniter\CodeIgniter->handleRequest(null, Object(Config\Cache), false)
 4 FCPATH\index.php(79): CodeIgniter\CodeIgniter->run()
INFO - 2026-02-23 19:00:06 --> Session: Class initialized using 'CodeIgniter\Session\Handlers\FileHandler' driver.
WARNING - 2026-02-23 19:00:06 --> [DEPRECATED] Creation of dynamic property CodeIgniter\HTTP\IncomingRequest::$user is deprecated in APPPATH\Filters\JwtAuthWeb.php on line 32.
 1 SYSTEMPATH\Filters\Filters.php(182): App\Filters\JwtAuthWeb->before(Object(CodeIgniter\HTTP\IncomingRequest), null)
 2 SYSTEMPATH\CodeIgniter.php(475): CodeIgniter\Filters\Filters->run('deleteLTC', 'before')
 3 SYSTEMPATH\CodeIgniter.php(361): CodeIgniter\CodeIgniter->handleRequest(null, Object(Config\Cache), false)
 4 FCPATH\index.php(79): CodeIgniter\CodeIgniter->run()
INFO - 2026-02-23 19:01:11 --> Session: Class initialized using 'CodeIgniter\Session\Handlers\FileHandler' driver.
WARNING - 2026-02-23 19:01:11 --> [DEPRECATED] Creation of dynamic property CodeIgniter\HTTP\IncomingRequest::$user is deprecated in APPPATH\Filters\JwtAuthWeb.php on line 32.
 1 SYSTEMPATH\Filters\Filters.php(182): App\Filters\JwtAuthWeb->before(Object(CodeIgniter\HTTP\IncomingRequest), null)
 2 SYSTEMPATH\CodeIgniter.php(475): CodeIgniter\Filters\Filters->run('import-data', 'before')
 3 SYSTEMPATH\CodeIgniter.php(361): CodeIgniter\CodeIgniter->handleRequest(null, Object(Config\Cache), false)
 4 FCPATH\index.php(79): CodeIgniter\CodeIgniter->run()
INFO - 2026-02-23 19:01:12 --> Session: Class initialized using 'CodeIgniter\Session\Handlers\FileHandler' driver.
WARNING - 2026-02-23 19:01:12 --> [DEPRECATED] Creation of dynamic property CodeIgniter\HTTP\IncomingRequest::$user is deprecated in APPPATH\Filters\JwtAuthWeb.php on line 32.
 1 SYSTEMPATH\Filters\Filters.php(182): App\Filters\JwtAuthWeb->before(Object(CodeIgniter\HTTP\IncomingRequest), null)
 2 SYSTEMPATH\CodeIgniter.php(475): CodeIgniter\Filters\Filters->run('fetchData', 'before')
 3 SYSTEMPATH\CodeIgniter.php(361): CodeIgniter\CodeIgniter->handleRequest(null, Object(Config\Cache), false)
 4 FCPATH\index.php(79): CodeIgniter\CodeIgniter->run()
WARNING - 2026-02-23 19:01:12 --> [DEPRECATED] Creation of dynamic property CodeIgniter\HTTP\IncomingRequest::$user is deprecated in APPPATH\Filters\JwtAuth.php on line 47.
 1 SYSTEMPATH\Filters\Filters.php(182): App\Filters\JwtAuth->before(Object(CodeIgniter\HTTP\IncomingRequest), null)
 2 SYSTEMPATH\CodeIgniter.php(475): CodeIgniter\Filters\Filters->run('api/profile', 'before')
 3 SYSTEMPATH\CodeIgniter.php(361): CodeIgniter\CodeIgniter->handleRequest(null, Object(Config\Cache), false)
 4 FCPATH\index.php(79): CodeIgniter\CodeIgniter->run()
INFO - 2026-02-23 19:01:12 --> Session: Class initialized using 'CodeIgniter\Session\Handlers\FileHandler' driver.
WARNING - 2026-02-23 19:01:12 --> [DEPRECATED] Creation of dynamic property CodeIgniter\HTTP\IncomingRequest::$user is deprecated in APPPATH\Filters\JwtAuthWeb.php on line 32.
 1 SYSTEMPATH\Filters\Filters.php(182): App\Filters\JwtAuthWeb->before(Object(CodeIgniter\HTTP\IncomingRequest), null)
 2 SYSTEMPATH\CodeIgniter.php(475): CodeIgniter\Filters\Filters->run('getCaregiverData', 'before')
 3 SYSTEMPATH\CodeIgniter.php(361): CodeIgniter\CodeIgniter->handleRequest(null, Object(Config\Cache), false)
 4 FCPATH\index.php(79): CodeIgniter\CodeIgniter->run()
INFO - 2026-02-23 19:01:12 --> Session: Class initialized using 'CodeIgniter\Session\Handlers\FileHandler' driver.
WARNING - 2026-02-23 19:01:12 --> [DEPRECATED] Creation of dynamic property CodeIgniter\HTTP\IncomingRequest::$user is deprecated in APPPATH\Filters\JwtAuthWeb.php on line 32.
 1 SYSTEMPATH\Filters\Filters.php(182): App\Filters\JwtAuthWeb->before(Object(CodeIgniter\HTTP\IncomingRequest), null)
 2 SYSTEMPATH\CodeIgniter.php(475): CodeIgniter\Filters\Filters->run('fetchDataNCD', 'before')
 3 SYSTEMPATH\CodeIgniter.php(361): CodeIgniter\CodeIgniter->handleRequest(null, Object(Config\Cache), false)
 4 FCPATH\index.php(79): CodeIgniter\CodeIgniter->run()
INFO - 2026-02-23 19:01:12 --> Session: Class initialized using 'CodeIgniter\Session\Handlers\FileHandler' driver.
WARNING - 2026-02-23 19:01:12 --> [DEPRECATED] Creation of dynamic property CodeIgniter\HTTP\IncomingRequest::$user is deprecated in APPPATH\Filters\JwtAuthWeb.php on line 32.
 1 SYSTEMPATH\Filters\Filters.php(182): App\Filters\JwtAuthWeb->before(Object(CodeIgniter\HTTP\IncomingRequest), null)
 2 SYSTEMPATH\CodeIgniter.php(475): CodeIgniter\Filters\Filters->run('fetchDataPop', 'before')
 3 SYSTEMPATH\CodeIgniter.php(361): CodeIgniter\CodeIgniter->handleRequest(null, Object(Config\Cache), false)
 4 FCPATH\index.php(79): CodeIgniter\CodeIgniter->run()
INFO - 2026-02-23 19:01:22 --> Session: Class initialized using 'CodeIgniter\Session\Handlers\FileHandler' driver.
WARNING - 2026-02-23 19:01:22 --> [DEPRECATED] Creation of dynamic property CodeIgniter\HTTP\IncomingRequest::$user is deprecated in APPPATH\Filters\JwtAuthWeb.php on line 32.
 1 SYSTEMPATH\Filters\Filters.php(182): App\Filters\JwtAuthWeb->before(Object(CodeIgniter\HTTP\IncomingRequest), null)
 2 SYSTEMPATH\CodeIgniter.php(475): CodeIgniter\Filters\Filters->run('deleteLTC', 'before')
 3 SYSTEMPATH\CodeIgniter.php(361): CodeIgniter\CodeIgniter->handleRequest(null, Object(Config\Cache), false)
 4 FCPATH\index.php(79): CodeIgniter\CodeIgniter->run()
INFO - 2026-02-23 19:02:35 --> Session: Class initialized using 'CodeIgniter\Session\Handlers\FileHandler' driver.
WARNING - 2026-02-23 19:02:35 --> [DEPRECATED] Creation of dynamic property CodeIgniter\HTTP\IncomingRequest::$user is deprecated in APPPATH\Filters\JwtAuthWeb.php on line 32.
 1 SYSTEMPATH\Filters\Filters.php(182): App\Filters\JwtAuthWeb->before(Object(CodeIgniter\HTTP\IncomingRequest), null)
 2 SYSTEMPATH\CodeIgniter.php(475): CodeIgniter\Filters\Filters->run('import-data', 'before')
 3 SYSTEMPATH\CodeIgniter.php(361): CodeIgniter\CodeIgniter->handleRequest(null, Object(Config\Cache), false)
 4 FCPATH\index.php(79): CodeIgniter\CodeIgniter->run()
INFO - 2026-02-23 19:02:36 --> Session: Class initialized using 'CodeIgniter\Session\Handlers\FileHandler' driver.
WARNING - 2026-02-23 19:02:36 --> [DEPRECATED] Creation of dynamic property CodeIgniter\HTTP\IncomingRequest::$user is deprecated in APPPATH\Filters\JwtAuthWeb.php on line 32.
 1 SYSTEMPATH\Filters\Filters.php(182): App\Filters\JwtAuthWeb->before(Object(CodeIgniter\HTTP\IncomingRequest), null)
 2 SYSTEMPATH\CodeIgniter.php(475): CodeIgniter\Filters\Filters->run('fetchData', 'before')
 3 SYSTEMPATH\CodeIgniter.php(361): CodeIgniter\CodeIgniter->handleRequest(null, Object(Config\Cache), false)
 4 FCPATH\index.php(79): CodeIgniter\CodeIgniter->run()
WARNING - 2026-02-23 19:02:36 --> [DEPRECATED] Creation of dynamic property CodeIgniter\HTTP\IncomingRequest::$user is deprecated in APPPATH\Filters\JwtAuth.php on line 47.
 1 SYSTEMPATH\Filters\Filters.php(182): App\Filters\JwtAuth->before(Object(CodeIgniter\HTTP\IncomingRequest), null)
 2 SYSTEMPATH\CodeIgniter.php(475): CodeIgniter\Filters\Filters->run('api/profile', 'before')
 3 SYSTEMPATH\CodeIgniter.php(361): CodeIgniter\CodeIgniter->handleRequest(null, Object(Config\Cache), false)
 4 FCPATH\index.php(79): CodeIgniter\CodeIgniter->run()
INFO - 2026-02-23 19:02:36 --> Session: Class initialized using 'CodeIgniter\Session\Handlers\FileHandler' driver.
WARNING - 2026-02-23 19:02:36 --> [DEPRECATED] Creation of dynamic property CodeIgniter\HTTP\IncomingRequest::$user is deprecated in APPPATH\Filters\JwtAuthWeb.php on line 32.
 1 SYSTEMPATH\Filters\Filters.php(182): App\Filters\JwtAuthWeb->before(Object(CodeIgniter\HTTP\IncomingRequest), null)
 2 SYSTEMPATH\CodeIgniter.php(475): CodeIgniter\Filters\Filters->run('getCaregiverData', 'before')
 3 SYSTEMPATH\CodeIgniter.php(361): CodeIgniter\CodeIgniter->handleRequest(null, Object(Config\Cache), false)
 4 FCPATH\index.php(79): CodeIgniter\CodeIgniter->run()
INFO - 2026-02-23 19:02:36 --> Session: Class initialized using 'CodeIgniter\Session\Handlers\FileHandler' driver.
WARNING - 2026-02-23 19:02:36 --> [DEPRECATED] Creation of dynamic property CodeIgniter\HTTP\IncomingRequest::$user is deprecated in APPPATH\Filters\JwtAuthWeb.php on line 32.
 1 SYSTEMPATH\Filters\Filters.php(182): App\Filters\JwtAuthWeb->before(Object(CodeIgniter\HTTP\IncomingRequest), null)
 2 SYSTEMPATH\CodeIgniter.php(475): CodeIgniter\Filters\Filters->run('fetchDataNCD', 'before')
 3 SYSTEMPATH\CodeIgniter.php(361): CodeIgniter\CodeIgniter->handleRequest(null, Object(Config\Cache), false)
 4 FCPATH\index.php(79): CodeIgniter\CodeIgniter->run()
INFO - 2026-02-23 19:02:36 --> Session: Class initialized using 'CodeIgniter\Session\Handlers\FileHandler' driver.
WARNING - 2026-02-23 19:02:36 --> [DEPRECATED] Creation of dynamic property CodeIgniter\HTTP\IncomingRequest::$user is deprecated in APPPATH\Filters\JwtAuthWeb.php on line 32.
 1 SYSTEMPATH\Filters\Filters.php(182): App\Filters\JwtAuthWeb->before(Object(CodeIgniter\HTTP\IncomingRequest), null)
 2 SYSTEMPATH\CodeIgniter.php(475): CodeIgniter\Filters\Filters->run('fetchDataPop', 'before')
 3 SYSTEMPATH\CodeIgniter.php(361): CodeIgniter\CodeIgniter->handleRequest(null, Object(Config\Cache), false)
 4 FCPATH\index.php(79): CodeIgniter\CodeIgniter->run()
INFO - 2026-02-23 19:03:37 --> Session: Class initialized using 'CodeIgniter\Session\Handlers\FileHandler' driver.
WARNING - 2026-02-23 19:03:37 --> [DEPRECATED] Creation of dynamic property CodeIgniter\HTTP\IncomingRequest::$user is deprecated in APPPATH\Filters\JwtAuthWeb.php on line 32.
 1 SYSTEMPATH\Filters\Filters.php(182): App\Filters\JwtAuthWeb->before(Object(CodeIgniter\HTTP\IncomingRequest), null)
 2 SYSTEMPATH\CodeIgniter.php(475): CodeIgniter\Filters\Filters->run('import-data', 'before')
 3 SYSTEMPATH\CodeIgniter.php(361): CodeIgniter\CodeIgniter->handleRequest(null, Object(Config\Cache), false)
 4 FCPATH\index.php(79): CodeIgniter\CodeIgniter->run()
INFO - 2026-02-23 19:03:38 --> Session: Class initialized using 'CodeIgniter\Session\Handlers\FileHandler' driver.
WARNING - 2026-02-23 19:03:38 --> [DEPRECATED] Creation of dynamic property CodeIgniter\HTTP\IncomingRequest::$user is deprecated in APPPATH\Filters\JwtAuthWeb.php on line 32.
 1 SYSTEMPATH\Filters\Filters.php(182): App\Filters\JwtAuthWeb->before(Object(CodeIgniter\HTTP\IncomingRequest), null)
 2 SYSTEMPATH\CodeIgniter.php(475): CodeIgniter\Filters\Filters->run('fetchData', 'before')
 3 SYSTEMPATH\CodeIgniter.php(361): CodeIgniter\CodeIgniter->handleRequest(null, Object(Config\Cache), false)
 4 FCPATH\index.php(79): CodeIgniter\CodeIgniter->run()
WARNING - 2026-02-23 19:03:38 --> [DEPRECATED] Creation of dynamic property CodeIgniter\HTTP\IncomingRequest::$user is deprecated in APPPATH\Filters\JwtAuth.php on line 47.
 1 SYSTEMPATH\Filters\Filters.php(182): App\Filters\JwtAuth->before(Object(CodeIgniter\HTTP\IncomingRequest), null)
 2 SYSTEMPATH\CodeIgniter.php(475): CodeIgniter\Filters\Filters->run('api/profile', 'before')
 3 SYSTEMPATH\CodeIgniter.php(361): CodeIgniter\CodeIgniter->handleRequest(null, Object(Config\Cache), false)
 4 FCPATH\index.php(79): CodeIgniter\CodeIgniter->run()
INFO - 2026-02-23 19:03:38 --> Session: Class initialized using 'CodeIgniter\Session\Handlers\FileHandler' driver.
WARNING - 2026-02-23 19:03:38 --> [DEPRECATED] Creation of dynamic property CodeIgniter\HTTP\IncomingRequest::$user is deprecated in APPPATH\Filters\JwtAuthWeb.php on line 32.
 1 SYSTEMPATH\Filters\Filters.php(182): App\Filters\JwtAuthWeb->before(Object(CodeIgniter\HTTP\IncomingRequest), null)
 2 SYSTEMPATH\CodeIgniter.php(475): CodeIgniter\Filters\Filters->run('getCaregiverData', 'before')
 3 SYSTEMPATH\CodeIgniter.php(361): CodeIgniter\CodeIgniter->handleRequest(null, Object(Config\Cache), false)
 4 FCPATH\index.php(79): CodeIgniter\CodeIgniter->run()
INFO - 2026-02-23 19:03:38 --> Session: Class initialized using 'CodeIgniter\Session\Handlers\FileHandler' driver.
WARNING - 2026-02-23 19:03:38 --> [DEPRECATED] Creation of dynamic property CodeIgniter\HTTP\IncomingRequest::$user is deprecated in APPPATH\Filters\JwtAuthWeb.php on line 32.
 1 SYSTEMPATH\Filters\Filters.php(182): App\Filters\JwtAuthWeb->before(Object(CodeIgniter\HTTP\IncomingRequest), null)
 2 SYSTEMPATH\CodeIgniter.php(475): CodeIgniter\Filters\Filters->run('fetchDataNCD', 'before')
 3 SYSTEMPATH\CodeIgniter.php(361): CodeIgniter\CodeIgniter->handleRequest(null, Object(Config\Cache), false)
 4 FCPATH\index.php(79): CodeIgniter\CodeIgniter->run()
INFO - 2026-02-23 19:03:38 --> Session: Class initialized using 'CodeIgniter\Session\Handlers\FileHandler' driver.
WARNING - 2026-02-23 19:03:38 --> [DEPRECATED] Creation of dynamic property CodeIgniter\HTTP\IncomingRequest::$user is deprecated in APPPATH\Filters\JwtAuthWeb.php on line 32.
 1 SYSTEMPATH\Filters\Filters.php(182): App\Filters\JwtAuthWeb->before(Object(CodeIgniter\HTTP\IncomingRequest), null)
 2 SYSTEMPATH\CodeIgniter.php(475): CodeIgniter\Filters\Filters->run('fetchDataPop', 'before')
 3 SYSTEMPATH\CodeIgniter.php(361): CodeIgniter\CodeIgniter->handleRequest(null, Object(Config\Cache), false)
 4 FCPATH\index.php(79): CodeIgniter\CodeIgniter->run()
INFO - 2026-02-23 19:03:40 --> Session: Class initialized using 'CodeIgniter\Session\Handlers\FileHandler' driver.
WARNING - 2026-02-23 19:03:40 --> [DEPRECATED] Creation of dynamic property CodeIgniter\HTTP\IncomingRequest::$user is deprecated in APPPATH\Filters\JwtAuthWeb.php on line 32.
 1 SYSTEMPATH\Filters\Filters.php(182): App\Filters\JwtAuthWeb->before(Object(CodeIgniter\HTTP\IncomingRequest), null)
 2 SYSTEMPATH\CodeIgniter.php(475): CodeIgniter\Filters\Filters->run('deleteLTC', 'before')
 3 SYSTEMPATH\CodeIgniter.php(361): CodeIgniter\CodeIgniter->handleRequest(null, Object(Config\Cache), false)
 4 FCPATH\index.php(79): CodeIgniter\CodeIgniter->run()
INFO - 2026-02-23 19:03:41 --> Session: Class initialized using 'CodeIgniter\Session\Handlers\FileHandler' driver.
WARNING - 2026-02-23 19:03:41 --> [DEPRECATED] Creation of dynamic property CodeIgniter\HTTP\IncomingRequest::$user is deprecated in APPPATH\Filters\JwtAuthWeb.php on line 32.
 1 SYSTEMPATH\Filters\Filters.php(182): App\Filters\JwtAuthWeb->before(Object(CodeIgniter\HTTP\IncomingRequest), null)
 2 SYSTEMPATH\CodeIgniter.php(475): CodeIgniter\Filters\Filters->run('fetchData', 'before')
 3 SYSTEMPATH\CodeIgniter.php(361): CodeIgniter\CodeIgniter->handleRequest(null, Object(Config\Cache), false)
 4 FCPATH\index.php(79): CodeIgniter\CodeIgniter->run()
INFO - 2026-02-23 19:05:17 --> Session: Class initialized using 'CodeIgniter\Session\Handlers\FileHandler' driver.
WARNING - 2026-02-23 19:05:17 --> [DEPRECATED] Creation of dynamic property CodeIgniter\HTTP\IncomingRequest::$user is deprecated in APPPATH\Filters\JwtAuthWeb.php on line 32.
 1 SYSTEMPATH\Filters\Filters.php(182): App\Filters\JwtAuthWeb->before(Object(CodeIgniter\HTTP\IncomingRequest), null)
 2 SYSTEMPATH\CodeIgniter.php(475): CodeIgniter\Filters\Filters->run('import-data', 'before')
 3 SYSTEMPATH\CodeIgniter.php(361): CodeIgniter\CodeIgniter->handleRequest(null, Object(Config\Cache), false)
 4 FCPATH\index.php(79): CodeIgniter\CodeIgniter->run()
INFO - 2026-02-23 19:05:18 --> Session: Class initialized using 'CodeIgniter\Session\Handlers\FileHandler' driver.
WARNING - 2026-02-23 19:05:18 --> [DEPRECATED] Creation of dynamic property CodeIgniter\HTTP\IncomingRequest::$user is deprecated in APPPATH\Filters\JwtAuthWeb.php on line 32.
 1 SYSTEMPATH\Filters\Filters.php(182): App\Filters\JwtAuthWeb->before(Object(CodeIgniter\HTTP\IncomingRequest), null)
 2 SYSTEMPATH\CodeIgniter.php(475): CodeIgniter\Filters\Filters->run('fetchData', 'before')
 3 SYSTEMPATH\CodeIgniter.php(361): CodeIgniter\CodeIgniter->handleRequest(null, Object(Config\Cache), false)
 4 FCPATH\index.php(79): CodeIgniter\CodeIgniter->run()
WARNING - 2026-02-23 19:05:18 --> [DEPRECATED] Creation of dynamic property CodeIgniter\HTTP\IncomingRequest::$user is deprecated in APPPATH\Filters\JwtAuth.php on line 47.
 1 SYSTEMPATH\Filters\Filters.php(182): App\Filters\JwtAuth->before(Object(CodeIgniter\HTTP\IncomingRequest), null)
 2 SYSTEMPATH\CodeIgniter.php(475): CodeIgniter\Filters\Filters->run('api/profile', 'before')
 3 SYSTEMPATH\CodeIgniter.php(361): CodeIgniter\CodeIgniter->handleRequest(null, Object(Config\Cache), false)
 4 FCPATH\index.php(79): CodeIgniter\CodeIgniter->run()
INFO - 2026-02-23 19:05:18 --> Session: Class initialized using 'CodeIgniter\Session\Handlers\FileHandler' driver.
WARNING - 2026-02-23 19:05:18 --> [DEPRECATED] Creation of dynamic property CodeIgniter\HTTP\IncomingRequest::$user is deprecated in APPPATH\Filters\JwtAuthWeb.php on line 32.
 1 SYSTEMPATH\Filters\Filters.php(182): App\Filters\JwtAuthWeb->before(Object(CodeIgniter\HTTP\IncomingRequest), null)
 2 SYSTEMPATH\CodeIgniter.php(475): CodeIgniter\Filters\Filters->run('fetchDataNCD', 'before')
 3 SYSTEMPATH\CodeIgniter.php(361): CodeIgniter\CodeIgniter->handleRequest(null, Object(Config\Cache), false)
 4 FCPATH\index.php(79): CodeIgniter\CodeIgniter->run()
INFO - 2026-02-23 19:05:19 --> Session: Class initialized using 'CodeIgniter\Session\Handlers\FileHandler' driver.
WARNING - 2026-02-23 19:05:19 --> [DEPRECATED] Creation of dynamic property CodeIgniter\HTTP\IncomingRequest::$user is deprecated in APPPATH\Filters\JwtAuthWeb.php on line 32.
 1 SYSTEMPATH\Filters\Filters.php(182): App\Filters\JwtAuthWeb->before(Object(CodeIgniter\HTTP\IncomingRequest), null)
 2 SYSTEMPATH\CodeIgniter.php(475): CodeIgniter\Filters\Filters->run('getCaregiverData', 'before')
 3 SYSTEMPATH\CodeIgniter.php(361): CodeIgniter\CodeIgniter->handleRequest(null, Object(Config\Cache), false)
 4 FCPATH\index.php(79): CodeIgniter\CodeIgniter->run()
INFO - 2026-02-23 19:05:19 --> Session: Class initialized using 'CodeIgniter\Session\Handlers\FileHandler' driver.
WARNING - 2026-02-23 19:05:19 --> [DEPRECATED] Creation of dynamic property CodeIgniter\HTTP\IncomingRequest::$user is deprecated in APPPATH\Filters\JwtAuthWeb.php on line 32.
 1 SYSTEMPATH\Filters\Filters.php(182): App\Filters\JwtAuthWeb->before(Object(CodeIgniter\HTTP\IncomingRequest), null)
 2 SYSTEMPATH\CodeIgniter.php(475): CodeIgniter\Filters\Filters->run('fetchDataPop', 'before')
 3 SYSTEMPATH\CodeIgniter.php(361): CodeIgniter\CodeIgniter->handleRequest(null, Object(Config\Cache), false)
 4 FCPATH\index.php(79): CodeIgniter\CodeIgniter->run()
INFO - 2026-02-23 19:05:25 --> Session: Class initialized using 'CodeIgniter\Session\Handlers\FileHandler' driver.
WARNING - 2026-02-23 19:05:25 --> [DEPRECATED] Creation of dynamic property CodeIgniter\HTTP\IncomingRequest::$user is deprecated in APPPATH\Filters\JwtAuthWeb.php on line 32.
 1 SYSTEMPATH\Filters\Filters.php(182): App\Filters\JwtAuthWeb->before(Object(CodeIgniter\HTTP\IncomingRequest), null)
 2 SYSTEMPATH\CodeIgniter.php(475): CodeIgniter\Filters\Filters->run('deleteCG', 'before')
 3 SYSTEMPATH\CodeIgniter.php(361): CodeIgniter\CodeIgniter->handleRequest(null, Object(Config\Cache), false)
 4 FCPATH\index.php(79): CodeIgniter\CodeIgniter->run()
INFO - 2026-02-23 19:05:35 --> Session: Class initialized using 'CodeIgniter\Session\Handlers\FileHandler' driver.
WARNING - 2026-02-23 19:05:35 --> [DEPRECATED] Creation of dynamic property CodeIgniter\HTTP\IncomingRequest::$user is deprecated in APPPATH\Filters\JwtAuthWeb.php on line 32.
 1 SYSTEMPATH\Filters\Filters.php(182): App\Filters\JwtAuthWeb->before(Object(CodeIgniter\HTTP\IncomingRequest), null)
 2 SYSTEMPATH\CodeIgniter.php(475): CodeIgniter\Filters\Filters->run('deleteNCD', 'before')
 3 SYSTEMPATH\CodeIgniter.php(361): CodeIgniter\CodeIgniter->handleRequest(null, Object(Config\Cache), false)
 4 FCPATH\index.php(79): CodeIgniter\CodeIgniter->run()
INFO - 2026-02-23 19:05:36 --> Session: Class initialized using 'CodeIgniter\Session\Handlers\FileHandler' driver.
WARNING - 2026-02-23 19:05:36 --> [DEPRECATED] Creation of dynamic property CodeIgniter\HTTP\IncomingRequest::$user is deprecated in APPPATH\Filters\JwtAuthWeb.php on line 32.
 1 SYSTEMPATH\Filters\Filters.php(182): App\Filters\JwtAuthWeb->before(Object(CodeIgniter\HTTP\IncomingRequest), null)
 2 SYSTEMPATH\CodeIgniter.php(475): CodeIgniter\Filters\Filters->run('fetchDataNCD', 'before')
 3 SYSTEMPATH\CodeIgniter.php(361): CodeIgniter\CodeIgniter->handleRequest(null, Object(Config\Cache), false)
 4 FCPATH\index.php(79): CodeIgniter\CodeIgniter->run()
INFO - 2026-02-23 19:05:57 --> Session: Class initialized using 'CodeIgniter\Session\Handlers\FileHandler' driver.
WARNING - 2026-02-23 19:05:57 --> [DEPRECATED] Creation of dynamic property CodeIgniter\HTTP\IncomingRequest::$user is deprecated in APPPATH\Filters\JwtAuthWeb.php on line 32.
 1 SYSTEMPATH\Filters\Filters.php(182): App\Filters\JwtAuthWeb->before(Object(CodeIgniter\HTTP\IncomingRequest), null)
 2 SYSTEMPATH\CodeIgniter.php(475): CodeIgniter\Filters\Filters->run('deleteLTC', 'before')
 3 SYSTEMPATH\CodeIgniter.php(361): CodeIgniter\CodeIgniter->handleRequest(null, Object(Config\Cache), false)
 4 FCPATH\index.php(79): CodeIgniter\CodeIgniter->run()
INFO - 2026-02-23 19:05:58 --> Session: Class initialized using 'CodeIgniter\Session\Handlers\FileHandler' driver.
WARNING - 2026-02-23 19:05:58 --> [DEPRECATED] Creation of dynamic property CodeIgniter\HTTP\IncomingRequest::$user is deprecated in APPPATH\Filters\JwtAuthWeb.php on line 32.
 1 SYSTEMPATH\Filters\Filters.php(182): App\Filters\JwtAuthWeb->before(Object(CodeIgniter\HTTP\IncomingRequest), null)
 2 SYSTEMPATH\CodeIgniter.php(475): CodeIgniter\Filters\Filters->run('fetchData', 'before')
 3 SYSTEMPATH\CodeIgniter.php(361): CodeIgniter\CodeIgniter->handleRequest(null, Object(Config\Cache), false)
 4 FCPATH\index.php(79): CodeIgniter\CodeIgniter->run()
INFO - 2026-02-23 19:06:35 --> Session: Class initialized using 'CodeIgniter\Session\Handlers\FileHandler' driver.
WARNING - 2026-02-23 19:06:35 --> [DEPRECATED] Creation of dynamic property CodeIgniter\HTTP\IncomingRequest::$user is deprecated in APPPATH\Filters\JwtAuthWeb.php on line 32.
 1 SYSTEMPATH\Filters\Filters.php(182): App\Filters\JwtAuthWeb->before(Object(CodeIgniter\HTTP\IncomingRequest), null)
 2 SYSTEMPATH\CodeIgniter.php(475): CodeIgniter\Filters\Filters->run('import-data', 'before')
 3 SYSTEMPATH\CodeIgniter.php(361): CodeIgniter\CodeIgniter->handleRequest(null, Object(Config\Cache), false)
 4 FCPATH\index.php(79): CodeIgniter\CodeIgniter->run()
INFO - 2026-02-23 19:06:36 --> Session: Class initialized using 'CodeIgniter\Session\Handlers\FileHandler' driver.
WARNING - 2026-02-23 19:06:36 --> [DEPRECATED] Creation of dynamic property CodeIgniter\HTTP\IncomingRequest::$user is deprecated in APPPATH\Filters\JwtAuthWeb.php on line 32.
 1 SYSTEMPATH\Filters\Filters.php(182): App\Filters\JwtAuthWeb->before(Object(CodeIgniter\HTTP\IncomingRequest), null)
 2 SYSTEMPATH\CodeIgniter.php(475): CodeIgniter\Filters\Filters->run('fetchData', 'before')
 3 SYSTEMPATH\CodeIgniter.php(361): CodeIgniter\CodeIgniter->handleRequest(null, Object(Config\Cache), false)
 4 FCPATH\index.php(79): CodeIgniter\CodeIgniter->run()
WARNING - 2026-02-23 19:06:36 --> [DEPRECATED] Creation of dynamic property CodeIgniter\HTTP\IncomingRequest::$user is deprecated in APPPATH\Filters\JwtAuth.php on line 47.
 1 SYSTEMPATH\Filters\Filters.php(182): App\Filters\JwtAuth->before(Object(CodeIgniter\HTTP\IncomingRequest), null)
 2 SYSTEMPATH\CodeIgniter.php(475): CodeIgniter\Filters\Filters->run('api/profile', 'before')
 3 SYSTEMPATH\CodeIgniter.php(361): CodeIgniter\CodeIgniter->handleRequest(null, Object(Config\Cache), false)
 4 FCPATH\index.php(79): CodeIgniter\CodeIgniter->run()
INFO - 2026-02-23 19:06:36 --> Session: Class initialized using 'CodeIgniter\Session\Handlers\FileHandler' driver.
WARNING - 2026-02-23 19:06:36 --> [DEPRECATED] Creation of dynamic property CodeIgniter\HTTP\IncomingRequest::$user is deprecated in APPPATH\Filters\JwtAuthWeb.php on line 32.
 1 SYSTEMPATH\Filters\Filters.php(182): App\Filters\JwtAuthWeb->before(Object(CodeIgniter\HTTP\IncomingRequest), null)
 2 SYSTEMPATH\CodeIgniter.php(475): CodeIgniter\Filters\Filters->run('getCaregiverData', 'before')
 3 SYSTEMPATH\CodeIgniter.php(361): CodeIgniter\CodeIgniter->handleRequest(null, Object(Config\Cache), false)
 4 FCPATH\index.php(79): CodeIgniter\CodeIgniter->run()
INFO - 2026-02-23 19:06:36 --> Session: Class initialized using 'CodeIgniter\Session\Handlers\FileHandler' driver.
WARNING - 2026-02-23 19:06:36 --> [DEPRECATED] Creation of dynamic property CodeIgniter\HTTP\IncomingRequest::$user is deprecated in APPPATH\Filters\JwtAuthWeb.php on line 32.
 1 SYSTEMPATH\Filters\Filters.php(182): App\Filters\JwtAuthWeb->before(Object(CodeIgniter\HTTP\IncomingRequest), null)
 2 SYSTEMPATH\CodeIgniter.php(475): CodeIgniter\Filters\Filters->run('fetchDataNCD', 'before')
 3 SYSTEMPATH\CodeIgniter.php(361): CodeIgniter\CodeIgniter->handleRequest(null, Object(Config\Cache), false)
 4 FCPATH\index.php(79): CodeIgniter\CodeIgniter->run()
INFO - 2026-02-23 19:06:36 --> Session: Class initialized using 'CodeIgniter\Session\Handlers\FileHandler' driver.
WARNING - 2026-02-23 19:06:36 --> [DEPRECATED] Creation of dynamic property CodeIgniter\HTTP\IncomingRequest::$user is deprecated in APPPATH\Filters\JwtAuthWeb.php on line 32.
 1 SYSTEMPATH\Filters\Filters.php(182): App\Filters\JwtAuthWeb->before(Object(CodeIgniter\HTTP\IncomingRequest), null)
 2 SYSTEMPATH\CodeIgniter.php(475): CodeIgniter\Filters\Filters->run('fetchDataPop', 'before')
 3 SYSTEMPATH\CodeIgniter.php(361): CodeIgniter\CodeIgniter->handleRequest(null, Object(Config\Cache), false)
 4 FCPATH\index.php(79): CodeIgniter\CodeIgniter->run()
INFO - 2026-02-23 19:08:39 --> Session: Class initialized using 'CodeIgniter\Session\Handlers\FileHandler' driver.
WARNING - 2026-02-23 19:08:39 --> [DEPRECATED] Creation of dynamic property CodeIgniter\HTTP\IncomingRequest::$user is deprecated in APPPATH\Filters\JwtAuthWeb.php on line 32.
 1 SYSTEMPATH\Filters\Filters.php(182): App\Filters\JwtAuthWeb->before(Object(CodeIgniter\HTTP\IncomingRequest), null)
 2 SYSTEMPATH\CodeIgniter.php(475): CodeIgniter\Filters\Filters->run('import-data', 'before')
 3 SYSTEMPATH\CodeIgniter.php(361): CodeIgniter\CodeIgniter->handleRequest(null, Object(Config\Cache), false)
 4 FCPATH\index.php(79): CodeIgniter\CodeIgniter->run()
INFO - 2026-02-23 19:08:40 --> Session: Class initialized using 'CodeIgniter\Session\Handlers\FileHandler' driver.
WARNING - 2026-02-23 19:08:40 --> [DEPRECATED] Creation of dynamic property CodeIgniter\HTTP\IncomingRequest::$user is deprecated in APPPATH\Filters\JwtAuthWeb.php on line 32.
 1 SYSTEMPATH\Filters\Filters.php(182): App\Filters\JwtAuthWeb->before(Object(CodeIgniter\HTTP\IncomingRequest), null)
 2 SYSTEMPATH\CodeIgniter.php(475): CodeIgniter\Filters\Filters->run('fetchData', 'before')
 3 SYSTEMPATH\CodeIgniter.php(361): CodeIgniter\CodeIgniter->handleRequest(null, Object(Config\Cache), false)
 4 FCPATH\index.php(79): CodeIgniter\CodeIgniter->run()
WARNING - 2026-02-23 19:08:40 --> [DEPRECATED] Creation of dynamic property CodeIgniter\HTTP\IncomingRequest::$user is deprecated in APPPATH\Filters\JwtAuth.php on line 47.
 1 SYSTEMPATH\Filters\Filters.php(182): App\Filters\JwtAuth->before(Object(CodeIgniter\HTTP\IncomingRequest), null)
 2 SYSTEMPATH\CodeIgniter.php(475): CodeIgniter\Filters\Filters->run('api/profile', 'before')
 3 SYSTEMPATH\CodeIgniter.php(361): CodeIgniter\CodeIgniter->handleRequest(null, Object(Config\Cache), false)
 4 FCPATH\index.php(79): CodeIgniter\CodeIgniter->run()
INFO - 2026-02-23 19:08:40 --> Session: Class initialized using 'CodeIgniter\Session\Handlers\FileHandler' driver.
WARNING - 2026-02-23 19:08:40 --> [DEPRECATED] Creation of dynamic property CodeIgniter\HTTP\IncomingRequest::$user is deprecated in APPPATH\Filters\JwtAuthWeb.php on line 32.
 1 SYSTEMPATH\Filters\Filters.php(182): App\Filters\JwtAuthWeb->before(Object(CodeIgniter\HTTP\IncomingRequest), null)
 2 SYSTEMPATH\CodeIgniter.php(475): CodeIgniter\Filters\Filters->run('getCaregiverData', 'before')
 3 SYSTEMPATH\CodeIgniter.php(361): CodeIgniter\CodeIgniter->handleRequest(null, Object(Config\Cache), false)
 4 FCPATH\index.php(79): CodeIgniter\CodeIgniter->run()
INFO - 2026-02-23 19:08:40 --> Session: Class initialized using 'CodeIgniter\Session\Handlers\FileHandler' driver.
WARNING - 2026-02-23 19:08:40 --> [DEPRECATED] Creation of dynamic property CodeIgniter\HTTP\IncomingRequest::$user is deprecated in APPPATH\Filters\JwtAuthWeb.php on line 32.
 1 SYSTEMPATH\Filters\Filters.php(182): App\Filters\JwtAuthWeb->before(Object(CodeIgniter\HTTP\IncomingRequest), null)
 2 SYSTEMPATH\CodeIgniter.php(475): CodeIgniter\Filters\Filters->run('fetchDataNCD', 'before')
 3 SYSTEMPATH\CodeIgniter.php(361): CodeIgniter\CodeIgniter->handleRequest(null, Object(Config\Cache), false)
 4 FCPATH\index.php(79): CodeIgniter\CodeIgniter->run()
INFO - 2026-02-23 19:08:40 --> Session: Class initialized using 'CodeIgniter\Session\Handlers\FileHandler' driver.
WARNING - 2026-02-23 19:08:40 --> [DEPRECATED] Creation of dynamic property CodeIgniter\HTTP\IncomingRequest::$user is deprecated in APPPATH\Filters\JwtAuthWeb.php on line 32.
 1 SYSTEMPATH\Filters\Filters.php(182): App\Filters\JwtAuthWeb->before(Object(CodeIgniter\HTTP\IncomingRequest), null)
 2 SYSTEMPATH\CodeIgniter.php(475): CodeIgniter\Filters\Filters->run('fetchDataPop', 'before')
 3 SYSTEMPATH\CodeIgniter.php(361): CodeIgniter\CodeIgniter->handleRequest(null, Object(Config\Cache), false)
 4 FCPATH\index.php(79): CodeIgniter\CodeIgniter->run()
INFO - 2026-02-23 19:10:16 --> Session: Class initialized using 'CodeIgniter\Session\Handlers\FileHandler' driver.
WARNING - 2026-02-23 19:10:16 --> [DEPRECATED] Creation of dynamic property CodeIgniter\HTTP\IncomingRequest::$user is deprecated in APPPATH\Filters\JwtAuthWeb.php on line 32.
 1 SYSTEMPATH\Filters\Filters.php(182): App\Filters\JwtAuthWeb->before(Object(CodeIgniter\HTTP\IncomingRequest), null)
 2 SYSTEMPATH\CodeIgniter.php(475): CodeIgniter\Filters\Filters->run('import-data', 'before')
 3 SYSTEMPATH\CodeIgniter.php(361): CodeIgniter\CodeIgniter->handleRequest(null, Object(Config\Cache), false)
 4 FCPATH\index.php(79): CodeIgniter\CodeIgniter->run()
INFO - 2026-02-23 19:10:16 --> Session: Class initialized using 'CodeIgniter\Session\Handlers\FileHandler' driver.
WARNING - 2026-02-23 19:10:16 --> [DEPRECATED] Creation of dynamic property CodeIgniter\HTTP\IncomingRequest::$user is deprecated in APPPATH\Filters\JwtAuthWeb.php on line 32.
 1 SYSTEMPATH\Filters\Filters.php(182): App\Filters\JwtAuthWeb->before(Object(CodeIgniter\HTTP\IncomingRequest), null)
 2 SYSTEMPATH\CodeIgniter.php(475): CodeIgniter\Filters\Filters->run('fetchData', 'before')
 3 SYSTEMPATH\CodeIgniter.php(361): CodeIgniter\CodeIgniter->handleRequest(null, Object(Config\Cache), false)
 4 FCPATH\index.php(79): CodeIgniter\CodeIgniter->run()
WARNING - 2026-02-23 19:10:16 --> [DEPRECATED] Creation of dynamic property CodeIgniter\HTTP\IncomingRequest::$user is deprecated in APPPATH\Filters\JwtAuth.php on line 47.
 1 SYSTEMPATH\Filters\Filters.php(182): App\Filters\JwtAuth->before(Object(CodeIgniter\HTTP\IncomingRequest), null)
 2 SYSTEMPATH\CodeIgniter.php(475): CodeIgniter\Filters\Filters->run('api/profile', 'before')
 3 SYSTEMPATH\CodeIgniter.php(361): CodeIgniter\CodeIgniter->handleRequest(null, Object(Config\Cache), false)
 4 FCPATH\index.php(79): CodeIgniter\CodeIgniter->run()
INFO - 2026-02-23 19:10:16 --> Session: Class initialized using 'CodeIgniter\Session\Handlers\FileHandler' driver.
WARNING - 2026-02-23 19:10:16 --> [DEPRECATED] Creation of dynamic property CodeIgniter\HTTP\IncomingRequest::$user is deprecated in APPPATH\Filters\JwtAuthWeb.php on line 32.
 1 SYSTEMPATH\Filters\Filters.php(182): App\Filters\JwtAuthWeb->before(Object(CodeIgniter\HTTP\IncomingRequest), null)
 2 SYSTEMPATH\CodeIgniter.php(475): CodeIgniter\Filters\Filters->run('getCaregiverData', 'before')
 3 SYSTEMPATH\CodeIgniter.php(361): CodeIgniter\CodeIgniter->handleRequest(null, Object(Config\Cache), false)
 4 FCPATH\index.php(79): CodeIgniter\CodeIgniter->run()
INFO - 2026-02-23 19:10:16 --> Session: Class initialized using 'CodeIgniter\Session\Handlers\FileHandler' driver.
WARNING - 2026-02-23 19:10:16 --> [DEPRECATED] Creation of dynamic property CodeIgniter\HTTP\IncomingRequest::$user is deprecated in APPPATH\Filters\JwtAuthWeb.php on line 32.
 1 SYSTEMPATH\Filters\Filters.php(182): App\Filters\JwtAuthWeb->before(Object(CodeIgniter\HTTP\IncomingRequest), null)
 2 SYSTEMPATH\CodeIgniter.php(475): CodeIgniter\Filters\Filters->run('fetchDataPop', 'before')
 3 SYSTEMPATH\CodeIgniter.php(361): CodeIgniter\CodeIgniter->handleRequest(null, Object(Config\Cache), false)
 4 FCPATH\index.php(79): CodeIgniter\CodeIgniter->run()
INFO - 2026-02-23 19:10:17 --> Session: Class initialized using 'CodeIgniter\Session\Handlers\FileHandler' driver.
WARNING - 2026-02-23 19:10:17 --> [DEPRECATED] Creation of dynamic property CodeIgniter\HTTP\IncomingRequest::$user is deprecated in APPPATH\Filters\JwtAuthWeb.php on line 32.
 1 SYSTEMPATH\Filters\Filters.php(182): App\Filters\JwtAuthWeb->before(Object(CodeIgniter\HTTP\IncomingRequest), null)
 2 SYSTEMPATH\CodeIgniter.php(475): CodeIgniter\Filters\Filters->run('fetchDataNCD', 'before')
 3 SYSTEMPATH\CodeIgniter.php(361): CodeIgniter\CodeIgniter->handleRequest(null, Object(Config\Cache), false)
 4 FCPATH\index.php(79): CodeIgniter\CodeIgniter->run()
INFO - 2026-02-23 19:10:45 --> Session: Class initialized using 'CodeIgniter\Session\Handlers\FileHandler' driver.
WARNING - 2026-02-23 19:10:45 --> [DEPRECATED] Creation of dynamic property CodeIgniter\HTTP\IncomingRequest::$user is deprecated in APPPATH\Filters\JwtAuthWeb.php on line 32.
 1 SYSTEMPATH\Filters\Filters.php(182): App\Filters\JwtAuthWeb->before(Object(CodeIgniter\HTTP\IncomingRequest), null)
 2 SYSTEMPATH\CodeIgniter.php(475): CodeIgniter\Filters\Filters->run('import-data', 'before')
 3 SYSTEMPATH\CodeIgniter.php(361): CodeIgniter\CodeIgniter->handleRequest(null, Object(Config\Cache), false)
 4 FCPATH\index.php(79): CodeIgniter\CodeIgniter->run()
INFO - 2026-02-23 19:10:45 --> Session: Class initialized using 'CodeIgniter\Session\Handlers\FileHandler' driver.
WARNING - 2026-02-23 19:10:45 --> [DEPRECATED] Creation of dynamic property CodeIgniter\HTTP\IncomingRequest::$user is deprecated in APPPATH\Filters\JwtAuthWeb.php on line 32.
 1 SYSTEMPATH\Filters\Filters.php(182): App\Filters\JwtAuthWeb->before(Object(CodeIgniter\HTTP\IncomingRequest), null)
 2 SYSTEMPATH\CodeIgniter.php(475): CodeIgniter\Filters\Filters->run('fetchData', 'before')
 3 SYSTEMPATH\CodeIgniter.php(361): CodeIgniter\CodeIgniter->handleRequest(null, Object(Config\Cache), false)
 4 FCPATH\index.php(79): CodeIgniter\CodeIgniter->run()
WARNING - 2026-02-23 19:10:45 --> [DEPRECATED] Creation of dynamic property CodeIgniter\HTTP\IncomingRequest::$user is deprecated in APPPATH\Filters\JwtAuth.php on line 47.
 1 SYSTEMPATH\Filters\Filters.php(182): App\Filters\JwtAuth->before(Object(CodeIgniter\HTTP\IncomingRequest), null)
 2 SYSTEMPATH\CodeIgniter.php(475): CodeIgniter\Filters\Filters->run('api/profile', 'before')
 3 SYSTEMPATH\CodeIgniter.php(361): CodeIgniter\CodeIgniter->handleRequest(null, Object(Config\Cache), false)
 4 FCPATH\index.php(79): CodeIgniter\CodeIgniter->run()
INFO - 2026-02-23 19:10:45 --> Session: Class initialized using 'CodeIgniter\Session\Handlers\FileHandler' driver.
WARNING - 2026-02-23 19:10:45 --> [DEPRECATED] Creation of dynamic property CodeIgniter\HTTP\IncomingRequest::$user is deprecated in APPPATH\Filters\JwtAuthWeb.php on line 32.
 1 SYSTEMPATH\Filters\Filters.php(182): App\Filters\JwtAuthWeb->before(Object(CodeIgniter\HTTP\IncomingRequest), null)
 2 SYSTEMPATH\CodeIgniter.php(475): CodeIgniter\Filters\Filters->run('getCaregiverData', 'before')
 3 SYSTEMPATH\CodeIgniter.php(361): CodeIgniter\CodeIgniter->handleRequest(null, Object(Config\Cache), false)
 4 FCPATH\index.php(79): CodeIgniter\CodeIgniter->run()
INFO - 2026-02-23 19:10:45 --> Session: Class initialized using 'CodeIgniter\Session\Handlers\FileHandler' driver.
WARNING - 2026-02-23 19:10:45 --> [DEPRECATED] Creation of dynamic property CodeIgniter\HTTP\IncomingRequest::$user is deprecated in APPPATH\Filters\JwtAuthWeb.php on line 32.
 1 SYSTEMPATH\Filters\Filters.php(182): App\Filters\JwtAuthWeb->before(Object(CodeIgniter\HTTP\IncomingRequest), null)
 2 SYSTEMPATH\CodeIgniter.php(475): CodeIgniter\Filters\Filters->run('fetchDataNCD', 'before')
 3 SYSTEMPATH\CodeIgniter.php(361): CodeIgniter\CodeIgniter->handleRequest(null, Object(Config\Cache), false)
 4 FCPATH\index.php(79): CodeIgniter\CodeIgniter->run()
INFO - 2026-02-23 19:10:45 --> Session: Class initialized using 'CodeIgniter\Session\Handlers\FileHandler' driver.
WARNING - 2026-02-23 19:10:45 --> [DEPRECATED] Creation of dynamic property CodeIgniter\HTTP\IncomingRequest::$user is deprecated in APPPATH\Filters\JwtAuthWeb.php on line 32.
 1 SYSTEMPATH\Filters\Filters.php(182): App\Filters\JwtAuthWeb->before(Object(CodeIgniter\HTTP\IncomingRequest), null)
 2 SYSTEMPATH\CodeIgniter.php(475): CodeIgniter\Filters\Filters->run('fetchDataPop', 'before')
 3 SYSTEMPATH\CodeIgniter.php(361): CodeIgniter\CodeIgniter->handleRequest(null, Object(Config\Cache), false)
 4 FCPATH\index.php(79): CodeIgniter\CodeIgniter->run()
INFO - 2026-02-23 19:10:47 --> Session: Class initialized using 'CodeIgniter\Session\Handlers\FileHandler' driver.
WARNING - 2026-02-23 19:10:47 --> [DEPRECATED] Creation of dynamic property CodeIgniter\HTTP\IncomingRequest::$user is deprecated in APPPATH\Filters\JwtAuthWeb.php on line 32.
 1 SYSTEMPATH\Filters\Filters.php(182): App\Filters\JwtAuthWeb->before(Object(CodeIgniter\HTTP\IncomingRequest), null)
 2 SYSTEMPATH\CodeIgniter.php(475): CodeIgniter\Filters\Filters->run('cm-page', 'before')
 3 SYSTEMPATH\CodeIgniter.php(361): CodeIgniter\CodeIgniter->handleRequest(null, Object(Config\Cache), false)
 4 FCPATH\index.php(79): CodeIgniter\CodeIgniter->run()
WARNING - 2026-02-23 19:10:48 --> [DEPRECATED] Creation of dynamic property CodeIgniter\HTTP\IncomingRequest::$user is deprecated in APPPATH\Filters\JwtAuth.php on line 47.
 1 SYSTEMPATH\Filters\Filters.php(182): App\Filters\JwtAuth->before(Object(CodeIgniter\HTTP\IncomingRequest), null)
 2 SYSTEMPATH\CodeIgniter.php(475): CodeIgniter\Filters\Filters->run('api/profile', 'before')
 3 SYSTEMPATH\CodeIgniter.php(361): CodeIgniter\CodeIgniter->handleRequest(null, Object(Config\Cache), false)
 4 FCPATH\index.php(79): CodeIgniter\CodeIgniter->run()
INFO - 2026-02-23 19:10:48 --> Session: Class initialized using 'CodeIgniter\Session\Handlers\FileHandler' driver.
WARNING - 2026-02-23 19:10:48 --> [DEPRECATED] Creation of dynamic property CodeIgniter\HTTP\IncomingRequest::$user is deprecated in APPPATH\Filters\JwtAuthWeb.php on line 32.
 1 SYSTEMPATH\Filters\Filters.php(182): App\Filters\JwtAuthWeb->before(Object(CodeIgniter\HTTP\IncomingRequest), null)
 2 SYSTEMPATH\CodeIgniter.php(475): CodeIgniter\Filters\Filters->run('getCmData', 'before')
 3 SYSTEMPATH\CodeIgniter.php(361): CodeIgniter\CodeIgniter->handleRequest(null, Object(Config\Cache), false)
 4 FCPATH\index.php(79): CodeIgniter\CodeIgniter->run()
INFO - 2026-02-23 19:13:08 --> Session: Class initialized using 'CodeIgniter\Session\Handlers\FileHandler' driver.
WARNING - 2026-02-23 19:13:08 --> [DEPRECATED] Creation of dynamic property CodeIgniter\HTTP\IncomingRequest::$user is deprecated in APPPATH\Filters\JwtAuthWeb.php on line 32.
 1 SYSTEMPATH\Filters\Filters.php(182): App\Filters\JwtAuthWeb->before(Object(CodeIgniter\HTTP\IncomingRequest), null)
 2 SYSTEMPATH\CodeIgniter.php(475): CodeIgniter\Filters\Filters->run('cm-page', 'before')
 3 SYSTEMPATH\CodeIgniter.php(361): CodeIgniter\CodeIgniter->handleRequest(null, Object(Config\Cache), false)
 4 FCPATH\index.php(79): CodeIgniter\CodeIgniter->run()
WARNING - 2026-02-23 19:13:08 --> [DEPRECATED] Creation of dynamic property CodeIgniter\HTTP\IncomingRequest::$user is deprecated in APPPATH\Filters\JwtAuth.php on line 47.
 1 SYSTEMPATH\Filters\Filters.php(182): App\Filters\JwtAuth->before(Object(CodeIgniter\HTTP\IncomingRequest), null)
 2 SYSTEMPATH\CodeIgniter.php(475): CodeIgniter\Filters\Filters->run('api/profile', 'before')
 3 SYSTEMPATH\CodeIgniter.php(361): CodeIgniter\CodeIgniter->handleRequest(null, Object(Config\Cache), false)
 4 FCPATH\index.php(79): CodeIgniter\CodeIgniter->run()
INFO - 2026-02-23 19:13:08 --> Session: Class initialized using 'CodeIgniter\Session\Handlers\FileHandler' driver.
WARNING - 2026-02-23 19:13:08 --> [DEPRECATED] Creation of dynamic property CodeIgniter\HTTP\IncomingRequest::$user is deprecated in APPPATH\Filters\JwtAuthWeb.php on line 32.
 1 SYSTEMPATH\Filters\Filters.php(182): App\Filters\JwtAuthWeb->before(Object(CodeIgniter\HTTP\IncomingRequest), null)
 2 SYSTEMPATH\CodeIgniter.php(475): CodeIgniter\Filters\Filters->run('getCmData', 'before')
 3 SYSTEMPATH\CodeIgniter.php(361): CodeIgniter\CodeIgniter->handleRequest(null, Object(Config\Cache), false)
 4 FCPATH\index.php(79): CodeIgniter\CodeIgniter->run()
INFO - 2026-02-23 19:45:46 --> Session: Class initialized using 'CodeIgniter\Session\Handlers\FileHandler' driver.
WARNING - 2026-02-23 19:45:46 --> [DEPRECATED] Creation of dynamic property CodeIgniter\HTTP\IncomingRequest::$user is deprecated in APPPATH\Filters\JwtAuthWeb.php on line 32.
 1 SYSTEMPATH\Filters\Filters.php(182): App\Filters\JwtAuthWeb->before(Object(CodeIgniter\HTTP\IncomingRequest), null)
 2 SYSTEMPATH\CodeIgniter.php(475): CodeIgniter\Filters\Filters->run('cm-page', 'before')
 3 SYSTEMPATH\CodeIgniter.php(361): CodeIgniter\CodeIgniter->handleRequest(null, Object(Config\Cache), false)
 4 FCPATH\index.php(79): CodeIgniter\CodeIgniter->run()
INFO - 2026-02-23 19:45:47 --> Session: Class initialized using 'CodeIgniter\Session\Handlers\FileHandler' driver.
WARNING - 2026-02-23 19:45:47 --> [DEPRECATED] Creation of dynamic property CodeIgniter\HTTP\IncomingRequest::$user is deprecated in APPPATH\Filters\JwtAuthWeb.php on line 32.
 1 SYSTEMPATH\Filters\Filters.php(182): App\Filters\JwtAuthWeb->before(Object(CodeIgniter\HTTP\IncomingRequest), null)
 2 SYSTEMPATH\CodeIgniter.php(475): CodeIgniter\Filters\Filters->run('getCmData', 'before')
 3 SYSTEMPATH\CodeIgniter.php(361): CodeIgniter\CodeIgniter->handleRequest(null, Object(Config\Cache), false)
 4 FCPATH\index.php(79): CodeIgniter\CodeIgniter->run()
WARNING - 2026-02-23 19:45:47 --> [DEPRECATED] Creation of dynamic property CodeIgniter\HTTP\IncomingRequest::$user is deprecated in APPPATH\Filters\JwtAuth.php on line 47.
 1 SYSTEMPATH\Filters\Filters.php(182): App\Filters\JwtAuth->before(Object(CodeIgniter\HTTP\IncomingRequest), null)
 2 SYSTEMPATH\CodeIgniter.php(475): CodeIgniter\Filters\Filters->run('api/profile', 'before')
 3 SYSTEMPATH\CodeIgniter.php(361): CodeIgniter\CodeIgniter->handleRequest(null, Object(Config\Cache), false)
 4 FCPATH\index.php(79): CodeIgniter\CodeIgniter->run()
INFO - 2026-02-23 19:45:49 --> Session: Class initialized using 'CodeIgniter\Session\Handlers\FileHandler' driver.
WARNING - 2026-02-23 19:45:49 --> [DEPRECATED] Creation of dynamic property CodeIgniter\HTTP\IncomingRequest::$user is deprecated in APPPATH\Filters\JwtAuthWeb.php on line 32.
 1 SYSTEMPATH\Filters\Filters.php(182): App\Filters\JwtAuthWeb->before(Object(CodeIgniter\HTTP\IncomingRequest), null)
 2 SYSTEMPATH\CodeIgniter.php(475): CodeIgniter\Filters\Filters->run('import-data', 'before')
 3 SYSTEMPATH\CodeIgniter.php(361): CodeIgniter\CodeIgniter->handleRequest(null, Object(Config\Cache), false)
 4 FCPATH\index.php(79): CodeIgniter\CodeIgniter->run()
INFO - 2026-02-23 19:45:49 --> Session: Class initialized using 'CodeIgniter\Session\Handlers\FileHandler' driver.
WARNING - 2026-02-23 19:45:49 --> [DEPRECATED] Creation of dynamic property CodeIgniter\HTTP\IncomingRequest::$user is deprecated in APPPATH\Filters\JwtAuthWeb.php on line 32.
 1 SYSTEMPATH\Filters\Filters.php(182): App\Filters\JwtAuthWeb->before(Object(CodeIgniter\HTTP\IncomingRequest), null)
 2 SYSTEMPATH\CodeIgniter.php(475): CodeIgniter\Filters\Filters->run('fetchData', 'before')
 3 SYSTEMPATH\CodeIgniter.php(361): CodeIgniter\CodeIgniter->handleRequest(null, Object(Config\Cache), false)
 4 FCPATH\index.php(79): CodeIgniter\CodeIgniter->run()
WARNING - 2026-02-23 19:45:49 --> [DEPRECATED] Creation of dynamic property CodeIgniter\HTTP\IncomingRequest::$user is deprecated in APPPATH\Filters\JwtAuth.php on line 47.
 1 SYSTEMPATH\Filters\Filters.php(182): App\Filters\JwtAuth->before(Object(CodeIgniter\HTTP\IncomingRequest), null)
 2 SYSTEMPATH\CodeIgniter.php(475): CodeIgniter\Filters\Filters->run('api/profile', 'before')
 3 SYSTEMPATH\CodeIgniter.php(361): CodeIgniter\CodeIgniter->handleRequest(null, Object(Config\Cache), false)
 4 FCPATH\index.php(79): CodeIgniter\CodeIgniter->run()
INFO - 2026-02-23 19:45:49 --> Session: Class initialized using 'CodeIgniter\Session\Handlers\FileHandler' driver.
WARNING - 2026-02-23 19:45:49 --> [DEPRECATED] Creation of dynamic property CodeIgniter\HTTP\IncomingRequest::$user is deprecated in APPPATH\Filters\JwtAuthWeb.php on line 32.
 1 SYSTEMPATH\Filters\Filters.php(182): App\Filters\JwtAuthWeb->before(Object(CodeIgniter\HTTP\IncomingRequest), null)
 2 SYSTEMPATH\CodeIgniter.php(475): CodeIgniter\Filters\Filters->run('getCaregiverData', 'before')
 3 SYSTEMPATH\CodeIgniter.php(361): CodeIgniter\CodeIgniter->handleRequest(null, Object(Config\Cache), false)
 4 FCPATH\index.php(79): CodeIgniter\CodeIgniter->run()
INFO - 2026-02-23 19:45:49 --> Session: Class initialized using 'CodeIgniter\Session\Handlers\FileHandler' driver.
WARNING - 2026-02-23 19:45:49 --> [DEPRECATED] Creation of dynamic property CodeIgniter\HTTP\IncomingRequest::$user is deprecated in APPPATH\Filters\JwtAuthWeb.php on line 32.
 1 SYSTEMPATH\Filters\Filters.php(182): App\Filters\JwtAuthWeb->before(Object(CodeIgniter\HTTP\IncomingRequest), null)
 2 SYSTEMPATH\CodeIgniter.php(475): CodeIgniter\Filters\Filters->run('fetchDataNCD', 'before')
 3 SYSTEMPATH\CodeIgniter.php(361): CodeIgniter\CodeIgniter->handleRequest(null, Object(Config\Cache), false)
 4 FCPATH\index.php(79): CodeIgniter\CodeIgniter->run()
INFO - 2026-02-23 19:45:49 --> Session: Class initialized using 'CodeIgniter\Session\Handlers\FileHandler' driver.
WARNING - 2026-02-23 19:45:49 --> [DEPRECATED] Creation of dynamic property CodeIgniter\HTTP\IncomingRequest::$user is deprecated in APPPATH\Filters\JwtAuthWeb.php on line 32.
 1 SYSTEMPATH\Filters\Filters.php(182): App\Filters\JwtAuthWeb->before(Object(CodeIgniter\HTTP\IncomingRequest), null)
 2 SYSTEMPATH\CodeIgniter.php(475): CodeIgniter\Filters\Filters->run('fetchDataPop', 'before')
 3 SYSTEMPATH\CodeIgniter.php(361): CodeIgniter\CodeIgniter->handleRequest(null, Object(Config\Cache), false)
 4 FCPATH\index.php(79): CodeIgniter\CodeIgniter->run()
INFO - 2026-02-23 19:46:24 --> Session: Class initialized using 'CodeIgniter\Session\Handlers\FileHandler' driver.
WARNING - 2026-02-23 19:46:24 --> [DEPRECATED] Creation of dynamic property CodeIgniter\HTTP\IncomingRequest::$user is deprecated in APPPATH\Filters\JwtAuthWeb.php on line 32.
 1 SYSTEMPATH\Filters\Filters.php(182): App\Filters\JwtAuthWeb->before(Object(CodeIgniter\HTTP\IncomingRequest), null)
 2 SYSTEMPATH\CodeIgniter.php(475): CodeIgniter\Filters\Filters->run('import-home', 'before')
 3 SYSTEMPATH\CodeIgniter.php(361): CodeIgniter\CodeIgniter->handleRequest(null, Object(Config\Cache), false)
 4 FCPATH\index.php(79): CodeIgniter\CodeIgniter->run()
INFO - 2026-02-23 19:46:25 --> Session: Class initialized using 'CodeIgniter\Session\Handlers\FileHandler' driver.
WARNING - 2026-02-23 19:46:25 --> [DEPRECATED] Creation of dynamic property CodeIgniter\HTTP\IncomingRequest::$user is deprecated in APPPATH\Filters\JwtAuthWeb.php on line 32.
 1 SYSTEMPATH\Filters\Filters.php(182): App\Filters\JwtAuthWeb->before(Object(CodeIgniter\HTTP\IncomingRequest), null)
 2 SYSTEMPATH\CodeIgniter.php(475): CodeIgniter\Filters\Filters->run('import-data', 'before')
 3 SYSTEMPATH\CodeIgniter.php(361): CodeIgniter\CodeIgniter->handleRequest(null, Object(Config\Cache), false)
 4 FCPATH\index.php(79): CodeIgniter\CodeIgniter->run()
INFO - 2026-02-23 19:46:25 --> Session: Class initialized using 'CodeIgniter\Session\Handlers\FileHandler' driver.
WARNING - 2026-02-23 19:46:25 --> [DEPRECATED] Creation of dynamic property CodeIgniter\HTTP\IncomingRequest::$user is deprecated in APPPATH\Filters\JwtAuthWeb.php on line 32.
 1 SYSTEMPATH\Filters\Filters.php(182): App\Filters\JwtAuthWeb->before(Object(CodeIgniter\HTTP\IncomingRequest), null)
 2 SYSTEMPATH\CodeIgniter.php(475): CodeIgniter\Filters\Filters->run('fetchData', 'before')
 3 SYSTEMPATH\CodeIgniter.php(361): CodeIgniter\CodeIgniter->handleRequest(null, Object(Config\Cache), false)
 4 FCPATH\index.php(79): CodeIgniter\CodeIgniter->run()
WARNING - 2026-02-23 19:46:25 --> [DEPRECATED] Creation of dynamic property CodeIgniter\HTTP\IncomingRequest::$user is deprecated in APPPATH\Filters\JwtAuth.php on line 47.
 1 SYSTEMPATH\Filters\Filters.php(182): App\Filters\JwtAuth->before(Object(CodeIgniter\HTTP\IncomingRequest), null)
 2 SYSTEMPATH\CodeIgniter.php(475): CodeIgniter\Filters\Filters->run('api/profile', 'before')
 3 SYSTEMPATH\CodeIgniter.php(361): CodeIgniter\CodeIgniter->handleRequest(null, Object(Config\Cache), false)
 4 FCPATH\index.php(79): CodeIgniter\CodeIgniter->run()
INFO - 2026-02-23 19:46:25 --> Session: Class initialized using 'CodeIgniter\Session\Handlers\FileHandler' driver.
WARNING - 2026-02-23 19:46:25 --> [DEPRECATED] Creation of dynamic property CodeIgniter\HTTP\IncomingRequest::$user is deprecated in APPPATH\Filters\JwtAuthWeb.php on line 32.
 1 SYSTEMPATH\Filters\Filters.php(182): App\Filters\JwtAuthWeb->before(Object(CodeIgniter\HTTP\IncomingRequest), null)
 2 SYSTEMPATH\CodeIgniter.php(475): CodeIgniter\Filters\Filters->run('getCaregiverData', 'before')
 3 SYSTEMPATH\CodeIgniter.php(361): CodeIgniter\CodeIgniter->handleRequest(null, Object(Config\Cache), false)
 4 FCPATH\index.php(79): CodeIgniter\CodeIgniter->run()
INFO - 2026-02-23 19:46:25 --> Session: Class initialized using 'CodeIgniter\Session\Handlers\FileHandler' driver.
WARNING - 2026-02-23 19:46:25 --> [DEPRECATED] Creation of dynamic property CodeIgniter\HTTP\IncomingRequest::$user is deprecated in APPPATH\Filters\JwtAuthWeb.php on line 32.
 1 SYSTEMPATH\Filters\Filters.php(182): App\Filters\JwtAuthWeb->before(Object(CodeIgniter\HTTP\IncomingRequest), null)
 2 SYSTEMPATH\CodeIgniter.php(475): CodeIgniter\Filters\Filters->run('fetchDataNCD', 'before')
 3 SYSTEMPATH\CodeIgniter.php(361): CodeIgniter\CodeIgniter->handleRequest(null, Object(Config\Cache), false)
 4 FCPATH\index.php(79): CodeIgniter\CodeIgniter->run()
INFO - 2026-02-23 19:46:25 --> Session: Class initialized using 'CodeIgniter\Session\Handlers\FileHandler' driver.
WARNING - 2026-02-23 19:46:25 --> [DEPRECATED] Creation of dynamic property CodeIgniter\HTTP\IncomingRequest::$user is deprecated in APPPATH\Filters\JwtAuthWeb.php on line 32.
 1 SYSTEMPATH\Filters\Filters.php(182): App\Filters\JwtAuthWeb->before(Object(CodeIgniter\HTTP\IncomingRequest), null)
 2 SYSTEMPATH\CodeIgniter.php(475): CodeIgniter\Filters\Filters->run('fetchDataPop', 'before')
 3 SYSTEMPATH\CodeIgniter.php(361): CodeIgniter\CodeIgniter->handleRequest(null, Object(Config\Cache), false)
 4 FCPATH\index.php(79): CodeIgniter\CodeIgniter->run()
INFO - 2026-02-23 19:59:58 --> Session: Class initialized using 'CodeIgniter\Session\Handlers\FileHandler' driver.
WARNING - 2026-02-23 19:59:58 --> [DEPRECATED] Creation of dynamic property CodeIgniter\HTTP\IncomingRequest::$user is deprecated in APPPATH\Filters\JwtAuthWeb.php on line 32.
 1 SYSTEMPATH\Filters\Filters.php(182): App\Filters\JwtAuthWeb->before(Object(CodeIgniter\HTTP\IncomingRequest), null)
 2 SYSTEMPATH\CodeIgniter.php(475): CodeIgniter\Filters\Filters->run('import-data', 'before')
 3 SYSTEMPATH\CodeIgniter.php(361): CodeIgniter\CodeIgniter->handleRequest(null, Object(Config\Cache), false)
 4 FCPATH\index.php(79): CodeIgniter\CodeIgniter->run()
INFO - 2026-02-23 19:59:58 --> Session: Class initialized using 'CodeIgniter\Session\Handlers\FileHandler' driver.
WARNING - 2026-02-23 19:59:58 --> [DEPRECATED] Creation of dynamic property CodeIgniter\HTTP\IncomingRequest::$user is deprecated in APPPATH\Filters\JwtAuthWeb.php on line 32.
 1 SYSTEMPATH\Filters\Filters.php(182): App\Filters\JwtAuthWeb->before(Object(CodeIgniter\HTTP\IncomingRequest), null)
 2 SYSTEMPATH\CodeIgniter.php(475): CodeIgniter\Filters\Filters->run('fetchData', 'before')
 3 SYSTEMPATH\CodeIgniter.php(361): CodeIgniter\CodeIgniter->handleRequest(null, Object(Config\Cache), false)
 4 FCPATH\index.php(79): CodeIgniter\CodeIgniter->run()
INFO - 2026-02-23 19:59:58 --> Session: Class initialized using 'CodeIgniter\Session\Handlers\FileHandler' driver.
WARNING - 2026-02-23 19:59:58 --> [DEPRECATED] Creation of dynamic property CodeIgniter\HTTP\IncomingRequest::$user is deprecated in APPPATH\Filters\JwtAuthWeb.php on line 32.
 1 SYSTEMPATH\Filters\Filters.php(182): App\Filters\JwtAuthWeb->before(Object(CodeIgniter\HTTP\IncomingRequest), null)
 2 SYSTEMPATH\CodeIgniter.php(475): CodeIgniter\Filters\Filters->run('getCaregiverData', 'before')
 3 SYSTEMPATH\CodeIgniter.php(361): CodeIgniter\CodeIgniter->handleRequest(null, Object(Config\Cache), false)
 4 FCPATH\index.php(79): CodeIgniter\CodeIgniter->run()
CRITICAL - 2026-02-23 19:59:58 --> TypeError: Key material must be a string, resource, or OpenSSLAsymmetricKey
in VENDORPATH\firebase\php-jwt\src\Key.php on line 31.
 1 APPPATH\Filters\JwtAuth.php(43): Firebase\JWT\Key->__construct(false, '')
 2 SYSTEMPATH\Filters\Filters.php(182): App\Filters\JwtAuth->before(Object(CodeIgniter\HTTP\IncomingRequest), null)
 3 SYSTEMPATH\CodeIgniter.php(475): CodeIgniter\Filters\Filters->run('api/profile', 'before')
 4 SYSTEMPATH\CodeIgniter.php(361): CodeIgniter\CodeIgniter->handleRequest(null, Object(Config\Cache), false)
 5 FCPATH\index.php(79): CodeIgniter\CodeIgniter->run()
INFO - 2026-02-23 19:59:58 --> Session: Class initialized using 'CodeIgniter\Session\Handlers\FileHandler' driver.
WARNING - 2026-02-23 19:59:58 --> [DEPRECATED] Creation of dynamic property CodeIgniter\HTTP\IncomingRequest::$user is deprecated in APPPATH\Filters\JwtAuthWeb.php on line 32.
 1 SYSTEMPATH\Filters\Filters.php(182): App\Filters\JwtAuthWeb->before(Object(CodeIgniter\HTTP\IncomingRequest), null)
 2 SYSTEMPATH\CodeIgniter.php(475): CodeIgniter\Filters\Filters->run('fetchDataNCD', 'before')
 3 SYSTEMPATH\CodeIgniter.php(361): CodeIgniter\CodeIgniter->handleRequest(null, Object(Config\Cache), false)
 4 FCPATH\index.php(79): CodeIgniter\CodeIgniter->run()
INFO - 2026-02-23 19:59:58 --> Session: Class initialized using 'CodeIgniter\Session\Handlers\FileHandler' driver.
WARNING - 2026-02-23 19:59:58 --> [DEPRECATED] Creation of dynamic property CodeIgniter\HTTP\IncomingRequest::$user is deprecated in APPPATH\Filters\JwtAuthWeb.php on line 32.
 1 SYSTEMPATH\Filters\Filters.php(182): App\Filters\JwtAuthWeb->before(Object(CodeIgniter\HTTP\IncomingRequest), null)
 2 SYSTEMPATH\CodeIgniter.php(475): CodeIgniter\Filters\Filters->run('fetchDataPop', 'before')
 3 SYSTEMPATH\CodeIgniter.php(361): CodeIgniter\CodeIgniter->handleRequest(null, Object(Config\Cache), false)
 4 FCPATH\index.php(79): CodeIgniter\CodeIgniter->run()
INFO - 2026-02-23 19:59:58 --> Session: Class initialized using 'CodeIgniter\Session\Handlers\FileHandler' driver.
WARNING - 2026-02-23 19:59:58 --> [DEPRECATED] Creation of dynamic property CodeIgniter\HTTP\IncomingRequest::$user is deprecated in APPPATH\Filters\JwtAuthWeb.php on line 32.
 1 SYSTEMPATH\Filters\Filters.php(182): App\Filters\JwtAuthWeb->before(Object(CodeIgniter\HTTP\IncomingRequest), null)
 2 SYSTEMPATH\CodeIgniter.php(475): CodeIgniter\Filters\Filters->run('fetchDataHome', 'before')
 3 SYSTEMPATH\CodeIgniter.php(361): CodeIgniter\CodeIgniter->handleRequest(null, Object(Config\Cache), false)
 4 FCPATH\index.php(79): CodeIgniter\CodeIgniter->run()
INFO - 2026-02-23 20:00:02 --> Session: Class initialized using 'CodeIgniter\Session\Handlers\FileHandler' driver.
INFO - 2026-02-23 20:00:04 --> Session: Class initialized using 'CodeIgniter\Session\Handlers\FileHandler' driver.
WARNING - 2026-02-23 20:00:04 --> [DEPRECATED] Creation of dynamic property CodeIgniter\HTTP\IncomingRequest::$user is deprecated in APPPATH\Filters\JwtAuthWeb.php on line 32.
 1 SYSTEMPATH\Filters\Filters.php(182): App\Filters\JwtAuthWeb->before(Object(CodeIgniter\HTTP\IncomingRequest), null)
 2 SYSTEMPATH\CodeIgniter.php(475): CodeIgniter\Filters\Filters->run('setting/dashboard-page', 'before')
 3 SYSTEMPATH\CodeIgniter.php(361): CodeIgniter\CodeIgniter->handleRequest(null, Object(Config\Cache), false)
 4 FCPATH\index.php(79): CodeIgniter\CodeIgniter->run()
WARNING - 2026-02-23 20:00:04 --> [DEPRECATED] Creation of dynamic property CodeIgniter\HTTP\IncomingRequest::$user is deprecated in APPPATH\Filters\JwtAuth.php on line 47.
 1 SYSTEMPATH\Filters\Filters.php(182): App\Filters\JwtAuth->before(Object(CodeIgniter\HTTP\IncomingRequest), null)
 2 SYSTEMPATH\CodeIgniter.php(475): CodeIgniter\Filters\Filters->run('api/profile', 'before')
 3 SYSTEMPATH\CodeIgniter.php(361): CodeIgniter\CodeIgniter->handleRequest(null, Object(Config\Cache), false)
 4 FCPATH\index.php(79): CodeIgniter\CodeIgniter->run()
INFO - 2026-02-23 20:00:07 --> Session: Class initialized using 'CodeIgniter\Session\Handlers\FileHandler' driver.
WARNING - 2026-02-23 20:00:07 --> [DEPRECATED] Creation of dynamic property CodeIgniter\HTTP\IncomingRequest::$user is deprecated in APPPATH\Filters\JwtAuthWeb.php on line 32.
 1 SYSTEMPATH\Filters\Filters.php(182): App\Filters\JwtAuthWeb->before(Object(CodeIgniter\HTTP\IncomingRequest), null)
 2 SYSTEMPATH\CodeIgniter.php(475): CodeIgniter\Filters\Filters->run('import-data', 'before')
 3 SYSTEMPATH\CodeIgniter.php(361): CodeIgniter\CodeIgniter->handleRequest(null, Object(Config\Cache), false)
 4 FCPATH\index.php(79): CodeIgniter\CodeIgniter->run()
INFO - 2026-02-23 20:00:08 --> Session: Class initialized using 'CodeIgniter\Session\Handlers\FileHandler' driver.
WARNING - 2026-02-23 20:00:08 --> [DEPRECATED] Creation of dynamic property CodeIgniter\HTTP\IncomingRequest::$user is deprecated in APPPATH\Filters\JwtAuthWeb.php on line 32.
 1 SYSTEMPATH\Filters\Filters.php(182): App\Filters\JwtAuthWeb->before(Object(CodeIgniter\HTTP\IncomingRequest), null)
 2 SYSTEMPATH\CodeIgniter.php(475): CodeIgniter\Filters\Filters->run('fetchData', 'before')
 3 SYSTEMPATH\CodeIgniter.php(361): CodeIgniter\CodeIgniter->handleRequest(null, Object(Config\Cache), false)
 4 FCPATH\index.php(79): CodeIgniter\CodeIgniter->run()
WARNING - 2026-02-23 20:00:08 --> [DEPRECATED] Creation of dynamic property CodeIgniter\HTTP\IncomingRequest::$user is deprecated in APPPATH\Filters\JwtAuth.php on line 47.
 1 SYSTEMPATH\Filters\Filters.php(182): App\Filters\JwtAuth->before(Object(CodeIgniter\HTTP\IncomingRequest), null)
 2 SYSTEMPATH\CodeIgniter.php(475): CodeIgniter\Filters\Filters->run('api/profile', 'before')
 3 SYSTEMPATH\CodeIgniter.php(361): CodeIgniter\CodeIgniter->handleRequest(null, Object(Config\Cache), false)
 4 FCPATH\index.php(79): CodeIgniter\CodeIgniter->run()
INFO - 2026-02-23 20:00:08 --> Session: Class initialized using 'CodeIgniter\Session\Handlers\FileHandler' driver.
WARNING - 2026-02-23 20:00:08 --> [DEPRECATED] Creation of dynamic property CodeIgniter\HTTP\IncomingRequest::$user is deprecated in APPPATH\Filters\JwtAuthWeb.php on line 32.
 1 SYSTEMPATH\Filters\Filters.php(182): App\Filters\JwtAuthWeb->before(Object(CodeIgniter\HTTP\IncomingRequest), null)
 2 SYSTEMPATH\CodeIgniter.php(475): CodeIgniter\Filters\Filters->run('getCaregiverData', 'before')
 3 SYSTEMPATH\CodeIgniter.php(361): CodeIgniter\CodeIgniter->handleRequest(null, Object(Config\Cache), false)
 4 FCPATH\index.php(79): CodeIgniter\CodeIgniter->run()
INFO - 2026-02-23 20:00:08 --> Session: Class initialized using 'CodeIgniter\Session\Handlers\FileHandler' driver.
WARNING - 2026-02-23 20:00:08 --> [DEPRECATED] Creation of dynamic property CodeIgniter\HTTP\IncomingRequest::$user is deprecated in APPPATH\Filters\JwtAuthWeb.php on line 32.
 1 SYSTEMPATH\Filters\Filters.php(182): App\Filters\JwtAuthWeb->before(Object(CodeIgniter\HTTP\IncomingRequest), null)
 2 SYSTEMPATH\CodeIgniter.php(475): CodeIgniter\Filters\Filters->run('fetchDataNCD', 'before')
 3 SYSTEMPATH\CodeIgniter.php(361): CodeIgniter\CodeIgniter->handleRequest(null, Object(Config\Cache), false)
 4 FCPATH\index.php(79): CodeIgniter\CodeIgniter->run()
INFO - 2026-02-23 20:00:08 --> Session: Class initialized using 'CodeIgniter\Session\Handlers\FileHandler' driver.
WARNING - 2026-02-23 20:00:08 --> [DEPRECATED] Creation of dynamic property CodeIgniter\HTTP\IncomingRequest::$user is deprecated in APPPATH\Filters\JwtAuthWeb.php on line 32.
 1 SYSTEMPATH\Filters\Filters.php(182): App\Filters\JwtAuthWeb->before(Object(CodeIgniter\HTTP\IncomingRequest), null)
 2 SYSTEMPATH\CodeIgniter.php(475): CodeIgniter\Filters\Filters->run('fetchDataPop', 'before')
 3 SYSTEMPATH\CodeIgniter.php(361): CodeIgniter\CodeIgniter->handleRequest(null, Object(Config\Cache), false)
 4 FCPATH\index.php(79): CodeIgniter\CodeIgniter->run()
INFO - 2026-02-23 20:00:08 --> Session: Class initialized using 'CodeIgniter\Session\Handlers\FileHandler' driver.
WARNING - 2026-02-23 20:00:08 --> [DEPRECATED] Creation of dynamic property CodeIgniter\HTTP\IncomingRequest::$user is deprecated in APPPATH\Filters\JwtAuthWeb.php on line 32.
 1 SYSTEMPATH\Filters\Filters.php(182): App\Filters\JwtAuthWeb->before(Object(CodeIgniter\HTTP\IncomingRequest), null)
 2 SYSTEMPATH\CodeIgniter.php(475): CodeIgniter\Filters\Filters->run('fetchDataHome', 'before')
 3 SYSTEMPATH\CodeIgniter.php(361): CodeIgniter\CodeIgniter->handleRequest(null, Object(Config\Cache), false)
 4 FCPATH\index.php(79): CodeIgniter\CodeIgniter->run()
INFO - 2026-02-23 20:00:51 --> Session: Class initialized using 'CodeIgniter\Session\Handlers\FileHandler' driver.
WARNING - 2026-02-23 20:00:51 --> [DEPRECATED] Creation of dynamic property CodeIgniter\HTTP\IncomingRequest::$user is deprecated in APPPATH\Filters\JwtAuthWeb.php on line 32.
 1 SYSTEMPATH\Filters\Filters.php(182): App\Filters\JwtAuthWeb->before(Object(CodeIgniter\HTTP\IncomingRequest), null)
 2 SYSTEMPATH\CodeIgniter.php(475): CodeIgniter\Filters\Filters->run('import-data', 'before')
 3 SYSTEMPATH\CodeIgniter.php(361): CodeIgniter\CodeIgniter->handleRequest(null, Object(Config\Cache), false)
 4 FCPATH\index.php(79): CodeIgniter\CodeIgniter->run()
INFO - 2026-02-23 20:00:51 --> Session: Class initialized using 'CodeIgniter\Session\Handlers\FileHandler' driver.
WARNING - 2026-02-23 20:00:51 --> [DEPRECATED] Creation of dynamic property CodeIgniter\HTTP\IncomingRequest::$user is deprecated in APPPATH\Filters\JwtAuthWeb.php on line 32.
 1 SYSTEMPATH\Filters\Filters.php(182): App\Filters\JwtAuthWeb->before(Object(CodeIgniter\HTTP\IncomingRequest), null)
 2 SYSTEMPATH\CodeIgniter.php(475): CodeIgniter\Filters\Filters->run('fetchData', 'before')
 3 SYSTEMPATH\CodeIgniter.php(361): CodeIgniter\CodeIgniter->handleRequest(null, Object(Config\Cache), false)
 4 FCPATH\index.php(79): CodeIgniter\CodeIgniter->run()
WARNING - 2026-02-23 20:00:51 --> [DEPRECATED] Creation of dynamic property CodeIgniter\HTTP\IncomingRequest::$user is deprecated in APPPATH\Filters\JwtAuth.php on line 47.
 1 SYSTEMPATH\Filters\Filters.php(182): App\Filters\JwtAuth->before(Object(CodeIgniter\HTTP\IncomingRequest), null)
 2 SYSTEMPATH\CodeIgniter.php(475): CodeIgniter\Filters\Filters->run('api/profile', 'before')
 3 SYSTEMPATH\CodeIgniter.php(361): CodeIgniter\CodeIgniter->handleRequest(null, Object(Config\Cache), false)
 4 FCPATH\index.php(79): CodeIgniter\CodeIgniter->run()
INFO - 2026-02-23 20:00:51 --> Session: Class initialized using 'CodeIgniter\Session\Handlers\FileHandler' driver.
WARNING - 2026-02-23 20:00:51 --> [DEPRECATED] Creation of dynamic property CodeIgniter\HTTP\IncomingRequest::$user is deprecated in APPPATH\Filters\JwtAuthWeb.php on line 32.
 1 SYSTEMPATH\Filters\Filters.php(182): App\Filters\JwtAuthWeb->before(Object(CodeIgniter\HTTP\IncomingRequest), null)
 2 SYSTEMPATH\CodeIgniter.php(475): CodeIgniter\Filters\Filters->run('getCaregiverData', 'before')
 3 SYSTEMPATH\CodeIgniter.php(361): CodeIgniter\CodeIgniter->handleRequest(null, Object(Config\Cache), false)
 4 FCPATH\index.php(79): CodeIgniter\CodeIgniter->run()
INFO - 2026-02-23 20:00:51 --> Session: Class initialized using 'CodeIgniter\Session\Handlers\FileHandler' driver.
WARNING - 2026-02-23 20:00:51 --> [DEPRECATED] Creation of dynamic property CodeIgniter\HTTP\IncomingRequest::$user is deprecated in APPPATH\Filters\JwtAuthWeb.php on line 32.
 1 SYSTEMPATH\Filters\Filters.php(182): App\Filters\JwtAuthWeb->before(Object(CodeIgniter\HTTP\IncomingRequest), null)
 2 SYSTEMPATH\CodeIgniter.php(475): CodeIgniter\Filters\Filters->run('fetchDataNCD', 'before')
 3 SYSTEMPATH\CodeIgniter.php(361): CodeIgniter\CodeIgniter->handleRequest(null, Object(Config\Cache), false)
 4 FCPATH\index.php(79): CodeIgniter\CodeIgniter->run()
INFO - 2026-02-23 20:00:51 --> Session: Class initialized using 'CodeIgniter\Session\Handlers\FileHandler' driver.
WARNING - 2026-02-23 20:00:51 --> [DEPRECATED] Creation of dynamic property CodeIgniter\HTTP\IncomingRequest::$user is deprecated in APPPATH\Filters\JwtAuthWeb.php on line 32.
 1 SYSTEMPATH\Filters\Filters.php(182): App\Filters\JwtAuthWeb->before(Object(CodeIgniter\HTTP\IncomingRequest), null)
 2 SYSTEMPATH\CodeIgniter.php(475): CodeIgniter\Filters\Filters->run('fetchDataPop', 'before')
 3 SYSTEMPATH\CodeIgniter.php(361): CodeIgniter\CodeIgniter->handleRequest(null, Object(Config\Cache), false)
 4 FCPATH\index.php(79): CodeIgniter\CodeIgniter->run()
INFO - 2026-02-23 20:00:51 --> Session: Class initialized using 'CodeIgniter\Session\Handlers\FileHandler' driver.
WARNING - 2026-02-23 20:00:51 --> [DEPRECATED] Creation of dynamic property CodeIgniter\HTTP\IncomingRequest::$user is deprecated in APPPATH\Filters\JwtAuthWeb.php on line 32.
 1 SYSTEMPATH\Filters\Filters.php(182): App\Filters\JwtAuthWeb->before(Object(CodeIgniter\HTTP\IncomingRequest), null)
 2 SYSTEMPATH\CodeIgniter.php(475): CodeIgniter\Filters\Filters->run('fetchDataHome', 'before')
 3 SYSTEMPATH\CodeIgniter.php(361): CodeIgniter\CodeIgniter->handleRequest(null, Object(Config\Cache), false)
 4 FCPATH\index.php(79): CodeIgniter\CodeIgniter->run()
INFO - 2026-02-23 20:35:00 --> Session: Class initialized using 'CodeIgniter\Session\Handlers\FileHandler' driver.
WARNING - 2026-02-23 20:35:00 --> [DEPRECATED] Creation of dynamic property CodeIgniter\HTTP\IncomingRequest::$user is deprecated in APPPATH\Filters\JwtAuthWeb.php on line 32.
 1 SYSTEMPATH\Filters\Filters.php(182): App\Filters\JwtAuthWeb->before(Object(CodeIgniter\HTTP\IncomingRequest), null)
 2 SYSTEMPATH\CodeIgniter.php(475): CodeIgniter\Filters\Filters->run('import-data', 'before')
 3 SYSTEMPATH\CodeIgniter.php(361): CodeIgniter\CodeIgniter->handleRequest(null, Object(Config\Cache), false)
 4 FCPATH\index.php(79): CodeIgniter\CodeIgniter->run()
INFO - 2026-02-23 20:35:00 --> Session: Class initialized using 'CodeIgniter\Session\Handlers\FileHandler' driver.
WARNING - 2026-02-23 20:35:00 --> [DEPRECATED] Creation of dynamic property CodeIgniter\HTTP\IncomingRequest::$user is deprecated in APPPATH\Filters\JwtAuthWeb.php on line 32.
 1 SYSTEMPATH\Filters\Filters.php(182): App\Filters\JwtAuthWeb->before(Object(CodeIgniter\HTTP\IncomingRequest), null)
 2 SYSTEMPATH\CodeIgniter.php(475): CodeIgniter\Filters\Filters->run('fetchData', 'before')
 3 SYSTEMPATH\CodeIgniter.php(361): CodeIgniter\CodeIgniter->handleRequest(null, Object(Config\Cache), false)
 4 FCPATH\index.php(79): CodeIgniter\CodeIgniter->run()
WARNING - 2026-02-23 20:35:00 --> [DEPRECATED] Creation of dynamic property CodeIgniter\HTTP\IncomingRequest::$user is deprecated in APPPATH\Filters\JwtAuth.php on line 47.
 1 SYSTEMPATH\Filters\Filters.php(182): App\Filters\JwtAuth->before(Object(CodeIgniter\HTTP\IncomingRequest), null)
 2 SYSTEMPATH\CodeIgniter.php(475): CodeIgniter\Filters\Filters->run('api/profile', 'before')
 3 SYSTEMPATH\CodeIgniter.php(361): CodeIgniter\CodeIgniter->handleRequest(null, Object(Config\Cache), false)
 4 FCPATH\index.php(79): CodeIgniter\CodeIgniter->run()
INFO - 2026-02-23 20:35:00 --> Session: Class initialized using 'CodeIgniter\Session\Handlers\FileHandler' driver.
WARNING - 2026-02-23 20:35:00 --> [DEPRECATED] Creation of dynamic property CodeIgniter\HTTP\IncomingRequest::$user is deprecated in APPPATH\Filters\JwtAuthWeb.php on line 32.
 1 SYSTEMPATH\Filters\Filters.php(182): App\Filters\JwtAuthWeb->before(Object(CodeIgniter\HTTP\IncomingRequest), null)
 2 SYSTEMPATH\CodeIgniter.php(475): CodeIgniter\Filters\Filters->run('getCaregiverData', 'before')
 3 SYSTEMPATH\CodeIgniter.php(361): CodeIgniter\CodeIgniter->handleRequest(null, Object(Config\Cache), false)
 4 FCPATH\index.php(79): CodeIgniter\CodeIgniter->run()
INFO - 2026-02-23 20:35:00 --> Session: Class initialized using 'CodeIgniter\Session\Handlers\FileHandler' driver.
WARNING - 2026-02-23 20:35:00 --> [DEPRECATED] Creation of dynamic property CodeIgniter\HTTP\IncomingRequest::$user is deprecated in APPPATH\Filters\JwtAuthWeb.php on line 32.
 1 SYSTEMPATH\Filters\Filters.php(182): App\Filters\JwtAuthWeb->before(Object(CodeIgniter\HTTP\IncomingRequest), null)
 2 SYSTEMPATH\CodeIgniter.php(475): CodeIgniter\Filters\Filters->run('fetchDataNCD', 'before')
 3 SYSTEMPATH\CodeIgniter.php(361): CodeIgniter\CodeIgniter->handleRequest(null, Object(Config\Cache), false)
 4 FCPATH\index.php(79): CodeIgniter\CodeIgniter->run()
INFO - 2026-02-23 20:35:00 --> Session: Class initialized using 'CodeIgniter\Session\Handlers\FileHandler' driver.
WARNING - 2026-02-23 20:35:00 --> [DEPRECATED] Creation of dynamic property CodeIgniter\HTTP\IncomingRequest::$user is deprecated in APPPATH\Filters\JwtAuthWeb.php on line 32.
 1 SYSTEMPATH\Filters\Filters.php(182): App\Filters\JwtAuthWeb->before(Object(CodeIgniter\HTTP\IncomingRequest), null)
 2 SYSTEMPATH\CodeIgniter.php(475): CodeIgniter\Filters\Filters->run('fetchDataPop', 'before')
 3 SYSTEMPATH\CodeIgniter.php(361): CodeIgniter\CodeIgniter->handleRequest(null, Object(Config\Cache), false)
 4 FCPATH\index.php(79): CodeIgniter\CodeIgniter->run()
INFO - 2026-02-23 20:35:00 --> Session: Class initialized using 'CodeIgniter\Session\Handlers\FileHandler' driver.
WARNING - 2026-02-23 20:35:00 --> [DEPRECATED] Creation of dynamic property CodeIgniter\HTTP\IncomingRequest::$user is deprecated in APPPATH\Filters\JwtAuthWeb.php on line 32.
 1 SYSTEMPATH\Filters\Filters.php(182): App\Filters\JwtAuthWeb->before(Object(CodeIgniter\HTTP\IncomingRequest), null)
 2 SYSTEMPATH\CodeIgniter.php(475): CodeIgniter\Filters\Filters->run('fetchDataHome', 'before')
 3 SYSTEMPATH\CodeIgniter.php(361): CodeIgniter\CodeIgniter->handleRequest(null, Object(Config\Cache), false)
 4 FCPATH\index.php(79): CodeIgniter\CodeIgniter->run()
INFO - 2026-02-23 20:35:34 --> Session: Class initialized using 'CodeIgniter\Session\Handlers\FileHandler' driver.
WARNING - 2026-02-23 20:35:34 --> [DEPRECATED] Creation of dynamic property CodeIgniter\HTTP\IncomingRequest::$user is deprecated in APPPATH\Filters\JwtAuthWeb.php on line 32.
 1 SYSTEMPATH\Filters\Filters.php(182): App\Filters\JwtAuthWeb->before(Object(CodeIgniter\HTTP\IncomingRequest), null)
 2 SYSTEMPATH\CodeIgniter.php(475): CodeIgniter\Filters\Filters->run('import-data', 'before')
 3 SYSTEMPATH\CodeIgniter.php(361): CodeIgniter\CodeIgniter->handleRequest(null, Object(Config\Cache), false)
 4 FCPATH\index.php(79): CodeIgniter\CodeIgniter->run()
INFO - 2026-02-23 20:35:34 --> Session: Class initialized using 'CodeIgniter\Session\Handlers\FileHandler' driver.
WARNING - 2026-02-23 20:35:34 --> [DEPRECATED] Creation of dynamic property CodeIgniter\HTTP\IncomingRequest::$user is deprecated in APPPATH\Filters\JwtAuthWeb.php on line 32.
 1 SYSTEMPATH\Filters\Filters.php(182): App\Filters\JwtAuthWeb->before(Object(CodeIgniter\HTTP\IncomingRequest), null)
 2 SYSTEMPATH\CodeIgniter.php(475): CodeIgniter\Filters\Filters->run('fetchData', 'before')
 3 SYSTEMPATH\CodeIgniter.php(361): CodeIgniter\CodeIgniter->handleRequest(null, Object(Config\Cache), false)
 4 FCPATH\index.php(79): CodeIgniter\CodeIgniter->run()
WARNING - 2026-02-23 20:35:34 --> [DEPRECATED] Creation of dynamic property CodeIgniter\HTTP\IncomingRequest::$user is deprecated in APPPATH\Filters\JwtAuth.php on line 47.
 1 SYSTEMPATH\Filters\Filters.php(182): App\Filters\JwtAuth->before(Object(CodeIgniter\HTTP\IncomingRequest), null)
 2 SYSTEMPATH\CodeIgniter.php(475): CodeIgniter\Filters\Filters->run('api/profile', 'before')
 3 SYSTEMPATH\CodeIgniter.php(361): CodeIgniter\CodeIgniter->handleRequest(null, Object(Config\Cache), false)
 4 FCPATH\index.php(79): CodeIgniter\CodeIgniter->run()
INFO - 2026-02-23 20:35:34 --> Session: Class initialized using 'CodeIgniter\Session\Handlers\FileHandler' driver.
WARNING - 2026-02-23 20:35:34 --> [DEPRECATED] Creation of dynamic property CodeIgniter\HTTP\IncomingRequest::$user is deprecated in APPPATH\Filters\JwtAuthWeb.php on line 32.
 1 SYSTEMPATH\Filters\Filters.php(182): App\Filters\JwtAuthWeb->before(Object(CodeIgniter\HTTP\IncomingRequest), null)
 2 SYSTEMPATH\CodeIgniter.php(475): CodeIgniter\Filters\Filters->run('getCaregiverData', 'before')
 3 SYSTEMPATH\CodeIgniter.php(361): CodeIgniter\CodeIgniter->handleRequest(null, Object(Config\Cache), false)
 4 FCPATH\index.php(79): CodeIgniter\CodeIgniter->run()
INFO - 2026-02-23 20:35:34 --> Session: Class initialized using 'CodeIgniter\Session\Handlers\FileHandler' driver.
WARNING - 2026-02-23 20:35:34 --> [DEPRECATED] Creation of dynamic property CodeIgniter\HTTP\IncomingRequest::$user is deprecated in APPPATH\Filters\JwtAuthWeb.php on line 32.
 1 SYSTEMPATH\Filters\Filters.php(182): App\Filters\JwtAuthWeb->before(Object(CodeIgniter\HTTP\IncomingRequest), null)
 2 SYSTEMPATH\CodeIgniter.php(475): CodeIgniter\Filters\Filters->run('fetchDataNCD', 'before')
 3 SYSTEMPATH\CodeIgniter.php(361): CodeIgniter\CodeIgniter->handleRequest(null, Object(Config\Cache), false)
 4 FCPATH\index.php(79): CodeIgniter\CodeIgniter->run()
INFO - 2026-02-23 20:35:34 --> Session: Class initialized using 'CodeIgniter\Session\Handlers\FileHandler' driver.
WARNING - 2026-02-23 20:35:34 --> [DEPRECATED] Creation of dynamic property CodeIgniter\HTTP\IncomingRequest::$user is deprecated in APPPATH\Filters\JwtAuthWeb.php on line 32.
 1 SYSTEMPATH\Filters\Filters.php(182): App\Filters\JwtAuthWeb->before(Object(CodeIgniter\HTTP\IncomingRequest), null)
 2 SYSTEMPATH\CodeIgniter.php(475): CodeIgniter\Filters\Filters->run('fetchDataPop', 'before')
 3 SYSTEMPATH\CodeIgniter.php(361): CodeIgniter\CodeIgniter->handleRequest(null, Object(Config\Cache), false)
 4 FCPATH\index.php(79): CodeIgniter\CodeIgniter->run()
INFO - 2026-02-23 20:35:34 --> Session: Class initialized using 'CodeIgniter\Session\Handlers\FileHandler' driver.
WARNING - 2026-02-23 20:35:34 --> [DEPRECATED] Creation of dynamic property CodeIgniter\HTTP\IncomingRequest::$user is deprecated in APPPATH\Filters\JwtAuthWeb.php on line 32.
 1 SYSTEMPATH\Filters\Filters.php(182): App\Filters\JwtAuthWeb->before(Object(CodeIgniter\HTTP\IncomingRequest), null)
 2 SYSTEMPATH\CodeIgniter.php(475): CodeIgniter\Filters\Filters->run('fetchDataHome', 'before')
 3 SYSTEMPATH\CodeIgniter.php(361): CodeIgniter\CodeIgniter->handleRequest(null, Object(Config\Cache), false)
 4 FCPATH\index.php(79): CodeIgniter\CodeIgniter->run()
INFO - 2026-02-23 20:39:39 --> Session: Class initialized using 'CodeIgniter\Session\Handlers\FileHandler' driver.
WARNING - 2026-02-23 20:39:39 --> [DEPRECATED] Creation of dynamic property CodeIgniter\HTTP\IncomingRequest::$user is deprecated in APPPATH\Filters\JwtAuthWeb.php on line 32.
 1 SYSTEMPATH\Filters\Filters.php(182): App\Filters\JwtAuthWeb->before(Object(CodeIgniter\HTTP\IncomingRequest), null)
 2 SYSTEMPATH\CodeIgniter.php(475): CodeIgniter\Filters\Filters->run('import-home', 'before')
 3 SYSTEMPATH\CodeIgniter.php(361): CodeIgniter\CodeIgniter->handleRequest(null, Object(Config\Cache), false)
 4 FCPATH\index.php(79): CodeIgniter\CodeIgniter->run()
INFO - 2026-02-23 20:39:40 --> Session: Class initialized using 'CodeIgniter\Session\Handlers\FileHandler' driver.
WARNING - 2026-02-23 20:39:40 --> [DEPRECATED] Creation of dynamic property CodeIgniter\HTTP\IncomingRequest::$user is deprecated in APPPATH\Filters\JwtAuthWeb.php on line 32.
 1 SYSTEMPATH\Filters\Filters.php(182): App\Filters\JwtAuthWeb->before(Object(CodeIgniter\HTTP\IncomingRequest), null)
 2 SYSTEMPATH\CodeIgniter.php(475): CodeIgniter\Filters\Filters->run('import-data', 'before')
 3 SYSTEMPATH\CodeIgniter.php(361): CodeIgniter\CodeIgniter->handleRequest(null, Object(Config\Cache), false)
 4 FCPATH\index.php(79): CodeIgniter\CodeIgniter->run()
INFO - 2026-02-23 20:39:40 --> Session: Class initialized using 'CodeIgniter\Session\Handlers\FileHandler' driver.
WARNING - 2026-02-23 20:39:40 --> [DEPRECATED] Creation of dynamic property CodeIgniter\HTTP\IncomingRequest::$user is deprecated in APPPATH\Filters\JwtAuthWeb.php on line 32.
 1 SYSTEMPATH\Filters\Filters.php(182): App\Filters\JwtAuthWeb->before(Object(CodeIgniter\HTTP\IncomingRequest), null)
 2 SYSTEMPATH\CodeIgniter.php(475): CodeIgniter\Filters\Filters->run('fetchData', 'before')
 3 SYSTEMPATH\CodeIgniter.php(361): CodeIgniter\CodeIgniter->handleRequest(null, Object(Config\Cache), false)
 4 FCPATH\index.php(79): CodeIgniter\CodeIgniter->run()
WARNING - 2026-02-23 20:39:40 --> [DEPRECATED] Creation of dynamic property CodeIgniter\HTTP\IncomingRequest::$user is deprecated in APPPATH\Filters\JwtAuth.php on line 47.
 1 SYSTEMPATH\Filters\Filters.php(182): App\Filters\JwtAuth->before(Object(CodeIgniter\HTTP\IncomingRequest), null)
 2 SYSTEMPATH\CodeIgniter.php(475): CodeIgniter\Filters\Filters->run('api/profile', 'before')
 3 SYSTEMPATH\CodeIgniter.php(361): CodeIgniter\CodeIgniter->handleRequest(null, Object(Config\Cache), false)
 4 FCPATH\index.php(79): CodeIgniter\CodeIgniter->run()
INFO - 2026-02-23 20:39:40 --> Session: Class initialized using 'CodeIgniter\Session\Handlers\FileHandler' driver.
WARNING - 2026-02-23 20:39:40 --> [DEPRECATED] Creation of dynamic property CodeIgniter\HTTP\IncomingRequest::$user is deprecated in APPPATH\Filters\JwtAuthWeb.php on line 32.
 1 SYSTEMPATH\Filters\Filters.php(182): App\Filters\JwtAuthWeb->before(Object(CodeIgniter\HTTP\IncomingRequest), null)
 2 SYSTEMPATH\CodeIgniter.php(475): CodeIgniter\Filters\Filters->run('getCaregiverData', 'before')
 3 SYSTEMPATH\CodeIgniter.php(361): CodeIgniter\CodeIgniter->handleRequest(null, Object(Config\Cache), false)
 4 FCPATH\index.php(79): CodeIgniter\CodeIgniter->run()
INFO - 2026-02-23 20:39:40 --> Session: Class initialized using 'CodeIgniter\Session\Handlers\FileHandler' driver.
WARNING - 2026-02-23 20:39:40 --> [DEPRECATED] Creation of dynamic property CodeIgniter\HTTP\IncomingRequest::$user is deprecated in APPPATH\Filters\JwtAuthWeb.php on line 32.
 1 SYSTEMPATH\Filters\Filters.php(182): App\Filters\JwtAuthWeb->before(Object(CodeIgniter\HTTP\IncomingRequest), null)
 2 SYSTEMPATH\CodeIgniter.php(475): CodeIgniter\Filters\Filters->run('fetchDataNCD', 'before')
 3 SYSTEMPATH\CodeIgniter.php(361): CodeIgniter\CodeIgniter->handleRequest(null, Object(Config\Cache), false)
 4 FCPATH\index.php(79): CodeIgniter\CodeIgniter->run()
INFO - 2026-02-23 20:39:40 --> Session: Class initialized using 'CodeIgniter\Session\Handlers\FileHandler' driver.
WARNING - 2026-02-23 20:39:40 --> [DEPRECATED] Creation of dynamic property CodeIgniter\HTTP\IncomingRequest::$user is deprecated in APPPATH\Filters\JwtAuthWeb.php on line 32.
 1 SYSTEMPATH\Filters\Filters.php(182): App\Filters\JwtAuthWeb->before(Object(CodeIgniter\HTTP\IncomingRequest), null)
 2 SYSTEMPATH\CodeIgniter.php(475): CodeIgniter\Filters\Filters->run('fetchDataPop', 'before')
 3 SYSTEMPATH\CodeIgniter.php(361): CodeIgniter\CodeIgniter->handleRequest(null, Object(Config\Cache), false)
 4 FCPATH\index.php(79): CodeIgniter\CodeIgniter->run()
INFO - 2026-02-23 20:39:40 --> Session: Class initialized using 'CodeIgniter\Session\Handlers\FileHandler' driver.
WARNING - 2026-02-23 20:39:40 --> [DEPRECATED] Creation of dynamic property CodeIgniter\HTTP\IncomingRequest::$user is deprecated in APPPATH\Filters\JwtAuthWeb.php on line 32.
 1 SYSTEMPATH\Filters\Filters.php(182): App\Filters\JwtAuthWeb->before(Object(CodeIgniter\HTTP\IncomingRequest), null)
 2 SYSTEMPATH\CodeIgniter.php(475): CodeIgniter\Filters\Filters->run('fetchDataHome', 'before')
 3 SYSTEMPATH\CodeIgniter.php(361): CodeIgniter\CodeIgniter->handleRequest(null, Object(Config\Cache), false)
 4 FCPATH\index.php(79): CodeIgniter\CodeIgniter->run()
INFO - 2026-02-23 20:50:22 --> Session: Class initialized using 'CodeIgniter\Session\Handlers\FileHandler' driver.
WARNING - 2026-02-23 20:50:22 --> [DEPRECATED] Creation of dynamic property CodeIgniter\HTTP\IncomingRequest::$user is deprecated in APPPATH\Filters\JwtAuthWeb.php on line 32.
 1 SYSTEMPATH\Filters\Filters.php(182): App\Filters\JwtAuthWeb->before(Object(CodeIgniter\HTTP\IncomingRequest), null)
 2 SYSTEMPATH\CodeIgniter.php(475): CodeIgniter\Filters\Filters->run('import-data', 'before')
 3 SYSTEMPATH\CodeIgniter.php(361): CodeIgniter\CodeIgniter->handleRequest(null, Object(Config\Cache), false)
 4 FCPATH\index.php(79): CodeIgniter\CodeIgniter->run()
INFO - 2026-02-23 20:50:23 --> Session: Class initialized using 'CodeIgniter\Session\Handlers\FileHandler' driver.
WARNING - 2026-02-23 20:50:23 --> [DEPRECATED] Creation of dynamic property CodeIgniter\HTTP\IncomingRequest::$user is deprecated in APPPATH\Filters\JwtAuthWeb.php on line 32.
 1 SYSTEMPATH\Filters\Filters.php(182): App\Filters\JwtAuthWeb->before(Object(CodeIgniter\HTTP\IncomingRequest), null)
 2 SYSTEMPATH\CodeIgniter.php(475): CodeIgniter\Filters\Filters->run('fetchData', 'before')
 3 SYSTEMPATH\CodeIgniter.php(361): CodeIgniter\CodeIgniter->handleRequest(null, Object(Config\Cache), false)
 4 FCPATH\index.php(79): CodeIgniter\CodeIgniter->run()
INFO - 2026-02-23 20:50:23 --> Session: Class initialized using 'CodeIgniter\Session\Handlers\FileHandler' driver.
WARNING - 2026-02-23 20:50:23 --> [DEPRECATED] Creation of dynamic property CodeIgniter\HTTP\IncomingRequest::$user is deprecated in APPPATH\Filters\JwtAuth.php on line 47.
 1 SYSTEMPATH\Filters\Filters.php(182): App\Filters\JwtAuth->before(Object(CodeIgniter\HTTP\IncomingRequest), null)
 2 SYSTEMPATH\CodeIgniter.php(475): CodeIgniter\Filters\Filters->run('api/profile', 'before')
 3 SYSTEMPATH\CodeIgniter.php(361): CodeIgniter\CodeIgniter->handleRequest(null, Object(Config\Cache), false)
 4 FCPATH\index.php(79): CodeIgniter\CodeIgniter->run()
WARNING - 2026-02-23 20:50:23 --> [DEPRECATED] Creation of dynamic property CodeIgniter\HTTP\IncomingRequest::$user is deprecated in APPPATH\Filters\JwtAuthWeb.php on line 32.
 1 SYSTEMPATH\Filters\Filters.php(182): App\Filters\JwtAuthWeb->before(Object(CodeIgniter\HTTP\IncomingRequest), null)
 2 SYSTEMPATH\CodeIgniter.php(475): CodeIgniter\Filters\Filters->run('getCaregiverData', 'before')
 3 SYSTEMPATH\CodeIgniter.php(361): CodeIgniter\CodeIgniter->handleRequest(null, Object(Config\Cache), false)
 4 FCPATH\index.php(79): CodeIgniter\CodeIgniter->run()
INFO - 2026-02-23 20:50:23 --> Session: Class initialized using 'CodeIgniter\Session\Handlers\FileHandler' driver.
WARNING - 2026-02-23 20:50:23 --> [DEPRECATED] Creation of dynamic property CodeIgniter\HTTP\IncomingRequest::$user is deprecated in APPPATH\Filters\JwtAuthWeb.php on line 32.
 1 SYSTEMPATH\Filters\Filters.php(182): App\Filters\JwtAuthWeb->before(Object(CodeIgniter\HTTP\IncomingRequest), null)
 2 SYSTEMPATH\CodeIgniter.php(475): CodeIgniter\Filters\Filters->run('fetchDataNCD', 'before')
 3 SYSTEMPATH\CodeIgniter.php(361): CodeIgniter\CodeIgniter->handleRequest(null, Object(Config\Cache), false)
 4 FCPATH\index.php(79): CodeIgniter\CodeIgniter->run()
INFO - 2026-02-23 20:50:23 --> Session: Class initialized using 'CodeIgniter\Session\Handlers\FileHandler' driver.
WARNING - 2026-02-23 20:50:23 --> [DEPRECATED] Creation of dynamic property CodeIgniter\HTTP\IncomingRequest::$user is deprecated in APPPATH\Filters\JwtAuthWeb.php on line 32.
 1 SYSTEMPATH\Filters\Filters.php(182): App\Filters\JwtAuthWeb->before(Object(CodeIgniter\HTTP\IncomingRequest), null)
 2 SYSTEMPATH\CodeIgniter.php(475): CodeIgniter\Filters\Filters->run('fetchDataPop', 'before')
 3 SYSTEMPATH\CodeIgniter.php(361): CodeIgniter\CodeIgniter->handleRequest(null, Object(Config\Cache), false)
 4 FCPATH\index.php(79): CodeIgniter\CodeIgniter->run()
INFO - 2026-02-23 20:50:23 --> Session: Class initialized using 'CodeIgniter\Session\Handlers\FileHandler' driver.
WARNING - 2026-02-23 20:50:23 --> [DEPRECATED] Creation of dynamic property CodeIgniter\HTTP\IncomingRequest::$user is deprecated in APPPATH\Filters\JwtAuthWeb.php on line 32.
 1 SYSTEMPATH\Filters\Filters.php(182): App\Filters\JwtAuthWeb->before(Object(CodeIgniter\HTTP\IncomingRequest), null)
 2 SYSTEMPATH\CodeIgniter.php(475): CodeIgniter\Filters\Filters->run('fetchDataHome', 'before')
 3 SYSTEMPATH\CodeIgniter.php(361): CodeIgniter\CodeIgniter->handleRequest(null, Object(Config\Cache), false)
 4 FCPATH\index.php(79): CodeIgniter\CodeIgniter->run()
INFO - 2026-02-23 20:50:24 --> Session: Class initialized using 'CodeIgniter\Session\Handlers\FileHandler' driver.
WARNING - 2026-02-23 20:50:24 --> [DEPRECATED] Creation of dynamic property CodeIgniter\HTTP\IncomingRequest::$user is deprecated in APPPATH\Filters\JwtAuthWeb.php on line 32.
 1 SYSTEMPATH\Filters\Filters.php(182): App\Filters\JwtAuthWeb->before(Object(CodeIgniter\HTTP\IncomingRequest), null)
 2 SYSTEMPATH\CodeIgniter.php(475): CodeIgniter\Filters\Filters->run('cm-page', 'before')
 3 SYSTEMPATH\CodeIgniter.php(361): CodeIgniter\CodeIgniter->handleRequest(null, Object(Config\Cache), false)
 4 FCPATH\index.php(79): CodeIgniter\CodeIgniter->run()
CRITICAL - 2026-02-23 20:50:24 --> Error: Cannot use object of type stdClass as array
in APPPATH\Views\cm\index.php on line 162.
 1 SYSTEMPATH\View\View.php(228): include()
 2 SYSTEMPATH\View\View.php(231): CodeIgniter\View\View->CodeIgniter\View\{closure}()
 3 SYSTEMPATH\Common.php(1178): CodeIgniter\View\View->render('cm/index', [], true)
 4 APPPATH\Controllers\CmController.php(33): view('cm/index', [...])
 5 SYSTEMPATH\CodeIgniter.php(943): App\Controllers\CmController->index()
 6 SYSTEMPATH\CodeIgniter.php(503): CodeIgniter\CodeIgniter->runController(Object(App\Controllers\CmController))
 7 SYSTEMPATH\CodeIgniter.php(361): CodeIgniter\CodeIgniter->handleRequest(null, Object(Config\Cache), false)
 8 FCPATH\index.php(79): CodeIgniter\CodeIgniter->run()
INFO - 2026-02-23 20:50:53 --> Session: Class initialized using 'CodeIgniter\Session\Handlers\FileHandler' driver.
WARNING - 2026-02-23 20:50:53 --> [DEPRECATED] Creation of dynamic property CodeIgniter\HTTP\IncomingRequest::$user is deprecated in APPPATH\Filters\JwtAuthWeb.php on line 32.
 1 SYSTEMPATH\Filters\Filters.php(182): App\Filters\JwtAuthWeb->before(Object(CodeIgniter\HTTP\IncomingRequest), null)
 2 SYSTEMPATH\CodeIgniter.php(475): CodeIgniter\Filters\Filters->run('cm-page', 'before')
 3 SYSTEMPATH\CodeIgniter.php(361): CodeIgniter\CodeIgniter->handleRequest(null, Object(Config\Cache), false)
 4 FCPATH\index.php(79): CodeIgniter\CodeIgniter->run()
WARNING - 2026-02-23 20:50:54 --> [DEPRECATED] Creation of dynamic property CodeIgniter\HTTP\IncomingRequest::$user is deprecated in APPPATH\Filters\JwtAuth.php on line 47.
 1 SYSTEMPATH\Filters\Filters.php(182): App\Filters\JwtAuth->before(Object(CodeIgniter\HTTP\IncomingRequest), null)
 2 SYSTEMPATH\CodeIgniter.php(475): CodeIgniter\Filters\Filters->run('api/profile', 'before')
 3 SYSTEMPATH\CodeIgniter.php(361): CodeIgniter\CodeIgniter->handleRequest(null, Object(Config\Cache), false)
 4 FCPATH\index.php(79): CodeIgniter\CodeIgniter->run()
INFO - 2026-02-23 20:50:54 --> Session: Class initialized using 'CodeIgniter\Session\Handlers\FileHandler' driver.
WARNING - 2026-02-23 20:50:54 --> [DEPRECATED] Creation of dynamic property CodeIgniter\HTTP\IncomingRequest::$user is deprecated in APPPATH\Filters\JwtAuthWeb.php on line 32.
 1 SYSTEMPATH\Filters\Filters.php(182): App\Filters\JwtAuthWeb->before(Object(CodeIgniter\HTTP\IncomingRequest), null)
 2 SYSTEMPATH\CodeIgniter.php(475): CodeIgniter\Filters\Filters->run('getCmData', 'before')
 3 SYSTEMPATH\CodeIgniter.php(361): CodeIgniter\CodeIgniter->handleRequest(null, Object(Config\Cache), false)
 4 FCPATH\index.php(79): CodeIgniter\CodeIgniter->run()
INFO - 2026-02-23 20:51:30 --> Session: Class initialized using 'CodeIgniter\Session\Handlers\FileHandler' driver.
WARNING - 2026-02-23 20:51:30 --> [DEPRECATED] Creation of dynamic property CodeIgniter\HTTP\IncomingRequest::$user is deprecated in APPPATH\Filters\JwtAuthWeb.php on line 32.
 1 SYSTEMPATH\Filters\Filters.php(182): App\Filters\JwtAuthWeb->before(Object(CodeIgniter\HTTP\IncomingRequest), null)
 2 SYSTEMPATH\CodeIgniter.php(475): CodeIgniter\Filters\Filters->run('cm-page', 'before')
 3 SYSTEMPATH\CodeIgniter.php(361): CodeIgniter\CodeIgniter->handleRequest(null, Object(Config\Cache), false)
 4 FCPATH\index.php(79): CodeIgniter\CodeIgniter->run()
WARNING - 2026-02-23 20:51:31 --> [DEPRECATED] Creation of dynamic property CodeIgniter\HTTP\IncomingRequest::$user is deprecated in APPPATH\Filters\JwtAuth.php on line 47.
 1 SYSTEMPATH\Filters\Filters.php(182): App\Filters\JwtAuth->before(Object(CodeIgniter\HTTP\IncomingRequest), null)
 2 SYSTEMPATH\CodeIgniter.php(475): CodeIgniter\Filters\Filters->run('api/profile', 'before')
 3 SYSTEMPATH\CodeIgniter.php(361): CodeIgniter\CodeIgniter->handleRequest(null, Object(Config\Cache), false)
 4 FCPATH\index.php(79): CodeIgniter\CodeIgniter->run()
INFO - 2026-02-23 20:51:31 --> Session: Class initialized using 'CodeIgniter\Session\Handlers\FileHandler' driver.
WARNING - 2026-02-23 20:51:31 --> [DEPRECATED] Creation of dynamic property CodeIgniter\HTTP\IncomingRequest::$user is deprecated in APPPATH\Filters\JwtAuthWeb.php on line 32.
 1 SYSTEMPATH\Filters\Filters.php(182): App\Filters\JwtAuthWeb->before(Object(CodeIgniter\HTTP\IncomingRequest), null)
 2 SYSTEMPATH\CodeIgniter.php(475): CodeIgniter\Filters\Filters->run('getCmData', 'before')
 3 SYSTEMPATH\CodeIgniter.php(361): CodeIgniter\CodeIgniter->handleRequest(null, Object(Config\Cache), false)
 4 FCPATH\index.php(79): CodeIgniter\CodeIgniter->run()
INFO - 2026-02-23 20:52:14 --> Session: Class initialized using 'CodeIgniter\Session\Handlers\FileHandler' driver.
WARNING - 2026-02-23 20:52:14 --> [DEPRECATED] Creation of dynamic property CodeIgniter\HTTP\IncomingRequest::$user is deprecated in APPPATH\Filters\JwtAuthWeb.php on line 32.
 1 SYSTEMPATH\Filters\Filters.php(182): App\Filters\JwtAuthWeb->before(Object(CodeIgniter\HTTP\IncomingRequest), null)
 2 SYSTEMPATH\CodeIgniter.php(475): CodeIgniter\Filters\Filters->run('cm-page', 'before')
 3 SYSTEMPATH\CodeIgniter.php(361): CodeIgniter\CodeIgniter->handleRequest(null, Object(Config\Cache), false)
 4 FCPATH\index.php(79): CodeIgniter\CodeIgniter->run()
WARNING - 2026-02-23 20:52:14 --> [DEPRECATED] Creation of dynamic property CodeIgniter\HTTP\IncomingRequest::$user is deprecated in APPPATH\Filters\JwtAuth.php on line 47.
 1 SYSTEMPATH\Filters\Filters.php(182): App\Filters\JwtAuth->before(Object(CodeIgniter\HTTP\IncomingRequest), null)
 2 SYSTEMPATH\CodeIgniter.php(475): CodeIgniter\Filters\Filters->run('api/profile', 'before')
 3 SYSTEMPATH\CodeIgniter.php(361): CodeIgniter\CodeIgniter->handleRequest(null, Object(Config\Cache), false)
 4 FCPATH\index.php(79): CodeIgniter\CodeIgniter->run()
INFO - 2026-02-23 20:52:14 --> Session: Class initialized using 'CodeIgniter\Session\Handlers\FileHandler' driver.
WARNING - 2026-02-23 20:52:14 --> [DEPRECATED] Creation of dynamic property CodeIgniter\HTTP\IncomingRequest::$user is deprecated in APPPATH\Filters\JwtAuthWeb.php on line 32.
 1 SYSTEMPATH\Filters\Filters.php(182): App\Filters\JwtAuthWeb->before(Object(CodeIgniter\HTTP\IncomingRequest), null)
 2 SYSTEMPATH\CodeIgniter.php(475): CodeIgniter\Filters\Filters->run('getCmData', 'before')
 3 SYSTEMPATH\CodeIgniter.php(361): CodeIgniter\CodeIgniter->handleRequest(null, Object(Config\Cache), false)
 4 FCPATH\index.php(79): CodeIgniter\CodeIgniter->run()
INFO - 2026-02-23 20:52:49 --> Session: Class initialized using 'CodeIgniter\Session\Handlers\FileHandler' driver.
WARNING - 2026-02-23 20:52:49 --> [DEPRECATED] Creation of dynamic property CodeIgniter\HTTP\IncomingRequest::$user is deprecated in APPPATH\Filters\JwtAuthWeb.php on line 32.
 1 SYSTEMPATH\Filters\Filters.php(182): App\Filters\JwtAuthWeb->before(Object(CodeIgniter\HTTP\IncomingRequest), null)
 2 SYSTEMPATH\CodeIgniter.php(475): CodeIgniter\Filters\Filters->run('cm-page', 'before')
 3 SYSTEMPATH\CodeIgniter.php(361): CodeIgniter\CodeIgniter->handleRequest(null, Object(Config\Cache), false)
 4 FCPATH\index.php(79): CodeIgniter\CodeIgniter->run()
WARNING - 2026-02-23 20:52:50 --> [DEPRECATED] Creation of dynamic property CodeIgniter\HTTP\IncomingRequest::$user is deprecated in APPPATH\Filters\JwtAuth.php on line 47.
 1 SYSTEMPATH\Filters\Filters.php(182): App\Filters\JwtAuth->before(Object(CodeIgniter\HTTP\IncomingRequest), null)
 2 SYSTEMPATH\CodeIgniter.php(475): CodeIgniter\Filters\Filters->run('api/profile', 'before')
 3 SYSTEMPATH\CodeIgniter.php(361): CodeIgniter\CodeIgniter->handleRequest(null, Object(Config\Cache), false)
 4 FCPATH\index.php(79): CodeIgniter\CodeIgniter->run()
INFO - 2026-02-23 20:52:50 --> Session: Class initialized using 'CodeIgniter\Session\Handlers\FileHandler' driver.
WARNING - 2026-02-23 20:52:50 --> [DEPRECATED] Creation of dynamic property CodeIgniter\HTTP\IncomingRequest::$user is deprecated in APPPATH\Filters\JwtAuthWeb.php on line 32.
 1 SYSTEMPATH\Filters\Filters.php(182): App\Filters\JwtAuthWeb->before(Object(CodeIgniter\HTTP\IncomingRequest), null)
 2 SYSTEMPATH\CodeIgniter.php(475): CodeIgniter\Filters\Filters->run('getCmData', 'before')
 3 SYSTEMPATH\CodeIgniter.php(361): CodeIgniter\CodeIgniter->handleRequest(null, Object(Config\Cache), false)
 4 FCPATH\index.php(79): CodeIgniter\CodeIgniter->run()
INFO - 2026-02-23 20:56:31 --> Session: Class initialized using 'CodeIgniter\Session\Handlers\FileHandler' driver.
WARNING - 2026-02-23 20:56:31 --> [DEPRECATED] Creation of dynamic property CodeIgniter\HTTP\IncomingRequest::$user is deprecated in APPPATH\Filters\JwtAuthWeb.php on line 32.
 1 SYSTEMPATH\Filters\Filters.php(182): App\Filters\JwtAuthWeb->before(Object(CodeIgniter\HTTP\IncomingRequest), null)
 2 SYSTEMPATH\CodeIgniter.php(475): CodeIgniter\Filters\Filters->run('cm-page', 'before')
 3 SYSTEMPATH\CodeIgniter.php(361): CodeIgniter\CodeIgniter->handleRequest(null, Object(Config\Cache), false)
 4 FCPATH\index.php(79): CodeIgniter\CodeIgniter->run()
WARNING - 2026-02-23 20:56:31 --> [DEPRECATED] Creation of dynamic property CodeIgniter\HTTP\IncomingRequest::$user is deprecated in APPPATH\Filters\JwtAuth.php on line 47.
 1 SYSTEMPATH\Filters\Filters.php(182): App\Filters\JwtAuth->before(Object(CodeIgniter\HTTP\IncomingRequest), null)
 2 SYSTEMPATH\CodeIgniter.php(475): CodeIgniter\Filters\Filters->run('api/profile', 'before')
 3 SYSTEMPATH\CodeIgniter.php(361): CodeIgniter\CodeIgniter->handleRequest(null, Object(Config\Cache), false)
 4 FCPATH\index.php(79): CodeIgniter\CodeIgniter->run()
INFO - 2026-02-23 20:56:31 --> Session: Class initialized using 'CodeIgniter\Session\Handlers\FileHandler' driver.
WARNING - 2026-02-23 20:56:31 --> [DEPRECATED] Creation of dynamic property CodeIgniter\HTTP\IncomingRequest::$user is deprecated in APPPATH\Filters\JwtAuthWeb.php on line 32.
 1 SYSTEMPATH\Filters\Filters.php(182): App\Filters\JwtAuthWeb->before(Object(CodeIgniter\HTTP\IncomingRequest), null)
 2 SYSTEMPATH\CodeIgniter.php(475): CodeIgniter\Filters\Filters->run('getCmData', 'before')
 3 SYSTEMPATH\CodeIgniter.php(361): CodeIgniter\CodeIgniter->handleRequest(null, Object(Config\Cache), false)
 4 FCPATH\index.php(79): CodeIgniter\CodeIgniter->run()
INFO - 2026-02-23 20:57:19 --> Session: Class initialized using 'CodeIgniter\Session\Handlers\FileHandler' driver.
WARNING - 2026-02-23 20:57:19 --> [DEPRECATED] Creation of dynamic property CodeIgniter\HTTP\IncomingRequest::$user is deprecated in APPPATH\Filters\JwtAuthWeb.php on line 32.
 1 SYSTEMPATH\Filters\Filters.php(182): App\Filters\JwtAuthWeb->before(Object(CodeIgniter\HTTP\IncomingRequest), null)
 2 SYSTEMPATH\CodeIgniter.php(475): CodeIgniter\Filters\Filters->run('cm-page', 'before')
 3 SYSTEMPATH\CodeIgniter.php(361): CodeIgniter\CodeIgniter->handleRequest(null, Object(Config\Cache), false)
 4 FCPATH\index.php(79): CodeIgniter\CodeIgniter->run()
WARNING - 2026-02-23 20:57:20 --> [DEPRECATED] Creation of dynamic property CodeIgniter\HTTP\IncomingRequest::$user is deprecated in APPPATH\Filters\JwtAuth.php on line 47.
 1 SYSTEMPATH\Filters\Filters.php(182): App\Filters\JwtAuth->before(Object(CodeIgniter\HTTP\IncomingRequest), null)
 2 SYSTEMPATH\CodeIgniter.php(475): CodeIgniter\Filters\Filters->run('api/profile', 'before')
 3 SYSTEMPATH\CodeIgniter.php(361): CodeIgniter\CodeIgniter->handleRequest(null, Object(Config\Cache), false)
 4 FCPATH\index.php(79): CodeIgniter\CodeIgniter->run()
INFO - 2026-02-23 20:57:20 --> Session: Class initialized using 'CodeIgniter\Session\Handlers\FileHandler' driver.
WARNING - 2026-02-23 20:57:20 --> [DEPRECATED] Creation of dynamic property CodeIgniter\HTTP\IncomingRequest::$user is deprecated in APPPATH\Filters\JwtAuthWeb.php on line 32.
 1 SYSTEMPATH\Filters\Filters.php(182): App\Filters\JwtAuthWeb->before(Object(CodeIgniter\HTTP\IncomingRequest), null)
 2 SYSTEMPATH\CodeIgniter.php(475): CodeIgniter\Filters\Filters->run('getCmData', 'before')
 3 SYSTEMPATH\CodeIgniter.php(361): CodeIgniter\CodeIgniter->handleRequest(null, Object(Config\Cache), false)
 4 FCPATH\index.php(79): CodeIgniter\CodeIgniter->run()
INFO - 2026-02-23 21:16:22 --> Session: Class initialized using 'CodeIgniter\Session\Handlers\FileHandler' driver.
WARNING - 2026-02-23 21:16:22 --> [DEPRECATED] Creation of dynamic property CodeIgniter\HTTP\IncomingRequest::$user is deprecated in APPPATH\Filters\JwtAuthWeb.php on line 32.
 1 SYSTEMPATH\Filters\Filters.php(182): App\Filters\JwtAuthWeb->before(Object(CodeIgniter\HTTP\IncomingRequest), null)
 2 SYSTEMPATH\CodeIgniter.php(475): CodeIgniter\Filters\Filters->run('cm-page', 'before')
 3 SYSTEMPATH\CodeIgniter.php(361): CodeIgniter\CodeIgniter->handleRequest(null, Object(Config\Cache), false)
 4 FCPATH\index.php(79): CodeIgniter\CodeIgniter->run()
WARNING - 2026-02-23 21:16:23 --> [DEPRECATED] Creation of dynamic property CodeIgniter\HTTP\IncomingRequest::$user is deprecated in APPPATH\Filters\JwtAuth.php on line 47.
 1 SYSTEMPATH\Filters\Filters.php(182): App\Filters\JwtAuth->before(Object(CodeIgniter\HTTP\IncomingRequest), null)
 2 SYSTEMPATH\CodeIgniter.php(475): CodeIgniter\Filters\Filters->run('api/profile', 'before')
 3 SYSTEMPATH\CodeIgniter.php(361): CodeIgniter\CodeIgniter->handleRequest(null, Object(Config\Cache), false)
 4 FCPATH\index.php(79): CodeIgniter\CodeIgniter->run()
INFO - 2026-02-23 21:16:23 --> Session: Class initialized using 'CodeIgniter\Session\Handlers\FileHandler' driver.
WARNING - 2026-02-23 21:16:23 --> [DEPRECATED] Creation of dynamic property CodeIgniter\HTTP\IncomingRequest::$user is deprecated in APPPATH\Filters\JwtAuthWeb.php on line 32.
 1 SYSTEMPATH\Filters\Filters.php(182): App\Filters\JwtAuthWeb->before(Object(CodeIgniter\HTTP\IncomingRequest), null)
 2 SYSTEMPATH\CodeIgniter.php(475): CodeIgniter\Filters\Filters->run('getCmData', 'before')
 3 SYSTEMPATH\CodeIgniter.php(361): CodeIgniter\CodeIgniter->handleRequest(null, Object(Config\Cache), false)
 4 FCPATH\index.php(79): CodeIgniter\CodeIgniter->run()
INFO - 2026-02-23 21:16:49 --> Session: Class initialized using 'CodeIgniter\Session\Handlers\FileHandler' driver.
WARNING - 2026-02-23 21:16:49 --> [DEPRECATED] Creation of dynamic property CodeIgniter\HTTP\IncomingRequest::$user is deprecated in APPPATH\Filters\JwtAuthWeb.php on line 32.
 1 SYSTEMPATH\Filters\Filters.php(182): App\Filters\JwtAuthWeb->before(Object(CodeIgniter\HTTP\IncomingRequest), null)
 2 SYSTEMPATH\CodeIgniter.php(475): CodeIgniter\Filters\Filters->run('addCmdata', 'before')
 3 SYSTEMPATH\CodeIgniter.php(361): CodeIgniter\CodeIgniter->handleRequest(null, Object(Config\Cache), false)
 4 FCPATH\index.php(79): CodeIgniter\CodeIgniter->run()
INFO - 2026-02-23 21:16:54 --> Session: Class initialized using 'CodeIgniter\Session\Handlers\FileHandler' driver.
WARNING - 2026-02-23 21:16:54 --> [DEPRECATED] Creation of dynamic property CodeIgniter\HTTP\IncomingRequest::$user is deprecated in APPPATH\Filters\JwtAuthWeb.php on line 32.
 1 SYSTEMPATH\Filters\Filters.php(182): App\Filters\JwtAuthWeb->before(Object(CodeIgniter\HTTP\IncomingRequest), null)
 2 SYSTEMPATH\CodeIgniter.php(475): CodeIgniter\Filters\Filters->run('cm-page', 'before')
 3 SYSTEMPATH\CodeIgniter.php(361): CodeIgniter\CodeIgniter->handleRequest(null, Object(Config\Cache), false)
 4 FCPATH\index.php(79): CodeIgniter\CodeIgniter->run()
WARNING - 2026-02-23 21:16:54 --> [DEPRECATED] Creation of dynamic property CodeIgniter\HTTP\IncomingRequest::$user is deprecated in APPPATH\Filters\JwtAuth.php on line 47.
 1 SYSTEMPATH\Filters\Filters.php(182): App\Filters\JwtAuth->before(Object(CodeIgniter\HTTP\IncomingRequest), null)
 2 SYSTEMPATH\CodeIgniter.php(475): CodeIgniter\Filters\Filters->run('api/profile', 'before')
 3 SYSTEMPATH\CodeIgniter.php(361): CodeIgniter\CodeIgniter->handleRequest(null, Object(Config\Cache), false)
 4 FCPATH\index.php(79): CodeIgniter\CodeIgniter->run()
INFO - 2026-02-23 21:16:54 --> Session: Class initialized using 'CodeIgniter\Session\Handlers\FileHandler' driver.
WARNING - 2026-02-23 21:16:54 --> [DEPRECATED] Creation of dynamic property CodeIgniter\HTTP\IncomingRequest::$user is deprecated in APPPATH\Filters\JwtAuthWeb.php on line 32.
 1 SYSTEMPATH\Filters\Filters.php(182): App\Filters\JwtAuthWeb->before(Object(CodeIgniter\HTTP\IncomingRequest), null)
 2 SYSTEMPATH\CodeIgniter.php(475): CodeIgniter\Filters\Filters->run('getCmData', 'before')
 3 SYSTEMPATH\CodeIgniter.php(361): CodeIgniter\CodeIgniter->handleRequest(null, Object(Config\Cache), false)
 4 FCPATH\index.php(79): CodeIgniter\CodeIgniter->run()
INFO - 2026-02-23 21:18:08 --> Session: Class initialized using 'CodeIgniter\Session\Handlers\FileHandler' driver.
WARNING - 2026-02-23 21:18:08 --> [DEPRECATED] Creation of dynamic property CodeIgniter\HTTP\IncomingRequest::$user is deprecated in APPPATH\Filters\JwtAuthWeb.php on line 32.
 1 SYSTEMPATH\Filters\Filters.php(182): App\Filters\JwtAuthWeb->before(Object(CodeIgniter\HTTP\IncomingRequest), null)
 2 SYSTEMPATH\CodeIgniter.php(475): CodeIgniter\Filters\Filters->run('cm-page', 'before')
 3 SYSTEMPATH\CodeIgniter.php(361): CodeIgniter\CodeIgniter->handleRequest(null, Object(Config\Cache), false)
 4 FCPATH\index.php(79): CodeIgniter\CodeIgniter->run()
WARNING - 2026-02-23 21:18:08 --> [DEPRECATED] Creation of dynamic property CodeIgniter\HTTP\IncomingRequest::$user is deprecated in APPPATH\Filters\JwtAuth.php on line 47.
 1 SYSTEMPATH\Filters\Filters.php(182): App\Filters\JwtAuth->before(Object(CodeIgniter\HTTP\IncomingRequest), null)
 2 SYSTEMPATH\CodeIgniter.php(475): CodeIgniter\Filters\Filters->run('api/profile', 'before')
 3 SYSTEMPATH\CodeIgniter.php(361): CodeIgniter\CodeIgniter->handleRequest(null, Object(Config\Cache), false)
 4 FCPATH\index.php(79): CodeIgniter\CodeIgniter->run()
INFO - 2026-02-23 21:18:08 --> Session: Class initialized using 'CodeIgniter\Session\Handlers\FileHandler' driver.
WARNING - 2026-02-23 21:18:08 --> [DEPRECATED] Creation of dynamic property CodeIgniter\HTTP\IncomingRequest::$user is deprecated in APPPATH\Filters\JwtAuthWeb.php on line 32.
 1 SYSTEMPATH\Filters\Filters.php(182): App\Filters\JwtAuthWeb->before(Object(CodeIgniter\HTTP\IncomingRequest), null)
 2 SYSTEMPATH\CodeIgniter.php(475): CodeIgniter\Filters\Filters->run('getCmData', 'before')
 3 SYSTEMPATH\CodeIgniter.php(361): CodeIgniter\CodeIgniter->handleRequest(null, Object(Config\Cache), false)
 4 FCPATH\index.php(79): CodeIgniter\CodeIgniter->run()
INFO - 2026-02-23 21:18:31 --> Session: Class initialized using 'CodeIgniter\Session\Handlers\FileHandler' driver.
WARNING - 2026-02-23 21:18:31 --> [DEPRECATED] Creation of dynamic property CodeIgniter\HTTP\IncomingRequest::$user is deprecated in APPPATH\Filters\JwtAuthWeb.php on line 32.
 1 SYSTEMPATH\Filters\Filters.php(182): App\Filters\JwtAuthWeb->before(Object(CodeIgniter\HTTP\IncomingRequest), null)
 2 SYSTEMPATH\CodeIgniter.php(475): CodeIgniter\Filters\Filters->run('addCmdata', 'before')
 3 SYSTEMPATH\CodeIgniter.php(361): CodeIgniter\CodeIgniter->handleRequest(null, Object(Config\Cache), false)
 4 FCPATH\index.php(79): CodeIgniter\CodeIgniter->run()
INFO - 2026-02-23 21:18:36 --> Session: Class initialized using 'CodeIgniter\Session\Handlers\FileHandler' driver.
WARNING - 2026-02-23 21:18:36 --> [DEPRECATED] Creation of dynamic property CodeIgniter\HTTP\IncomingRequest::$user is deprecated in APPPATH\Filters\JwtAuthWeb.php on line 32.
 1 SYSTEMPATH\Filters\Filters.php(182): App\Filters\JwtAuthWeb->before(Object(CodeIgniter\HTTP\IncomingRequest), null)
 2 SYSTEMPATH\CodeIgniter.php(475): CodeIgniter\Filters\Filters->run('cm-page', 'before')
 3 SYSTEMPATH\CodeIgniter.php(361): CodeIgniter\CodeIgniter->handleRequest(null, Object(Config\Cache), false)
 4 FCPATH\index.php(79): CodeIgniter\CodeIgniter->run()
WARNING - 2026-02-23 21:18:37 --> [DEPRECATED] Creation of dynamic property CodeIgniter\HTTP\IncomingRequest::$user is deprecated in APPPATH\Filters\JwtAuth.php on line 47.
 1 SYSTEMPATH\Filters\Filters.php(182): App\Filters\JwtAuth->before(Object(CodeIgniter\HTTP\IncomingRequest), null)
 2 SYSTEMPATH\CodeIgniter.php(475): CodeIgniter\Filters\Filters->run('api/profile', 'before')
 3 SYSTEMPATH\CodeIgniter.php(361): CodeIgniter\CodeIgniter->handleRequest(null, Object(Config\Cache), false)
 4 FCPATH\index.php(79): CodeIgniter\CodeIgniter->run()
INFO - 2026-02-23 21:18:37 --> Session: Class initialized using 'CodeIgniter\Session\Handlers\FileHandler' driver.
WARNING - 2026-02-23 21:18:37 --> [DEPRECATED] Creation of dynamic property CodeIgniter\HTTP\IncomingRequest::$user is deprecated in APPPATH\Filters\JwtAuthWeb.php on line 32.
 1 SYSTEMPATH\Filters\Filters.php(182): App\Filters\JwtAuthWeb->before(Object(CodeIgniter\HTTP\IncomingRequest), null)
 2 SYSTEMPATH\CodeIgniter.php(475): CodeIgniter\Filters\Filters->run('getCmData', 'before')
 3 SYSTEMPATH\CodeIgniter.php(361): CodeIgniter\CodeIgniter->handleRequest(null, Object(Config\Cache), false)
 4 FCPATH\index.php(79): CodeIgniter\CodeIgniter->run()
INFO - 2026-02-23 21:19:46 --> Session: Class initialized using 'CodeIgniter\Session\Handlers\FileHandler' driver.
WARNING - 2026-02-23 21:19:46 --> [DEPRECATED] Creation of dynamic property CodeIgniter\HTTP\IncomingRequest::$user is deprecated in APPPATH\Filters\JwtAuthWeb.php on line 32.
 1 SYSTEMPATH\Filters\Filters.php(182): App\Filters\JwtAuthWeb->before(Object(CodeIgniter\HTTP\IncomingRequest), null)
 2 SYSTEMPATH\CodeIgniter.php(475): CodeIgniter\Filters\Filters->run('cm-page', 'before')
 3 SYSTEMPATH\CodeIgniter.php(361): CodeIgniter\CodeIgniter->handleRequest(null, Object(Config\Cache), false)
 4 FCPATH\index.php(79): CodeIgniter\CodeIgniter->run()
WARNING - 2026-02-23 21:19:46 --> [DEPRECATED] Creation of dynamic property CodeIgniter\HTTP\IncomingRequest::$user is deprecated in APPPATH\Filters\JwtAuth.php on line 47.
 1 SYSTEMPATH\Filters\Filters.php(182): App\Filters\JwtAuth->before(Object(CodeIgniter\HTTP\IncomingRequest), null)
 2 SYSTEMPATH\CodeIgniter.php(475): CodeIgniter\Filters\Filters->run('api/profile', 'before')
 3 SYSTEMPATH\CodeIgniter.php(361): CodeIgniter\CodeIgniter->handleRequest(null, Object(Config\Cache), false)
 4 FCPATH\index.php(79): CodeIgniter\CodeIgniter->run()
INFO - 2026-02-23 21:19:46 --> Session: Class initialized using 'CodeIgniter\Session\Handlers\FileHandler' driver.
WARNING - 2026-02-23 21:19:46 --> [DEPRECATED] Creation of dynamic property CodeIgniter\HTTP\IncomingRequest::$user is deprecated in APPPATH\Filters\JwtAuthWeb.php on line 32.
 1 SYSTEMPATH\Filters\Filters.php(182): App\Filters\JwtAuthWeb->before(Object(CodeIgniter\HTTP\IncomingRequest), null)
 2 SYSTEMPATH\CodeIgniter.php(475): CodeIgniter\Filters\Filters->run('getCmData', 'before')
 3 SYSTEMPATH\CodeIgniter.php(361): CodeIgniter\CodeIgniter->handleRequest(null, Object(Config\Cache), false)
 4 FCPATH\index.php(79): CodeIgniter\CodeIgniter->run()
INFO - 2026-02-23 21:21:29 --> Session: Class initialized using 'CodeIgniter\Session\Handlers\FileHandler' driver.
WARNING - 2026-02-23 21:21:29 --> [DEPRECATED] Creation of dynamic property CodeIgniter\HTTP\IncomingRequest::$user is deprecated in APPPATH\Filters\JwtAuthWeb.php on line 32.
 1 SYSTEMPATH\Filters\Filters.php(182): App\Filters\JwtAuthWeb->before(Object(CodeIgniter\HTTP\IncomingRequest), null)
 2 SYSTEMPATH\CodeIgniter.php(475): CodeIgniter\Filters\Filters->run('cm-page', 'before')
 3 SYSTEMPATH\CodeIgniter.php(361): CodeIgniter\CodeIgniter->handleRequest(null, Object(Config\Cache), false)
 4 FCPATH\index.php(79): CodeIgniter\CodeIgniter->run()
WARNING - 2026-02-23 21:21:30 --> [DEPRECATED] Creation of dynamic property CodeIgniter\HTTP\IncomingRequest::$user is deprecated in APPPATH\Filters\JwtAuth.php on line 47.
 1 SYSTEMPATH\Filters\Filters.php(182): App\Filters\JwtAuth->before(Object(CodeIgniter\HTTP\IncomingRequest), null)
 2 SYSTEMPATH\CodeIgniter.php(475): CodeIgniter\Filters\Filters->run('api/profile', 'before')
 3 SYSTEMPATH\CodeIgniter.php(361): CodeIgniter\CodeIgniter->handleRequest(null, Object(Config\Cache), false)
 4 FCPATH\index.php(79): CodeIgniter\CodeIgniter->run()
INFO - 2026-02-23 21:21:30 --> Session: Class initialized using 'CodeIgniter\Session\Handlers\FileHandler' driver.
WARNING - 2026-02-23 21:21:30 --> [DEPRECATED] Creation of dynamic property CodeIgniter\HTTP\IncomingRequest::$user is deprecated in APPPATH\Filters\JwtAuthWeb.php on line 32.
 1 SYSTEMPATH\Filters\Filters.php(182): App\Filters\JwtAuthWeb->before(Object(CodeIgniter\HTTP\IncomingRequest), null)
 2 SYSTEMPATH\CodeIgniter.php(475): CodeIgniter\Filters\Filters->run('getCmData', 'before')
 3 SYSTEMPATH\CodeIgniter.php(361): CodeIgniter\CodeIgniter->handleRequest(null, Object(Config\Cache), false)
 4 FCPATH\index.php(79): CodeIgniter\CodeIgniter->run()
INFO - 2026-02-23 21:21:35 --> Session: Class initialized using 'CodeIgniter\Session\Handlers\FileHandler' driver.
WARNING - 2026-02-23 21:21:35 --> [DEPRECATED] Creation of dynamic property CodeIgniter\HTTP\IncomingRequest::$user is deprecated in APPPATH\Filters\JwtAuthWeb.php on line 32.
 1 SYSTEMPATH\Filters\Filters.php(182): App\Filters\JwtAuthWeb->before(Object(CodeIgniter\HTTP\IncomingRequest), null)
 2 SYSTEMPATH\CodeIgniter.php(475): CodeIgniter\Filters\Filters->run('cm-page', 'before')
 3 SYSTEMPATH\CodeIgniter.php(361): CodeIgniter\CodeIgniter->handleRequest(null, Object(Config\Cache), false)
 4 FCPATH\index.php(79): CodeIgniter\CodeIgniter->run()
WARNING - 2026-02-23 21:21:35 --> [DEPRECATED] Creation of dynamic property CodeIgniter\HTTP\IncomingRequest::$user is deprecated in APPPATH\Filters\JwtAuth.php on line 47.
 1 SYSTEMPATH\Filters\Filters.php(182): App\Filters\JwtAuth->before(Object(CodeIgniter\HTTP\IncomingRequest), null)
 2 SYSTEMPATH\CodeIgniter.php(475): CodeIgniter\Filters\Filters->run('api/profile', 'before')
 3 SYSTEMPATH\CodeIgniter.php(361): CodeIgniter\CodeIgniter->handleRequest(null, Object(Config\Cache), false)
 4 FCPATH\index.php(79): CodeIgniter\CodeIgniter->run()
INFO - 2026-02-23 21:21:35 --> Session: Class initialized using 'CodeIgniter\Session\Handlers\FileHandler' driver.
WARNING - 2026-02-23 21:21:35 --> [DEPRECATED] Creation of dynamic property CodeIgniter\HTTP\IncomingRequest::$user is deprecated in APPPATH\Filters\JwtAuthWeb.php on line 32.
 1 SYSTEMPATH\Filters\Filters.php(182): App\Filters\JwtAuthWeb->before(Object(CodeIgniter\HTTP\IncomingRequest), null)
 2 SYSTEMPATH\CodeIgniter.php(475): CodeIgniter\Filters\Filters->run('getCmData', 'before')
 3 SYSTEMPATH\CodeIgniter.php(361): CodeIgniter\CodeIgniter->handleRequest(null, Object(Config\Cache), false)
 4 FCPATH\index.php(79): CodeIgniter\CodeIgniter->run()
INFO - 2026-02-23 21:22:17 --> Session: Class initialized using 'CodeIgniter\Session\Handlers\FileHandler' driver.
WARNING - 2026-02-23 21:22:17 --> [DEPRECATED] Creation of dynamic property CodeIgniter\HTTP\IncomingRequest::$user is deprecated in APPPATH\Filters\JwtAuthWeb.php on line 32.
 1 SYSTEMPATH\Filters\Filters.php(182): App\Filters\JwtAuthWeb->before(Object(CodeIgniter\HTTP\IncomingRequest), null)
 2 SYSTEMPATH\CodeIgniter.php(475): CodeIgniter\Filters\Filters->run('cm-page', 'before')
 3 SYSTEMPATH\CodeIgniter.php(361): CodeIgniter\CodeIgniter->handleRequest(null, Object(Config\Cache), false)
 4 FCPATH\index.php(79): CodeIgniter\CodeIgniter->run()
WARNING - 2026-02-23 21:22:17 --> [DEPRECATED] Creation of dynamic property CodeIgniter\HTTP\IncomingRequest::$user is deprecated in APPPATH\Filters\JwtAuth.php on line 47.
 1 SYSTEMPATH\Filters\Filters.php(182): App\Filters\JwtAuth->before(Object(CodeIgniter\HTTP\IncomingRequest), null)
 2 SYSTEMPATH\CodeIgniter.php(475): CodeIgniter\Filters\Filters->run('api/profile', 'before')
 3 SYSTEMPATH\CodeIgniter.php(361): CodeIgniter\CodeIgniter->handleRequest(null, Object(Config\Cache), false)
 4 FCPATH\index.php(79): CodeIgniter\CodeIgniter->run()
INFO - 2026-02-23 21:22:17 --> Session: Class initialized using 'CodeIgniter\Session\Handlers\FileHandler' driver.
WARNING - 2026-02-23 21:22:17 --> [DEPRECATED] Creation of dynamic property CodeIgniter\HTTP\IncomingRequest::$user is deprecated in APPPATH\Filters\JwtAuthWeb.php on line 32.
 1 SYSTEMPATH\Filters\Filters.php(182): App\Filters\JwtAuthWeb->before(Object(CodeIgniter\HTTP\IncomingRequest), null)
 2 SYSTEMPATH\CodeIgniter.php(475): CodeIgniter\Filters\Filters->run('getCmData', 'before')
 3 SYSTEMPATH\CodeIgniter.php(361): CodeIgniter\CodeIgniter->handleRequest(null, Object(Config\Cache), false)
 4 FCPATH\index.php(79): CodeIgniter\CodeIgniter->run()
INFO - 2026-02-23 21:26:34 --> Session: Class initialized using 'CodeIgniter\Session\Handlers\FileHandler' driver.
WARNING - 2026-02-23 21:26:34 --> [DEPRECATED] Creation of dynamic property CodeIgniter\HTTP\IncomingRequest::$user is deprecated in APPPATH\Filters\JwtAuthWeb.php on line 32.
 1 SYSTEMPATH\Filters\Filters.php(182): App\Filters\JwtAuthWeb->before(Object(CodeIgniter\HTTP\IncomingRequest), null)
 2 SYSTEMPATH\CodeIgniter.php(475): CodeIgniter\Filters\Filters->run('cm-page', 'before')
 3 SYSTEMPATH\CodeIgniter.php(361): CodeIgniter\CodeIgniter->handleRequest(null, Object(Config\Cache), false)
 4 FCPATH\index.php(79): CodeIgniter\CodeIgniter->run()
WARNING - 2026-02-23 21:26:35 --> [DEPRECATED] Creation of dynamic property CodeIgniter\HTTP\IncomingRequest::$user is deprecated in APPPATH\Filters\JwtAuth.php on line 47.
 1 SYSTEMPATH\Filters\Filters.php(182): App\Filters\JwtAuth->before(Object(CodeIgniter\HTTP\IncomingRequest), null)
 2 SYSTEMPATH\CodeIgniter.php(475): CodeIgniter\Filters\Filters->run('api/profile', 'before')
 3 SYSTEMPATH\CodeIgniter.php(361): CodeIgniter\CodeIgniter->handleRequest(null, Object(Config\Cache), false)
 4 FCPATH\index.php(79): CodeIgniter\CodeIgniter->run()
INFO - 2026-02-23 21:26:35 --> Session: Class initialized using 'CodeIgniter\Session\Handlers\FileHandler' driver.
WARNING - 2026-02-23 21:26:35 --> [DEPRECATED] Creation of dynamic property CodeIgniter\HTTP\IncomingRequest::$user is deprecated in APPPATH\Filters\JwtAuthWeb.php on line 32.
 1 SYSTEMPATH\Filters\Filters.php(182): App\Filters\JwtAuthWeb->before(Object(CodeIgniter\HTTP\IncomingRequest), null)
 2 SYSTEMPATH\CodeIgniter.php(475): CodeIgniter\Filters\Filters->run('getCmData', 'before')
 3 SYSTEMPATH\CodeIgniter.php(361): CodeIgniter\CodeIgniter->handleRequest(null, Object(Config\Cache), false)
 4 FCPATH\index.php(79): CodeIgniter\CodeIgniter->run()
INFO - 2026-02-23 21:26:37 --> Session: Class initialized using 'CodeIgniter\Session\Handlers\FileHandler' driver.
WARNING - 2026-02-23 21:26:37 --> [DEPRECATED] Creation of dynamic property CodeIgniter\HTTP\IncomingRequest::$user is deprecated in APPPATH\Filters\JwtAuthWeb.php on line 32.
 1 SYSTEMPATH\Filters\Filters.php(182): App\Filters\JwtAuthWeb->before(Object(CodeIgniter\HTTP\IncomingRequest), null)
 2 SYSTEMPATH\CodeIgniter.php(475): CodeIgniter\Filters\Filters->run('caregiver-page', 'before')
 3 SYSTEMPATH\CodeIgniter.php(361): CodeIgniter\CodeIgniter->handleRequest(null, Object(Config\Cache), false)
 4 FCPATH\index.php(79): CodeIgniter\CodeIgniter->run()
WARNING - 2026-02-23 21:26:37 --> [DEPRECATED] Creation of dynamic property CodeIgniter\HTTP\IncomingRequest::$user is deprecated in APPPATH\Filters\JwtAuth.php on line 47.
 1 SYSTEMPATH\Filters\Filters.php(182): App\Filters\JwtAuth->before(Object(CodeIgniter\HTTP\IncomingRequest), null)
 2 SYSTEMPATH\CodeIgniter.php(475): CodeIgniter\Filters\Filters->run('api/profile', 'before')
 3 SYSTEMPATH\CodeIgniter.php(361): CodeIgniter\CodeIgniter->handleRequest(null, Object(Config\Cache), false)
 4 FCPATH\index.php(79): CodeIgniter\CodeIgniter->run()
INFO - 2026-02-23 21:26:37 --> Session: Class initialized using 'CodeIgniter\Session\Handlers\FileHandler' driver.
WARNING - 2026-02-23 21:26:37 --> [DEPRECATED] Creation of dynamic property CodeIgniter\HTTP\IncomingRequest::$user is deprecated in APPPATH\Filters\JwtAuthWeb.php on line 32.
 1 SYSTEMPATH\Filters\Filters.php(182): App\Filters\JwtAuthWeb->before(Object(CodeIgniter\HTTP\IncomingRequest), null)
 2 SYSTEMPATH\CodeIgniter.php(475): CodeIgniter\Filters\Filters->run('getCaregiverData', 'before')
 3 SYSTEMPATH\CodeIgniter.php(361): CodeIgniter\CodeIgniter->handleRequest(null, Object(Config\Cache), false)
 4 FCPATH\index.php(79): CodeIgniter\CodeIgniter->run()
INFO - 2026-02-23 21:26:40 --> Session: Class initialized using 'CodeIgniter\Session\Handlers\FileHandler' driver.
WARNING - 2026-02-23 21:26:40 --> [DEPRECATED] Creation of dynamic property CodeIgniter\HTTP\IncomingRequest::$user is deprecated in APPPATH\Filters\JwtAuthWeb.php on line 32.
 1 SYSTEMPATH\Filters\Filters.php(182): App\Filters\JwtAuthWeb->before(Object(CodeIgniter\HTTP\IncomingRequest), null)
 2 SYSTEMPATH\CodeIgniter.php(475): CodeIgniter\Filters\Filters->run('getCaregiver', 'before')
 3 SYSTEMPATH\CodeIgniter.php(361): CodeIgniter\CodeIgniter->handleRequest(null, Object(Config\Cache), false)
 4 FCPATH\index.php(79): CodeIgniter\CodeIgniter->run()
INFO - 2026-02-23 21:29:18 --> Session: Class initialized using 'CodeIgniter\Session\Handlers\FileHandler' driver.
WARNING - 2026-02-23 21:29:18 --> [DEPRECATED] Creation of dynamic property CodeIgniter\HTTP\IncomingRequest::$user is deprecated in APPPATH\Filters\JwtAuthWeb.php on line 32.
 1 SYSTEMPATH\Filters\Filters.php(182): App\Filters\JwtAuthWeb->before(Object(CodeIgniter\HTTP\IncomingRequest), null)
 2 SYSTEMPATH\CodeIgniter.php(475): CodeIgniter\Filters\Filters->run('caregiver-page', 'before')
 3 SYSTEMPATH\CodeIgniter.php(361): CodeIgniter\CodeIgniter->handleRequest(null, Object(Config\Cache), false)
 4 FCPATH\index.php(79): CodeIgniter\CodeIgniter->run()
WARNING - 2026-02-23 21:29:18 --> [DEPRECATED] Creation of dynamic property CodeIgniter\HTTP\IncomingRequest::$user is deprecated in APPPATH\Filters\JwtAuth.php on line 47.
 1 SYSTEMPATH\Filters\Filters.php(182): App\Filters\JwtAuth->before(Object(CodeIgniter\HTTP\IncomingRequest), null)
 2 SYSTEMPATH\CodeIgniter.php(475): CodeIgniter\Filters\Filters->run('api/profile', 'before')
 3 SYSTEMPATH\CodeIgniter.php(361): CodeIgniter\CodeIgniter->handleRequest(null, Object(Config\Cache), false)
 4 FCPATH\index.php(79): CodeIgniter\CodeIgniter->run()
INFO - 2026-02-23 21:29:18 --> Session: Class initialized using 'CodeIgniter\Session\Handlers\FileHandler' driver.
WARNING - 2026-02-23 21:29:18 --> [DEPRECATED] Creation of dynamic property CodeIgniter\HTTP\IncomingRequest::$user is deprecated in APPPATH\Filters\JwtAuthWeb.php on line 32.
 1 SYSTEMPATH\Filters\Filters.php(182): App\Filters\JwtAuthWeb->before(Object(CodeIgniter\HTTP\IncomingRequest), null)
 2 SYSTEMPATH\CodeIgniter.php(475): CodeIgniter\Filters\Filters->run('getCaregiverData', 'before')
 3 SYSTEMPATH\CodeIgniter.php(361): CodeIgniter\CodeIgniter->handleRequest(null, Object(Config\Cache), false)
 4 FCPATH\index.php(79): CodeIgniter\CodeIgniter->run()
INFO - 2026-02-23 21:29:19 --> Session: Class initialized using 'CodeIgniter\Session\Handlers\FileHandler' driver.
WARNING - 2026-02-23 21:29:19 --> [DEPRECATED] Creation of dynamic property CodeIgniter\HTTP\IncomingRequest::$user is deprecated in APPPATH\Filters\JwtAuthWeb.php on line 32.
 1 SYSTEMPATH\Filters\Filters.php(182): App\Filters\JwtAuthWeb->before(Object(CodeIgniter\HTTP\IncomingRequest), null)
 2 SYSTEMPATH\CodeIgniter.php(475): CodeIgniter\Filters\Filters->run('getCaregiver', 'before')
 3 SYSTEMPATH\CodeIgniter.php(361): CodeIgniter\CodeIgniter->handleRequest(null, Object(Config\Cache), false)
 4 FCPATH\index.php(79): CodeIgniter\CodeIgniter->run()
INFO - 2026-02-23 21:29:39 --> Session: Class initialized using 'CodeIgniter\Session\Handlers\FileHandler' driver.
WARNING - 2026-02-23 21:29:39 --> [DEPRECATED] Creation of dynamic property CodeIgniter\HTTP\IncomingRequest::$user is deprecated in APPPATH\Filters\JwtAuthWeb.php on line 32.
 1 SYSTEMPATH\Filters\Filters.php(182): App\Filters\JwtAuthWeb->before(Object(CodeIgniter\HTTP\IncomingRequest), null)
 2 SYSTEMPATH\CodeIgniter.php(475): CodeIgniter\Filters\Filters->run('updateCaregiverCM', 'before')
 3 SYSTEMPATH\CodeIgniter.php(361): CodeIgniter\CodeIgniter->handleRequest(null, Object(Config\Cache), false)
 4 FCPATH\index.php(79): CodeIgniter\CodeIgniter->run()
INFO - 2026-02-23 21:29:39 --> Session: Class initialized using 'CodeIgniter\Session\Handlers\FileHandler' driver.
WARNING - 2026-02-23 21:29:39 --> [DEPRECATED] Creation of dynamic property CodeIgniter\HTTP\IncomingRequest::$user is deprecated in APPPATH\Filters\JwtAuthWeb.php on line 32.
 1 SYSTEMPATH\Filters\Filters.php(182): App\Filters\JwtAuthWeb->before(Object(CodeIgniter\HTTP\IncomingRequest), null)
 2 SYSTEMPATH\CodeIgniter.php(475): CodeIgniter\Filters\Filters->run('getCaregiverData', 'before')
 3 SYSTEMPATH\CodeIgniter.php(361): CodeIgniter\CodeIgniter->handleRequest(null, Object(Config\Cache), false)
 4 FCPATH\index.php(79): CodeIgniter\CodeIgniter->run()
INFO - 2026-02-23 21:29:42 --> Session: Class initialized using 'CodeIgniter\Session\Handlers\FileHandler' driver.
WARNING - 2026-02-23 21:29:42 --> [DEPRECATED] Creation of dynamic property CodeIgniter\HTTP\IncomingRequest::$user is deprecated in APPPATH\Filters\JwtAuthWeb.php on line 32.
 1 SYSTEMPATH\Filters\Filters.php(182): App\Filters\JwtAuthWeb->before(Object(CodeIgniter\HTTP\IncomingRequest), null)
 2 SYSTEMPATH\CodeIgniter.php(475): CodeIgniter\Filters\Filters->run('getCaregiver', 'before')
 3 SYSTEMPATH\CodeIgniter.php(361): CodeIgniter\CodeIgniter->handleRequest(null, Object(Config\Cache), false)
 4 FCPATH\index.php(79): CodeIgniter\CodeIgniter->run()
INFO - 2026-02-23 21:33:08 --> Session: Class initialized using 'CodeIgniter\Session\Handlers\FileHandler' driver.
WARNING - 2026-02-23 21:33:08 --> [DEPRECATED] Creation of dynamic property CodeIgniter\HTTP\IncomingRequest::$user is deprecated in APPPATH\Filters\JwtAuthWeb.php on line 32.
 1 SYSTEMPATH\Filters\Filters.php(182): App\Filters\JwtAuthWeb->before(Object(CodeIgniter\HTTP\IncomingRequest), null)
 2 SYSTEMPATH\CodeIgniter.php(475): CodeIgniter\Filters\Filters->run('caregiver-page', 'before')
 3 SYSTEMPATH\CodeIgniter.php(361): CodeIgniter\CodeIgniter->handleRequest(null, Object(Config\Cache), false)
 4 FCPATH\index.php(79): CodeIgniter\CodeIgniter->run()
WARNING - 2026-02-23 21:33:08 --> [DEPRECATED] Creation of dynamic property CodeIgniter\HTTP\IncomingRequest::$user is deprecated in APPPATH\Filters\JwtAuth.php on line 47.
 1 SYSTEMPATH\Filters\Filters.php(182): App\Filters\JwtAuth->before(Object(CodeIgniter\HTTP\IncomingRequest), null)
 2 SYSTEMPATH\CodeIgniter.php(475): CodeIgniter\Filters\Filters->run('api/profile', 'before')
 3 SYSTEMPATH\CodeIgniter.php(361): CodeIgniter\CodeIgniter->handleRequest(null, Object(Config\Cache), false)
 4 FCPATH\index.php(79): CodeIgniter\CodeIgniter->run()
INFO - 2026-02-23 21:33:08 --> Session: Class initialized using 'CodeIgniter\Session\Handlers\FileHandler' driver.
WARNING - 2026-02-23 21:33:08 --> [DEPRECATED] Creation of dynamic property CodeIgniter\HTTP\IncomingRequest::$user is deprecated in APPPATH\Filters\JwtAuthWeb.php on line 32.
 1 SYSTEMPATH\Filters\Filters.php(182): App\Filters\JwtAuthWeb->before(Object(CodeIgniter\HTTP\IncomingRequest), null)
 2 SYSTEMPATH\CodeIgniter.php(475): CodeIgniter\Filters\Filters->run('getCaregiverData', 'before')
 3 SYSTEMPATH\CodeIgniter.php(361): CodeIgniter\CodeIgniter->handleRequest(null, Object(Config\Cache), false)
 4 FCPATH\index.php(79): CodeIgniter\CodeIgniter->run()
INFO - 2026-02-23 21:33:10 --> Session: Class initialized using 'CodeIgniter\Session\Handlers\FileHandler' driver.
WARNING - 2026-02-23 21:33:10 --> [DEPRECATED] Creation of dynamic property CodeIgniter\HTTP\IncomingRequest::$user is deprecated in APPPATH\Filters\JwtAuthWeb.php on line 32.
 1 SYSTEMPATH\Filters\Filters.php(182): App\Filters\JwtAuthWeb->before(Object(CodeIgniter\HTTP\IncomingRequest), null)
 2 SYSTEMPATH\CodeIgniter.php(475): CodeIgniter\Filters\Filters->run('getCaregiver', 'before')
 3 SYSTEMPATH\CodeIgniter.php(361): CodeIgniter\CodeIgniter->handleRequest(null, Object(Config\Cache), false)
 4 FCPATH\index.php(79): CodeIgniter\CodeIgniter->run()
INFO - 2026-02-23 21:33:14 --> Session: Class initialized using 'CodeIgniter\Session\Handlers\FileHandler' driver.
WARNING - 2026-02-23 21:33:14 --> [DEPRECATED] Creation of dynamic property CodeIgniter\HTTP\IncomingRequest::$user is deprecated in APPPATH\Filters\JwtAuthWeb.php on line 32.
 1 SYSTEMPATH\Filters\Filters.php(182): App\Filters\JwtAuthWeb->before(Object(CodeIgniter\HTTP\IncomingRequest), null)
 2 SYSTEMPATH\CodeIgniter.php(475): CodeIgniter\Filters\Filters->run('updateCaregiverCM', 'before')
 3 SYSTEMPATH\CodeIgniter.php(361): CodeIgniter\CodeIgniter->handleRequest(null, Object(Config\Cache), false)
 4 FCPATH\index.php(79): CodeIgniter\CodeIgniter->run()
INFO - 2026-02-23 21:33:14 --> Session: Class initialized using 'CodeIgniter\Session\Handlers\FileHandler' driver.
WARNING - 2026-02-23 21:33:14 --> [DEPRECATED] Creation of dynamic property CodeIgniter\HTTP\IncomingRequest::$user is deprecated in APPPATH\Filters\JwtAuthWeb.php on line 32.
 1 SYSTEMPATH\Filters\Filters.php(182): App\Filters\JwtAuthWeb->before(Object(CodeIgniter\HTTP\IncomingRequest), null)
 2 SYSTEMPATH\CodeIgniter.php(475): CodeIgniter\Filters\Filters->run('getCaregiverData', 'before')
 3 SYSTEMPATH\CodeIgniter.php(361): CodeIgniter\CodeIgniter->handleRequest(null, Object(Config\Cache), false)
 4 FCPATH\index.php(79): CodeIgniter\CodeIgniter->run()
INFO - 2026-02-23 21:33:18 --> Session: Class initialized using 'CodeIgniter\Session\Handlers\FileHandler' driver.
WARNING - 2026-02-23 21:33:18 --> [DEPRECATED] Creation of dynamic property CodeIgniter\HTTP\IncomingRequest::$user is deprecated in APPPATH\Filters\JwtAuthWeb.php on line 32.
 1 SYSTEMPATH\Filters\Filters.php(182): App\Filters\JwtAuthWeb->before(Object(CodeIgniter\HTTP\IncomingRequest), null)
 2 SYSTEMPATH\CodeIgniter.php(475): CodeIgniter\Filters\Filters->run('caregiver-page', 'before')
 3 SYSTEMPATH\CodeIgniter.php(361): CodeIgniter\CodeIgniter->handleRequest(null, Object(Config\Cache), false)
 4 FCPATH\index.php(79): CodeIgniter\CodeIgniter->run()
WARNING - 2026-02-23 21:33:18 --> [DEPRECATED] Creation of dynamic property CodeIgniter\HTTP\IncomingRequest::$user is deprecated in APPPATH\Filters\JwtAuth.php on line 47.
 1 SYSTEMPATH\Filters\Filters.php(182): App\Filters\JwtAuth->before(Object(CodeIgniter\HTTP\IncomingRequest), null)
 2 SYSTEMPATH\CodeIgniter.php(475): CodeIgniter\Filters\Filters->run('api/profile', 'before')
 3 SYSTEMPATH\CodeIgniter.php(361): CodeIgniter\CodeIgniter->handleRequest(null, Object(Config\Cache), false)
 4 FCPATH\index.php(79): CodeIgniter\CodeIgniter->run()
INFO - 2026-02-23 21:33:18 --> Session: Class initialized using 'CodeIgniter\Session\Handlers\FileHandler' driver.
WARNING - 2026-02-23 21:33:18 --> [DEPRECATED] Creation of dynamic property CodeIgniter\HTTP\IncomingRequest::$user is deprecated in APPPATH\Filters\JwtAuthWeb.php on line 32.
 1 SYSTEMPATH\Filters\Filters.php(182): App\Filters\JwtAuthWeb->before(Object(CodeIgniter\HTTP\IncomingRequest), null)
 2 SYSTEMPATH\CodeIgniter.php(475): CodeIgniter\Filters\Filters->run('getCaregiverData', 'before')
 3 SYSTEMPATH\CodeIgniter.php(361): CodeIgniter\CodeIgniter->handleRequest(null, Object(Config\Cache), false)
 4 FCPATH\index.php(79): CodeIgniter\CodeIgniter->run()
INFO - 2026-02-23 21:33:22 --> Session: Class initialized using 'CodeIgniter\Session\Handlers\FileHandler' driver.
WARNING - 2026-02-23 21:33:22 --> [DEPRECATED] Creation of dynamic property CodeIgniter\HTTP\IncomingRequest::$user is deprecated in APPPATH\Filters\JwtAuthWeb.php on line 32.
 1 SYSTEMPATH\Filters\Filters.php(182): App\Filters\JwtAuthWeb->before(Object(CodeIgniter\HTTP\IncomingRequest), null)
 2 SYSTEMPATH\CodeIgniter.php(475): CodeIgniter\Filters\Filters->run('getCaregiver', 'before')
 3 SYSTEMPATH\CodeIgniter.php(361): CodeIgniter\CodeIgniter->handleRequest(null, Object(Config\Cache), false)
 4 FCPATH\index.php(79): CodeIgniter\CodeIgniter->run()
INFO - 2026-02-23 21:33:28 --> Session: Class initialized using 'CodeIgniter\Session\Handlers\FileHandler' driver.
WARNING - 2026-02-23 21:33:28 --> [DEPRECATED] Creation of dynamic property CodeIgniter\HTTP\IncomingRequest::$user is deprecated in APPPATH\Filters\JwtAuthWeb.php on line 32.
 1 SYSTEMPATH\Filters\Filters.php(182): App\Filters\JwtAuthWeb->before(Object(CodeIgniter\HTTP\IncomingRequest), null)
 2 SYSTEMPATH\CodeIgniter.php(475): CodeIgniter\Filters\Filters->run('updateCaregiverCM', 'before')
 3 SYSTEMPATH\CodeIgniter.php(361): CodeIgniter\CodeIgniter->handleRequest(null, Object(Config\Cache), false)
 4 FCPATH\index.php(79): CodeIgniter\CodeIgniter->run()
INFO - 2026-02-23 21:33:28 --> Session: Class initialized using 'CodeIgniter\Session\Handlers\FileHandler' driver.
WARNING - 2026-02-23 21:33:28 --> [DEPRECATED] Creation of dynamic property CodeIgniter\HTTP\IncomingRequest::$user is deprecated in APPPATH\Filters\JwtAuthWeb.php on line 32.
 1 SYSTEMPATH\Filters\Filters.php(182): App\Filters\JwtAuthWeb->before(Object(CodeIgniter\HTTP\IncomingRequest), null)
 2 SYSTEMPATH\CodeIgniter.php(475): CodeIgniter\Filters\Filters->run('getCaregiverData', 'before')
 3 SYSTEMPATH\CodeIgniter.php(361): CodeIgniter\CodeIgniter->handleRequest(null, Object(Config\Cache), false)
 4 FCPATH\index.php(79): CodeIgniter\CodeIgniter->run()
INFO - 2026-02-23 21:36:15 --> Session: Class initialized using 'CodeIgniter\Session\Handlers\FileHandler' driver.
WARNING - 2026-02-23 21:36:15 --> [DEPRECATED] Creation of dynamic property CodeIgniter\HTTP\IncomingRequest::$user is deprecated in APPPATH\Filters\JwtAuthWeb.php on line 32.
 1 SYSTEMPATH\Filters\Filters.php(182): App\Filters\JwtAuthWeb->before(Object(CodeIgniter\HTTP\IncomingRequest), null)
 2 SYSTEMPATH\CodeIgniter.php(475): CodeIgniter\Filters\Filters->run('caregiver-page', 'before')
 3 SYSTEMPATH\CodeIgniter.php(361): CodeIgniter\CodeIgniter->handleRequest(null, Object(Config\Cache), false)
 4 FCPATH\index.php(79): CodeIgniter\CodeIgniter->run()
WARNING - 2026-02-23 21:36:15 --> [DEPRECATED] Creation of dynamic property CodeIgniter\HTTP\IncomingRequest::$user is deprecated in APPPATH\Filters\JwtAuth.php on line 47.
 1 SYSTEMPATH\Filters\Filters.php(182): App\Filters\JwtAuth->before(Object(CodeIgniter\HTTP\IncomingRequest), null)
 2 SYSTEMPATH\CodeIgniter.php(475): CodeIgniter\Filters\Filters->run('api/profile', 'before')
 3 SYSTEMPATH\CodeIgniter.php(361): CodeIgniter\CodeIgniter->handleRequest(null, Object(Config\Cache), false)
 4 FCPATH\index.php(79): CodeIgniter\CodeIgniter->run()
INFO - 2026-02-23 21:36:15 --> Session: Class initialized using 'CodeIgniter\Session\Handlers\FileHandler' driver.
WARNING - 2026-02-23 21:36:15 --> [DEPRECATED] Creation of dynamic property CodeIgniter\HTTP\IncomingRequest::$user is deprecated in APPPATH\Filters\JwtAuthWeb.php on line 32.
 1 SYSTEMPATH\Filters\Filters.php(182): App\Filters\JwtAuthWeb->before(Object(CodeIgniter\HTTP\IncomingRequest), null)
 2 SYSTEMPATH\CodeIgniter.php(475): CodeIgniter\Filters\Filters->run('getCaregiverData', 'before')
 3 SYSTEMPATH\CodeIgniter.php(361): CodeIgniter\CodeIgniter->handleRequest(null, Object(Config\Cache), false)
 4 FCPATH\index.php(79): CodeIgniter\CodeIgniter->run()
INFO - 2026-02-23 21:36:16 --> Session: Class initialized using 'CodeIgniter\Session\Handlers\FileHandler' driver.
WARNING - 2026-02-23 21:36:16 --> [DEPRECATED] Creation of dynamic property CodeIgniter\HTTP\IncomingRequest::$user is deprecated in APPPATH\Filters\JwtAuthWeb.php on line 32.
 1 SYSTEMPATH\Filters\Filters.php(182): App\Filters\JwtAuthWeb->before(Object(CodeIgniter\HTTP\IncomingRequest), null)
 2 SYSTEMPATH\CodeIgniter.php(475): CodeIgniter\Filters\Filters->run('getCaregiver', 'before')
 3 SYSTEMPATH\CodeIgniter.php(361): CodeIgniter\CodeIgniter->handleRequest(null, Object(Config\Cache), false)
 4 FCPATH\index.php(79): CodeIgniter\CodeIgniter->run()
INFO - 2026-02-23 21:36:20 --> Session: Class initialized using 'CodeIgniter\Session\Handlers\FileHandler' driver.
WARNING - 2026-02-23 21:36:20 --> [DEPRECATED] Creation of dynamic property CodeIgniter\HTTP\IncomingRequest::$user is deprecated in APPPATH\Filters\JwtAuthWeb.php on line 32.
 1 SYSTEMPATH\Filters\Filters.php(182): App\Filters\JwtAuthWeb->before(Object(CodeIgniter\HTTP\IncomingRequest), null)
 2 SYSTEMPATH\CodeIgniter.php(475): CodeIgniter\Filters\Filters->run('updateCaregiverCM', 'before')
 3 SYSTEMPATH\CodeIgniter.php(361): CodeIgniter\CodeIgniter->handleRequest(null, Object(Config\Cache), false)
 4 FCPATH\index.php(79): CodeIgniter\CodeIgniter->run()
INFO - 2026-02-23 21:36:20 --> Session: Class initialized using 'CodeIgniter\Session\Handlers\FileHandler' driver.
WARNING - 2026-02-23 21:36:20 --> [DEPRECATED] Creation of dynamic property CodeIgniter\HTTP\IncomingRequest::$user is deprecated in APPPATH\Filters\JwtAuthWeb.php on line 32.
 1 SYSTEMPATH\Filters\Filters.php(182): App\Filters\JwtAuthWeb->before(Object(CodeIgniter\HTTP\IncomingRequest), null)
 2 SYSTEMPATH\CodeIgniter.php(475): CodeIgniter\Filters\Filters->run('getCaregiverData', 'before')
 3 SYSTEMPATH\CodeIgniter.php(361): CodeIgniter\CodeIgniter->handleRequest(null, Object(Config\Cache), false)
 4 FCPATH\index.php(79): CodeIgniter\CodeIgniter->run()
INFO - 2026-02-23 21:36:42 --> Session: Class initialized using 'CodeIgniter\Session\Handlers\FileHandler' driver.
WARNING - 2026-02-23 21:36:42 --> [DEPRECATED] Creation of dynamic property CodeIgniter\HTTP\IncomingRequest::$user is deprecated in APPPATH\Filters\JwtAuthWeb.php on line 32.
 1 SYSTEMPATH\Filters\Filters.php(182): App\Filters\JwtAuthWeb->before(Object(CodeIgniter\HTTP\IncomingRequest), null)
 2 SYSTEMPATH\CodeIgniter.php(475): CodeIgniter\Filters\Filters->run('userCG', 'before')
 3 SYSTEMPATH\CodeIgniter.php(361): CodeIgniter\CodeIgniter->handleRequest(null, Object(Config\Cache), false)
 4 FCPATH\index.php(79): CodeIgniter\CodeIgniter->run()
WARNING - 2026-02-23 21:36:42 --> [DEPRECATED] Creation of dynamic property CodeIgniter\HTTP\IncomingRequest::$user is deprecated in APPPATH\Filters\JwtAuth.php on line 47.
 1 SYSTEMPATH\Filters\Filters.php(182): App\Filters\JwtAuth->before(Object(CodeIgniter\HTTP\IncomingRequest), null)
 2 SYSTEMPATH\CodeIgniter.php(475): CodeIgniter\Filters\Filters->run('api/profile', 'before')
 3 SYSTEMPATH\CodeIgniter.php(361): CodeIgniter\CodeIgniter->handleRequest(null, Object(Config\Cache), false)
 4 FCPATH\index.php(79): CodeIgniter\CodeIgniter->run()
INFO - 2026-02-23 22:01:57 --> Session: Class initialized using 'CodeIgniter\Session\Handlers\FileHandler' driver.
INFO - 2026-02-23 22:01:59 --> Session: Class initialized using 'CodeIgniter\Session\Handlers\FileHandler' driver.
INFO - 2026-02-23 22:02:01 --> Session: Class initialized using 'CodeIgniter\Session\Handlers\FileHandler' driver.
WARNING - 2026-02-23 22:02:01 --> [DEPRECATED] Creation of dynamic property CodeIgniter\HTTP\IncomingRequest::$user is deprecated in APPPATH\Filters\JwtAuthWeb.php on line 32.
 1 SYSTEMPATH\Filters\Filters.php(182): App\Filters\JwtAuthWeb->before(Object(CodeIgniter\HTTP\IncomingRequest), null)
 2 SYSTEMPATH\CodeIgniter.php(475): CodeIgniter\Filters\Filters->run('setting/dashboard-page', 'before')
 3 SYSTEMPATH\CodeIgniter.php(361): CodeIgniter\CodeIgniter->handleRequest(null, Object(Config\Cache), false)
 4 FCPATH\index.php(79): CodeIgniter\CodeIgniter->run()
WARNING - 2026-02-23 22:02:01 --> [DEPRECATED] Creation of dynamic property CodeIgniter\HTTP\IncomingRequest::$user is deprecated in APPPATH\Filters\JwtAuth.php on line 47.
 1 SYSTEMPATH\Filters\Filters.php(182): App\Filters\JwtAuth->before(Object(CodeIgniter\HTTP\IncomingRequest), null)
 2 SYSTEMPATH\CodeIgniter.php(475): CodeIgniter\Filters\Filters->run('api/profile', 'before')
 3 SYSTEMPATH\CodeIgniter.php(361): CodeIgniter\CodeIgniter->handleRequest(null, Object(Config\Cache), false)
 4 FCPATH\index.php(79): CodeIgniter\CodeIgniter->run()
INFO - 2026-02-23 22:02:06 --> Session: Class initialized using 'CodeIgniter\Session\Handlers\FileHandler' driver.
WARNING - 2026-02-23 22:02:06 --> [DEPRECATED] Creation of dynamic property CodeIgniter\HTTP\IncomingRequest::$user is deprecated in APPPATH\Filters\JwtAuthWeb.php on line 32.
 1 SYSTEMPATH\Filters\Filters.php(182): App\Filters\JwtAuthWeb->before(Object(CodeIgniter\HTTP\IncomingRequest), null)
 2 SYSTEMPATH\CodeIgniter.php(475): CodeIgniter\Filters\Filters->run('userCG', 'before')
 3 SYSTEMPATH\CodeIgniter.php(361): CodeIgniter\CodeIgniter->handleRequest(null, Object(Config\Cache), false)
 4 FCPATH\index.php(79): CodeIgniter\CodeIgniter->run()
WARNING - 2026-02-23 22:02:07 --> [DEPRECATED] Creation of dynamic property CodeIgniter\HTTP\IncomingRequest::$user is deprecated in APPPATH\Filters\JwtAuth.php on line 47.
 1 SYSTEMPATH\Filters\Filters.php(182): App\Filters\JwtAuth->before(Object(CodeIgniter\HTTP\IncomingRequest), null)
 2 SYSTEMPATH\CodeIgniter.php(475): CodeIgniter\Filters\Filters->run('api/profile', 'before')
 3 SYSTEMPATH\CodeIgniter.php(361): CodeIgniter\CodeIgniter->handleRequest(null, Object(Config\Cache), false)
 4 FCPATH\index.php(79): CodeIgniter\CodeIgniter->run()
INFO - 2026-02-23 22:04:17 --> Session: Class initialized using 'CodeIgniter\Session\Handlers\FileHandler' driver.
WARNING - 2026-02-23 22:04:17 --> [DEPRECATED] Creation of dynamic property CodeIgniter\HTTP\IncomingRequest::$user is deprecated in APPPATH\Filters\JwtAuthWeb.php on line 32.
 1 SYSTEMPATH\Filters\Filters.php(182): App\Filters\JwtAuthWeb->before(Object(CodeIgniter\HTTP\IncomingRequest), null)
 2 SYSTEMPATH\CodeIgniter.php(475): CodeIgniter\Filters\Filters->run('userCG', 'before')
 3 SYSTEMPATH\CodeIgniter.php(361): CodeIgniter\CodeIgniter->handleRequest(null, Object(Config\Cache), false)
 4 FCPATH\index.php(79): CodeIgniter\CodeIgniter->run()
WARNING - 2026-02-23 22:04:18 --> [DEPRECATED] Creation of dynamic property CodeIgniter\HTTP\IncomingRequest::$user is deprecated in APPPATH\Filters\JwtAuth.php on line 47.
 1 SYSTEMPATH\Filters\Filters.php(182): App\Filters\JwtAuth->before(Object(CodeIgniter\HTTP\IncomingRequest), null)
 2 SYSTEMPATH\CodeIgniter.php(475): CodeIgniter\Filters\Filters->run('api/profile', 'before')
 3 SYSTEMPATH\CodeIgniter.php(361): CodeIgniter\CodeIgniter->handleRequest(null, Object(Config\Cache), false)
 4 FCPATH\index.php(79): CodeIgniter\CodeIgniter->run()
INFO - 2026-02-23 22:08:27 --> Session: Class initialized using 'CodeIgniter\Session\Handlers\FileHandler' driver.
WARNING - 2026-02-23 22:08:27 --> [DEPRECATED] Creation of dynamic property CodeIgniter\HTTP\IncomingRequest::$user is deprecated in APPPATH\Filters\JwtAuthWeb.php on line 32.
 1 SYSTEMPATH\Filters\Filters.php(182): App\Filters\JwtAuthWeb->before(Object(CodeIgniter\HTTP\IncomingRequest), null)
 2 SYSTEMPATH\CodeIgniter.php(475): CodeIgniter\Filters\Filters->run('userCG', 'before')
 3 SYSTEMPATH\CodeIgniter.php(361): CodeIgniter\CodeIgniter->handleRequest(null, Object(Config\Cache), false)
 4 FCPATH\index.php(79): CodeIgniter\CodeIgniter->run()
WARNING - 2026-02-23 22:08:28 --> [DEPRECATED] Creation of dynamic property CodeIgniter\HTTP\IncomingRequest::$user is deprecated in APPPATH\Filters\JwtAuth.php on line 47.
 1 SYSTEMPATH\Filters\Filters.php(182): App\Filters\JwtAuth->before(Object(CodeIgniter\HTTP\IncomingRequest), null)
 2 SYSTEMPATH\CodeIgniter.php(475): CodeIgniter\Filters\Filters->run('api/profile', 'before')
 3 SYSTEMPATH\CodeIgniter.php(361): CodeIgniter\CodeIgniter->handleRequest(null, Object(Config\Cache), false)
 4 FCPATH\index.php(79): CodeIgniter\CodeIgniter->run()
INFO - 2026-02-23 22:08:32 --> Session: Class initialized using 'CodeIgniter\Session\Handlers\FileHandler' driver.
WARNING - 2026-02-23 22:08:32 --> [DEPRECATED] Creation of dynamic property CodeIgniter\HTTP\IncomingRequest::$user is deprecated in APPPATH\Filters\JwtAuthWeb.php on line 32.
 1 SYSTEMPATH\Filters\Filters.php(182): App\Filters\JwtAuthWeb->before(Object(CodeIgniter\HTTP\IncomingRequest), null)
 2 SYSTEMPATH\CodeIgniter.php(475): CodeIgniter\Filters\Filters->run('editPass', 'before')
 3 SYSTEMPATH\CodeIgniter.php(361): CodeIgniter\CodeIgniter->handleRequest(null, Object(Config\Cache), false)
 4 FCPATH\index.php(79): CodeIgniter\CodeIgniter->run()
INFO - 2026-02-23 22:18:16 --> Session: Class initialized using 'CodeIgniter\Session\Handlers\FileHandler' driver.
WARNING - 2026-02-23 22:18:16 --> [DEPRECATED] Creation of dynamic property CodeIgniter\HTTP\IncomingRequest::$user is deprecated in APPPATH\Filters\JwtAuthWeb.php on line 32.
 1 SYSTEMPATH\Filters\Filters.php(182): App\Filters\JwtAuthWeb->before(Object(CodeIgniter\HTTP\IncomingRequest), null)
 2 SYSTEMPATH\CodeIgniter.php(475): CodeIgniter\Filters\Filters->run('userCG', 'before')
 3 SYSTEMPATH\CodeIgniter.php(361): CodeIgniter\CodeIgniter->handleRequest(null, Object(Config\Cache), false)
 4 FCPATH\index.php(79): CodeIgniter\CodeIgniter->run()
WARNING - 2026-02-23 22:18:16 --> [DEPRECATED] Creation of dynamic property CodeIgniter\HTTP\IncomingRequest::$user is deprecated in APPPATH\Filters\JwtAuth.php on line 47.
 1 SYSTEMPATH\Filters\Filters.php(182): App\Filters\JwtAuth->before(Object(CodeIgniter\HTTP\IncomingRequest), null)
 2 SYSTEMPATH\CodeIgniter.php(475): CodeIgniter\Filters\Filters->run('api/profile', 'before')
 3 SYSTEMPATH\CodeIgniter.php(361): CodeIgniter\CodeIgniter->handleRequest(null, Object(Config\Cache), false)
 4 FCPATH\index.php(79): CodeIgniter\CodeIgniter->run()
INFO - 2026-02-23 22:18:19 --> Session: Class initialized using 'CodeIgniter\Session\Handlers\FileHandler' driver.
WARNING - 2026-02-23 22:18:19 --> [DEPRECATED] Creation of dynamic property CodeIgniter\HTTP\IncomingRequest::$user is deprecated in APPPATH\Filters\JwtAuthWeb.php on line 32.
 1 SYSTEMPATH\Filters\Filters.php(182): App\Filters\JwtAuthWeb->before(Object(CodeIgniter\HTTP\IncomingRequest), null)
 2 SYSTEMPATH\CodeIgniter.php(475): CodeIgniter\Filters\Filters->run('userCG', 'before')
 3 SYSTEMPATH\CodeIgniter.php(361): CodeIgniter\CodeIgniter->handleRequest(null, Object(Config\Cache), false)
 4 FCPATH\index.php(79): CodeIgniter\CodeIgniter->run()
WARNING - 2026-02-23 22:18:19 --> [DEPRECATED] Creation of dynamic property CodeIgniter\HTTP\IncomingRequest::$user is deprecated in APPPATH\Filters\JwtAuth.php on line 47.
 1 SYSTEMPATH\Filters\Filters.php(182): App\Filters\JwtAuth->before(Object(CodeIgniter\HTTP\IncomingRequest), null)
 2 SYSTEMPATH\CodeIgniter.php(475): CodeIgniter\Filters\Filters->run('api/profile', 'before')
 3 SYSTEMPATH\CodeIgniter.php(361): CodeIgniter\CodeIgniter->handleRequest(null, Object(Config\Cache), false)
 4 FCPATH\index.php(79): CodeIgniter\CodeIgniter->run()
INFO - 2026-02-23 22:18:23 --> Session: Class initialized using 'CodeIgniter\Session\Handlers\FileHandler' driver.
WARNING - 2026-02-23 22:18:23 --> [DEPRECATED] Creation of dynamic property CodeIgniter\HTTP\IncomingRequest::$user is deprecated in APPPATH\Filters\JwtAuthWeb.php on line 32.
 1 SYSTEMPATH\Filters\Filters.php(182): App\Filters\JwtAuthWeb->before(Object(CodeIgniter\HTTP\IncomingRequest), null)
 2 SYSTEMPATH\CodeIgniter.php(475): CodeIgniter\Filters\Filters->run('userCG', 'before')
 3 SYSTEMPATH\CodeIgniter.php(361): CodeIgniter\CodeIgniter->handleRequest(null, Object(Config\Cache), false)
 4 FCPATH\index.php(79): CodeIgniter\CodeIgniter->run()
WARNING - 2026-02-23 22:18:23 --> [DEPRECATED] Creation of dynamic property CodeIgniter\HTTP\IncomingRequest::$user is deprecated in APPPATH\Filters\JwtAuth.php on line 47.
 1 SYSTEMPATH\Filters\Filters.php(182): App\Filters\JwtAuth->before(Object(CodeIgniter\HTTP\IncomingRequest), null)
 2 SYSTEMPATH\CodeIgniter.php(475): CodeIgniter\Filters\Filters->run('api/profile', 'before')
 3 SYSTEMPATH\CodeIgniter.php(361): CodeIgniter\CodeIgniter->handleRequest(null, Object(Config\Cache), false)
 4 FCPATH\index.php(79): CodeIgniter\CodeIgniter->run()
INFO - 2026-02-23 22:18:54 --> Session: Class initialized using 'CodeIgniter\Session\Handlers\FileHandler' driver.
WARNING - 2026-02-23 22:18:54 --> [DEPRECATED] Creation of dynamic property CodeIgniter\HTTP\IncomingRequest::$user is deprecated in APPPATH\Filters\JwtAuthWeb.php on line 32.
 1 SYSTEMPATH\Filters\Filters.php(182): App\Filters\JwtAuthWeb->before(Object(CodeIgniter\HTTP\IncomingRequest), null)
 2 SYSTEMPATH\CodeIgniter.php(475): CodeIgniter\Filters\Filters->run('userCG', 'before')
 3 SYSTEMPATH\CodeIgniter.php(361): CodeIgniter\CodeIgniter->handleRequest(null, Object(Config\Cache), false)
 4 FCPATH\index.php(79): CodeIgniter\CodeIgniter->run()
WARNING - 2026-02-23 22:18:54 --> [DEPRECATED] Creation of dynamic property CodeIgniter\HTTP\IncomingRequest::$user is deprecated in APPPATH\Filters\JwtAuth.php on line 47.
 1 SYSTEMPATH\Filters\Filters.php(182): App\Filters\JwtAuth->before(Object(CodeIgniter\HTTP\IncomingRequest), null)
 2 SYSTEMPATH\CodeIgniter.php(475): CodeIgniter\Filters\Filters->run('api/profile', 'before')
 3 SYSTEMPATH\CodeIgniter.php(361): CodeIgniter\CodeIgniter->handleRequest(null, Object(Config\Cache), false)
 4 FCPATH\index.php(79): CodeIgniter\CodeIgniter->run()
INFO - 2026-02-23 22:24:14 --> Session: Class initialized using 'CodeIgniter\Session\Handlers\FileHandler' driver.
WARNING - 2026-02-23 22:24:14 --> [DEPRECATED] Creation of dynamic property CodeIgniter\HTTP\IncomingRequest::$user is deprecated in APPPATH\Filters\JwtAuthWeb.php on line 32.
 1 SYSTEMPATH\Filters\Filters.php(182): App\Filters\JwtAuthWeb->before(Object(CodeIgniter\HTTP\IncomingRequest), null)
 2 SYSTEMPATH\CodeIgniter.php(475): CodeIgniter\Filters\Filters->run('userCG', 'before')
 3 SYSTEMPATH\CodeIgniter.php(361): CodeIgniter\CodeIgniter->handleRequest(null, Object(Config\Cache), false)
 4 FCPATH\index.php(79): CodeIgniter\CodeIgniter->run()
WARNING - 2026-02-23 22:24:14 --> [DEPRECATED] Creation of dynamic property CodeIgniter\HTTP\IncomingRequest::$user is deprecated in APPPATH\Filters\JwtAuth.php on line 47.
 1 SYSTEMPATH\Filters\Filters.php(182): App\Filters\JwtAuth->before(Object(CodeIgniter\HTTP\IncomingRequest), null)
 2 SYSTEMPATH\CodeIgniter.php(475): CodeIgniter\Filters\Filters->run('api/profile', 'before')
 3 SYSTEMPATH\CodeIgniter.php(361): CodeIgniter\CodeIgniter->handleRequest(null, Object(Config\Cache), false)
 4 FCPATH\index.php(79): CodeIgniter\CodeIgniter->run()
INFO - 2026-02-23 22:24:20 --> Session: Class initialized using 'CodeIgniter\Session\Handlers\FileHandler' driver.
WARNING - 2026-02-23 22:24:20 --> [DEPRECATED] Creation of dynamic property CodeIgniter\HTTP\IncomingRequest::$user is deprecated in APPPATH\Filters\JwtAuthWeb.php on line 32.
 1 SYSTEMPATH\Filters\Filters.php(182): App\Filters\JwtAuthWeb->before(Object(CodeIgniter\HTTP\IncomingRequest), null)
 2 SYSTEMPATH\CodeIgniter.php(475): CodeIgniter\Filters\Filters->run('userCG', 'before')
 3 SYSTEMPATH\CodeIgniter.php(361): CodeIgniter\CodeIgniter->handleRequest(null, Object(Config\Cache), false)
 4 FCPATH\index.php(79): CodeIgniter\CodeIgniter->run()
WARNING - 2026-02-23 22:24:21 --> [DEPRECATED] Creation of dynamic property CodeIgniter\HTTP\IncomingRequest::$user is deprecated in APPPATH\Filters\JwtAuth.php on line 47.
 1 SYSTEMPATH\Filters\Filters.php(182): App\Filters\JwtAuth->before(Object(CodeIgniter\HTTP\IncomingRequest), null)
 2 SYSTEMPATH\CodeIgniter.php(475): CodeIgniter\Filters\Filters->run('api/profile', 'before')
 3 SYSTEMPATH\CodeIgniter.php(361): CodeIgniter\CodeIgniter->handleRequest(null, Object(Config\Cache), false)
 4 FCPATH\index.php(79): CodeIgniter\CodeIgniter->run()
INFO - 2026-02-23 22:25:38 --> Session: Class initialized using 'CodeIgniter\Session\Handlers\FileHandler' driver.
WARNING - 2026-02-23 22:25:38 --> [DEPRECATED] Creation of dynamic property CodeIgniter\HTTP\IncomingRequest::$user is deprecated in APPPATH\Filters\JwtAuthWeb.php on line 32.
 1 SYSTEMPATH\Filters\Filters.php(182): App\Filters\JwtAuthWeb->before(Object(CodeIgniter\HTTP\IncomingRequest), null)
 2 SYSTEMPATH\CodeIgniter.php(475): CodeIgniter\Filters\Filters->run('userCG', 'before')
 3 SYSTEMPATH\CodeIgniter.php(361): CodeIgniter\CodeIgniter->handleRequest(null, Object(Config\Cache), false)
 4 FCPATH\index.php(79): CodeIgniter\CodeIgniter->run()
WARNING - 2026-02-23 22:25:40 --> [DEPRECATED] Creation of dynamic property CodeIgniter\HTTP\IncomingRequest::$user is deprecated in APPPATH\Filters\JwtAuth.php on line 47.
 1 SYSTEMPATH\Filters\Filters.php(182): App\Filters\JwtAuth->before(Object(CodeIgniter\HTTP\IncomingRequest), null)
 2 SYSTEMPATH\CodeIgniter.php(475): CodeIgniter\Filters\Filters->run('api/profile', 'before')
 3 SYSTEMPATH\CodeIgniter.php(361): CodeIgniter\CodeIgniter->handleRequest(null, Object(Config\Cache), false)
 4 FCPATH\index.php(79): CodeIgniter\CodeIgniter->run()
INFO - 2026-02-23 22:25:41 --> Session: Class initialized using 'CodeIgniter\Session\Handlers\FileHandler' driver.
WARNING - 2026-02-23 22:25:41 --> [DEPRECATED] Creation of dynamic property CodeIgniter\HTTP\IncomingRequest::$user is deprecated in APPPATH\Filters\JwtAuthWeb.php on line 32.
 1 SYSTEMPATH\Filters\Filters.php(182): App\Filters\JwtAuthWeb->before(Object(CodeIgniter\HTTP\IncomingRequest), null)
 2 SYSTEMPATH\CodeIgniter.php(475): CodeIgniter\Filters\Filters->run('userCG', 'before')
 3 SYSTEMPATH\CodeIgniter.php(361): CodeIgniter\CodeIgniter->handleRequest(null, Object(Config\Cache), false)
 4 FCPATH\index.php(79): CodeIgniter\CodeIgniter->run()
WARNING - 2026-02-23 22:25:41 --> [DEPRECATED] Creation of dynamic property CodeIgniter\HTTP\IncomingRequest::$user is deprecated in APPPATH\Filters\JwtAuth.php on line 47.
 1 SYSTEMPATH\Filters\Filters.php(182): App\Filters\JwtAuth->before(Object(CodeIgniter\HTTP\IncomingRequest), null)
 2 SYSTEMPATH\CodeIgniter.php(475): CodeIgniter\Filters\Filters->run('api/profile', 'before')
 3 SYSTEMPATH\CodeIgniter.php(361): CodeIgniter\CodeIgniter->handleRequest(null, Object(Config\Cache), false)
 4 FCPATH\index.php(79): CodeIgniter\CodeIgniter->run()
INFO - 2026-02-23 22:26:07 --> Session: Class initialized using 'CodeIgniter\Session\Handlers\FileHandler' driver.
WARNING - 2026-02-23 22:26:07 --> [DEPRECATED] Creation of dynamic property CodeIgniter\HTTP\IncomingRequest::$user is deprecated in APPPATH\Filters\JwtAuthWeb.php on line 32.
 1 SYSTEMPATH\Filters\Filters.php(182): App\Filters\JwtAuthWeb->before(Object(CodeIgniter\HTTP\IncomingRequest), null)
 2 SYSTEMPATH\CodeIgniter.php(475): CodeIgniter\Filters\Filters->run('userCG', 'before')
 3 SYSTEMPATH\CodeIgniter.php(361): CodeIgniter\CodeIgniter->handleRequest(null, Object(Config\Cache), false)
 4 FCPATH\index.php(79): CodeIgniter\CodeIgniter->run()
WARNING - 2026-02-23 22:26:07 --> [DEPRECATED] Creation of dynamic property CodeIgniter\HTTP\IncomingRequest::$user is deprecated in APPPATH\Filters\JwtAuth.php on line 47.
 1 SYSTEMPATH\Filters\Filters.php(182): App\Filters\JwtAuth->before(Object(CodeIgniter\HTTP\IncomingRequest), null)
 2 SYSTEMPATH\CodeIgniter.php(475): CodeIgniter\Filters\Filters->run('api/profile', 'before')
 3 SYSTEMPATH\CodeIgniter.php(361): CodeIgniter\CodeIgniter->handleRequest(null, Object(Config\Cache), false)
 4 FCPATH\index.php(79): CodeIgniter\CodeIgniter->run()
INFO - 2026-02-23 22:32:11 --> Session: Class initialized using 'CodeIgniter\Session\Handlers\FileHandler' driver.
WARNING - 2026-02-23 22:32:11 --> [DEPRECATED] Creation of dynamic property CodeIgniter\HTTP\IncomingRequest::$user is deprecated in APPPATH\Filters\JwtAuthWeb.php on line 32.
 1 SYSTEMPATH\Filters\Filters.php(182): App\Filters\JwtAuthWeb->before(Object(CodeIgniter\HTTP\IncomingRequest), null)
 2 SYSTEMPATH\CodeIgniter.php(475): CodeIgniter\Filters\Filters->run('userCG', 'before')
 3 SYSTEMPATH\CodeIgniter.php(361): CodeIgniter\CodeIgniter->handleRequest(null, Object(Config\Cache), false)
 4 FCPATH\index.php(79): CodeIgniter\CodeIgniter->run()
WARNING - 2026-02-23 22:32:11 --> [DEPRECATED] Creation of dynamic property CodeIgniter\HTTP\IncomingRequest::$user is deprecated in APPPATH\Filters\JwtAuth.php on line 47.
 1 SYSTEMPATH\Filters\Filters.php(182): App\Filters\JwtAuth->before(Object(CodeIgniter\HTTP\IncomingRequest), null)
 2 SYSTEMPATH\CodeIgniter.php(475): CodeIgniter\Filters\Filters->run('api/profile', 'before')
 3 SYSTEMPATH\CodeIgniter.php(361): CodeIgniter\CodeIgniter->handleRequest(null, Object(Config\Cache), false)
 4 FCPATH\index.php(79): CodeIgniter\CodeIgniter->run()
INFO - 2026-02-23 22:32:21 --> Session: Class initialized using 'CodeIgniter\Session\Handlers\FileHandler' driver.
WARNING - 2026-02-23 22:32:21 --> [DEPRECATED] Creation of dynamic property CodeIgniter\HTTP\IncomingRequest::$user is deprecated in APPPATH\Filters\JwtAuthWeb.php on line 32.
 1 SYSTEMPATH\Filters\Filters.php(182): App\Filters\JwtAuthWeb->before(Object(CodeIgniter\HTTP\IncomingRequest), null)
 2 SYSTEMPATH\CodeIgniter.php(475): CodeIgniter\Filters\Filters->run('editPass', 'before')
 3 SYSTEMPATH\CodeIgniter.php(361): CodeIgniter\CodeIgniter->handleRequest(null, Object(Config\Cache), false)
 4 FCPATH\index.php(79): CodeIgniter\CodeIgniter->run()
INFO - 2026-02-23 22:32:25 --> Session: Class initialized using 'CodeIgniter\Session\Handlers\FileHandler' driver.
WARNING - 2026-02-23 22:32:25 --> [DEPRECATED] Creation of dynamic property CodeIgniter\HTTP\IncomingRequest::$user is deprecated in APPPATH\Filters\JwtAuthWeb.php on line 32.
 1 SYSTEMPATH\Filters\Filters.php(182): App\Filters\JwtAuthWeb->before(Object(CodeIgniter\HTTP\IncomingRequest), null)
 2 SYSTEMPATH\CodeIgniter.php(475): CodeIgniter\Filters\Filters->run('editPass', 'before')
 3 SYSTEMPATH\CodeIgniter.php(361): CodeIgniter\CodeIgniter->handleRequest(null, Object(Config\Cache), false)
 4 FCPATH\index.php(79): CodeIgniter\CodeIgniter->run()
INFO - 2026-02-23 22:32:59 --> Session: Class initialized using 'CodeIgniter\Session\Handlers\FileHandler' driver.
WARNING - 2026-02-23 22:32:59 --> [DEPRECATED] Creation of dynamic property CodeIgniter\HTTP\IncomingRequest::$user is deprecated in APPPATH\Filters\JwtAuthWeb.php on line 32.
 1 SYSTEMPATH\Filters\Filters.php(182): App\Filters\JwtAuthWeb->before(Object(CodeIgniter\HTTP\IncomingRequest), null)
 2 SYSTEMPATH\CodeIgniter.php(475): CodeIgniter\Filters\Filters->run('userCG', 'before')
 3 SYSTEMPATH\CodeIgniter.php(361): CodeIgniter\CodeIgniter->handleRequest(null, Object(Config\Cache), false)
 4 FCPATH\index.php(79): CodeIgniter\CodeIgniter->run()
WARNING - 2026-02-23 22:32:59 --> [DEPRECATED] Creation of dynamic property CodeIgniter\HTTP\IncomingRequest::$user is deprecated in APPPATH\Filters\JwtAuth.php on line 47.
 1 SYSTEMPATH\Filters\Filters.php(182): App\Filters\JwtAuth->before(Object(CodeIgniter\HTTP\IncomingRequest), null)
 2 SYSTEMPATH\CodeIgniter.php(475): CodeIgniter\Filters\Filters->run('api/profile', 'before')
 3 SYSTEMPATH\CodeIgniter.php(361): CodeIgniter\CodeIgniter->handleRequest(null, Object(Config\Cache), false)
 4 FCPATH\index.php(79): CodeIgniter\CodeIgniter->run()
INFO - 2026-02-23 22:33:06 --> Session: Class initialized using 'CodeIgniter\Session\Handlers\FileHandler' driver.
WARNING - 2026-02-23 22:33:06 --> [DEPRECATED] Creation of dynamic property CodeIgniter\HTTP\IncomingRequest::$user is deprecated in APPPATH\Filters\JwtAuthWeb.php on line 32.
 1 SYSTEMPATH\Filters\Filters.php(182): App\Filters\JwtAuthWeb->before(Object(CodeIgniter\HTTP\IncomingRequest), null)
 2 SYSTEMPATH\CodeIgniter.php(475): CodeIgniter\Filters\Filters->run('editPass', 'before')
 3 SYSTEMPATH\CodeIgniter.php(361): CodeIgniter\CodeIgniter->handleRequest(null, Object(Config\Cache), false)
 4 FCPATH\index.php(79): CodeIgniter\CodeIgniter->run()
INFO - 2026-02-23 22:33:16 --> Session: Class initialized using 'CodeIgniter\Session\Handlers\FileHandler' driver.
WARNING - 2026-02-23 22:33:16 --> [DEPRECATED] Creation of dynamic property CodeIgniter\HTTP\IncomingRequest::$user is deprecated in APPPATH\Filters\JwtAuthWeb.php on line 32.
 1 SYSTEMPATH\Filters\Filters.php(182): App\Filters\JwtAuthWeb->before(Object(CodeIgniter\HTTP\IncomingRequest), null)
 2 SYSTEMPATH\CodeIgniter.php(475): CodeIgniter\Filters\Filters->run('editPass', 'before')
 3 SYSTEMPATH\CodeIgniter.php(361): CodeIgniter\CodeIgniter->handleRequest(null, Object(Config\Cache), false)
 4 FCPATH\index.php(79): CodeIgniter\CodeIgniter->run()
INFO - 2026-02-23 22:33:53 --> Session: Class initialized using 'CodeIgniter\Session\Handlers\FileHandler' driver.
WARNING - 2026-02-23 22:33:53 --> [DEPRECATED] Creation of dynamic property CodeIgniter\HTTP\IncomingRequest::$user is deprecated in APPPATH\Filters\JwtAuthWeb.php on line 32.
 1 SYSTEMPATH\Filters\Filters.php(182): App\Filters\JwtAuthWeb->before(Object(CodeIgniter\HTTP\IncomingRequest), null)
 2 SYSTEMPATH\CodeIgniter.php(475): CodeIgniter\Filters\Filters->run('userCG', 'before')
 3 SYSTEMPATH\CodeIgniter.php(361): CodeIgniter\CodeIgniter->handleRequest(null, Object(Config\Cache), false)
 4 FCPATH\index.php(79): CodeIgniter\CodeIgniter->run()
WARNING - 2026-02-23 22:33:53 --> [DEPRECATED] Creation of dynamic property CodeIgniter\HTTP\IncomingRequest::$user is deprecated in APPPATH\Filters\JwtAuth.php on line 47.
 1 SYSTEMPATH\Filters\Filters.php(182): App\Filters\JwtAuth->before(Object(CodeIgniter\HTTP\IncomingRequest), null)
 2 SYSTEMPATH\CodeIgniter.php(475): CodeIgniter\Filters\Filters->run('api/profile', 'before')
 3 SYSTEMPATH\CodeIgniter.php(361): CodeIgniter\CodeIgniter->handleRequest(null, Object(Config\Cache), false)
 4 FCPATH\index.php(79): CodeIgniter\CodeIgniter->run()
INFO - 2026-02-23 22:34:00 --> Session: Class initialized using 'CodeIgniter\Session\Handlers\FileHandler' driver.
WARNING - 2026-02-23 22:34:00 --> [DEPRECATED] Creation of dynamic property CodeIgniter\HTTP\IncomingRequest::$user is deprecated in APPPATH\Filters\JwtAuthWeb.php on line 32.
 1 SYSTEMPATH\Filters\Filters.php(182): App\Filters\JwtAuthWeb->before(Object(CodeIgniter\HTTP\IncomingRequest), null)
 2 SYSTEMPATH\CodeIgniter.php(475): CodeIgniter\Filters\Filters->run('editPass', 'before')
 3 SYSTEMPATH\CodeIgniter.php(361): CodeIgniter\CodeIgniter->handleRequest(null, Object(Config\Cache), false)
 4 FCPATH\index.php(79): CodeIgniter\CodeIgniter->run()
INFO - 2026-02-23 22:35:11 --> Session: Class initialized using 'CodeIgniter\Session\Handlers\FileHandler' driver.
WARNING - 2026-02-23 22:35:11 --> [DEPRECATED] Creation of dynamic property CodeIgniter\HTTP\IncomingRequest::$user is deprecated in APPPATH\Filters\JwtAuthWeb.php on line 32.
 1 SYSTEMPATH\Filters\Filters.php(182): App\Filters\JwtAuthWeb->before(Object(CodeIgniter\HTTP\IncomingRequest), null)
 2 SYSTEMPATH\CodeIgniter.php(475): CodeIgniter\Filters\Filters->run('userCG', 'before')
 3 SYSTEMPATH\CodeIgniter.php(361): CodeIgniter\CodeIgniter->handleRequest(null, Object(Config\Cache), false)
 4 FCPATH\index.php(79): CodeIgniter\CodeIgniter->run()
WARNING - 2026-02-23 22:35:11 --> [DEPRECATED] Creation of dynamic property CodeIgniter\HTTP\IncomingRequest::$user is deprecated in APPPATH\Filters\JwtAuth.php on line 47.
 1 SYSTEMPATH\Filters\Filters.php(182): App\Filters\JwtAuth->before(Object(CodeIgniter\HTTP\IncomingRequest), null)
 2 SYSTEMPATH\CodeIgniter.php(475): CodeIgniter\Filters\Filters->run('api/profile', 'before')
 3 SYSTEMPATH\CodeIgniter.php(361): CodeIgniter\CodeIgniter->handleRequest(null, Object(Config\Cache), false)
 4 FCPATH\index.php(79): CodeIgniter\CodeIgniter->run()
INFO - 2026-02-23 22:35:25 --> Session: Class initialized using 'CodeIgniter\Session\Handlers\FileHandler' driver.
WARNING - 2026-02-23 22:35:25 --> [DEPRECATED] Creation of dynamic property CodeIgniter\HTTP\IncomingRequest::$user is deprecated in APPPATH\Filters\JwtAuthWeb.php on line 32.
 1 SYSTEMPATH\Filters\Filters.php(182): App\Filters\JwtAuthWeb->before(Object(CodeIgniter\HTTP\IncomingRequest), null)
 2 SYSTEMPATH\CodeIgniter.php(475): CodeIgniter\Filters\Filters->run('editPass', 'before')
 3 SYSTEMPATH\CodeIgniter.php(361): CodeIgniter\CodeIgniter->handleRequest(null, Object(Config\Cache), false)
 4 FCPATH\index.php(79): CodeIgniter\CodeIgniter->run()
INFO - 2026-02-23 22:36:10 --> Session: Class initialized using 'CodeIgniter\Session\Handlers\FileHandler' driver.
WARNING - 2026-02-23 22:36:10 --> [DEPRECATED] Creation of dynamic property CodeIgniter\HTTP\IncomingRequest::$user is deprecated in APPPATH\Filters\JwtAuthWeb.php on line 32.
 1 SYSTEMPATH\Filters\Filters.php(182): App\Filters\JwtAuthWeb->before(Object(CodeIgniter\HTTP\IncomingRequest), null)
 2 SYSTEMPATH\CodeIgniter.php(475): CodeIgniter\Filters\Filters->run('editPass', 'before')
 3 SYSTEMPATH\CodeIgniter.php(361): CodeIgniter\CodeIgniter->handleRequest(null, Object(Config\Cache), false)
 4 FCPATH\index.php(79): CodeIgniter\CodeIgniter->run()
INFO - 2026-02-23 22:38:04 --> Session: Class initialized using 'CodeIgniter\Session\Handlers\FileHandler' driver.
WARNING - 2026-02-23 22:38:04 --> [DEPRECATED] Creation of dynamic property CodeIgniter\HTTP\IncomingRequest::$user is deprecated in APPPATH\Filters\JwtAuthWeb.php on line 32.
 1 SYSTEMPATH\Filters\Filters.php(182): App\Filters\JwtAuthWeb->before(Object(CodeIgniter\HTTP\IncomingRequest), null)
 2 SYSTEMPATH\CodeIgniter.php(475): CodeIgniter\Filters\Filters->run('userCG', 'before')
 3 SYSTEMPATH\CodeIgniter.php(361): CodeIgniter\CodeIgniter->handleRequest(null, Object(Config\Cache), false)
 4 FCPATH\index.php(79): CodeIgniter\CodeIgniter->run()
WARNING - 2026-02-23 22:38:04 --> [DEPRECATED] Creation of dynamic property CodeIgniter\HTTP\IncomingRequest::$user is deprecated in APPPATH\Filters\JwtAuth.php on line 47.
 1 SYSTEMPATH\Filters\Filters.php(182): App\Filters\JwtAuth->before(Object(CodeIgniter\HTTP\IncomingRequest), null)
 2 SYSTEMPATH\CodeIgniter.php(475): CodeIgniter\Filters\Filters->run('api/profile', 'before')
 3 SYSTEMPATH\CodeIgniter.php(361): CodeIgniter\CodeIgniter->handleRequest(null, Object(Config\Cache), false)
 4 FCPATH\index.php(79): CodeIgniter\CodeIgniter->run()
INFO - 2026-02-23 22:43:46 --> Session: Class initialized using 'CodeIgniter\Session\Handlers\FileHandler' driver.
WARNING - 2026-02-23 22:43:46 --> [DEPRECATED] Creation of dynamic property CodeIgniter\HTTP\IncomingRequest::$user is deprecated in APPPATH\Filters\JwtAuthWeb.php on line 32.
 1 SYSTEMPATH\Filters\Filters.php(182): App\Filters\JwtAuthWeb->before(Object(CodeIgniter\HTTP\IncomingRequest), null)
 2 SYSTEMPATH\CodeIgniter.php(475): CodeIgniter\Filters\Filters->run('userCG', 'before')
 3 SYSTEMPATH\CodeIgniter.php(361): CodeIgniter\CodeIgniter->handleRequest(null, Object(Config\Cache), false)
 4 FCPATH\index.php(79): CodeIgniter\CodeIgniter->run()
WARNING - 2026-02-23 22:43:46 --> [DEPRECATED] Creation of dynamic property CodeIgniter\HTTP\IncomingRequest::$user is deprecated in APPPATH\Filters\JwtAuth.php on line 47.
 1 SYSTEMPATH\Filters\Filters.php(182): App\Filters\JwtAuth->before(Object(CodeIgniter\HTTP\IncomingRequest), null)
 2 SYSTEMPATH\CodeIgniter.php(475): CodeIgniter\Filters\Filters->run('api/profile', 'before')
 3 SYSTEMPATH\CodeIgniter.php(361): CodeIgniter\CodeIgniter->handleRequest(null, Object(Config\Cache), false)
 4 FCPATH\index.php(79): CodeIgniter\CodeIgniter->run()
INFO - 2026-02-23 22:43:56 --> Session: Class initialized using 'CodeIgniter\Session\Handlers\FileHandler' driver.
WARNING - 2026-02-23 22:43:56 --> [DEPRECATED] Creation of dynamic property CodeIgniter\HTTP\IncomingRequest::$user is deprecated in APPPATH\Filters\JwtAuthWeb.php on line 32.
 1 SYSTEMPATH\Filters\Filters.php(182): App\Filters\JwtAuthWeb->before(Object(CodeIgniter\HTTP\IncomingRequest), null)
 2 SYSTEMPATH\CodeIgniter.php(475): CodeIgniter\Filters\Filters->run('editPass', 'before')
 3 SYSTEMPATH\CodeIgniter.php(361): CodeIgniter\CodeIgniter->handleRequest(null, Object(Config\Cache), false)
 4 FCPATH\index.php(79): CodeIgniter\CodeIgniter->run()
INFO - 2026-02-23 22:43:59 --> Session: Class initialized using 'CodeIgniter\Session\Handlers\FileHandler' driver.
WARNING - 2026-02-23 22:43:59 --> [DEPRECATED] Creation of dynamic property CodeIgniter\HTTP\IncomingRequest::$user is deprecated in APPPATH\Filters\JwtAuthWeb.php on line 32.
 1 SYSTEMPATH\Filters\Filters.php(182): App\Filters\JwtAuthWeb->before(Object(CodeIgniter\HTTP\IncomingRequest), null)
 2 SYSTEMPATH\CodeIgniter.php(475): CodeIgniter\Filters\Filters->run('userCG', 'before')
 3 SYSTEMPATH\CodeIgniter.php(361): CodeIgniter\CodeIgniter->handleRequest(null, Object(Config\Cache), false)
 4 FCPATH\index.php(79): CodeIgniter\CodeIgniter->run()
WARNING - 2026-02-23 22:43:59 --> [DEPRECATED] Creation of dynamic property CodeIgniter\HTTP\IncomingRequest::$user is deprecated in APPPATH\Filters\JwtAuth.php on line 47.
 1 SYSTEMPATH\Filters\Filters.php(182): App\Filters\JwtAuth->before(Object(CodeIgniter\HTTP\IncomingRequest), null)
 2 SYSTEMPATH\CodeIgniter.php(475): CodeIgniter\Filters\Filters->run('api/profile', 'before')
 3 SYSTEMPATH\CodeIgniter.php(361): CodeIgniter\CodeIgniter->handleRequest(null, Object(Config\Cache), false)
 4 FCPATH\index.php(79): CodeIgniter\CodeIgniter->run()
INFO - 2026-02-23 22:46:56 --> Session: Class initialized using 'CodeIgniter\Session\Handlers\FileHandler' driver.
WARNING - 2026-02-23 22:46:56 --> [DEPRECATED] Creation of dynamic property CodeIgniter\HTTP\IncomingRequest::$user is deprecated in APPPATH\Filters\JwtAuthWeb.php on line 32.
 1 SYSTEMPATH\Filters\Filters.php(182): App\Filters\JwtAuthWeb->before(Object(CodeIgniter\HTTP\IncomingRequest), null)
 2 SYSTEMPATH\CodeIgniter.php(475): CodeIgniter\Filters\Filters->run('userCG', 'before')
 3 SYSTEMPATH\CodeIgniter.php(361): CodeIgniter\CodeIgniter->handleRequest(null, Object(Config\Cache), false)
 4 FCPATH\index.php(79): CodeIgniter\CodeIgniter->run()
WARNING - 2026-02-23 22:46:56 --> [DEPRECATED] Creation of dynamic property CodeIgniter\HTTP\IncomingRequest::$user is deprecated in APPPATH\Filters\JwtAuth.php on line 47.
 1 SYSTEMPATH\Filters\Filters.php(182): App\Filters\JwtAuth->before(Object(CodeIgniter\HTTP\IncomingRequest), null)
 2 SYSTEMPATH\CodeIgniter.php(475): CodeIgniter\Filters\Filters->run('api/profile', 'before')
 3 SYSTEMPATH\CodeIgniter.php(361): CodeIgniter\CodeIgniter->handleRequest(null, Object(Config\Cache), false)
 4 FCPATH\index.php(79): CodeIgniter\CodeIgniter->run()
INFO - 2026-02-23 22:47:06 --> Session: Class initialized using 'CodeIgniter\Session\Handlers\FileHandler' driver.
WARNING - 2026-02-23 22:47:06 --> [DEPRECATED] Creation of dynamic property CodeIgniter\HTTP\IncomingRequest::$user is deprecated in APPPATH\Filters\JwtAuthWeb.php on line 32.
 1 SYSTEMPATH\Filters\Filters.php(182): App\Filters\JwtAuthWeb->before(Object(CodeIgniter\HTTP\IncomingRequest), null)
 2 SYSTEMPATH\CodeIgniter.php(475): CodeIgniter\Filters\Filters->run('editPass', 'before')
 3 SYSTEMPATH\CodeIgniter.php(361): CodeIgniter\CodeIgniter->handleRequest(null, Object(Config\Cache), false)
 4 FCPATH\index.php(79): CodeIgniter\CodeIgniter->run()
INFO - 2026-02-23 22:47:06 --> Session: Class initialized using 'CodeIgniter\Session\Handlers\FileHandler' driver.
WARNING - 2026-02-23 22:47:06 --> [DEPRECATED] Creation of dynamic property CodeIgniter\HTTP\IncomingRequest::$user is deprecated in APPPATH\Filters\JwtAuthWeb.php on line 32.
 1 SYSTEMPATH\Filters\Filters.php(182): App\Filters\JwtAuthWeb->before(Object(CodeIgniter\HTTP\IncomingRequest), null)
 2 SYSTEMPATH\CodeIgniter.php(475): CodeIgniter\Filters\Filters->run('userCG', 'before')
 3 SYSTEMPATH\CodeIgniter.php(361): CodeIgniter\CodeIgniter->handleRequest(null, Object(Config\Cache), false)
 4 FCPATH\index.php(79): CodeIgniter\CodeIgniter->run()
WARNING - 2026-02-23 22:47:06 --> [DEPRECATED] Creation of dynamic property CodeIgniter\HTTP\IncomingRequest::$user is deprecated in APPPATH\Filters\JwtAuth.php on line 47.
 1 SYSTEMPATH\Filters\Filters.php(182): App\Filters\JwtAuth->before(Object(CodeIgniter\HTTP\IncomingRequest), null)
 2 SYSTEMPATH\CodeIgniter.php(475): CodeIgniter\Filters\Filters->run('api/profile', 'before')
 3 SYSTEMPATH\CodeIgniter.php(361): CodeIgniter\CodeIgniter->handleRequest(null, Object(Config\Cache), false)
 4 FCPATH\index.php(79): CodeIgniter\CodeIgniter->run()
INFO - 2026-02-23 22:47:24 --> Session: Class initialized using 'CodeIgniter\Session\Handlers\FileHandler' driver.
WARNING - 2026-02-23 22:47:24 --> [DEPRECATED] Creation of dynamic property CodeIgniter\HTTP\IncomingRequest::$user is deprecated in APPPATH\Filters\JwtAuthWeb.php on line 32.
 1 SYSTEMPATH\Filters\Filters.php(182): App\Filters\JwtAuthWeb->before(Object(CodeIgniter\HTTP\IncomingRequest), null)
 2 SYSTEMPATH\CodeIgniter.php(475): CodeIgniter\Filters\Filters->run('userTogger', 'before')
 3 SYSTEMPATH\CodeIgniter.php(361): CodeIgniter\CodeIgniter->handleRequest(null, Object(Config\Cache), false)
 4 FCPATH\index.php(79): CodeIgniter\CodeIgniter->run()
INFO - 2026-02-23 22:47:28 --> Session: Class initialized using 'CodeIgniter\Session\Handlers\FileHandler' driver.
WARNING - 2026-02-23 22:47:28 --> [DEPRECATED] Creation of dynamic property CodeIgniter\HTTP\IncomingRequest::$user is deprecated in APPPATH\Filters\JwtAuthWeb.php on line 32.
 1 SYSTEMPATH\Filters\Filters.php(182): App\Filters\JwtAuthWeb->before(Object(CodeIgniter\HTTP\IncomingRequest), null)
 2 SYSTEMPATH\CodeIgniter.php(475): CodeIgniter\Filters\Filters->run('userTogger', 'before')
 3 SYSTEMPATH\CodeIgniter.php(361): CodeIgniter\CodeIgniter->handleRequest(null, Object(Config\Cache), false)
 4 FCPATH\index.php(79): CodeIgniter\CodeIgniter->run()
INFO - 2026-02-23 22:49:12 --> Session: Class initialized using 'CodeIgniter\Session\Handlers\FileHandler' driver.
WARNING - 2026-02-23 22:49:12 --> [DEPRECATED] Creation of dynamic property CodeIgniter\HTTP\IncomingRequest::$user is deprecated in APPPATH\Filters\JwtAuthWeb.php on line 32.
 1 SYSTEMPATH\Filters\Filters.php(182): App\Filters\JwtAuthWeb->before(Object(CodeIgniter\HTTP\IncomingRequest), null)
 2 SYSTEMPATH\CodeIgniter.php(475): CodeIgniter\Filters\Filters->run('userCG', 'before')
 3 SYSTEMPATH\CodeIgniter.php(361): CodeIgniter\CodeIgniter->handleRequest(null, Object(Config\Cache), false)
 4 FCPATH\index.php(79): CodeIgniter\CodeIgniter->run()
WARNING - 2026-02-23 22:49:12 --> [DEPRECATED] Creation of dynamic property CodeIgniter\HTTP\IncomingRequest::$user is deprecated in APPPATH\Filters\JwtAuth.php on line 47.
 1 SYSTEMPATH\Filters\Filters.php(182): App\Filters\JwtAuth->before(Object(CodeIgniter\HTTP\IncomingRequest), null)
 2 SYSTEMPATH\CodeIgniter.php(475): CodeIgniter\Filters\Filters->run('api/profile', 'before')
 3 SYSTEMPATH\CodeIgniter.php(361): CodeIgniter\CodeIgniter->handleRequest(null, Object(Config\Cache), false)
 4 FCPATH\index.php(79): CodeIgniter\CodeIgniter->run()
INFO - 2026-02-23 23:09:36 --> Session: Class initialized using 'CodeIgniter\Session\Handlers\FileHandler' driver.
INFO - 2026-02-23 23:09:38 --> Session: Class initialized using 'CodeIgniter\Session\Handlers\FileHandler' driver.
WARNING - 2026-02-23 23:09:38 --> [DEPRECATED] Creation of dynamic property CodeIgniter\HTTP\IncomingRequest::$user is deprecated in APPPATH\Filters\JwtAuthWeb.php on line 32.
 1 SYSTEMPATH\Filters\Filters.php(182): App\Filters\JwtAuthWeb->before(Object(CodeIgniter\HTTP\IncomingRequest), null)
 2 SYSTEMPATH\CodeIgniter.php(475): CodeIgniter\Filters\Filters->run('setting/dashboard-page', 'before')
 3 SYSTEMPATH\CodeIgniter.php(361): CodeIgniter\CodeIgniter->handleRequest(null, Object(Config\Cache), false)
 4 FCPATH\index.php(79): CodeIgniter\CodeIgniter->run()
WARNING - 2026-02-23 23:09:38 --> [DEPRECATED] Creation of dynamic property CodeIgniter\HTTP\IncomingRequest::$user is deprecated in APPPATH\Filters\JwtAuth.php on line 47.
 1 SYSTEMPATH\Filters\Filters.php(182): App\Filters\JwtAuth->before(Object(CodeIgniter\HTTP\IncomingRequest), null)
 2 SYSTEMPATH\CodeIgniter.php(475): CodeIgniter\Filters\Filters->run('api/profile', 'before')
 3 SYSTEMPATH\CodeIgniter.php(361): CodeIgniter\CodeIgniter->handleRequest(null, Object(Config\Cache), false)
 4 FCPATH\index.php(79): CodeIgniter\CodeIgniter->run()
INFO - 2026-02-23 23:09:43 --> Session: Class initialized using 'CodeIgniter\Session\Handlers\FileHandler' driver.
WARNING - 2026-02-23 23:09:43 --> [DEPRECATED] Creation of dynamic property CodeIgniter\HTTP\IncomingRequest::$user is deprecated in APPPATH\Filters\JwtAuthWeb.php on line 32.
 1 SYSTEMPATH\Filters\Filters.php(182): App\Filters\JwtAuthWeb->before(Object(CodeIgniter\HTTP\IncomingRequest), null)
 2 SYSTEMPATH\CodeIgniter.php(475): CodeIgniter\Filters\Filters->run('setting/profile-page', 'before')
 3 SYSTEMPATH\CodeIgniter.php(361): CodeIgniter\CodeIgniter->handleRequest(null, Object(Config\Cache), false)
 4 FCPATH\index.php(79): CodeIgniter\CodeIgniter->run()
WARNING - 2026-02-23 23:09:43 --> [DEPRECATED] Creation of dynamic property CodeIgniter\HTTP\IncomingRequest::$user is deprecated in APPPATH\Filters\JwtAuth.php on line 47.
 1 SYSTEMPATH\Filters\Filters.php(182): App\Filters\JwtAuth->before(Object(CodeIgniter\HTTP\IncomingRequest), null)
 2 SYSTEMPATH\CodeIgniter.php(475): CodeIgniter\Filters\Filters->run('api/profile', 'before')
 3 SYSTEMPATH\CodeIgniter.php(361): CodeIgniter\CodeIgniter->handleRequest(null, Object(Config\Cache), false)
 4 FCPATH\index.php(79): CodeIgniter\CodeIgniter->run()
INFO - 2026-02-23 23:09:46 --> Session: Class initialized using 'CodeIgniter\Session\Handlers\FileHandler' driver.
WARNING - 2026-02-23 23:09:46 --> [DEPRECATED] Creation of dynamic property CodeIgniter\HTTP\IncomingRequest::$user is deprecated in APPPATH\Filters\JwtAuthWeb.php on line 32.
 1 SYSTEMPATH\Filters\Filters.php(182): App\Filters\JwtAuthWeb->before(Object(CodeIgniter\HTTP\IncomingRequest), null)
 2 SYSTEMPATH\CodeIgniter.php(475): CodeIgniter\Filters\Filters->run('setting/office-page', 'before')
 3 SYSTEMPATH\CodeIgniter.php(361): CodeIgniter\CodeIgniter->handleRequest(null, Object(Config\Cache), false)
 4 FCPATH\index.php(79): CodeIgniter\CodeIgniter->run()
CRITICAL - 2026-02-23 23:09:46 --> TypeError: Cannot access offset of type string on string
in APPPATH\Views\dashboard\office.php on line 74.
 1 SYSTEMPATH\View\View.php(228): include()
 2 SYSTEMPATH\View\View.php(231): CodeIgniter\View\View->CodeIgniter\View\{closure}()
 3 SYSTEMPATH\Common.php(1178): CodeIgniter\View\View->render('dashboard/office', [], true)
 4 APPPATH\Controllers\Admin.php(203): view('dashboard/office', [...])
 5 SYSTEMPATH\CodeIgniter.php(943): App\Controllers\Admin->office()
 6 SYSTEMPATH\CodeIgniter.php(503): CodeIgniter\CodeIgniter->runController(Object(App\Controllers\Admin))
 7 SYSTEMPATH\CodeIgniter.php(361): CodeIgniter\CodeIgniter->handleRequest(null, Object(Config\Cache), false)
 8 FCPATH\index.php(79): CodeIgniter\CodeIgniter->run()
INFO - 2026-02-23 23:11:23 --> Session: Class initialized using 'CodeIgniter\Session\Handlers\FileHandler' driver.
WARNING - 2026-02-23 23:11:23 --> [DEPRECATED] Creation of dynamic property CodeIgniter\HTTP\IncomingRequest::$user is deprecated in APPPATH\Filters\JwtAuthWeb.php on line 32.
 1 SYSTEMPATH\Filters\Filters.php(182): App\Filters\JwtAuthWeb->before(Object(CodeIgniter\HTTP\IncomingRequest), null)
 2 SYSTEMPATH\CodeIgniter.php(475): CodeIgniter\Filters\Filters->run('setting/office-page', 'before')
 3 SYSTEMPATH\CodeIgniter.php(361): CodeIgniter\CodeIgniter->handleRequest(null, Object(Config\Cache), false)
 4 FCPATH\index.php(79): CodeIgniter\CodeIgniter->run()
CRITICAL - 2026-02-23 23:11:23 --> TypeError: Cannot access offset of type string on string
in APPPATH\Views\dashboard\office.php on line 74.
 1 SYSTEMPATH\View\View.php(228): include()
 2 SYSTEMPATH\View\View.php(231): CodeIgniter\View\View->CodeIgniter\View\{closure}()
 3 SYSTEMPATH\Common.php(1178): CodeIgniter\View\View->render('dashboard/office', [], true)
 4 APPPATH\Controllers\Admin.php(203): view('dashboard/office', [...])
 5 SYSTEMPATH\CodeIgniter.php(943): App\Controllers\Admin->office()
 6 SYSTEMPATH\CodeIgniter.php(503): CodeIgniter\CodeIgniter->runController(Object(App\Controllers\Admin))
 7 SYSTEMPATH\CodeIgniter.php(361): CodeIgniter\CodeIgniter->handleRequest(null, Object(Config\Cache), false)
 8 FCPATH\index.php(79): CodeIgniter\CodeIgniter->run()
INFO - 2026-02-23 23:13:11 --> Session: Class initialized using 'CodeIgniter\Session\Handlers\FileHandler' driver.
WARNING - 2026-02-23 23:13:11 --> [DEPRECATED] Creation of dynamic property CodeIgniter\HTTP\IncomingRequest::$user is deprecated in APPPATH\Filters\JwtAuthWeb.php on line 32.
 1 SYSTEMPATH\Filters\Filters.php(182): App\Filters\JwtAuthWeb->before(Object(CodeIgniter\HTTP\IncomingRequest), null)
 2 SYSTEMPATH\CodeIgniter.php(475): CodeIgniter\Filters\Filters->run('setting/office-page', 'before')
 3 SYSTEMPATH\CodeIgniter.php(361): CodeIgniter\CodeIgniter->handleRequest(null, Object(Config\Cache), false)
 4 FCPATH\index.php(79): CodeIgniter\CodeIgniter->run()
CRITICAL - 2026-02-23 23:13:11 --> TypeError: Cannot access offset of type string on string
in APPPATH\Views\dashboard\office.php on line 77.
 1 SYSTEMPATH\View\View.php(228): include()
 2 SYSTEMPATH\View\View.php(231): CodeIgniter\View\View->CodeIgniter\View\{closure}()
 3 SYSTEMPATH\Common.php(1178): CodeIgniter\View\View->render('dashboard/office', [], true)
 4 APPPATH\Controllers\Admin.php(203): view('dashboard/office', [...])
 5 SYSTEMPATH\CodeIgniter.php(943): App\Controllers\Admin->office()
 6 SYSTEMPATH\CodeIgniter.php(503): CodeIgniter\CodeIgniter->runController(Object(App\Controllers\Admin))
 7 SYSTEMPATH\CodeIgniter.php(361): CodeIgniter\CodeIgniter->handleRequest(null, Object(Config\Cache), false)
 8 FCPATH\index.php(79): CodeIgniter\CodeIgniter->run()
INFO - 2026-02-23 23:13:53 --> Session: Class initialized using 'CodeIgniter\Session\Handlers\FileHandler' driver.
WARNING - 2026-02-23 23:13:53 --> [DEPRECATED] Creation of dynamic property CodeIgniter\HTTP\IncomingRequest::$user is deprecated in APPPATH\Filters\JwtAuthWeb.php on line 32.
 1 SYSTEMPATH\Filters\Filters.php(182): App\Filters\JwtAuthWeb->before(Object(CodeIgniter\HTTP\IncomingRequest), null)
 2 SYSTEMPATH\CodeIgniter.php(475): CodeIgniter\Filters\Filters->run('setting/office-page', 'before')
 3 SYSTEMPATH\CodeIgniter.php(361): CodeIgniter\CodeIgniter->handleRequest(null, Object(Config\Cache), false)
 4 FCPATH\index.php(79): CodeIgniter\CodeIgniter->run()
WARNING - 2026-02-23 23:13:54 --> [DEPRECATED] Creation of dynamic property CodeIgniter\HTTP\IncomingRequest::$user is deprecated in APPPATH\Filters\JwtAuth.php on line 47.
 1 SYSTEMPATH\Filters\Filters.php(182): App\Filters\JwtAuth->before(Object(CodeIgniter\HTTP\IncomingRequest), null)
 2 SYSTEMPATH\CodeIgniter.php(475): CodeIgniter\Filters\Filters->run('api/profile', 'before')
 3 SYSTEMPATH\CodeIgniter.php(361): CodeIgniter\CodeIgniter->handleRequest(null, Object(Config\Cache), false)
 4 FCPATH\index.php(79): CodeIgniter\CodeIgniter->run()
INFO - 2026-02-23 23:13:54 --> Session: Class initialized using 'CodeIgniter\Session\Handlers\FileHandler' driver.
WARNING - 2026-02-23 23:13:54 --> [DEPRECATED] Creation of dynamic property CodeIgniter\HTTP\IncomingRequest::$user is deprecated in APPPATH\Filters\JwtAuthWeb.php on line 32.
 1 SYSTEMPATH\Filters\Filters.php(182): App\Filters\JwtAuthWeb->before(Object(CodeIgniter\HTTP\IncomingRequest), null)
 2 SYSTEMPATH\CodeIgniter.php(475): CodeIgniter\Filters\Filters->run('setting/getOffice', 'before')
 3 SYSTEMPATH\CodeIgniter.php(361): CodeIgniter\CodeIgniter->handleRequest(null, Object(Config\Cache), false)
 4 FCPATH\index.php(79): CodeIgniter\CodeIgniter->run()
INFO - 2026-02-23 23:14:07 --> Session: Class initialized using 'CodeIgniter\Session\Handlers\FileHandler' driver.
WARNING - 2026-02-23 23:14:07 --> [DEPRECATED] Creation of dynamic property CodeIgniter\HTTP\IncomingRequest::$user is deprecated in APPPATH\Filters\JwtAuthWeb.php on line 32.
 1 SYSTEMPATH\Filters\Filters.php(182): App\Filters\JwtAuthWeb->before(Object(CodeIgniter\HTTP\IncomingRequest), null)
 2 SYSTEMPATH\CodeIgniter.php(475): CodeIgniter\Filters\Filters->run('setting/office-page', 'before')
 3 SYSTEMPATH\CodeIgniter.php(361): CodeIgniter\CodeIgniter->handleRequest(null, Object(Config\Cache), false)
 4 FCPATH\index.php(79): CodeIgniter\CodeIgniter->run()
CRITICAL - 2026-02-23 23:14:07 --> ErrorException: Undefined array key "typepay"
in APPPATH\Views\dashboard\office.php on line 74.
 1 APPPATH\Views\dashboard\office.php(74): CodeIgniter\Debug\Exceptions->errorHandler(2, 'Undefined array key "typepay"', 'D:\\xampp6\\htdocs\\project-jwt\\app\\Views\\dashboard\\office.php', 74)
 2 SYSTEMPATH\View\View.php(228): include('D:\\xampp6\\htdocs\\project-jwt\\app\\Views\\dashboard\\office.php')
 3 SYSTEMPATH\View\View.php(231): CodeIgniter\View\View->CodeIgniter\View\{closure}()
 4 SYSTEMPATH\Common.php(1178): CodeIgniter\View\View->render('dashboard/office', [], true)
 5 APPPATH\Controllers\Admin.php(203): view('dashboard/office', [...])
 6 SYSTEMPATH\CodeIgniter.php(943): App\Controllers\Admin->office()
 7 SYSTEMPATH\CodeIgniter.php(503): CodeIgniter\CodeIgniter->runController(Object(App\Controllers\Admin))
 8 SYSTEMPATH\CodeIgniter.php(361): CodeIgniter\CodeIgniter->handleRequest(null, Object(Config\Cache), false)
 9 FCPATH\index.php(79): CodeIgniter\CodeIgniter->run()
INFO - 2026-02-23 23:14:28 --> Session: Class initialized using 'CodeIgniter\Session\Handlers\FileHandler' driver.
WARNING - 2026-02-23 23:14:28 --> [DEPRECATED] Creation of dynamic property CodeIgniter\HTTP\IncomingRequest::$user is deprecated in APPPATH\Filters\JwtAuthWeb.php on line 32.
 1 SYSTEMPATH\Filters\Filters.php(182): App\Filters\JwtAuthWeb->before(Object(CodeIgniter\HTTP\IncomingRequest), null)
 2 SYSTEMPATH\CodeIgniter.php(475): CodeIgniter\Filters\Filters->run('setting/office-page', 'before')
 3 SYSTEMPATH\CodeIgniter.php(361): CodeIgniter\CodeIgniter->handleRequest(null, Object(Config\Cache), false)
 4 FCPATH\index.php(79): CodeIgniter\CodeIgniter->run()
WARNING - 2026-02-23 23:14:28 --> [DEPRECATED] Creation of dynamic property CodeIgniter\HTTP\IncomingRequest::$user is deprecated in APPPATH\Filters\JwtAuth.php on line 47.
 1 SYSTEMPATH\Filters\Filters.php(182): App\Filters\JwtAuth->before(Object(CodeIgniter\HTTP\IncomingRequest), null)
 2 SYSTEMPATH\CodeIgniter.php(475): CodeIgniter\Filters\Filters->run('api/profile', 'before')
 3 SYSTEMPATH\CodeIgniter.php(361): CodeIgniter\CodeIgniter->handleRequest(null, Object(Config\Cache), false)
 4 FCPATH\index.php(79): CodeIgniter\CodeIgniter->run()
INFO - 2026-02-23 23:14:28 --> Session: Class initialized using 'CodeIgniter\Session\Handlers\FileHandler' driver.
WARNING - 2026-02-23 23:14:28 --> [DEPRECATED] Creation of dynamic property CodeIgniter\HTTP\IncomingRequest::$user is deprecated in APPPATH\Filters\JwtAuthWeb.php on line 32.
 1 SYSTEMPATH\Filters\Filters.php(182): App\Filters\JwtAuthWeb->before(Object(CodeIgniter\HTTP\IncomingRequest), null)
 2 SYSTEMPATH\CodeIgniter.php(475): CodeIgniter\Filters\Filters->run('setting/getOffice', 'before')
 3 SYSTEMPATH\CodeIgniter.php(361): CodeIgniter\CodeIgniter->handleRequest(null, Object(Config\Cache), false)
 4 FCPATH\index.php(79): CodeIgniter\CodeIgniter->run()
INFO - 2026-02-23 23:15:04 --> Session: Class initialized using 'CodeIgniter\Session\Handlers\FileHandler' driver.
WARNING - 2026-02-23 23:15:04 --> [DEPRECATED] Creation of dynamic property CodeIgniter\HTTP\IncomingRequest::$user is deprecated in APPPATH\Filters\JwtAuthWeb.php on line 32.
 1 SYSTEMPATH\Filters\Filters.php(182): App\Filters\JwtAuthWeb->before(Object(CodeIgniter\HTTP\IncomingRequest), null)
 2 SYSTEMPATH\CodeIgniter.php(475): CodeIgniter\Filters\Filters->run('setting/office-page', 'before')
 3 SYSTEMPATH\CodeIgniter.php(361): CodeIgniter\CodeIgniter->handleRequest(null, Object(Config\Cache), false)
 4 FCPATH\index.php(79): CodeIgniter\CodeIgniter->run()
WARNING - 2026-02-23 23:15:04 --> [DEPRECATED] Creation of dynamic property CodeIgniter\HTTP\IncomingRequest::$user is deprecated in APPPATH\Filters\JwtAuth.php on line 47.
 1 SYSTEMPATH\Filters\Filters.php(182): App\Filters\JwtAuth->before(Object(CodeIgniter\HTTP\IncomingRequest), null)
 2 SYSTEMPATH\CodeIgniter.php(475): CodeIgniter\Filters\Filters->run('api/profile', 'before')
 3 SYSTEMPATH\CodeIgniter.php(361): CodeIgniter\CodeIgniter->handleRequest(null, Object(Config\Cache), false)
 4 FCPATH\index.php(79): CodeIgniter\CodeIgniter->run()
INFO - 2026-02-23 23:15:04 --> Session: Class initialized using 'CodeIgniter\Session\Handlers\FileHandler' driver.
WARNING - 2026-02-23 23:15:04 --> [DEPRECATED] Creation of dynamic property CodeIgniter\HTTP\IncomingRequest::$user is deprecated in APPPATH\Filters\JwtAuthWeb.php on line 32.
 1 SYSTEMPATH\Filters\Filters.php(182): App\Filters\JwtAuthWeb->before(Object(CodeIgniter\HTTP\IncomingRequest), null)
 2 SYSTEMPATH\CodeIgniter.php(475): CodeIgniter\Filters\Filters->run('setting/getOffice', 'before')
 3 SYSTEMPATH\CodeIgniter.php(361): CodeIgniter\CodeIgniter->handleRequest(null, Object(Config\Cache), false)
 4 FCPATH\index.php(79): CodeIgniter\CodeIgniter->run()
INFO - 2026-02-23 23:16:30 --> Session: Class initialized using 'CodeIgniter\Session\Handlers\FileHandler' driver.
WARNING - 2026-02-23 23:16:30 --> [DEPRECATED] Creation of dynamic property CodeIgniter\HTTP\IncomingRequest::$user is deprecated in APPPATH\Filters\JwtAuthWeb.php on line 32.
 1 SYSTEMPATH\Filters\Filters.php(182): App\Filters\JwtAuthWeb->before(Object(CodeIgniter\HTTP\IncomingRequest), null)
 2 SYSTEMPATH\CodeIgniter.php(475): CodeIgniter\Filters\Filters->run('setting/office-page', 'before')
 3 SYSTEMPATH\CodeIgniter.php(361): CodeIgniter\CodeIgniter->handleRequest(null, Object(Config\Cache), false)
 4 FCPATH\index.php(79): CodeIgniter\CodeIgniter->run()
WARNING - 2026-02-23 23:16:30 --> [DEPRECATED] Creation of dynamic property CodeIgniter\HTTP\IncomingRequest::$user is deprecated in APPPATH\Filters\JwtAuth.php on line 47.
 1 SYSTEMPATH\Filters\Filters.php(182): App\Filters\JwtAuth->before(Object(CodeIgniter\HTTP\IncomingRequest), null)
 2 SYSTEMPATH\CodeIgniter.php(475): CodeIgniter\Filters\Filters->run('api/profile', 'before')
 3 SYSTEMPATH\CodeIgniter.php(361): CodeIgniter\CodeIgniter->handleRequest(null, Object(Config\Cache), false)
 4 FCPATH\index.php(79): CodeIgniter\CodeIgniter->run()
INFO - 2026-02-23 23:16:30 --> Session: Class initialized using 'CodeIgniter\Session\Handlers\FileHandler' driver.
WARNING - 2026-02-23 23:16:30 --> [DEPRECATED] Creation of dynamic property CodeIgniter\HTTP\IncomingRequest::$user is deprecated in APPPATH\Filters\JwtAuthWeb.php on line 32.
 1 SYSTEMPATH\Filters\Filters.php(182): App\Filters\JwtAuthWeb->before(Object(CodeIgniter\HTTP\IncomingRequest), null)
 2 SYSTEMPATH\CodeIgniter.php(475): CodeIgniter\Filters\Filters->run('setting/getOffice', 'before')
 3 SYSTEMPATH\CodeIgniter.php(361): CodeIgniter\CodeIgniter->handleRequest(null, Object(Config\Cache), false)
 4 FCPATH\index.php(79): CodeIgniter\CodeIgniter->run()
INFO - 2026-02-23 23:17:22 --> Session: Class initialized using 'CodeIgniter\Session\Handlers\FileHandler' driver.
WARNING - 2026-02-23 23:17:22 --> [DEPRECATED] Creation of dynamic property CodeIgniter\HTTP\IncomingRequest::$user is deprecated in APPPATH\Filters\JwtAuthWeb.php on line 32.
 1 SYSTEMPATH\Filters\Filters.php(182): App\Filters\JwtAuthWeb->before(Object(CodeIgniter\HTTP\IncomingRequest), null)
 2 SYSTEMPATH\CodeIgniter.php(475): CodeIgniter\Filters\Filters->run('setting/office-page', 'before')
 3 SYSTEMPATH\CodeIgniter.php(361): CodeIgniter\CodeIgniter->handleRequest(null, Object(Config\Cache), false)
 4 FCPATH\index.php(79): CodeIgniter\CodeIgniter->run()
WARNING - 2026-02-23 23:17:22 --> [DEPRECATED] Creation of dynamic property CodeIgniter\HTTP\IncomingRequest::$user is deprecated in APPPATH\Filters\JwtAuth.php on line 47.
 1 SYSTEMPATH\Filters\Filters.php(182): App\Filters\JwtAuth->before(Object(CodeIgniter\HTTP\IncomingRequest), null)
 2 SYSTEMPATH\CodeIgniter.php(475): CodeIgniter\Filters\Filters->run('api/profile', 'before')
 3 SYSTEMPATH\CodeIgniter.php(361): CodeIgniter\CodeIgniter->handleRequest(null, Object(Config\Cache), false)
 4 FCPATH\index.php(79): CodeIgniter\CodeIgniter->run()
INFO - 2026-02-23 23:17:22 --> Session: Class initialized using 'CodeIgniter\Session\Handlers\FileHandler' driver.
WARNING - 2026-02-23 23:17:22 --> [DEPRECATED] Creation of dynamic property CodeIgniter\HTTP\IncomingRequest::$user is deprecated in APPPATH\Filters\JwtAuthWeb.php on line 32.
 1 SYSTEMPATH\Filters\Filters.php(182): App\Filters\JwtAuthWeb->before(Object(CodeIgniter\HTTP\IncomingRequest), null)
 2 SYSTEMPATH\CodeIgniter.php(475): CodeIgniter\Filters\Filters->run('setting/getOffice', 'before')
 3 SYSTEMPATH\CodeIgniter.php(361): CodeIgniter\CodeIgniter->handleRequest(null, Object(Config\Cache), false)
 4 FCPATH\index.php(79): CodeIgniter\CodeIgniter->run()
INFO - 2026-02-23 23:18:01 --> Session: Class initialized using 'CodeIgniter\Session\Handlers\FileHandler' driver.
WARNING - 2026-02-23 23:18:01 --> [DEPRECATED] Creation of dynamic property CodeIgniter\HTTP\IncomingRequest::$user is deprecated in APPPATH\Filters\JwtAuthWeb.php on line 32.
 1 SYSTEMPATH\Filters\Filters.php(182): App\Filters\JwtAuthWeb->before(Object(CodeIgniter\HTTP\IncomingRequest), null)
 2 SYSTEMPATH\CodeIgniter.php(475): CodeIgniter\Filters\Filters->run('setting/office-page', 'before')
 3 SYSTEMPATH\CodeIgniter.php(361): CodeIgniter\CodeIgniter->handleRequest(null, Object(Config\Cache), false)
 4 FCPATH\index.php(79): CodeIgniter\CodeIgniter->run()
WARNING - 2026-02-23 23:18:02 --> [DEPRECATED] Creation of dynamic property CodeIgniter\HTTP\IncomingRequest::$user is deprecated in APPPATH\Filters\JwtAuth.php on line 47.
 1 SYSTEMPATH\Filters\Filters.php(182): App\Filters\JwtAuth->before(Object(CodeIgniter\HTTP\IncomingRequest), null)
 2 SYSTEMPATH\CodeIgniter.php(475): CodeIgniter\Filters\Filters->run('api/profile', 'before')
 3 SYSTEMPATH\CodeIgniter.php(361): CodeIgniter\CodeIgniter->handleRequest(null, Object(Config\Cache), false)
 4 FCPATH\index.php(79): CodeIgniter\CodeIgniter->run()
INFO - 2026-02-23 23:18:02 --> Session: Class initialized using 'CodeIgniter\Session\Handlers\FileHandler' driver.
WARNING - 2026-02-23 23:18:02 --> [DEPRECATED] Creation of dynamic property CodeIgniter\HTTP\IncomingRequest::$user is deprecated in APPPATH\Filters\JwtAuthWeb.php on line 32.
 1 SYSTEMPATH\Filters\Filters.php(182): App\Filters\JwtAuthWeb->before(Object(CodeIgniter\HTTP\IncomingRequest), null)
 2 SYSTEMPATH\CodeIgniter.php(475): CodeIgniter\Filters\Filters->run('setting/getOffice', 'before')
 3 SYSTEMPATH\CodeIgniter.php(361): CodeIgniter\CodeIgniter->handleRequest(null, Object(Config\Cache), false)
 4 FCPATH\index.php(79): CodeIgniter\CodeIgniter->run()
INFO - 2026-02-23 23:18:10 --> Session: Class initialized using 'CodeIgniter\Session\Handlers\FileHandler' driver.
WARNING - 2026-02-23 23:18:10 --> [DEPRECATED] Creation of dynamic property CodeIgniter\HTTP\IncomingRequest::$user is deprecated in APPPATH\Filters\JwtAuthWeb.php on line 32.
 1 SYSTEMPATH\Filters\Filters.php(182): App\Filters\JwtAuthWeb->before(Object(CodeIgniter\HTTP\IncomingRequest), null)
 2 SYSTEMPATH\CodeIgniter.php(475): CodeIgniter\Filters\Filters->run('setting/add_setting', 'before')
 3 SYSTEMPATH\CodeIgniter.php(361): CodeIgniter\CodeIgniter->handleRequest(null, Object(Config\Cache), false)
 4 FCPATH\index.php(79): CodeIgniter\CodeIgniter->run()
INFO - 2026-02-23 23:25:22 --> Session: Class initialized using 'CodeIgniter\Session\Handlers\FileHandler' driver.
WARNING - 2026-02-23 23:25:22 --> [DEPRECATED] Creation of dynamic property CodeIgniter\HTTP\IncomingRequest::$user is deprecated in APPPATH\Filters\JwtAuthWeb.php on line 32.
 1 SYSTEMPATH\Filters\Filters.php(182): App\Filters\JwtAuthWeb->before(Object(CodeIgniter\HTTP\IncomingRequest), null)
 2 SYSTEMPATH\CodeIgniter.php(475): CodeIgniter\Filters\Filters->run('setting/office-page', 'before')
 3 SYSTEMPATH\CodeIgniter.php(361): CodeIgniter\CodeIgniter->handleRequest(null, Object(Config\Cache), false)
 4 FCPATH\index.php(79): CodeIgniter\CodeIgniter->run()
INFO - 2026-02-23 23:25:22 --> Session: Class initialized using 'CodeIgniter\Session\Handlers\FileHandler' driver.
WARNING - 2026-02-23 23:25:22 --> [DEPRECATED] Creation of dynamic property CodeIgniter\HTTP\IncomingRequest::$user is deprecated in APPPATH\Filters\JwtAuth.php on line 47.
 1 SYSTEMPATH\Filters\Filters.php(182): App\Filters\JwtAuth->before(Object(CodeIgniter\HTTP\IncomingRequest), null)
 2 SYSTEMPATH\CodeIgniter.php(475): CodeIgniter\Filters\Filters->run('api/profile', 'before')
 3 SYSTEMPATH\CodeIgniter.php(361): CodeIgniter\CodeIgniter->handleRequest(null, Object(Config\Cache), false)
 4 FCPATH\index.php(79): CodeIgniter\CodeIgniter->run()
WARNING - 2026-02-23 23:25:22 --> [DEPRECATED] Creation of dynamic property CodeIgniter\HTTP\IncomingRequest::$user is deprecated in APPPATH\Filters\JwtAuthWeb.php on line 32.
 1 SYSTEMPATH\Filters\Filters.php(182): App\Filters\JwtAuthWeb->before(Object(CodeIgniter\HTTP\IncomingRequest), null)
 2 SYSTEMPATH\CodeIgniter.php(475): CodeIgniter\Filters\Filters->run('setting/getOffice', 'before')
 3 SYSTEMPATH\CodeIgniter.php(361): CodeIgniter\CodeIgniter->handleRequest(null, Object(Config\Cache), false)
 4 FCPATH\index.php(79): CodeIgniter\CodeIgniter->run()
INFO - 2026-02-23 23:25:24 --> Session: Class initialized using 'CodeIgniter\Session\Handlers\FileHandler' driver.
WARNING - 2026-02-23 23:25:24 --> [DEPRECATED] Creation of dynamic property CodeIgniter\HTTP\IncomingRequest::$user is deprecated in APPPATH\Filters\JwtAuthWeb.php on line 32.
 1 SYSTEMPATH\Filters\Filters.php(182): App\Filters\JwtAuthWeb->before(Object(CodeIgniter\HTTP\IncomingRequest), null)
 2 SYSTEMPATH\CodeIgniter.php(475): CodeIgniter\Filters\Filters->run('setting/office-page', 'before')
 3 SYSTEMPATH\CodeIgniter.php(361): CodeIgniter\CodeIgniter->handleRequest(null, Object(Config\Cache), false)
 4 FCPATH\index.php(79): CodeIgniter\CodeIgniter->run()
WARNING - 2026-02-23 23:25:25 --> [DEPRECATED] Creation of dynamic property CodeIgniter\HTTP\IncomingRequest::$user is deprecated in APPPATH\Filters\JwtAuth.php on line 47.
 1 SYSTEMPATH\Filters\Filters.php(182): App\Filters\JwtAuth->before(Object(CodeIgniter\HTTP\IncomingRequest), null)
 2 SYSTEMPATH\CodeIgniter.php(475): CodeIgniter\Filters\Filters->run('api/profile', 'before')
 3 SYSTEMPATH\CodeIgniter.php(361): CodeIgniter\CodeIgniter->handleRequest(null, Object(Config\Cache), false)
 4 FCPATH\index.php(79): CodeIgniter\CodeIgniter->run()
INFO - 2026-02-23 23:25:25 --> Session: Class initialized using 'CodeIgniter\Session\Handlers\FileHandler' driver.
WARNING - 2026-02-23 23:25:25 --> [DEPRECATED] Creation of dynamic property CodeIgniter\HTTP\IncomingRequest::$user is deprecated in APPPATH\Filters\JwtAuthWeb.php on line 32.
 1 SYSTEMPATH\Filters\Filters.php(182): App\Filters\JwtAuthWeb->before(Object(CodeIgniter\HTTP\IncomingRequest), null)
 2 SYSTEMPATH\CodeIgniter.php(475): CodeIgniter\Filters\Filters->run('setting/getOffice', 'before')
 3 SYSTEMPATH\CodeIgniter.php(361): CodeIgniter\CodeIgniter->handleRequest(null, Object(Config\Cache), false)
 4 FCPATH\index.php(79): CodeIgniter\CodeIgniter->run()
INFO - 2026-02-23 23:25:41 --> Session: Class initialized using 'CodeIgniter\Session\Handlers\FileHandler' driver.
WARNING - 2026-02-23 23:25:41 --> [DEPRECATED] Creation of dynamic property CodeIgniter\HTTP\IncomingRequest::$user is deprecated in APPPATH\Filters\JwtAuthWeb.php on line 32.
 1 SYSTEMPATH\Filters\Filters.php(182): App\Filters\JwtAuthWeb->before(Object(CodeIgniter\HTTP\IncomingRequest), null)
 2 SYSTEMPATH\CodeIgniter.php(475): CodeIgniter\Filters\Filters->run('setting/office-page', 'before')
 3 SYSTEMPATH\CodeIgniter.php(361): CodeIgniter\CodeIgniter->handleRequest(null, Object(Config\Cache), false)
 4 FCPATH\index.php(79): CodeIgniter\CodeIgniter->run()
WARNING - 2026-02-23 23:25:41 --> [DEPRECATED] Creation of dynamic property CodeIgniter\HTTP\IncomingRequest::$user is deprecated in APPPATH\Filters\JwtAuth.php on line 47.
 1 SYSTEMPATH\Filters\Filters.php(182): App\Filters\JwtAuth->before(Object(CodeIgniter\HTTP\IncomingRequest), null)
 2 SYSTEMPATH\CodeIgniter.php(475): CodeIgniter\Filters\Filters->run('api/profile', 'before')
 3 SYSTEMPATH\CodeIgniter.php(361): CodeIgniter\CodeIgniter->handleRequest(null, Object(Config\Cache), false)
 4 FCPATH\index.php(79): CodeIgniter\CodeIgniter->run()
INFO - 2026-02-23 23:25:41 --> Session: Class initialized using 'CodeIgniter\Session\Handlers\FileHandler' driver.
WARNING - 2026-02-23 23:25:41 --> [DEPRECATED] Creation of dynamic property CodeIgniter\HTTP\IncomingRequest::$user is deprecated in APPPATH\Filters\JwtAuthWeb.php on line 32.
 1 SYSTEMPATH\Filters\Filters.php(182): App\Filters\JwtAuthWeb->before(Object(CodeIgniter\HTTP\IncomingRequest), null)
 2 SYSTEMPATH\CodeIgniter.php(475): CodeIgniter\Filters\Filters->run('setting/getOffice', 'before')
 3 SYSTEMPATH\CodeIgniter.php(361): CodeIgniter\CodeIgniter->handleRequest(null, Object(Config\Cache), false)
 4 FCPATH\index.php(79): CodeIgniter\CodeIgniter->run()
INFO - 2026-02-23 23:25:47 --> Session: Class initialized using 'CodeIgniter\Session\Handlers\FileHandler' driver.
WARNING - 2026-02-23 23:25:47 --> [DEPRECATED] Creation of dynamic property CodeIgniter\HTTP\IncomingRequest::$user is deprecated in APPPATH\Filters\JwtAuthWeb.php on line 32.
 1 SYSTEMPATH\Filters\Filters.php(182): App\Filters\JwtAuthWeb->before(Object(CodeIgniter\HTTP\IncomingRequest), null)
 2 SYSTEMPATH\CodeIgniter.php(475): CodeIgniter\Filters\Filters->run('setting/add_setting', 'before')
 3 SYSTEMPATH\CodeIgniter.php(361): CodeIgniter\CodeIgniter->handleRequest(null, Object(Config\Cache), false)
 4 FCPATH\index.php(79): CodeIgniter\CodeIgniter->run()
CRITICAL - 2026-02-23 23:25:47 --> ErrorException: Undefined variable $result
in APPPATH\Controllers\Admin.php on line 245.
 1 APPPATH\Controllers\Admin.php(245): CodeIgniter\Debug\Exceptions->errorHandler(2, 'Undefined variable $result', 'D:\\xampp6\\htdocs\\project-jwt\\app\\Controllers\\Admin.php', 245)
 2 SYSTEMPATH\CodeIgniter.php(943): App\Controllers\Admin->add_setting()
 3 SYSTEMPATH\CodeIgniter.php(503): CodeIgniter\CodeIgniter->runController(Object(App\Controllers\Admin))
 4 SYSTEMPATH\CodeIgniter.php(361): CodeIgniter\CodeIgniter->handleRequest(null, Object(Config\Cache), false)
 5 FCPATH\index.php(79): CodeIgniter\CodeIgniter->run()
INFO - 2026-02-23 23:25:49 --> Session: Class initialized using 'CodeIgniter\Session\Handlers\FileHandler' driver.
WARNING - 2026-02-23 23:25:49 --> [DEPRECATED] Creation of dynamic property CodeIgniter\HTTP\IncomingRequest::$user is deprecated in APPPATH\Filters\JwtAuthWeb.php on line 32.
 1 SYSTEMPATH\Filters\Filters.php(182): App\Filters\JwtAuthWeb->before(Object(CodeIgniter\HTTP\IncomingRequest), null)
 2 SYSTEMPATH\CodeIgniter.php(475): CodeIgniter\Filters\Filters->run('setting/add_setting', 'before')
 3 SYSTEMPATH\CodeIgniter.php(361): CodeIgniter\CodeIgniter->handleRequest(null, Object(Config\Cache), false)
 4 FCPATH\index.php(79): CodeIgniter\CodeIgniter->run()
CRITICAL - 2026-02-23 23:25:49 --> ErrorException: Undefined variable $result
in APPPATH\Controllers\Admin.php on line 245.
 1 APPPATH\Controllers\Admin.php(245): CodeIgniter\Debug\Exceptions->errorHandler(2, 'Undefined variable $result', 'D:\\xampp6\\htdocs\\project-jwt\\app\\Controllers\\Admin.php', 245)
 2 SYSTEMPATH\CodeIgniter.php(943): App\Controllers\Admin->add_setting()
 3 SYSTEMPATH\CodeIgniter.php(503): CodeIgniter\CodeIgniter->runController(Object(App\Controllers\Admin))
 4 SYSTEMPATH\CodeIgniter.php(361): CodeIgniter\CodeIgniter->handleRequest(null, Object(Config\Cache), false)
 5 FCPATH\index.php(79): CodeIgniter\CodeIgniter->run()
INFO - 2026-02-23 23:25:59 --> Session: Class initialized using 'CodeIgniter\Session\Handlers\FileHandler' driver.
WARNING - 2026-02-23 23:25:59 --> [DEPRECATED] Creation of dynamic property CodeIgniter\HTTP\IncomingRequest::$user is deprecated in APPPATH\Filters\JwtAuthWeb.php on line 32.
 1 SYSTEMPATH\Filters\Filters.php(182): App\Filters\JwtAuthWeb->before(Object(CodeIgniter\HTTP\IncomingRequest), null)
 2 SYSTEMPATH\CodeIgniter.php(475): CodeIgniter\Filters\Filters->run('setting/add_setting', 'before')
 3 SYSTEMPATH\CodeIgniter.php(361): CodeIgniter\CodeIgniter->handleRequest(null, Object(Config\Cache), false)
 4 FCPATH\index.php(79): CodeIgniter\CodeIgniter->run()
CRITICAL - 2026-02-23 23:25:59 --> ErrorException: Undefined variable $result
in APPPATH\Controllers\Admin.php on line 245.
 1 APPPATH\Controllers\Admin.php(245): CodeIgniter\Debug\Exceptions->errorHandler(2, 'Undefined variable $result', 'D:\\xampp6\\htdocs\\project-jwt\\app\\Controllers\\Admin.php', 245)
 2 SYSTEMPATH\CodeIgniter.php(943): App\Controllers\Admin->add_setting()
 3 SYSTEMPATH\CodeIgniter.php(503): CodeIgniter\CodeIgniter->runController(Object(App\Controllers\Admin))
 4 SYSTEMPATH\CodeIgniter.php(361): CodeIgniter\CodeIgniter->handleRequest(null, Object(Config\Cache), false)
 5 FCPATH\index.php(79): CodeIgniter\CodeIgniter->run()
INFO - 2026-02-23 23:26:23 --> Session: Class initialized using 'CodeIgniter\Session\Handlers\FileHandler' driver.
WARNING - 2026-02-23 23:26:23 --> [DEPRECATED] Creation of dynamic property CodeIgniter\HTTP\IncomingRequest::$user is deprecated in APPPATH\Filters\JwtAuthWeb.php on line 32.
 1 SYSTEMPATH\Filters\Filters.php(182): App\Filters\JwtAuthWeb->before(Object(CodeIgniter\HTTP\IncomingRequest), null)
 2 SYSTEMPATH\CodeIgniter.php(475): CodeIgniter\Filters\Filters->run('setting/add_setting', 'before')
 3 SYSTEMPATH\CodeIgniter.php(361): CodeIgniter\CodeIgniter->handleRequest(null, Object(Config\Cache), false)
 4 FCPATH\index.php(79): CodeIgniter\CodeIgniter->run()
INFO - 2026-02-23 23:26:27 --> Session: Class initialized using 'CodeIgniter\Session\Handlers\FileHandler' driver.
WARNING - 2026-02-23 23:26:27 --> [DEPRECATED] Creation of dynamic property CodeIgniter\HTTP\IncomingRequest::$user is deprecated in APPPATH\Filters\JwtAuthWeb.php on line 32.
 1 SYSTEMPATH\Filters\Filters.php(182): App\Filters\JwtAuthWeb->before(Object(CodeIgniter\HTTP\IncomingRequest), null)
 2 SYSTEMPATH\CodeIgniter.php(475): CodeIgniter\Filters\Filters->run('setting/office-page', 'before')
 3 SYSTEMPATH\CodeIgniter.php(361): CodeIgniter\CodeIgniter->handleRequest(null, Object(Config\Cache), false)
 4 FCPATH\index.php(79): CodeIgniter\CodeIgniter->run()
WARNING - 2026-02-23 23:26:27 --> [DEPRECATED] Creation of dynamic property CodeIgniter\HTTP\IncomingRequest::$user is deprecated in APPPATH\Filters\JwtAuth.php on line 47.
 1 SYSTEMPATH\Filters\Filters.php(182): App\Filters\JwtAuth->before(Object(CodeIgniter\HTTP\IncomingRequest), null)
 2 SYSTEMPATH\CodeIgniter.php(475): CodeIgniter\Filters\Filters->run('api/profile', 'before')
 3 SYSTEMPATH\CodeIgniter.php(361): CodeIgniter\CodeIgniter->handleRequest(null, Object(Config\Cache), false)
 4 FCPATH\index.php(79): CodeIgniter\CodeIgniter->run()
INFO - 2026-02-23 23:26:27 --> Session: Class initialized using 'CodeIgniter\Session\Handlers\FileHandler' driver.
WARNING - 2026-02-23 23:26:27 --> [DEPRECATED] Creation of dynamic property CodeIgniter\HTTP\IncomingRequest::$user is deprecated in APPPATH\Filters\JwtAuthWeb.php on line 32.
 1 SYSTEMPATH\Filters\Filters.php(182): App\Filters\JwtAuthWeb->before(Object(CodeIgniter\HTTP\IncomingRequest), null)
 2 SYSTEMPATH\CodeIgniter.php(475): CodeIgniter\Filters\Filters->run('setting/getOffice', 'before')
 3 SYSTEMPATH\CodeIgniter.php(361): CodeIgniter\CodeIgniter->handleRequest(null, Object(Config\Cache), false)
 4 FCPATH\index.php(79): CodeIgniter\CodeIgniter->run()
INFO - 2026-02-23 23:26:46 --> Session: Class initialized using 'CodeIgniter\Session\Handlers\FileHandler' driver.
WARNING - 2026-02-23 23:26:46 --> [DEPRECATED] Creation of dynamic property CodeIgniter\HTTP\IncomingRequest::$user is deprecated in APPPATH\Filters\JwtAuthWeb.php on line 32.
 1 SYSTEMPATH\Filters\Filters.php(182): App\Filters\JwtAuthWeb->before(Object(CodeIgniter\HTTP\IncomingRequest), null)
 2 SYSTEMPATH\CodeIgniter.php(475): CodeIgniter\Filters\Filters->run('setting/add_setting', 'before')
 3 SYSTEMPATH\CodeIgniter.php(361): CodeIgniter\CodeIgniter->handleRequest(null, Object(Config\Cache), false)
 4 FCPATH\index.php(79): CodeIgniter\CodeIgniter->run()
INFO - 2026-02-23 23:26:48 --> Session: Class initialized using 'CodeIgniter\Session\Handlers\FileHandler' driver.
WARNING - 2026-02-23 23:26:48 --> [DEPRECATED] Creation of dynamic property CodeIgniter\HTTP\IncomingRequest::$user is deprecated in APPPATH\Filters\JwtAuthWeb.php on line 32.
 1 SYSTEMPATH\Filters\Filters.php(182): App\Filters\JwtAuthWeb->before(Object(CodeIgniter\HTTP\IncomingRequest), null)
 2 SYSTEMPATH\CodeIgniter.php(475): CodeIgniter\Filters\Filters->run('setting/office-page', 'before')
 3 SYSTEMPATH\CodeIgniter.php(361): CodeIgniter\CodeIgniter->handleRequest(null, Object(Config\Cache), false)
 4 FCPATH\index.php(79): CodeIgniter\CodeIgniter->run()
WARNING - 2026-02-23 23:26:49 --> [DEPRECATED] Creation of dynamic property CodeIgniter\HTTP\IncomingRequest::$user is deprecated in APPPATH\Filters\JwtAuth.php on line 47.
 1 SYSTEMPATH\Filters\Filters.php(182): App\Filters\JwtAuth->before(Object(CodeIgniter\HTTP\IncomingRequest), null)
 2 SYSTEMPATH\CodeIgniter.php(475): CodeIgniter\Filters\Filters->run('api/profile', 'before')
 3 SYSTEMPATH\CodeIgniter.php(361): CodeIgniter\CodeIgniter->handleRequest(null, Object(Config\Cache), false)
 4 FCPATH\index.php(79): CodeIgniter\CodeIgniter->run()
INFO - 2026-02-23 23:26:49 --> Session: Class initialized using 'CodeIgniter\Session\Handlers\FileHandler' driver.
WARNING - 2026-02-23 23:26:49 --> [DEPRECATED] Creation of dynamic property CodeIgniter\HTTP\IncomingRequest::$user is deprecated in APPPATH\Filters\JwtAuthWeb.php on line 32.
 1 SYSTEMPATH\Filters\Filters.php(182): App\Filters\JwtAuthWeb->before(Object(CodeIgniter\HTTP\IncomingRequest), null)
 2 SYSTEMPATH\CodeIgniter.php(475): CodeIgniter\Filters\Filters->run('setting/getOffice', 'before')
 3 SYSTEMPATH\CodeIgniter.php(361): CodeIgniter\CodeIgniter->handleRequest(null, Object(Config\Cache), false)
 4 FCPATH\index.php(79): CodeIgniter\CodeIgniter->run()
INFO - 2026-02-23 23:27:04 --> Session: Class initialized using 'CodeIgniter\Session\Handlers\FileHandler' driver.
WARNING - 2026-02-23 23:27:04 --> [DEPRECATED] Creation of dynamic property CodeIgniter\HTTP\IncomingRequest::$user is deprecated in APPPATH\Filters\JwtAuthWeb.php on line 32.
 1 SYSTEMPATH\Filters\Filters.php(182): App\Filters\JwtAuthWeb->before(Object(CodeIgniter\HTTP\IncomingRequest), null)
 2 SYSTEMPATH\CodeIgniter.php(475): CodeIgniter\Filters\Filters->run('setting/add_setting', 'before')
 3 SYSTEMPATH\CodeIgniter.php(361): CodeIgniter\CodeIgniter->handleRequest(null, Object(Config\Cache), false)
 4 FCPATH\index.php(79): CodeIgniter\CodeIgniter->run()
INFO - 2026-02-23 23:27:24 --> Session: Class initialized using 'CodeIgniter\Session\Handlers\FileHandler' driver.
WARNING - 2026-02-23 23:27:24 --> [DEPRECATED] Creation of dynamic property CodeIgniter\HTTP\IncomingRequest::$user is deprecated in APPPATH\Filters\JwtAuthWeb.php on line 32.
 1 SYSTEMPATH\Filters\Filters.php(182): App\Filters\JwtAuthWeb->before(Object(CodeIgniter\HTTP\IncomingRequest), null)
 2 SYSTEMPATH\CodeIgniter.php(475): CodeIgniter\Filters\Filters->run('setting/office-page', 'before')
 3 SYSTEMPATH\CodeIgniter.php(361): CodeIgniter\CodeIgniter->handleRequest(null, Object(Config\Cache), false)
 4 FCPATH\index.php(79): CodeIgniter\CodeIgniter->run()
WARNING - 2026-02-23 23:27:25 --> [DEPRECATED] Creation of dynamic property CodeIgniter\HTTP\IncomingRequest::$user is deprecated in APPPATH\Filters\JwtAuth.php on line 47.
 1 SYSTEMPATH\Filters\Filters.php(182): App\Filters\JwtAuth->before(Object(CodeIgniter\HTTP\IncomingRequest), null)
 2 SYSTEMPATH\CodeIgniter.php(475): CodeIgniter\Filters\Filters->run('api/profile', 'before')
 3 SYSTEMPATH\CodeIgniter.php(361): CodeIgniter\CodeIgniter->handleRequest(null, Object(Config\Cache), false)
 4 FCPATH\index.php(79): CodeIgniter\CodeIgniter->run()
INFO - 2026-02-23 23:27:25 --> Session: Class initialized using 'CodeIgniter\Session\Handlers\FileHandler' driver.
WARNING - 2026-02-23 23:27:25 --> [DEPRECATED] Creation of dynamic property CodeIgniter\HTTP\IncomingRequest::$user is deprecated in APPPATH\Filters\JwtAuthWeb.php on line 32.
 1 SYSTEMPATH\Filters\Filters.php(182): App\Filters\JwtAuthWeb->before(Object(CodeIgniter\HTTP\IncomingRequest), null)
 2 SYSTEMPATH\CodeIgniter.php(475): CodeIgniter\Filters\Filters->run('setting/getOffice', 'before')
 3 SYSTEMPATH\CodeIgniter.php(361): CodeIgniter\CodeIgniter->handleRequest(null, Object(Config\Cache), false)
 4 FCPATH\index.php(79): CodeIgniter\CodeIgniter->run()
INFO - 2026-02-23 23:29:13 --> Session: Class initialized using 'CodeIgniter\Session\Handlers\FileHandler' driver.
WARNING - 2026-02-23 23:29:13 --> [DEPRECATED] Creation of dynamic property CodeIgniter\HTTP\IncomingRequest::$user is deprecated in APPPATH\Filters\JwtAuthWeb.php on line 32.
 1 SYSTEMPATH\Filters\Filters.php(182): App\Filters\JwtAuthWeb->before(Object(CodeIgniter\HTTP\IncomingRequest), null)
 2 SYSTEMPATH\CodeIgniter.php(475): CodeIgniter\Filters\Filters->run('setting/office-page', 'before')
 3 SYSTEMPATH\CodeIgniter.php(361): CodeIgniter\CodeIgniter->handleRequest(null, Object(Config\Cache), false)
 4 FCPATH\index.php(79): CodeIgniter\CodeIgniter->run()
WARNING - 2026-02-23 23:29:13 --> [DEPRECATED] Creation of dynamic property CodeIgniter\HTTP\IncomingRequest::$user is deprecated in APPPATH\Filters\JwtAuth.php on line 47.
 1 SYSTEMPATH\Filters\Filters.php(182): App\Filters\JwtAuth->before(Object(CodeIgniter\HTTP\IncomingRequest), null)
 2 SYSTEMPATH\CodeIgniter.php(475): CodeIgniter\Filters\Filters->run('api/profile', 'before')
 3 SYSTEMPATH\CodeIgniter.php(361): CodeIgniter\CodeIgniter->handleRequest(null, Object(Config\Cache), false)
 4 FCPATH\index.php(79): CodeIgniter\CodeIgniter->run()
INFO - 2026-02-23 23:29:13 --> Session: Class initialized using 'CodeIgniter\Session\Handlers\FileHandler' driver.
WARNING - 2026-02-23 23:29:13 --> [DEPRECATED] Creation of dynamic property CodeIgniter\HTTP\IncomingRequest::$user is deprecated in APPPATH\Filters\JwtAuthWeb.php on line 32.
 1 SYSTEMPATH\Filters\Filters.php(182): App\Filters\JwtAuthWeb->before(Object(CodeIgniter\HTTP\IncomingRequest), null)
 2 SYSTEMPATH\CodeIgniter.php(475): CodeIgniter\Filters\Filters->run('setting/getOffice', 'before')
 3 SYSTEMPATH\CodeIgniter.php(361): CodeIgniter\CodeIgniter->handleRequest(null, Object(Config\Cache), false)
 4 FCPATH\index.php(79): CodeIgniter\CodeIgniter->run()
INFO - 2026-02-23 23:29:17 --> Session: Class initialized using 'CodeIgniter\Session\Handlers\FileHandler' driver.
WARNING - 2026-02-23 23:29:17 --> [DEPRECATED] Creation of dynamic property CodeIgniter\HTTP\IncomingRequest::$user is deprecated in APPPATH\Filters\JwtAuthWeb.php on line 32.
 1 SYSTEMPATH\Filters\Filters.php(182): App\Filters\JwtAuthWeb->before(Object(CodeIgniter\HTTP\IncomingRequest), null)
 2 SYSTEMPATH\CodeIgniter.php(475): CodeIgniter\Filters\Filters->run('setting/add_setting', 'before')
 3 SYSTEMPATH\CodeIgniter.php(361): CodeIgniter\CodeIgniter->handleRequest(null, Object(Config\Cache), false)
 4 FCPATH\index.php(79): CodeIgniter\CodeIgniter->run()
INFO - 2026-02-23 23:29:20 --> Session: Class initialized using 'CodeIgniter\Session\Handlers\FileHandler' driver.
WARNING - 2026-02-23 23:29:20 --> [DEPRECATED] Creation of dynamic property CodeIgniter\HTTP\IncomingRequest::$user is deprecated in APPPATH\Filters\JwtAuthWeb.php on line 32.
 1 SYSTEMPATH\Filters\Filters.php(182): App\Filters\JwtAuthWeb->before(Object(CodeIgniter\HTTP\IncomingRequest), null)
 2 SYSTEMPATH\CodeIgniter.php(475): CodeIgniter\Filters\Filters->run('setting/office-page', 'before')
 3 SYSTEMPATH\CodeIgniter.php(361): CodeIgniter\CodeIgniter->handleRequest(null, Object(Config\Cache), false)
 4 FCPATH\index.php(79): CodeIgniter\CodeIgniter->run()
WARNING - 2026-02-23 23:29:21 --> [DEPRECATED] Creation of dynamic property CodeIgniter\HTTP\IncomingRequest::$user is deprecated in APPPATH\Filters\JwtAuth.php on line 47.
 1 SYSTEMPATH\Filters\Filters.php(182): App\Filters\JwtAuth->before(Object(CodeIgniter\HTTP\IncomingRequest), null)
 2 SYSTEMPATH\CodeIgniter.php(475): CodeIgniter\Filters\Filters->run('api/profile', 'before')
 3 SYSTEMPATH\CodeIgniter.php(361): CodeIgniter\CodeIgniter->handleRequest(null, Object(Config\Cache), false)
 4 FCPATH\index.php(79): CodeIgniter\CodeIgniter->run()
INFO - 2026-02-23 23:29:21 --> Session: Class initialized using 'CodeIgniter\Session\Handlers\FileHandler' driver.
WARNING - 2026-02-23 23:29:21 --> [DEPRECATED] Creation of dynamic property CodeIgniter\HTTP\IncomingRequest::$user is deprecated in APPPATH\Filters\JwtAuthWeb.php on line 32.
 1 SYSTEMPATH\Filters\Filters.php(182): App\Filters\JwtAuthWeb->before(Object(CodeIgniter\HTTP\IncomingRequest), null)
 2 SYSTEMPATH\CodeIgniter.php(475): CodeIgniter\Filters\Filters->run('setting/getOffice', 'before')
 3 SYSTEMPATH\CodeIgniter.php(361): CodeIgniter\CodeIgniter->handleRequest(null, Object(Config\Cache), false)
 4 FCPATH\index.php(79): CodeIgniter\CodeIgniter->run()
INFO - 2026-02-23 23:31:40 --> Session: Class initialized using 'CodeIgniter\Session\Handlers\FileHandler' driver.
WARNING - 2026-02-23 23:31:40 --> [DEPRECATED] Creation of dynamic property CodeIgniter\HTTP\IncomingRequest::$user is deprecated in APPPATH\Filters\JwtAuthWeb.php on line 32.
 1 SYSTEMPATH\Filters\Filters.php(182): App\Filters\JwtAuthWeb->before(Object(CodeIgniter\HTTP\IncomingRequest), null)
 2 SYSTEMPATH\CodeIgniter.php(475): CodeIgniter\Filters\Filters->run('setting/office-page', 'before')
 3 SYSTEMPATH\CodeIgniter.php(361): CodeIgniter\CodeIgniter->handleRequest(null, Object(Config\Cache), false)
 4 FCPATH\index.php(79): CodeIgniter\CodeIgniter->run()
WARNING - 2026-02-23 23:31:40 --> [DEPRECATED] Creation of dynamic property CodeIgniter\HTTP\IncomingRequest::$user is deprecated in APPPATH\Filters\JwtAuth.php on line 47.
 1 SYSTEMPATH\Filters\Filters.php(182): App\Filters\JwtAuth->before(Object(CodeIgniter\HTTP\IncomingRequest), null)
 2 SYSTEMPATH\CodeIgniter.php(475): CodeIgniter\Filters\Filters->run('api/profile', 'before')
 3 SYSTEMPATH\CodeIgniter.php(361): CodeIgniter\CodeIgniter->handleRequest(null, Object(Config\Cache), false)
 4 FCPATH\index.php(79): CodeIgniter\CodeIgniter->run()
INFO - 2026-02-23 23:31:40 --> Session: Class initialized using 'CodeIgniter\Session\Handlers\FileHandler' driver.
WARNING - 2026-02-23 23:31:40 --> [DEPRECATED] Creation of dynamic property CodeIgniter\HTTP\IncomingRequest::$user is deprecated in APPPATH\Filters\JwtAuthWeb.php on line 32.
 1 SYSTEMPATH\Filters\Filters.php(182): App\Filters\JwtAuthWeb->before(Object(CodeIgniter\HTTP\IncomingRequest), null)
 2 SYSTEMPATH\CodeIgniter.php(475): CodeIgniter\Filters\Filters->run('setting/getOffice', 'before')
 3 SYSTEMPATH\CodeIgniter.php(361): CodeIgniter\CodeIgniter->handleRequest(null, Object(Config\Cache), false)
 4 FCPATH\index.php(79): CodeIgniter\CodeIgniter->run()
INFO - 2026-02-23 23:31:41 --> Session: Class initialized using 'CodeIgniter\Session\Handlers\FileHandler' driver.
WARNING - 2026-02-23 23:31:41 --> [DEPRECATED] Creation of dynamic property CodeIgniter\HTTP\IncomingRequest::$user is deprecated in APPPATH\Filters\JwtAuthWeb.php on line 32.
 1 SYSTEMPATH\Filters\Filters.php(182): App\Filters\JwtAuthWeb->before(Object(CodeIgniter\HTTP\IncomingRequest), null)
 2 SYSTEMPATH\CodeIgniter.php(475): CodeIgniter\Filters\Filters->run('setting/office-page', 'before')
 3 SYSTEMPATH\CodeIgniter.php(361): CodeIgniter\CodeIgniter->handleRequest(null, Object(Config\Cache), false)
 4 FCPATH\index.php(79): CodeIgniter\CodeIgniter->run()
WARNING - 2026-02-23 23:31:41 --> [DEPRECATED] Creation of dynamic property CodeIgniter\HTTP\IncomingRequest::$user is deprecated in APPPATH\Filters\JwtAuth.php on line 47.
 1 SYSTEMPATH\Filters\Filters.php(182): App\Filters\JwtAuth->before(Object(CodeIgniter\HTTP\IncomingRequest), null)
 2 SYSTEMPATH\CodeIgniter.php(475): CodeIgniter\Filters\Filters->run('api/profile', 'before')
 3 SYSTEMPATH\CodeIgniter.php(361): CodeIgniter\CodeIgniter->handleRequest(null, Object(Config\Cache), false)
 4 FCPATH\index.php(79): CodeIgniter\CodeIgniter->run()
INFO - 2026-02-23 23:31:41 --> Session: Class initialized using 'CodeIgniter\Session\Handlers\FileHandler' driver.
WARNING - 2026-02-23 23:31:41 --> [DEPRECATED] Creation of dynamic property CodeIgniter\HTTP\IncomingRequest::$user is deprecated in APPPATH\Filters\JwtAuthWeb.php on line 32.
 1 SYSTEMPATH\Filters\Filters.php(182): App\Filters\JwtAuthWeb->before(Object(CodeIgniter\HTTP\IncomingRequest), null)
 2 SYSTEMPATH\CodeIgniter.php(475): CodeIgniter\Filters\Filters->run('setting/getOffice', 'before')
 3 SYSTEMPATH\CodeIgniter.php(361): CodeIgniter\CodeIgniter->handleRequest(null, Object(Config\Cache), false)
 4 FCPATH\index.php(79): CodeIgniter\CodeIgniter->run()
INFO - 2026-02-23 23:31:42 --> Session: Class initialized using 'CodeIgniter\Session\Handlers\FileHandler' driver.
WARNING - 2026-02-23 23:31:42 --> [DEPRECATED] Creation of dynamic property CodeIgniter\HTTP\IncomingRequest::$user is deprecated in APPPATH\Filters\JwtAuthWeb.php on line 32.
 1 SYSTEMPATH\Filters\Filters.php(182): App\Filters\JwtAuthWeb->before(Object(CodeIgniter\HTTP\IncomingRequest), null)
 2 SYSTEMPATH\CodeIgniter.php(475): CodeIgniter\Filters\Filters->run('setting/office-page', 'before')
 3 SYSTEMPATH\CodeIgniter.php(361): CodeIgniter\CodeIgniter->handleRequest(null, Object(Config\Cache), false)
 4 FCPATH\index.php(79): CodeIgniter\CodeIgniter->run()
WARNING - 2026-02-23 23:31:42 --> [DEPRECATED] Creation of dynamic property CodeIgniter\HTTP\IncomingRequest::$user is deprecated in APPPATH\Filters\JwtAuth.php on line 47.
 1 SYSTEMPATH\Filters\Filters.php(182): App\Filters\JwtAuth->before(Object(CodeIgniter\HTTP\IncomingRequest), null)
 2 SYSTEMPATH\CodeIgniter.php(475): CodeIgniter\Filters\Filters->run('api/profile', 'before')
 3 SYSTEMPATH\CodeIgniter.php(361): CodeIgniter\CodeIgniter->handleRequest(null, Object(Config\Cache), false)
 4 FCPATH\index.php(79): CodeIgniter\CodeIgniter->run()
INFO - 2026-02-23 23:31:42 --> Session: Class initialized using 'CodeIgniter\Session\Handlers\FileHandler' driver.
WARNING - 2026-02-23 23:31:42 --> [DEPRECATED] Creation of dynamic property CodeIgniter\HTTP\IncomingRequest::$user is deprecated in APPPATH\Filters\JwtAuthWeb.php on line 32.
 1 SYSTEMPATH\Filters\Filters.php(182): App\Filters\JwtAuthWeb->before(Object(CodeIgniter\HTTP\IncomingRequest), null)
 2 SYSTEMPATH\CodeIgniter.php(475): CodeIgniter\Filters\Filters->run('setting/getOffice', 'before')
 3 SYSTEMPATH\CodeIgniter.php(361): CodeIgniter\CodeIgniter->handleRequest(null, Object(Config\Cache), false)
 4 FCPATH\index.php(79): CodeIgniter\CodeIgniter->run()
INFO - 2026-02-23 23:32:18 --> Session: Class initialized using 'CodeIgniter\Session\Handlers\FileHandler' driver.
WARNING - 2026-02-23 23:32:18 --> [DEPRECATED] Creation of dynamic property CodeIgniter\HTTP\IncomingRequest::$user is deprecated in APPPATH\Filters\JwtAuthWeb.php on line 32.
 1 SYSTEMPATH\Filters\Filters.php(182): App\Filters\JwtAuthWeb->before(Object(CodeIgniter\HTTP\IncomingRequest), null)
 2 SYSTEMPATH\CodeIgniter.php(475): CodeIgniter\Filters\Filters->run('setting/office-page', 'before')
 3 SYSTEMPATH\CodeIgniter.php(361): CodeIgniter\CodeIgniter->handleRequest(null, Object(Config\Cache), false)
 4 FCPATH\index.php(79): CodeIgniter\CodeIgniter->run()
WARNING - 2026-02-23 23:32:18 --> [DEPRECATED] Creation of dynamic property CodeIgniter\HTTP\IncomingRequest::$user is deprecated in APPPATH\Filters\JwtAuth.php on line 47.
 1 SYSTEMPATH\Filters\Filters.php(182): App\Filters\JwtAuth->before(Object(CodeIgniter\HTTP\IncomingRequest), null)
 2 SYSTEMPATH\CodeIgniter.php(475): CodeIgniter\Filters\Filters->run('api/profile', 'before')
 3 SYSTEMPATH\CodeIgniter.php(361): CodeIgniter\CodeIgniter->handleRequest(null, Object(Config\Cache), false)
 4 FCPATH\index.php(79): CodeIgniter\CodeIgniter->run()
INFO - 2026-02-23 23:32:18 --> Session: Class initialized using 'CodeIgniter\Session\Handlers\FileHandler' driver.
WARNING - 2026-02-23 23:32:18 --> [DEPRECATED] Creation of dynamic property CodeIgniter\HTTP\IncomingRequest::$user is deprecated in APPPATH\Filters\JwtAuthWeb.php on line 32.
 1 SYSTEMPATH\Filters\Filters.php(182): App\Filters\JwtAuthWeb->before(Object(CodeIgniter\HTTP\IncomingRequest), null)
 2 SYSTEMPATH\CodeIgniter.php(475): CodeIgniter\Filters\Filters->run('setting/getOffice', 'before')
 3 SYSTEMPATH\CodeIgniter.php(361): CodeIgniter\CodeIgniter->handleRequest(null, Object(Config\Cache), false)
 4 FCPATH\index.php(79): CodeIgniter\CodeIgniter->run()
INFO - 2026-02-23 23:32:21 --> Session: Class initialized using 'CodeIgniter\Session\Handlers\FileHandler' driver.
WARNING - 2026-02-23 23:32:21 --> [DEPRECATED] Creation of dynamic property CodeIgniter\HTTP\IncomingRequest::$user is deprecated in APPPATH\Filters\JwtAuthWeb.php on line 32.
 1 SYSTEMPATH\Filters\Filters.php(182): App\Filters\JwtAuthWeb->before(Object(CodeIgniter\HTTP\IncomingRequest), null)
 2 SYSTEMPATH\CodeIgniter.php(475): CodeIgniter\Filters\Filters->run('setting/add_setting', 'before')
 3 SYSTEMPATH\CodeIgniter.php(361): CodeIgniter\CodeIgniter->handleRequest(null, Object(Config\Cache), false)
 4 FCPATH\index.php(79): CodeIgniter\CodeIgniter->run()
INFO - 2026-02-23 23:32:24 --> Session: Class initialized using 'CodeIgniter\Session\Handlers\FileHandler' driver.
WARNING - 2026-02-23 23:32:24 --> [DEPRECATED] Creation of dynamic property CodeIgniter\HTTP\IncomingRequest::$user is deprecated in APPPATH\Filters\JwtAuthWeb.php on line 32.
 1 SYSTEMPATH\Filters\Filters.php(182): App\Filters\JwtAuthWeb->before(Object(CodeIgniter\HTTP\IncomingRequest), null)
 2 SYSTEMPATH\CodeIgniter.php(475): CodeIgniter\Filters\Filters->run('setting/office-page', 'before')
 3 SYSTEMPATH\CodeIgniter.php(361): CodeIgniter\CodeIgniter->handleRequest(null, Object(Config\Cache), false)
 4 FCPATH\index.php(79): CodeIgniter\CodeIgniter->run()
WARNING - 2026-02-23 23:32:24 --> [DEPRECATED] Creation of dynamic property CodeIgniter\HTTP\IncomingRequest::$user is deprecated in APPPATH\Filters\JwtAuth.php on line 47.
 1 SYSTEMPATH\Filters\Filters.php(182): App\Filters\JwtAuth->before(Object(CodeIgniter\HTTP\IncomingRequest), null)
 2 SYSTEMPATH\CodeIgniter.php(475): CodeIgniter\Filters\Filters->run('api/profile', 'before')
 3 SYSTEMPATH\CodeIgniter.php(361): CodeIgniter\CodeIgniter->handleRequest(null, Object(Config\Cache), false)
 4 FCPATH\index.php(79): CodeIgniter\CodeIgniter->run()
INFO - 2026-02-23 23:32:24 --> Session: Class initialized using 'CodeIgniter\Session\Handlers\FileHandler' driver.
WARNING - 2026-02-23 23:32:24 --> [DEPRECATED] Creation of dynamic property CodeIgniter\HTTP\IncomingRequest::$user is deprecated in APPPATH\Filters\JwtAuthWeb.php on line 32.
 1 SYSTEMPATH\Filters\Filters.php(182): App\Filters\JwtAuthWeb->before(Object(CodeIgniter\HTTP\IncomingRequest), null)
 2 SYSTEMPATH\CodeIgniter.php(475): CodeIgniter\Filters\Filters->run('setting/getOffice', 'before')
 3 SYSTEMPATH\CodeIgniter.php(361): CodeIgniter\CodeIgniter->handleRequest(null, Object(Config\Cache), false)
 4 FCPATH\index.php(79): CodeIgniter\CodeIgniter->run()
INFO - 2026-02-23 23:32:33 --> Session: Class initialized using 'CodeIgniter\Session\Handlers\FileHandler' driver.
WARNING - 2026-02-23 23:32:33 --> [DEPRECATED] Creation of dynamic property CodeIgniter\HTTP\IncomingRequest::$user is deprecated in APPPATH\Filters\JwtAuthWeb.php on line 32.
 1 SYSTEMPATH\Filters\Filters.php(182): App\Filters\JwtAuthWeb->before(Object(CodeIgniter\HTTP\IncomingRequest), null)
 2 SYSTEMPATH\CodeIgniter.php(475): CodeIgniter\Filters\Filters->run('setting/office-page', 'before')
 3 SYSTEMPATH\CodeIgniter.php(361): CodeIgniter\CodeIgniter->handleRequest(null, Object(Config\Cache), false)
 4 FCPATH\index.php(79): CodeIgniter\CodeIgniter->run()
WARNING - 2026-02-23 23:32:33 --> [DEPRECATED] Creation of dynamic property CodeIgniter\HTTP\IncomingRequest::$user is deprecated in APPPATH\Filters\JwtAuth.php on line 47.
 1 SYSTEMPATH\Filters\Filters.php(182): App\Filters\JwtAuth->before(Object(CodeIgniter\HTTP\IncomingRequest), null)
 2 SYSTEMPATH\CodeIgniter.php(475): CodeIgniter\Filters\Filters->run('api/profile', 'before')
 3 SYSTEMPATH\CodeIgniter.php(361): CodeIgniter\CodeIgniter->handleRequest(null, Object(Config\Cache), false)
 4 FCPATH\index.php(79): CodeIgniter\CodeIgniter->run()
INFO - 2026-02-23 23:32:33 --> Session: Class initialized using 'CodeIgniter\Session\Handlers\FileHandler' driver.
WARNING - 2026-02-23 23:32:33 --> [DEPRECATED] Creation of dynamic property CodeIgniter\HTTP\IncomingRequest::$user is deprecated in APPPATH\Filters\JwtAuthWeb.php on line 32.
 1 SYSTEMPATH\Filters\Filters.php(182): App\Filters\JwtAuthWeb->before(Object(CodeIgniter\HTTP\IncomingRequest), null)
 2 SYSTEMPATH\CodeIgniter.php(475): CodeIgniter\Filters\Filters->run('setting/getOffice', 'before')
 3 SYSTEMPATH\CodeIgniter.php(361): CodeIgniter\CodeIgniter->handleRequest(null, Object(Config\Cache), false)
 4 FCPATH\index.php(79): CodeIgniter\CodeIgniter->run()
INFO - 2026-02-23 23:32:35 --> Session: Class initialized using 'CodeIgniter\Session\Handlers\FileHandler' driver.
WARNING - 2026-02-23 23:32:35 --> [DEPRECATED] Creation of dynamic property CodeIgniter\HTTP\IncomingRequest::$user is deprecated in APPPATH\Filters\JwtAuthWeb.php on line 32.
 1 SYSTEMPATH\Filters\Filters.php(182): App\Filters\JwtAuthWeb->before(Object(CodeIgniter\HTTP\IncomingRequest), null)
 2 SYSTEMPATH\CodeIgniter.php(475): CodeIgniter\Filters\Filters->run('setting/add_setting', 'before')
 3 SYSTEMPATH\CodeIgniter.php(361): CodeIgniter\CodeIgniter->handleRequest(null, Object(Config\Cache), false)
 4 FCPATH\index.php(79): CodeIgniter\CodeIgniter->run()
INFO - 2026-02-23 23:32:51 --> Session: Class initialized using 'CodeIgniter\Session\Handlers\FileHandler' driver.
WARNING - 2026-02-23 23:32:51 --> [DEPRECATED] Creation of dynamic property CodeIgniter\HTTP\IncomingRequest::$user is deprecated in APPPATH\Filters\JwtAuthWeb.php on line 32.
 1 SYSTEMPATH\Filters\Filters.php(182): App\Filters\JwtAuthWeb->before(Object(CodeIgniter\HTTP\IncomingRequest), null)
 2 SYSTEMPATH\CodeIgniter.php(475): CodeIgniter\Filters\Filters->run('setting/add_setting', 'before')
 3 SYSTEMPATH\CodeIgniter.php(361): CodeIgniter\CodeIgniter->handleRequest(null, Object(Config\Cache), false)
 4 FCPATH\index.php(79): CodeIgniter\CodeIgniter->run()
INFO - 2026-02-23 23:32:53 --> Session: Class initialized using 'CodeIgniter\Session\Handlers\FileHandler' driver.
WARNING - 2026-02-23 23:32:53 --> [DEPRECATED] Creation of dynamic property CodeIgniter\HTTP\IncomingRequest::$user is deprecated in APPPATH\Filters\JwtAuthWeb.php on line 32.
 1 SYSTEMPATH\Filters\Filters.php(182): App\Filters\JwtAuthWeb->before(Object(CodeIgniter\HTTP\IncomingRequest), null)
 2 SYSTEMPATH\CodeIgniter.php(475): CodeIgniter\Filters\Filters->run('setting/office-page', 'before')
 3 SYSTEMPATH\CodeIgniter.php(361): CodeIgniter\CodeIgniter->handleRequest(null, Object(Config\Cache), false)
 4 FCPATH\index.php(79): CodeIgniter\CodeIgniter->run()
WARNING - 2026-02-23 23:32:53 --> [DEPRECATED] Creation of dynamic property CodeIgniter\HTTP\IncomingRequest::$user is deprecated in APPPATH\Filters\JwtAuth.php on line 47.
 1 SYSTEMPATH\Filters\Filters.php(182): App\Filters\JwtAuth->before(Object(CodeIgniter\HTTP\IncomingRequest), null)
 2 SYSTEMPATH\CodeIgniter.php(475): CodeIgniter\Filters\Filters->run('api/profile', 'before')
 3 SYSTEMPATH\CodeIgniter.php(361): CodeIgniter\CodeIgniter->handleRequest(null, Object(Config\Cache), false)
 4 FCPATH\index.php(79): CodeIgniter\CodeIgniter->run()
INFO - 2026-02-23 23:32:53 --> Session: Class initialized using 'CodeIgniter\Session\Handlers\FileHandler' driver.
WARNING - 2026-02-23 23:32:53 --> [DEPRECATED] Creation of dynamic property CodeIgniter\HTTP\IncomingRequest::$user is deprecated in APPPATH\Filters\JwtAuthWeb.php on line 32.
 1 SYSTEMPATH\Filters\Filters.php(182): App\Filters\JwtAuthWeb->before(Object(CodeIgniter\HTTP\IncomingRequest), null)
 2 SYSTEMPATH\CodeIgniter.php(475): CodeIgniter\Filters\Filters->run('setting/getOffice', 'before')
 3 SYSTEMPATH\CodeIgniter.php(361): CodeIgniter\CodeIgniter->handleRequest(null, Object(Config\Cache), false)
 4 FCPATH\index.php(79): CodeIgniter\CodeIgniter->run()
INFO - 2026-02-23 23:32:55 --> Session: Class initialized using 'CodeIgniter\Session\Handlers\FileHandler' driver.
WARNING - 2026-02-23 23:32:55 --> [DEPRECATED] Creation of dynamic property CodeIgniter\HTTP\IncomingRequest::$user is deprecated in APPPATH\Filters\JwtAuthWeb.php on line 32.
 1 SYSTEMPATH\Filters\Filters.php(182): App\Filters\JwtAuthWeb->before(Object(CodeIgniter\HTTP\IncomingRequest), null)
 2 SYSTEMPATH\CodeIgniter.php(475): CodeIgniter\Filters\Filters->run('setting/office-page', 'before')
 3 SYSTEMPATH\CodeIgniter.php(361): CodeIgniter\CodeIgniter->handleRequest(null, Object(Config\Cache), false)
 4 FCPATH\index.php(79): CodeIgniter\CodeIgniter->run()
WARNING - 2026-02-23 23:32:55 --> [DEPRECATED] Creation of dynamic property CodeIgniter\HTTP\IncomingRequest::$user is deprecated in APPPATH\Filters\JwtAuth.php on line 47.
 1 SYSTEMPATH\Filters\Filters.php(182): App\Filters\JwtAuth->before(Object(CodeIgniter\HTTP\IncomingRequest), null)
 2 SYSTEMPATH\CodeIgniter.php(475): CodeIgniter\Filters\Filters->run('api/profile', 'before')
 3 SYSTEMPATH\CodeIgniter.php(361): CodeIgniter\CodeIgniter->handleRequest(null, Object(Config\Cache), false)
 4 FCPATH\index.php(79): CodeIgniter\CodeIgniter->run()
INFO - 2026-02-23 23:32:55 --> Session: Class initialized using 'CodeIgniter\Session\Handlers\FileHandler' driver.
WARNING - 2026-02-23 23:32:55 --> [DEPRECATED] Creation of dynamic property CodeIgniter\HTTP\IncomingRequest::$user is deprecated in APPPATH\Filters\JwtAuthWeb.php on line 32.
 1 SYSTEMPATH\Filters\Filters.php(182): App\Filters\JwtAuthWeb->before(Object(CodeIgniter\HTTP\IncomingRequest), null)
 2 SYSTEMPATH\CodeIgniter.php(475): CodeIgniter\Filters\Filters->run('setting/getOffice', 'before')
 3 SYSTEMPATH\CodeIgniter.php(361): CodeIgniter\CodeIgniter->handleRequest(null, Object(Config\Cache), false)
 4 FCPATH\index.php(79): CodeIgniter\CodeIgniter->run()
INFO - 2026-02-23 23:33:08 --> Session: Class initialized using 'CodeIgniter\Session\Handlers\FileHandler' driver.
WARNING - 2026-02-23 23:33:08 --> [DEPRECATED] Creation of dynamic property CodeIgniter\HTTP\IncomingRequest::$user is deprecated in APPPATH\Filters\JwtAuthWeb.php on line 32.
 1 SYSTEMPATH\Filters\Filters.php(182): App\Filters\JwtAuthWeb->before(Object(CodeIgniter\HTTP\IncomingRequest), null)
 2 SYSTEMPATH\CodeIgniter.php(475): CodeIgniter\Filters\Filters->run('ltc-all', 'before')
 3 SYSTEMPATH\CodeIgniter.php(361): CodeIgniter\CodeIgniter->handleRequest(null, Object(Config\Cache), false)
 4 FCPATH\index.php(79): CodeIgniter\CodeIgniter->run()
WARNING - 2026-02-23 23:33:08 --> [DEPRECATED] Creation of dynamic property CodeIgniter\HTTP\IncomingRequest::$user is deprecated in APPPATH\Filters\JwtAuth.php on line 47.
 1 SYSTEMPATH\Filters\Filters.php(182): App\Filters\JwtAuth->before(Object(CodeIgniter\HTTP\IncomingRequest), null)
 2 SYSTEMPATH\CodeIgniter.php(475): CodeIgniter\Filters\Filters->run('api/profile', 'before')
 3 SYSTEMPATH\CodeIgniter.php(361): CodeIgniter\CodeIgniter->handleRequest(null, Object(Config\Cache), false)
 4 FCPATH\index.php(79): CodeIgniter\CodeIgniter->run()
INFO - 2026-02-23 23:33:08 --> Session: Class initialized using 'CodeIgniter\Session\Handlers\FileHandler' driver.
WARNING - 2026-02-23 23:33:08 --> [DEPRECATED] Creation of dynamic property CodeIgniter\HTTP\IncomingRequest::$user is deprecated in APPPATH\Filters\JwtAuthWeb.php on line 32.
 1 SYSTEMPATH\Filters\Filters.php(182): App\Filters\JwtAuthWeb->before(Object(CodeIgniter\HTTP\IncomingRequest), null)
 2 SYSTEMPATH\CodeIgniter.php(475): CodeIgniter\Filters\Filters->run('getLtcData', 'before')
 3 SYSTEMPATH\CodeIgniter.php(361): CodeIgniter\CodeIgniter->handleRequest(null, Object(Config\Cache), false)
 4 FCPATH\index.php(79): CodeIgniter\CodeIgniter->run()
INFO - 2026-02-23 23:41:24 --> Session: Class initialized using 'CodeIgniter\Session\Handlers\FileHandler' driver.
WARNING - 2026-02-23 23:41:24 --> [DEPRECATED] Creation of dynamic property CodeIgniter\HTTP\IncomingRequest::$user is deprecated in APPPATH\Filters\JwtAuthWeb.php on line 32.
 1 SYSTEMPATH\Filters\Filters.php(182): App\Filters\JwtAuthWeb->before(Object(CodeIgniter\HTTP\IncomingRequest), null)
 2 SYSTEMPATH\CodeIgniter.php(475): CodeIgniter\Filters\Filters->run('ltc-all', 'before')
 3 SYSTEMPATH\CodeIgniter.php(361): CodeIgniter\CodeIgniter->handleRequest(null, Object(Config\Cache), false)
 4 FCPATH\index.php(79): CodeIgniter\CodeIgniter->run()
WARNING - 2026-02-23 23:41:24 --> [DEPRECATED] Creation of dynamic property CodeIgniter\HTTP\IncomingRequest::$user is deprecated in APPPATH\Filters\JwtAuth.php on line 47.
 1 SYSTEMPATH\Filters\Filters.php(182): App\Filters\JwtAuth->before(Object(CodeIgniter\HTTP\IncomingRequest), null)
 2 SYSTEMPATH\CodeIgniter.php(475): CodeIgniter\Filters\Filters->run('api/profile', 'before')
 3 SYSTEMPATH\CodeIgniter.php(361): CodeIgniter\CodeIgniter->handleRequest(null, Object(Config\Cache), false)
 4 FCPATH\index.php(79): CodeIgniter\CodeIgniter->run()
INFO - 2026-02-23 23:41:24 --> Session: Class initialized using 'CodeIgniter\Session\Handlers\FileHandler' driver.
WARNING - 2026-02-23 23:41:24 --> [DEPRECATED] Creation of dynamic property CodeIgniter\HTTP\IncomingRequest::$user is deprecated in APPPATH\Filters\JwtAuthWeb.php on line 32.
 1 SYSTEMPATH\Filters\Filters.php(182): App\Filters\JwtAuthWeb->before(Object(CodeIgniter\HTTP\IncomingRequest), null)
 2 SYSTEMPATH\CodeIgniter.php(475): CodeIgniter\Filters\Filters->run('getLtcData', 'before')
 3 SYSTEMPATH\CodeIgniter.php(361): CodeIgniter\CodeIgniter->handleRequest(null, Object(Config\Cache), false)
 4 FCPATH\index.php(79): CodeIgniter\CodeIgniter->run()
INFO - 2026-02-23 23:41:28 --> Session: Class initialized using 'CodeIgniter\Session\Handlers\FileHandler' driver.
WARNING - 2026-02-23 23:41:28 --> [DEPRECATED] Creation of dynamic property CodeIgniter\HTTP\IncomingRequest::$user is deprecated in APPPATH\Filters\JwtAuthWeb.php on line 32.
 1 SYSTEMPATH\Filters\Filters.php(182): App\Filters\JwtAuthWeb->before(Object(CodeIgniter\HTTP\IncomingRequest), null)
 2 SYSTEMPATH\CodeIgniter.php(475): CodeIgniter\Filters\Filters->run('setting/office-page', 'before')
 3 SYSTEMPATH\CodeIgniter.php(361): CodeIgniter\CodeIgniter->handleRequest(null, Object(Config\Cache), false)
 4 FCPATH\index.php(79): CodeIgniter\CodeIgniter->run()
WARNING - 2026-02-23 23:41:28 --> [DEPRECATED] Creation of dynamic property CodeIgniter\HTTP\IncomingRequest::$user is deprecated in APPPATH\Filters\JwtAuth.php on line 47.
 1 SYSTEMPATH\Filters\Filters.php(182): App\Filters\JwtAuth->before(Object(CodeIgniter\HTTP\IncomingRequest), null)
 2 SYSTEMPATH\CodeIgniter.php(475): CodeIgniter\Filters\Filters->run('api/profile', 'before')
 3 SYSTEMPATH\CodeIgniter.php(361): CodeIgniter\CodeIgniter->handleRequest(null, Object(Config\Cache), false)
 4 FCPATH\index.php(79): CodeIgniter\CodeIgniter->run()
INFO - 2026-02-23 23:41:28 --> Session: Class initialized using 'CodeIgniter\Session\Handlers\FileHandler' driver.
WARNING - 2026-02-23 23:41:28 --> [DEPRECATED] Creation of dynamic property CodeIgniter\HTTP\IncomingRequest::$user is deprecated in APPPATH\Filters\JwtAuthWeb.php on line 32.
 1 SYSTEMPATH\Filters\Filters.php(182): App\Filters\JwtAuthWeb->before(Object(CodeIgniter\HTTP\IncomingRequest), null)
 2 SYSTEMPATH\CodeIgniter.php(475): CodeIgniter\Filters\Filters->run('setting/getOffice', 'before')
 3 SYSTEMPATH\CodeIgniter.php(361): CodeIgniter\CodeIgniter->handleRequest(null, Object(Config\Cache), false)
 4 FCPATH\index.php(79): CodeIgniter\CodeIgniter->run()
INFO - 2026-02-23 23:42:53 --> Session: Class initialized using 'CodeIgniter\Session\Handlers\FileHandler' driver.
WARNING - 2026-02-23 23:42:53 --> [DEPRECATED] Creation of dynamic property CodeIgniter\HTTP\IncomingRequest::$user is deprecated in APPPATH\Filters\JwtAuthWeb.php on line 32.
 1 SYSTEMPATH\Filters\Filters.php(182): App\Filters\JwtAuthWeb->before(Object(CodeIgniter\HTTP\IncomingRequest), null)
 2 SYSTEMPATH\CodeIgniter.php(475): CodeIgniter\Filters\Filters->run('setting/office-page', 'before')
 3 SYSTEMPATH\CodeIgniter.php(361): CodeIgniter\CodeIgniter->handleRequest(null, Object(Config\Cache), false)
 4 FCPATH\index.php(79): CodeIgniter\CodeIgniter->run()
WARNING - 2026-02-23 23:42:53 --> [DEPRECATED] Creation of dynamic property CodeIgniter\HTTP\IncomingRequest::$user is deprecated in APPPATH\Filters\JwtAuth.php on line 47.
 1 SYSTEMPATH\Filters\Filters.php(182): App\Filters\JwtAuth->before(Object(CodeIgniter\HTTP\IncomingRequest), null)
 2 SYSTEMPATH\CodeIgniter.php(475): CodeIgniter\Filters\Filters->run('api/profile', 'before')
 3 SYSTEMPATH\CodeIgniter.php(361): CodeIgniter\CodeIgniter->handleRequest(null, Object(Config\Cache), false)
 4 FCPATH\index.php(79): CodeIgniter\CodeIgniter->run()
INFO - 2026-02-23 23:42:53 --> Session: Class initialized using 'CodeIgniter\Session\Handlers\FileHandler' driver.
WARNING - 2026-02-23 23:42:53 --> [DEPRECATED] Creation of dynamic property CodeIgniter\HTTP\IncomingRequest::$user is deprecated in APPPATH\Filters\JwtAuthWeb.php on line 32.
 1 SYSTEMPATH\Filters\Filters.php(182): App\Filters\JwtAuthWeb->before(Object(CodeIgniter\HTTP\IncomingRequest), null)
 2 SYSTEMPATH\CodeIgniter.php(475): CodeIgniter\Filters\Filters->run('setting/getOffice', 'before')
 3 SYSTEMPATH\CodeIgniter.php(361): CodeIgniter\CodeIgniter->handleRequest(null, Object(Config\Cache), false)
 4 FCPATH\index.php(79): CodeIgniter\CodeIgniter->run()
INFO - 2026-02-23 23:43:05 --> Session: Class initialized using 'CodeIgniter\Session\Handlers\FileHandler' driver.
WARNING - 2026-02-23 23:43:05 --> [DEPRECATED] Creation of dynamic property CodeIgniter\HTTP\IncomingRequest::$user is deprecated in APPPATH\Filters\JwtAuthWeb.php on line 32.
 1 SYSTEMPATH\Filters\Filters.php(182): App\Filters\JwtAuthWeb->before(Object(CodeIgniter\HTTP\IncomingRequest), null)
 2 SYSTEMPATH\CodeIgniter.php(475): CodeIgniter\Filters\Filters->run('setting/office-page', 'before')
 3 SYSTEMPATH\CodeIgniter.php(361): CodeIgniter\CodeIgniter->handleRequest(null, Object(Config\Cache), false)
 4 FCPATH\index.php(79): CodeIgniter\CodeIgniter->run()
WARNING - 2026-02-23 23:43:06 --> [DEPRECATED] Creation of dynamic property CodeIgniter\HTTP\IncomingRequest::$user is deprecated in APPPATH\Filters\JwtAuth.php on line 47.
 1 SYSTEMPATH\Filters\Filters.php(182): App\Filters\JwtAuth->before(Object(CodeIgniter\HTTP\IncomingRequest), null)
 2 SYSTEMPATH\CodeIgniter.php(475): CodeIgniter\Filters\Filters->run('api/profile', 'before')
 3 SYSTEMPATH\CodeIgniter.php(361): CodeIgniter\CodeIgniter->handleRequest(null, Object(Config\Cache), false)
 4 FCPATH\index.php(79): CodeIgniter\CodeIgniter->run()
INFO - 2026-02-23 23:43:06 --> Session: Class initialized using 'CodeIgniter\Session\Handlers\FileHandler' driver.
WARNING - 2026-02-23 23:43:06 --> [DEPRECATED] Creation of dynamic property CodeIgniter\HTTP\IncomingRequest::$user is deprecated in APPPATH\Filters\JwtAuthWeb.php on line 32.
 1 SYSTEMPATH\Filters\Filters.php(182): App\Filters\JwtAuthWeb->before(Object(CodeIgniter\HTTP\IncomingRequest), null)
 2 SYSTEMPATH\CodeIgniter.php(475): CodeIgniter\Filters\Filters->run('setting/getOffice', 'before')
 3 SYSTEMPATH\CodeIgniter.php(361): CodeIgniter\CodeIgniter->handleRequest(null, Object(Config\Cache), false)
 4 FCPATH\index.php(79): CodeIgniter\CodeIgniter->run()
INFO - 2026-02-23 23:43:43 --> Session: Class initialized using 'CodeIgniter\Session\Handlers\FileHandler' driver.
WARNING - 2026-02-23 23:43:43 --> [DEPRECATED] Creation of dynamic property CodeIgniter\HTTP\IncomingRequest::$user is deprecated in APPPATH\Filters\JwtAuthWeb.php on line 32.
 1 SYSTEMPATH\Filters\Filters.php(182): App\Filters\JwtAuthWeb->before(Object(CodeIgniter\HTTP\IncomingRequest), null)
 2 SYSTEMPATH\CodeIgniter.php(475): CodeIgniter\Filters\Filters->run('setting/office-page', 'before')
 3 SYSTEMPATH\CodeIgniter.php(361): CodeIgniter\CodeIgniter->handleRequest(null, Object(Config\Cache), false)
 4 FCPATH\index.php(79): CodeIgniter\CodeIgniter->run()
WARNING - 2026-02-23 23:43:43 --> [DEPRECATED] Creation of dynamic property CodeIgniter\HTTP\IncomingRequest::$user is deprecated in APPPATH\Filters\JwtAuth.php on line 47.
 1 SYSTEMPATH\Filters\Filters.php(182): App\Filters\JwtAuth->before(Object(CodeIgniter\HTTP\IncomingRequest), null)
 2 SYSTEMPATH\CodeIgniter.php(475): CodeIgniter\Filters\Filters->run('api/profile', 'before')
 3 SYSTEMPATH\CodeIgniter.php(361): CodeIgniter\CodeIgniter->handleRequest(null, Object(Config\Cache), false)
 4 FCPATH\index.php(79): CodeIgniter\CodeIgniter->run()
INFO - 2026-02-23 23:43:43 --> Session: Class initialized using 'CodeIgniter\Session\Handlers\FileHandler' driver.
WARNING - 2026-02-23 23:43:43 --> [DEPRECATED] Creation of dynamic property CodeIgniter\HTTP\IncomingRequest::$user is deprecated in APPPATH\Filters\JwtAuthWeb.php on line 32.
 1 SYSTEMPATH\Filters\Filters.php(182): App\Filters\JwtAuthWeb->before(Object(CodeIgniter\HTTP\IncomingRequest), null)
 2 SYSTEMPATH\CodeIgniter.php(475): CodeIgniter\Filters\Filters->run('setting/getOffice', 'before')
 3 SYSTEMPATH\CodeIgniter.php(361): CodeIgniter\CodeIgniter->handleRequest(null, Object(Config\Cache), false)
 4 FCPATH\index.php(79): CodeIgniter\CodeIgniter->run()
INFO - 2026-02-23 23:43:45 --> Session: Class initialized using 'CodeIgniter\Session\Handlers\FileHandler' driver.
WARNING - 2026-02-23 23:43:45 --> [DEPRECATED] Creation of dynamic property CodeIgniter\HTTP\IncomingRequest::$user is deprecated in APPPATH\Filters\JwtAuthWeb.php on line 32.
 1 SYSTEMPATH\Filters\Filters.php(182): App\Filters\JwtAuthWeb->before(Object(CodeIgniter\HTTP\IncomingRequest), null)
 2 SYSTEMPATH\CodeIgniter.php(475): CodeIgniter\Filters\Filters->run('setting/office-page', 'before')
 3 SYSTEMPATH\CodeIgniter.php(361): CodeIgniter\CodeIgniter->handleRequest(null, Object(Config\Cache), false)
 4 FCPATH\index.php(79): CodeIgniter\CodeIgniter->run()
WARNING - 2026-02-23 23:43:45 --> [DEPRECATED] Creation of dynamic property CodeIgniter\HTTP\IncomingRequest::$user is deprecated in APPPATH\Filters\JwtAuth.php on line 47.
 1 SYSTEMPATH\Filters\Filters.php(182): App\Filters\JwtAuth->before(Object(CodeIgniter\HTTP\IncomingRequest), null)
 2 SYSTEMPATH\CodeIgniter.php(475): CodeIgniter\Filters\Filters->run('api/profile', 'before')
 3 SYSTEMPATH\CodeIgniter.php(361): CodeIgniter\CodeIgniter->handleRequest(null, Object(Config\Cache), false)
 4 FCPATH\index.php(79): CodeIgniter\CodeIgniter->run()
INFO - 2026-02-23 23:43:45 --> Session: Class initialized using 'CodeIgniter\Session\Handlers\FileHandler' driver.
WARNING - 2026-02-23 23:43:45 --> [DEPRECATED] Creation of dynamic property CodeIgniter\HTTP\IncomingRequest::$user is deprecated in APPPATH\Filters\JwtAuthWeb.php on line 32.
 1 SYSTEMPATH\Filters\Filters.php(182): App\Filters\JwtAuthWeb->before(Object(CodeIgniter\HTTP\IncomingRequest), null)
 2 SYSTEMPATH\CodeIgniter.php(475): CodeIgniter\Filters\Filters->run('setting/getOffice', 'before')
 3 SYSTEMPATH\CodeIgniter.php(361): CodeIgniter\CodeIgniter->handleRequest(null, Object(Config\Cache), false)
 4 FCPATH\index.php(79): CodeIgniter\CodeIgniter->run()
INFO - 2026-02-23 23:45:25 --> Session: Class initialized using 'CodeIgniter\Session\Handlers\FileHandler' driver.
WARNING - 2026-02-23 23:45:25 --> [DEPRECATED] Creation of dynamic property CodeIgniter\HTTP\IncomingRequest::$user is deprecated in APPPATH\Filters\JwtAuthWeb.php on line 32.
 1 SYSTEMPATH\Filters\Filters.php(182): App\Filters\JwtAuthWeb->before(Object(CodeIgniter\HTTP\IncomingRequest), null)
 2 SYSTEMPATH\CodeIgniter.php(475): CodeIgniter\Filters\Filters->run('setting/office-page', 'before')
 3 SYSTEMPATH\CodeIgniter.php(361): CodeIgniter\CodeIgniter->handleRequest(null, Object(Config\Cache), false)
 4 FCPATH\index.php(79): CodeIgniter\CodeIgniter->run()
WARNING - 2026-02-23 23:45:25 --> [DEPRECATED] Creation of dynamic property CodeIgniter\HTTP\IncomingRequest::$user is deprecated in APPPATH\Filters\JwtAuth.php on line 47.
 1 SYSTEMPATH\Filters\Filters.php(182): App\Filters\JwtAuth->before(Object(CodeIgniter\HTTP\IncomingRequest), null)
 2 SYSTEMPATH\CodeIgniter.php(475): CodeIgniter\Filters\Filters->run('api/profile', 'before')
 3 SYSTEMPATH\CodeIgniter.php(361): CodeIgniter\CodeIgniter->handleRequest(null, Object(Config\Cache), false)
 4 FCPATH\index.php(79): CodeIgniter\CodeIgniter->run()
INFO - 2026-02-23 23:45:25 --> Session: Class initialized using 'CodeIgniter\Session\Handlers\FileHandler' driver.
WARNING - 2026-02-23 23:45:25 --> [DEPRECATED] Creation of dynamic property CodeIgniter\HTTP\IncomingRequest::$user is deprecated in APPPATH\Filters\JwtAuthWeb.php on line 32.
 1 SYSTEMPATH\Filters\Filters.php(182): App\Filters\JwtAuthWeb->before(Object(CodeIgniter\HTTP\IncomingRequest), null)
 2 SYSTEMPATH\CodeIgniter.php(475): CodeIgniter\Filters\Filters->run('setting/getOffice', 'before')
 3 SYSTEMPATH\CodeIgniter.php(361): CodeIgniter\CodeIgniter->handleRequest(null, Object(Config\Cache), false)
 4 FCPATH\index.php(79): CodeIgniter\CodeIgniter->run()
INFO - 2026-02-23 23:59:02 --> Session: Class initialized using 'CodeIgniter\Session\Handlers\FileHandler' driver.
WARNING - 2026-02-23 23:59:02 --> [DEPRECATED] Creation of dynamic property CodeIgniter\HTTP\IncomingRequest::$user is deprecated in APPPATH\Filters\JwtAuthWeb.php on line 32.
 1 SYSTEMPATH\Filters\Filters.php(182): App\Filters\JwtAuthWeb->before(Object(CodeIgniter\HTTP\IncomingRequest), null)
 2 SYSTEMPATH\CodeIgniter.php(475): CodeIgniter\Filters\Filters->run('setting/office-page', 'before')
 3 SYSTEMPATH\CodeIgniter.php(361): CodeIgniter\CodeIgniter->handleRequest(null, Object(Config\Cache), false)
 4 FCPATH\index.php(79): CodeIgniter\CodeIgniter->run()
WARNING - 2026-02-23 23:59:03 --> [DEPRECATED] Creation of dynamic property CodeIgniter\HTTP\IncomingRequest::$user is deprecated in APPPATH\Filters\JwtAuth.php on line 47.
 1 SYSTEMPATH\Filters\Filters.php(182): App\Filters\JwtAuth->before(Object(CodeIgniter\HTTP\IncomingRequest), null)
 2 SYSTEMPATH\CodeIgniter.php(475): CodeIgniter\Filters\Filters->run('api/profile', 'before')
 3 SYSTEMPATH\CodeIgniter.php(361): CodeIgniter\CodeIgniter->handleRequest(null, Object(Config\Cache), false)
 4 FCPATH\index.php(79): CodeIgniter\CodeIgniter->run()
INFO - 2026-02-23 23:59:03 --> Session: Class initialized using 'CodeIgniter\Session\Handlers\FileHandler' driver.
WARNING - 2026-02-23 23:59:03 --> [DEPRECATED] Creation of dynamic property CodeIgniter\HTTP\IncomingRequest::$user is deprecated in APPPATH\Filters\JwtAuthWeb.php on line 32.
 1 SYSTEMPATH\Filters\Filters.php(182): App\Filters\JwtAuthWeb->before(Object(CodeIgniter\HTTP\IncomingRequest), null)
 2 SYSTEMPATH\CodeIgniter.php(475): CodeIgniter\Filters\Filters->run('setting/getOffice', 'before')
 3 SYSTEMPATH\CodeIgniter.php(361): CodeIgniter\CodeIgniter->handleRequest(null, Object(Config\Cache), false)
 4 FCPATH\index.php(79): CodeIgniter\CodeIgniter->run()
INFO - 2026-02-23 23:59:05 --> Session: Class initialized using 'CodeIgniter\Session\Handlers\FileHandler' driver.
WARNING - 2026-02-23 23:59:05 --> [DEPRECATED] Creation of dynamic property CodeIgniter\HTTP\IncomingRequest::$user is deprecated in APPPATH\Filters\JwtAuthWeb.php on line 32.
 1 SYSTEMPATH\Filters\Filters.php(182): App\Filters\JwtAuthWeb->before(Object(CodeIgniter\HTTP\IncomingRequest), null)
 2 SYSTEMPATH\CodeIgniter.php(475): CodeIgniter\Filters\Filters->run('service-page', 'before')
 3 SYSTEMPATH\CodeIgniter.php(361): CodeIgniter\CodeIgniter->handleRequest(null, Object(Config\Cache), false)
 4 FCPATH\index.php(79): CodeIgniter\CodeIgniter->run()
WARNING - 2026-02-23 23:59:05 --> [DEPRECATED] Optional parameter $cg declared before required parameter $hcode is implicitly treated as a required parameter in APPPATH\Models\cgserviceModel.php on line 93.
 1 SYSTEMPATH\Autoloader\Autoloader.php(311): include_once('D:\\xampp6\\htdocs\\project-jwt\\vendor\\codeigniter4\\framework\\system\\Debug\\Exceptions.php')
 2 SYSTEMPATH\Autoloader\Autoloader.php(290): CodeIgniter\Autoloader\Autoloader->includeFile('D:\\xampp6\\htdocs\\project-jwt\\app\\Models\\cgserviceModel.php')
 3 SYSTEMPATH\Autoloader\Autoloader.php(266): CodeIgniter\Autoloader\Autoloader->loadInNamespace('App\\Models\\cgserviceModel')
 4 APPPATH\Controllers\ServiceController.php(21): CodeIgniter\Autoloader\Autoloader->loadClass('App\\Models\\cgserviceModel')
 5 SYSTEMPATH\CodeIgniter.php(915): App\Controllers\ServiceController->__construct()
 6 SYSTEMPATH\CodeIgniter.php(494): CodeIgniter\CodeIgniter->createController()
 7 SYSTEMPATH\CodeIgniter.php(361): CodeIgniter\CodeIgniter->handleRequest(null, Object(Config\Cache), false)
 8 FCPATH\index.php(79): CodeIgniter\CodeIgniter->run()
CRITICAL - 2026-02-23 23:59:05 --> ArgumentCountError: Too few arguments to function App\Models\cgserviceModel::getSeviceInmonth(), 3 passed in D:\xampp6\htdocs\project-jwt\app\Controllers\ServiceController.php on line 53 and exactly 4 expected
in APPPATH\Models\cgserviceModel.php on line 93.
 1 APPPATH\Controllers\ServiceController.php(53): App\Models\cgserviceModel->getSeviceInmonth(0, 0, null)
 2 SYSTEMPATH\CodeIgniter.php(943): App\Controllers\ServiceController->index()
 3 SYSTEMPATH\CodeIgniter.php(503): CodeIgniter\CodeIgniter->runController(Object(App\Controllers\ServiceController))
 4 SYSTEMPATH\CodeIgniter.php(361): CodeIgniter\CodeIgniter->handleRequest(null, Object(Config\Cache), false)
 5 FCPATH\index.php(79): CodeIgniter\CodeIgniter->run()
